CUSTOMER_ID,COMPANY_NAME,CONTACT_FIRST_NAME,CONTACT_LAST_NAME,EMAIL,PHONE,ADDRESS,CITY,STATE,ZIP_CODE,LATITUDE,LONGITUDE,CUSTOMER_TYPE,CREDIT_RATING,ACCOUNT_STATUS,CREDIT_LIMIT,YTD_REVENUE,_SOURCE_TABLE,_ROW_HASH,_LOADED_AT,_SOURCE_SYSTEM,_IS_CURRENT,_VALID_FROM,_VALID_TO
CU-020000,"Pacheco, Chavez and Gutierrez",Diane,Ellis,woodwarderin@johnson.com,785.422.1158x7184,4268 Green Vista,Jacksonville,FL,89666,30.350876,-81.658794,INDUSTRIAL,C,ACTIVE,51598.51,241481.58,UR_CUSTOMERS,76d7a37e664f10a40f0afde7a2ae50686fa2dd0fe9d918010621aaa4413c3290,2026-03-20T07:54:07.138220,UNITED_RENTALS,TRUE,2026-03-20T07:54:07.138221,9999-12-31T00:00:00
CU-020001,"Zamora, Jimenez and Rodriguez",James,Hanna,holtrobert@hutchinson-hoover.com,277.329.6656x337,05278 Angel Land Suite 800,Houston,TX,03819,29.796855,-95.304041,RESIDENTIAL,B,ACTIVE,165777.59,92240.01,UR_CUSTOMERS,a9b8ba96d29604c37f2b6b29ad5001e8395457c023e2d797a4e4b00c8cb0d502,2026-03-20T07:54:07.138531,UNITED_RENTALS,TRUE,2026-03-20T07:54:07.138532,9999-12-31T00:00:00
CU-020002,Mccall Development,Timothy,Fleming,cameronlopez@bates-dougherty.com,(509)343-9136x81720,9552 Thompson Stravenue,Detroit,MI,04012,42.376615,-83.11426,INFRASTRUCTURE,B,ACTIVE,150066.66,322014.47,UR_CUSTOMERS,873541425d54dbaec99104b084c0babaa57f8867072af4d31f7bca6afc60a0d8,2026-03-20T07:54:07.138823,UNITED_RENTALS,TRUE,2026-03-20T07:54:07.138824,9999-12-31T00:00:00
CU-020003,Burke Engineering,Jacob,Barber,wbowers@ball.com,+1-233-622-2739x38992,3532 Rodney Corners Suite 076,Newark,NJ,12512,40.811731,-74.226886,INFRASTRUCTURE,A,ACTIVE,333288.7,433983.46,UR_CUSTOMERS,d201a67d5efd47ca6c189048c70239cf80e2eab931b23fd9c2bf2207cfc7be34,2026-03-20T07:54:07.139016,UNITED_RENTALS,TRUE,2026-03-20T07:54:07.139016,9999-12-31T00:00:00
CU-020004,Arnold Group,Brandon,Lopez,hfrench@roman.com,507-412-6158,6484 Mendoza Islands,Las Vegas,NV,58515,36.180658,-115.084783,MINING,B,ACTIVE,174668.83,254980.26,UR_CUSTOMERS,a42c9d1b3ee86a7d4d10fe22889a72024fc20aa7afc28af7f34a9d6570b165e5,2026-03-20T07:54:07.139255,UNITED_RENTALS,TRUE,2026-03-20T07:54:07.139256,9999-12-31T00:00:00
CU-020005,Sacramento County,Karen,Anderson,tinabrandt@haas.net,4194442589,560 White River,Sacramento,CA,44742,38.589828,-121.545999,GOVERNMENT,B,ACTIVE,110253.49,49678.44,UR_CUSTOMERS,273528af43b0c4a495b83f220f77b447fc8cdf1245c69f23c973e649126c7f20,2026-03-20T07:54:07.139476,UNITED_RENTALS,TRUE,2026-03-20T07:54:07.139477,9999-12-31T00:00:00
CU-020006,New York County,Jason,Douglas,oallen@mendoza.com,+1-904-767-4130,418 Hernandez Shoals,New York,NY,09903,40.708352,-73.92848,GOVERNMENT,B,ACTIVE,168676.76,468704.32,UR_CUSTOMERS,b9eb71cda4748bc7902e3583a23432bd0a369b81d5779ad0c0780452973dcb0b,2026-03-20T07:54:07.139684,UNITED_RENTALS,TRUE,2026-03-20T07:54:07.139684,9999-12-31T00:00:00
CU-020007,Denver Parks Dept,Jeffrey,Cruz,gguerrero@beck-perez.info,+1-356-715-4705x54912,4119 Rivera Groves,Denver,CO,02717,39.719748,-105.044745,GOVERNMENT,A,ACTIVE,476878.85,196653.74,UR_CUSTOMERS,d73e3492cffdcee76122479c7cdbbdcefc6770f0e8796a16c18831b3417a5c85,2026-03-20T07:54:07.139865,UNITED_RENTALS,TRUE,2026-03-20T07:54:07.139865,9999-12-31T00:00:00
CU-020008,"Mahoney, Davis and Le",Brittany,Lewis,shannon75@brown.com,3424620197,41393 Bullock River,San Antonio,TX,53392,29.46516,-98.44804,RESIDENTIAL,B,ACTIVE,112903.9,161881.5,UR_CUSTOMERS,9879498393af38333167ece76704b93afa8d51b46337e5565fac6c16559d5e4a,2026-03-20T07:54:07.140093,UNITED_RENTALS,TRUE,2026-03-20T07:54:07.140094,9999-12-31T00:00:00
CU-020009,Ford Contracting,Ashley,Gibson,knightalexandra@jones.info,931.892.2760x7598,39431 Crystal Light Suite 430,Nashville,TN,67674,36.139473,-86.840995,CONSTRUCTION,A,ACTIVE,293400.18,213436.89,UR_CUSTOMERS,ded61d294654d507939fd2db67ca72e9f5cfdd1ece9ac8c5168c777ea7fb0e86,2026-03-20T07:54:07.140292,UNITED_RENTALS,TRUE,2026-03-20T07:54:07.140293,9999-12-31T00:00:00
CU-020010,"Hardy, Lane and Rogers",Jesse,Thomas,davidjones@hampton.biz,949-874-7000x268,8676 Armstrong Ramp Suite 416,Minneapolis,MN,26886,44.899041,-93.277747,MINING,C,ACTIVE,99899.12,460088.94,UR_CUSTOMERS,f58e68b92ef303ec7191299e0d1456d7424399e125c62322a26c2074484a570d,2026-03-20T07:54:07.140539,UNITED_RENTALS,TRUE,2026-03-20T07:54:07.140540,9999-12-31T00:00:00
CU-020011,Zamora-Simmons,Vicki,Scott,antonio63@edwards-walker.com,9963496927,952 Walker Ford,Miami,FL,06995,25.701781,-80.113033,RESIDENTIAL,A,ACTIVE,407311.48,338435.92,UR_CUSTOMERS,c7c6e22132121aeee13e3a4d370b3fb64e59f98c7135f619f7faf36c107040f3,2026-03-20T07:54:07.140761,UNITED_RENTALS,TRUE,2026-03-20T07:54:07.140762,9999-12-31T00:00:00
CU-020012,"Watson, Owens and Smith",Micheal,Rodriguez,stevencraig@evans-archer.com,+1-848-598-9596x546,4434 Floyd Turnpike Suite 916,Hartford,CT,75131,41.772209,-72.700432,RESIDENTIAL,C,ACTIVE,22383.87,104824.21,UR_CUSTOMERS,c4d873f8fc6bf0dcac2dfe70c34cec38e54d36764584a383bfaa6280fccae4b9,2026-03-20T07:54:07.141037,UNITED_RENTALS,TRUE,2026-03-20T07:54:07.141038,9999-12-31T00:00:00
CU-020013,"Chapman, Mullins and Sanchez",Janice,Hodge,beth43@ibarra.net,001-682-323-0958x62973,10972 Hayley Crescent,Indianapolis,IN,63250,39.83738,-86.212071,RESIDENTIAL,B,SUSPENDED,96712.43,274749.39,UR_CUSTOMERS,b9d6119ec869a741b2ccdb2613f8e63759e5e721e3333e4753404e5718c9c10c,2026-03-20T07:54:07.141308,UNITED_RENTALS,TRUE,2026-03-20T07:54:07.141308,9999-12-31T00:00:00
CU-020014,Gill Petroleum,Timothy,Turner,james65@kennedy-richards.com,8303044964,939 Mackenzie Divide,Salt Lake City,UT,97139,40.737443,-111.874513,OIL_AND_GAS,C,ACTIVE,36110.9,430188.69,UR_CUSTOMERS,b7dbc31341acc70ccd618e91134068a394389fecce65ca861d9affa6e38f95d0,2026-03-20T07:54:07.141501,UNITED_RENTALS,TRUE,2026-03-20T07:54:07.141502,9999-12-31T00:00:00
CU-020015,Baxter Construction,Daniel,Maxwell,jessicamurray@lin-rice.org,(335)695-7086x1993,434 Sanders Forges Apt. 138,St. Louis,MO,72686,38.597563,-90.265375,CONSTRUCTION,A,ACTIVE,108769.62,202582.47,UR_CUSTOMERS,0d11c95c5723e02393fab08b0248cd8dfade82730be89941f6ed5ca2e995fdb9,2026-03-20T07:54:07.141722,UNITED_RENTALS,TRUE,2026-03-20T07:54:07.141722,9999-12-31T00:00:00
CU-020016,Watson Energy,Nicole,Phillips,jamesrussell@yang.com,842.846.3104x379,85294 Mullins Causeway,Houston,TX,20553,29.762562,-95.357214,OIL_AND_GAS,B,ACTIVE,146198.1,109515.53,UR_CUSTOMERS,6e19ee5f535e9820174bcf9746aca724ba9e19507ee17ce858391093fdd56f4c,2026-03-20T07:54:07.141970,UNITED_RENTALS,TRUE,2026-03-20T07:54:07.141971,9999-12-31T00:00:00
CU-020017,"Davis, Bates and Freeman",Pamela,Brown,jacob04@skinner.com,885.802.2894,75233 Abigail Drives Apt. 020,Denver,CO,18122,39.743446,-104.988479,INDUSTRIAL,B,ACTIVE,192034.85,414136.44,UR_CUSTOMERS,bfd3483e9beead223869fc7374a46832c900876b443159ea1f55ae34f3fe1f42,2026-03-20T07:54:07.142207,UNITED_RENTALS,TRUE,2026-03-20T07:54:07.142208,9999-12-31T00:00:00
CU-020018,Rivera Construction,Ashley,Rodriguez,nataliehall@gonzalez.info,711.767.5076x279,024 Clark Common,Pittsburgh,PA,23181,40.447463,-80.013423,INFRASTRUCTURE,A,SUSPENDED,427267.17,84550.32,UR_CUSTOMERS,d2cc7efd6b2252fa6883a4874741c1d45ba2b4cb762cb2a4138b714b8d61aa03,2026-03-20T07:54:07.142417,UNITED_RENTALS,TRUE,2026-03-20T07:54:07.142418,9999-12-31T00:00:00
CU-020019,Kent Engineering,Jessica,Hawkins,lisa23@robinson.com,9284471901,240 Brown Via,Portland,OR,95162,45.450494,-122.660571,INFRASTRUCTURE,C,ACTIVE,92077.13,444852.15,UR_CUSTOMERS,72bb1291bd2485055a2956a1b89e45567a2dbcee8f5b429c2977e0b2b5f14ff2,2026-03-20T07:54:07.142585,UNITED_RENTALS,TRUE,2026-03-20T07:54:07.142585,9999-12-31T00:00:00
CU-020020,Hendricks-Green,Nicole,Ford,deckerthomas@vazquez.com,+1-992-440-6583x872,122 George Unions Suite 668,Sacramento,CA,37430,38.578756,-121.556738,INDUSTRIAL,C,ACTIVE,91419.71,186090.8,UR_CUSTOMERS,04bb1eb85d7769483997a9d3b19eff5f60d1e2187c237c1c3a4a48b80e0f14a7,2026-03-20T07:54:07.142858,UNITED_RENTALS,TRUE,2026-03-20T07:54:07.142859,9999-12-31T00:00:00
CU-020021,"Scott, Hunter and Stevenson",Stacey,Washington,shannonhammond@bauer.com,710-818-7803,170 Carter Camp,Detroit,MI,82981,42.405997,-82.997294,EVENTS,B,ACTIVE,60341.51,124444.09,UR_CUSTOMERS,adefec307c5c5f68b91705bcff72e1e90a963c30cd98b378ac34f82dfa808f87,2026-03-20T07:54:07.143124,UNITED_RENTALS,TRUE,2026-03-20T07:54:07.143124,9999-12-31T00:00:00
CU-020022,George LLC,Dale,Bonilla,heather29@moss-merritt.com,412.222.7643x3872,2216 Nicholas Islands Suite 963,Richmond,VA,26099,37.522879,-77.413706,RESIDENTIAL,D,ACTIVE,10698.14,102376.61,UR_CUSTOMERS,ab6adac508d65a62469f3fea43708117839af3878272c2a6ad0ad46418413975,2026-03-20T07:54:07.143331,UNITED_RENTALS,TRUE,2026-03-20T07:54:07.143332,9999-12-31T00:00:00
CU-020023,El Paso City of,Jody,Smith,jamesroberts@ramos-stein.com,288-778-9950x4702,519 Lopez Springs Suite 749,El Paso,TX,92512,31.729012,-106.542327,GOVERNMENT,A,INACTIVE,286269.02,374849.34,UR_CUSTOMERS,e9ca253a69602b8190cb1dd50ef42001f8e64f5184cf0ec513164e1f53180250,2026-03-20T07:54:07.143533,UNITED_RENTALS,TRUE,2026-03-20T07:54:07.143534,9999-12-31T00:00:00
CU-020024,OH Water Co,Rebecca,Sanders,ernestrich@stewart.info,352.425.9206x1658,59229 Wilson Islands,Columbus,OH,54307,40.036062,-83.068476,UTILITY,B,ACTIVE,190019.89,202479.69,UR_CUSTOMERS,734387fced6b0e2285849f2443a986d88c017e4862461ce220fd71e9b20a3481,2026-03-20T07:54:07.143768,UNITED_RENTALS,TRUE,2026-03-20T07:54:07.143769,9999-12-31T00:00:00
CU-020025,Robinson Energy,Edward,Stewart,phall@barnett-burnett.biz,(694)220-6615,33138 Bradley Ports Apt. 211,Hartford,CT,23671,41.747062,-72.645918,OIL_AND_GAS,B,ACTIVE,126708.73,425415.41,UR_CUSTOMERS,759d141af1f0f90aa240bf0ff48e978e8657587837e6ff01d91f8867f8fcd01c,2026-03-20T07:54:07.143987,UNITED_RENTALS,TRUE,2026-03-20T07:54:07.143988,9999-12-31T00:00:00
CU-020026,Jefferson Construction,Clinton,Poole,watsonkenneth@buck.com,(286)887-6401x91854,2006 Ashley Parkway Suite 787,Austin,TX,32554,30.274381,-97.714931,CONSTRUCTION,B,ACTIVE,177984.68,433622.6,UR_CUSTOMERS,4bf6005ad91cca27f8256d2e9071bc862c6918a2001db179d2fcf0bb174420f3,2026-03-20T07:54:07.144270,UNITED_RENTALS,TRUE,2026-03-20T07:54:07.144271,9999-12-31T00:00:00
CU-020027,Meyer-Parsons,Susan,Little,sonya64@wilson.com,+1-221-692-6221x32041,483 Juan Oval,Indianapolis,IN,67489,39.760796,-86.090748,MINING,A,ACTIVE,159773.12,301289.18,UR_CUSTOMERS,7b1116f71b2d02edb13aa36ae63fed7eb909f71283169d5378d46b197e6ea03c,2026-03-20T07:54:07.144566,UNITED_RENTALS,TRUE,2026-03-20T07:54:07.144567,9999-12-31T00:00:00
CU-020028,"Barton, Graves and Rodriguez",Thomas,Gilbert,marciasullivan@wheeler.net,828-831-8003,20005 Julie Plains Suite 386,Charlotte,NC,25214,35.164992,-80.829114,MINING,A,ACTIVE,349979.19,434845.84,UR_CUSTOMERS,01a558fe1c1fea0cd41c10da7419ce62d6c0858c68f6238805c77b3589b0479d,2026-03-20T07:54:07.144887,UNITED_RENTALS,TRUE,2026-03-20T07:54:07.144887,9999-12-31T00:00:00
CU-020029,Salas Drilling,Adam,Welch,lisa43@nolan.com,+1-926-892-9900,76332 Nicole Parkway Suite 337,Minneapolis,MN,53914,45.02665,-93.328089,OIL_AND_GAS,C,ACTIVE,43469.53,198823.72,UR_CUSTOMERS,6e2a581d1971f554469b46b94578f9241d0f19528746145b120fee993b58c453,2026-03-20T07:54:07.145124,UNITED_RENTALS,TRUE,2026-03-20T07:54:07.145124,9999-12-31T00:00:00
CU-020030,"Miller, Rogers and Wilson",Crystal,Daniels,dthompson@wright.com,001-510-713-2823x39218,9187 Erickson Track,Las Vegas,NV,97007,36.121153,-115.131323,EVENTS,B,ACTIVE,174021.88,422072.8,UR_CUSTOMERS,0e3b6b5890d3c88650afdccbccadf85a82f0419f1a0f033cddfd573422b1390c,2026-03-20T07:54:07.145371,UNITED_RENTALS,TRUE,2026-03-20T07:54:07.145371,9999-12-31T00:00:00
CU-020031,Everett Development,Andrew,Cisneros,gsnyder@williams.org,(408)981-4319,1781 Booker Manor Apt. 845,Las Vegas,NV,87105,36.133681,-115.087754,CONSTRUCTION,C,ACTIVE,90175.02,180074.52,UR_CUSTOMERS,d4d7a1688343d3ad133b96392a39247c6c4ac73a60e1a8c4d6ca6de057a817ea,2026-03-20T07:54:07.145609,UNITED_RENTALS,TRUE,2026-03-20T07:54:07.145610,9999-12-31T00:00:00
CU-020032,Thompson-Lowe,Vicki,Short,jacquelinebennett@ashley.com,+1-459-712-5734x989,94607 Tanner Prairie Apt. 747,Cincinnati,OH,19207,39.16145,-84.537228,MINING,A,ACTIVE,280795.35,469950.22,UR_CUSTOMERS,a014d2a0b636e09b30dc79b820131ce476789bc2e04c042489e3bc308a0bdba8,2026-03-20T07:54:07.145908,UNITED_RENTALS,TRUE,2026-03-20T07:54:07.145909,9999-12-31T00:00:00
CU-020033,Hubbard Engineering,Robert,Garza,bryan79@sanders.org,547.648.5994x641,7347 Clark Street,Los Angeles,CA,76722,34.120965,-118.310282,INFRASTRUCTURE,A,ACTIVE,150047.0,395919.57,UR_CUSTOMERS,292d7b7a4cc3ab0fec519e3322b91d068768938ee1ea5d5a0a817ec94ac1ee1c,2026-03-20T07:54:07.146150,UNITED_RENTALS,TRUE,2026-03-20T07:54:07.146151,9999-12-31T00:00:00
CU-020034,Herrera Development,Amanda,Osborn,kimberly80@roberts-smith.org,(886)405-2102,66489 Andrew Plains Apt. 484,Richmond,VA,47499,37.525133,-77.420827,INFRASTRUCTURE,C,ACTIVE,74009.41,389506.56,UR_CUSTOMERS,53a2c5eddfcc31e1d75c40ee503ed15c07d89fb7b3e0372eae898aae691c4f83,2026-03-20T07:54:07.146363,UNITED_RENTALS,TRUE,2026-03-20T07:54:07.146364,9999-12-31T00:00:00
CU-020035,"Garcia, Walker and Hawkins",Amber,Peters,riverakevin@arnold.com,001-518-256-3027x5000,661 Newman Brook Suite 641,Indianapolis,IN,73633,39.811794,-86.145646,MINING,A,ACTIVE,285530.64,348702.83,UR_CUSTOMERS,4a8c69318dc846d786cbccd04305b85ee2c415dc7490e30503e23aba046935a2,2026-03-20T07:54:07.146734,UNITED_RENTALS,TRUE,2026-03-20T07:54:07.146735,9999-12-31T00:00:00
CU-020036,Green Drilling,Annette,Petersen,ryan90@juarez.com,672.660.0136x51034,99067 Ortega Manors Suite 524,Dallas,TX,05562,32.776623,-96.791685,OIL_AND_GAS,D,ACTIVE,18484.83,243763.36,UR_CUSTOMERS,f326c66c9beb409df4d1d729eed2d8c3e24d154d3384e0e801b8f1abb8c1d238,2026-03-20T07:54:07.146992,UNITED_RENTALS,TRUE,2026-03-20T07:54:07.146992,9999-12-31T00:00:00
CU-020037,Richmond County,Nicholas,Cobb,darrylkent@harper.biz,001-922-621-9053x34704,4845 Harper Rapid Suite 521,Richmond,VA,30878,37.477935,-77.414623,GOVERNMENT,B,INACTIVE,142645.06,387247.16,UR_CUSTOMERS,0ecf6d25e9fa5d9651b4bf860c792f68364f65b8700ade080bae94af275afffa,2026-03-20T07:54:07.147244,UNITED_RENTALS,TRUE,2026-03-20T07:54:07.147245,9999-12-31T00:00:00
CU-020038,"Perez, Smith and Rivas",Tara,Roberts,jeffery29@smith.biz,(421)817-3277,839 Peters Station Suite 852,Cincinnati,OH,24217,39.100771,-84.524932,INDUSTRIAL,A,ACTIVE,420266.82,411414.84,UR_CUSTOMERS,92629d7039afe5c903031a7da097e580835610d970f7d4738dc91b1e44583797,2026-03-20T07:54:07.147524,UNITED_RENTALS,TRUE,2026-03-20T07:54:07.147525,9999-12-31T00:00:00
CU-020039,Silva Energy,Kevin,Maldonado,donald51@wilson-shaw.info,(391)671-0508x054,4473 Fowler Knolls Apt. 478,Pittsburgh,PA,96419,40.366174,-80.059692,OIL_AND_GAS,A,ACTIVE,415165.93,95385.93,UR_CUSTOMERS,24d7e847422cffb535981d5e7e5d1a3de09a7eee7e5402f965f3a46b3907500f,2026-03-20T07:54:07.147749,UNITED_RENTALS,TRUE,2026-03-20T07:54:07.147749,9999-12-31T00:00:00
CU-020040,Paul Pipeline,Jessica,Rodriguez,lwilson@park-whitney.info,244.593.0537,83611 John Row,Austin,TX,68811,30.311302,-97.696994,OIL_AND_GAS,A,ACTIVE,433687.82,490140.35,UR_CUSTOMERS,199c221f4bbe15c7482d9d9ce4ce36accc32dd25723e9d4fa0a8d6850e4c996a,2026-03-20T07:54:07.147968,UNITED_RENTALS,TRUE,2026-03-20T07:54:07.147969,9999-12-31T00:00:00
CU-020041,Sellers Builders,Tina,Simmons,palmerwilliam@burnett.com,(327)787-3048x625,74653 Daniel Orchard,Jacksonville,FL,67591,30.285476,-81.656959,INFRASTRUCTURE,B,ACTIVE,111957.23,260720.44,UR_CUSTOMERS,cf5e1aad4ac26852e30ef190d76ab015a6e5fe954d86382448852049542002c4,2026-03-20T07:54:07.148190,UNITED_RENTALS,TRUE,2026-03-20T07:54:07.148191,9999-12-31T00:00:00
CU-020042,Garcia PLC,Michelle,Kelly,rlopez@crawford-moss.info,001-662-896-9143x3629,5099 Hannah Creek Apt. 898,Minneapolis,MN,45102,44.97782,-93.333592,RESIDENTIAL,B,ACTIVE,56922.66,218112.41,UR_CUSTOMERS,6459c62e8f3ce0761a9c1024e3c519d7e4ca994cac1660b4a25584b2d70cd4fe,2026-03-20T07:54:07.148461,UNITED_RENTALS,TRUE,2026-03-20T07:54:07.148463,9999-12-31T00:00:00
CU-020043,Perez-Smith,Rebecca,Wall,frank18@ortiz.com,+1-446-748-8499x7957,9582 Megan Center Apt. 217,Las Vegas,NV,98174,36.163286,-115.061211,MINING,A,SUSPENDED,333950.03,320996.8,UR_CUSTOMERS,c6df3cbdd69933e335bfd2f169d91a6b60a68500075c0ecbaed4f8a9eb7ceba2,2026-03-20T07:54:07.148759,UNITED_RENTALS,TRUE,2026-03-20T07:54:07.148761,9999-12-31T00:00:00
CU-020044,Silva Construction,Jessica,Lynch,wilkinskevin@lopez.com,905.498.4451x436,112 Danielle Fords Suite 681,El Paso,TX,11237,31.814157,-106.478115,CONSTRUCTION,A,SUSPENDED,407102.52,375369.34,UR_CUSTOMERS,eb645c6d99783ce003720b7b3850f95d25dc2afba1e8d29278ab51d0d2a3f460,2026-03-20T07:54:07.149066,UNITED_RENTALS,TRUE,2026-03-20T07:54:07.149067,9999-12-31T00:00:00
CU-020045,MI Gas Co,Belinda,Lynch,fflowers@landry-rogers.com,7997217790,669 Jeffrey Turnpike,Detroit,MI,49478,42.376641,-83.081691,UTILITY,A,ACTIVE,374333.77,178841.51,UR_CUSTOMERS,370688bc68a20e75a8a2bd75a1ed67d68a3678d7d61d9aca473b1b35a831ebc1,2026-03-20T07:54:07.149259,UNITED_RENTALS,TRUE,2026-03-20T07:54:07.149260,9999-12-31T00:00:00
CU-020046,Davis Pipeline,Maria,Edwards,webstersteven@smith.com,+1-960-611-9391x03829,551 Jennifer Canyon,New York,NY,75732,40.659337,-74.032939,OIL_AND_GAS,B,ACTIVE,54733.68,167252.91,UR_CUSTOMERS,caa2f1a4e9234f819f056f15a2b5394bf29901c033182a0f1da8b8a196456ab2,2026-03-20T07:54:07.149530,UNITED_RENTALS,TRUE,2026-03-20T07:54:07.149531,9999-12-31T00:00:00
CU-020047,Vaughn LLC,Margaret,Salinas,williamsmark@evans.info,461.958.7366,58969 Jason Garden,Los Angeles,CA,81592,34.057635,-118.195632,EVENTS,C,ACTIVE,23503.27,431840.67,UR_CUSTOMERS,a9e7a1c4f0facba1f1c463a4db25c5cc6b0ce5de3d25759b1e17d9e9d84deac5,2026-03-20T07:54:07.149753,UNITED_RENTALS,TRUE,2026-03-20T07:54:07.149754,9999-12-31T00:00:00
CU-020048,Brown Development,Adrian,Cook,theresa61@chen-carter.com,756-763-9792,64369 Donna Villages,Pittsburgh,PA,67093,40.416034,-79.967271,CONSTRUCTION,D,INACTIVE,17934.18,156366.62,UR_CUSTOMERS,9a5ad11b229f3e9b942eabf4a23c9f5f490faf39053d1fd35bba47f641c9b041,2026-03-20T07:54:07.149969,UNITED_RENTALS,TRUE,2026-03-20T07:54:07.149970,9999-12-31T00:00:00
CU-020049,Atlanta Water District,Rhonda,Ruiz,stephenwyatt@wheeler.biz,6533428164,01975 Matthew Well Suite 640,Atlanta,GA,49430,33.677993,-84.386784,GOVERNMENT,A,INACTIVE,184353.52,146188.74,UR_CUSTOMERS,589bf8bba0ccdc99180e6f0390a06e3ca1c6908d7a1bcc879cb4289714a98789,2026-03-20T07:54:07.150255,UNITED_RENTALS,TRUE,2026-03-20T07:54:07.150256,9999-12-31T00:00:00
CU-020050,Richmond Development,Benjamin,Caldwell,taylortina@baker.biz,362.581.4447,09690 Simpson Green Apt. 922,Miami,FL,66778,25.83051,-80.197044,CONSTRUCTION,D,INACTIVE,6353.53,252288.75,UR_CUSTOMERS,2dd5a53e9b33264728c710b7145624ea1523c1ea2bac51abc0c9db57b2b2e30c,2026-03-20T07:54:07.150475,UNITED_RENTALS,TRUE,2026-03-20T07:54:07.150476,9999-12-31T00:00:00
CU-020051,Herrera Pipeline,Michele,Mays,uhubbard@rodriguez-mann.com,+1-872-371-7430,4034 Brittany Trace,Columbus,OH,69014,39.956817,-82.952206,OIL_AND_GAS,B,SUSPENDED,170543.15,446231.51,UR_CUSTOMERS,f033e09edd71fadae1a974741444bb07f448f048201e10d32ab9fefbe20afed9,2026-03-20T07:54:07.150681,UNITED_RENTALS,TRUE,2026-03-20T07:54:07.150681,9999-12-31T00:00:00
CU-020052,Hunter and Sons,Amy,Ramos,suzanne33@sullivan.info,7415309091,28262 Baker Expressway Apt. 412,Las Vegas,NV,30994,36.187596,-115.197135,INDUSTRIAL,C,ACTIVE,49038.09,58801.36,UR_CUSTOMERS,00e747d84dfecb94bc6ac5bdeb40d8306962a83ae3435035d861572570881c4f,2026-03-20T07:54:07.150875,UNITED_RENTALS,TRUE,2026-03-20T07:54:07.150876,9999-12-31T00:00:00
CU-020053,Kline Contracting,Cheryl,Ramsey,shannon20@chang-jones.com,001-379-241-9324x538,941 Douglas Harbor Suite 098,Chicago,IL,62716,41.852974,-87.673646,CONSTRUCTION,B,INACTIVE,170982.48,303915.53,UR_CUSTOMERS,3e05045a90695d2efef718a98bd94c300bc153a5b0fa0a29abe7664850582c6f,2026-03-20T07:54:07.151086,UNITED_RENTALS,TRUE,2026-03-20T07:54:07.151087,9999-12-31T00:00:00
CU-020054,Hernandez Construction,Peter,Scott,lharris@miller-crawford.com,(324)204-3261,46861 Lewis Mountains,Portland,OR,02073,45.501921,-122.671569,CONSTRUCTION,B,ACTIVE,174754.85,213851.51,UR_CUSTOMERS,832519fbf5759dfef25e7c217bbafcba13a0aa8424aae72c767f5b68f1744ba1,2026-03-20T07:54:07.151291,UNITED_RENTALS,TRUE,2026-03-20T07:54:07.151292,9999-12-31T00:00:00
CU-020055,Hernandez Builders,Reginald,Benson,brianconrad@johnson.com,(962)919-5368x9005,01732 Moses Port Apt. 073,Austin,TX,81154,30.211699,-97.666171,INFRASTRUCTURE,C,ACTIVE,58885.58,432502.96,UR_CUSTOMERS,3b4360b7cc90b05db6ed07d04c39324f98cfb81f1530d9a3733fb5d007fec126,2026-03-20T07:54:07.151486,UNITED_RENTALS,TRUE,2026-03-20T07:54:07.151487,9999-12-31T00:00:00
CU-020056,Murray Construction,Jake,Osborne,fjackson@harris.org,2876167221,461 Rodriguez Expressway Apt. 707,Boston,MA,34164,42.283446,-71.027196,INFRASTRUCTURE,A,ACTIVE,328346.04,193570.94,UR_CUSTOMERS,01b57e6379ea72fe140560102ec20135b95c4481a08529baf5a2b3a36bd94fd9,2026-03-20T07:54:07.151663,UNITED_RENTALS,TRUE,2026-03-20T07:54:07.151663,9999-12-31T00:00:00
CU-020057,Chicago School District,Kirk,Russell,mandymalone@vincent-arias.com,(552)616-0252,09447 Ware Lane,Chicago,IL,81375,41.940971,-87.625053,GOVERNMENT,B,ACTIVE,89915.09,8120.78,UR_CUSTOMERS,f467f738d11f8792c76b5dd288a4900b68bba9ffd8a2d5113844669bf96232b2,2026-03-20T07:54:07.151855,UNITED_RENTALS,TRUE,2026-03-20T07:54:07.151855,9999-12-31T00:00:00
CU-020058,Johnson Contracting,Emily,Fisher,leslie32@ortiz-pearson.org,480-324-5598x5160,158 George Meadows,Las Vegas,NV,71344,36.138218,-115.061259,INFRASTRUCTURE,B,ACTIVE,153573.0,154736.36,UR_CUSTOMERS,73dab36b2ddad59701269ad37d7e5034e5c7ec2fa0ceac26c1d76a8d78fca5f5,2026-03-20T07:54:07.152069,UNITED_RENTALS,TRUE,2026-03-20T07:54:07.152070,9999-12-31T00:00:00
CU-020059,Jacksonville Water District,Nicole,Holder,jessica86@mendoza-patterson.net,+1-262-537-6008x84474,819 Ashley Overpass Suite 992,Jacksonville,FL,11740,30.270264,-81.580334,GOVERNMENT,A,ACTIVE,250648.52,424654.6,UR_CUSTOMERS,24bc1e69240f364bfc66fa79f12e87476f6ccc9531ed0feaa3228c182f10ca9c,2026-03-20T07:54:07.152267,UNITED_RENTALS,TRUE,2026-03-20T07:54:07.152268,9999-12-31T00:00:00
CU-020060,Kim Petroleum,Bradley,Powell,philliphayden@anderson.com,884-786-4708x213,2202 Whitney Flats Suite 205,Baltimore,MD,43604,39.237639,-76.535808,OIL_AND_GAS,A,ACTIVE,172230.0,189884.11,UR_CUSTOMERS,8b38a6563840a67f730c020eaa26eacdfa84ae17f046a4484e9c2e3b6076c4e7,2026-03-20T07:54:07.152527,UNITED_RENTALS,TRUE,2026-03-20T07:54:07.152527,9999-12-31T00:00:00
CU-020061,Johns and Sons,Aaron,Smith,swright@klein.com,+1-200-288-9911x416,9232 Harris Motorway,Atlanta,GA,97777,33.682137,-84.345755,MINING,C,ACTIVE,19211.5,173139.51,UR_CUSTOMERS,ce04dc5b2f72407222445999ab96f1729b533c4d24b6d899d986c17146be28e0,2026-03-20T07:54:07.152759,UNITED_RENTALS,TRUE,2026-03-20T07:54:07.152760,9999-12-31T00:00:00
CU-020062,Decker Engineering,Emily,Landry,nsingh@price.com,681-586-7463x0009,1137 Sarah Pike,Denver,CO,11663,39.719758,-104.994143,CONSTRUCTION,B,ACTIVE,154178.29,331097.59,UR_CUSTOMERS,c35665bea1d391d6706320d47f6d59ae89048c37b7d5ea335feabd021cd6dfad,2026-03-20T07:54:07.152931,UNITED_RENTALS,TRUE,2026-03-20T07:54:07.152932,9999-12-31T00:00:00
CU-020063,Davis-Munoz,Debbie,Benson,walter94@kaufman.com,+1-601-653-5346x60756,6720 Brian Dam Suite 028,Atlanta,GA,12507,33.754625,-84.31921,RESIDENTIAL,C,ACTIVE,11667.7,174098.88,UR_CUSTOMERS,8670268a8ff84ef43fbc281ce87d43b61d9b46d7c255a50c9bbd112e990e0bbb,2026-03-20T07:54:07.153122,UNITED_RENTALS,TRUE,2026-03-20T07:54:07.153123,9999-12-31T00:00:00
CU-020064,"Hunter, Knapp and Delgado",William,Carlson,tammy26@johnson.net,874-652-7353,57004 Erik Court,Denver,CO,73903,39.802323,-104.93628,INDUSTRIAL,B,ACTIVE,62367.99,471269.65,UR_CUSTOMERS,4e163caf1bfa0cd73356c4d635360a25566b1c4cd93f4d2e85616cfcf0b49084,2026-03-20T07:54:07.153335,UNITED_RENTALS,TRUE,2026-03-20T07:54:07.153336,9999-12-31T00:00:00
CU-020065,New York City of,Stephanie,Arnold,daniel16@fuller.com,(290)646-1007x923,0012 Alexandra Mount Apt. 012,New York,NY,26781,40.638097,-73.932587,GOVERNMENT,C,ACTIVE,15527.5,178152.11,UR_CUSTOMERS,9e1c36f07f78ac8e531b4809dc50475ed2336595e5f66abd20f65f1b626448e4,2026-03-20T07:54:07.153473,UNITED_RENTALS,TRUE,2026-03-20T07:54:07.153473,9999-12-31T00:00:00
CU-020066,Bradley Ltd,Ronald,Bell,anthonyconway@espinoza.biz,001-853-244-6042x27634,153 Michael Stravenue,Los Angeles,CA,97955,34.094597,-118.253538,RESIDENTIAL,A,ACTIVE,447595.52,248183.57,UR_CUSTOMERS,f70314ecbf205b19291d10104be93e5e06762ad5d25ae8c335cd72905e676b43,2026-03-20T07:54:07.153726,UNITED_RENTALS,TRUE,2026-03-20T07:54:07.153726,9999-12-31T00:00:00
CU-020067,Lindsey Contracting,Tonya,Maynard,travis24@bailey.com,868.822.5127x2670,6224 Stephanie Road Suite 687,Nashville,TN,67431,36.1644,-86.713782,INFRASTRUCTURE,A,ACTIVE,379788.97,480543.2,UR_CUSTOMERS,55c8c433cc5202154fbc6fcab9e521a904216f1666c505bfeb8fb0e428c54aeb,2026-03-20T07:54:07.153907,UNITED_RENTALS,TRUE,2026-03-20T07:54:07.153907,9999-12-31T00:00:00
CU-020068,Seattle County,Melissa,Adams,thomas12@brown.biz,584-789-7422,40466 Stacey Drive Apt. 564,Seattle,WA,79747,47.676482,-122.321384,GOVERNMENT,A,ACTIVE,332393.27,304200.54,UR_CUSTOMERS,d233504bdebb8ad414cd9fab4100e8f1e04dbd0c35ed5958fe5e4e9d3be618b3,2026-03-20T07:54:07.154095,UNITED_RENTALS,TRUE,2026-03-20T07:54:07.154096,9999-12-31T00:00:00
CU-020069,Rodgers Builders,Michael,Kelly,andreross@hill.com,997-538-8182,634 Matthew Radial,Nashville,TN,38184,36.111206,-86.721534,INFRASTRUCTURE,A,ACTIVE,442784.01,18551.77,UR_CUSTOMERS,eed02f823147e59942f79e24fd8f9409d2dc1fac41eff0793db58922b03d90ea,2026-03-20T07:54:07.154330,UNITED_RENTALS,TRUE,2026-03-20T07:54:07.154331,9999-12-31T00:00:00
CU-020070,Mason Energy,Michelle,Drake,ricejoshua@herrera-kaiser.biz,605-311-0212x543,01604 Smith Garden,San Antonio,TX,65600,29.435884,-98.545316,OIL_AND_GAS,C,ACTIVE,14741.25,297514.21,UR_CUSTOMERS,5f1dff39929d93467ed533e47da757cf53c14cb5764356ffd5449c60c7cf5521,2026-03-20T07:54:07.154570,UNITED_RENTALS,TRUE,2026-03-20T07:54:07.154571,9999-12-31T00:00:00
CU-020071,Houston Parks Dept,Douglas,Reeves,dbrown@martin.com,397-689-9901,34713 Karen Parks,Houston,TX,98482,29.768679,-95.330008,GOVERNMENT,B,ACTIVE,102271.0,440772.33,UR_CUSTOMERS,7a5f21ca6c35ff3dcdf9cb8cad037d400c2d6febf5c546b249865d005b438a36,2026-03-20T07:54:07.154731,UNITED_RENTALS,TRUE,2026-03-20T07:54:07.154732,9999-12-31T00:00:00
CU-020072,Lawrence Group,Kathleen,Peters,normandaniel@todd.com,+1-390-584-1947x85501,3582 Andrew Expressway Suite 807,Sacramento,CA,18536,38.529844,-121.562501,INDUSTRIAL,A,ACTIVE,293058.46,143272.01,UR_CUSTOMERS,febb15106c7a1ef8c75ee2b6d447c662eed8ad172878c26bbf438aa2f7e5da30,2026-03-20T07:54:07.155003,UNITED_RENTALS,TRUE,2026-03-20T07:54:07.155004,9999-12-31T00:00:00
CU-020073,Chan Contracting,Carol,Brown,taylordougherty@simmons.net,697-922-3996,83753 Seth Manor Apt. 024,Houston,TX,72201,29.708381,-95.365453,CONSTRUCTION,A,ACTIVE,265564.39,404868.43,UR_CUSTOMERS,83d6492eef507f154a01348bf129a8cfca99851e7d46db04b76d404d2e57d982,2026-03-20T07:54:07.155210,UNITED_RENTALS,TRUE,2026-03-20T07:54:07.155211,9999-12-31T00:00:00
CU-020074,Nunez Ltd,Ana,Mueller,gcamacho@smith.com,+1-843-723-6221x69069,6706 Fleming Knolls Apt. 691,Tulsa,OK,32732,36.153108,-96.055044,EVENTS,A,ACTIVE,484548.54,360646.74,UR_CUSTOMERS,0c0c94ad19519c06a0656c3fe133c7fe8b2b8f18b1fcc797b95d02384acafc17,2026-03-20T07:54:07.155392,UNITED_RENTALS,TRUE,2026-03-20T07:54:07.155392,9999-12-31T00:00:00
CU-020075,"Atkinson, Rocha and Diaz",Kaitlyn,Rich,christopherbrown@roberson.com,(510)370-3350x8424,248 Gordon Forges,Tulsa,OK,03592,36.116422,-95.927806,RESIDENTIAL,A,INACTIVE,376381.65,182199.43,UR_CUSTOMERS,359c8ea78b4ff2724b6f4c69a29c0a32e09698899e81e57849415bf65379c71a,2026-03-20T07:54:07.155669,UNITED_RENTALS,TRUE,2026-03-20T07:54:07.155670,9999-12-31T00:00:00
CU-020076,Turner Inc,Joanna,Burke,cervantesleslie@williams.com,567-758-6463,8110 Smith Crest,Pittsburgh,PA,36694,40.451594,-80.016053,RESIDENTIAL,B,ACTIVE,121726.59,248785.4,UR_CUSTOMERS,c439051bd2ea4a1dacf5d6123caa5d2c24d4480c33313ec0b6e3c1d981dad5da,2026-03-20T07:54:07.155890,UNITED_RENTALS,TRUE,2026-03-20T07:54:07.155891,9999-12-31T00:00:00
CU-020077,Fisher-Mack,Eric,Wagner,hfoley@kennedy-arnold.com,001-912-381-7751x2395,4260 Martin Street Suite 024,Nashville,TN,38868,36.201523,-86.836459,MINING,C,ACTIVE,33560.4,218079.0,UR_CUSTOMERS,38ae2bba113c050cf3937ba90599fa348743953235e3be47cee6c00471b4f1e2,2026-03-20T07:54:07.156147,UNITED_RENTALS,TRUE,2026-03-20T07:54:07.156148,9999-12-31T00:00:00
CU-020078,Chang-Kirby,Mitchell,Ramirez,cmcdonald@brown-garcia.info,508.971.5647,17543 Kimberly Mills,Salt Lake City,UT,39364,40.81025,-111.959487,EVENTS,C,INACTIVE,84855.54,365607.16,UR_CUSTOMERS,293106b775c743b38edce76a7760caf68ea10bb0ac5fbbb3222f4a3efb4744be,2026-03-20T07:54:07.156383,UNITED_RENTALS,TRUE,2026-03-20T07:54:07.156383,9999-12-31T00:00:00
CU-020079,Pittman PLC,Melanie,Thornton,patrickmartin@cook.net,(227)928-8407x6642,327 Michele Squares Apt. 538,Miami,FL,53046,25.718165,-80.263609,INDUSTRIAL,B,ACTIVE,158596.3,194542.42,UR_CUSTOMERS,06ec8f64f3d3d2e7ffca2ff4d4c15e9bec1dfb6d1331d8b0a11f25628517d768,2026-03-20T07:54:07.156585,UNITED_RENTALS,TRUE,2026-03-20T07:54:07.156586,9999-12-31T00:00:00
CU-020080,Alvarez Pipeline,Heather,Howard,jefferyrice@gordon.com,288-769-3205x534,892 Gonzalez Manor,Baltimore,MD,97783,39.290007,-76.668029,OIL_AND_GAS,A,ACTIVE,131704.38,393954.2,UR_CUSTOMERS,5d8f519344eb37fa9680893f2d762331c76e5c4379f2579c59bbdfd77b796a46,2026-03-20T07:54:07.156860,UNITED_RENTALS,TRUE,2026-03-20T07:54:07.156861,9999-12-31T00:00:00
CU-020081,Miller Construction,Rebecca,Carlson,qpatterson@edwards.com,(270)578-9775x54261,27362 Chandler Falls Apt. 222,Austin,TX,63696,30.220236,-97.735164,INFRASTRUCTURE,A,ACTIVE,107477.14,393532.49,UR_CUSTOMERS,d5560c271f1723b7f3e22ce6dfcf0e6b070b8c2963e490168a7985117ab42c42,2026-03-20T07:54:07.157050,UNITED_RENTALS,TRUE,2026-03-20T07:54:07.157050,9999-12-31T00:00:00
CU-020082,Rodriguez Inc,Mary,Greer,hsimmons@rodriguez-martin.com,(598)251-4486,16903 Jacob Falls Suite 980,Sacramento,CA,13038,38.537819,-121.554863,INDUSTRIAL,B,ACTIVE,130387.14,416777.18,UR_CUSTOMERS,b710f8776dde528f9052290bf0436b5f9b5faaf8ad87ff8b4a2b53b0071da402,2026-03-20T07:54:07.157270,UNITED_RENTALS,TRUE,2026-03-20T07:54:07.157270,9999-12-31T00:00:00
CU-020083,Lopez-Sanders,Tyler,Jones,epayne@marshall-eaton.com,616.537.0500,67244 Lane Walk,Detroit,MI,15329,42.379587,-83.086134,INDUSTRIAL,C,ACTIVE,16167.08,441191.96,UR_CUSTOMERS,86e01b7e096e3520bec5f73d3cfc5c5a18dbf10cf1d5ea601a66be94b8a50ccf,2026-03-20T07:54:07.157518,UNITED_RENTALS,TRUE,2026-03-20T07:54:07.157518,9999-12-31T00:00:00
CU-020084,Roy Builders,Scott,Hart,phamilton@smith.biz,001-554-402-5998x51939,272 Ernest Ports Apt. 635,San Diego,CA,85988,32.767227,-117.228352,INFRASTRUCTURE,A,ACTIVE,157067.87,272777.27,UR_CUSTOMERS,4f21946df19265199318509c6175fb21ad316824a8271fe6821b4442f0616c35,2026-03-20T07:54:07.157765,UNITED_RENTALS,TRUE,2026-03-20T07:54:07.157766,9999-12-31T00:00:00
CU-020085,Williams Engineering,Theresa,Hart,bbrown@barnes.com,228.945.3974x995,864 Robert Park,Los Angeles,CA,48130,34.04601,-118.290039,INFRASTRUCTURE,B,INACTIVE,162228.69,154811.31,UR_CUSTOMERS,27e8dea435043619d1faa1fa7a2768c298f5957b274ac7410a9665541c1da181,2026-03-20T07:54:07.158000,UNITED_RENTALS,TRUE,2026-03-20T07:54:07.158001,9999-12-31T00:00:00
CU-020086,Mathis-Smith,Bradley,Smith,cunninghammegan@larson.com,001-415-443-9044x89093,33202 Michael Canyon Apt. 555,Richmond,VA,08283,37.524559,-77.372553,EVENTS,B,ACTIVE,51032.0,371911.85,UR_CUSTOMERS,ccc19cd77d0a7c67d5db0d93c60fc3b8f38dfe064b87d80c27b7791557566344,2026-03-20T07:54:07.158238,UNITED_RENTALS,TRUE,2026-03-20T07:54:07.158239,9999-12-31T00:00:00
CU-020087,Montgomery Ltd,Jeremy,Morgan,laura03@carpenter-li.net,439-233-3243x6296,9831 Marie Turnpike,Los Angeles,CA,35820,34.017275,-118.208816,MINING,B,INACTIVE,160569.92,305128.89,UR_CUSTOMERS,b1036c9c2c2f70c233b399b5cbeeaa5c9248348695df0c6019f3338c81455058,2026-03-20T07:54:07.158448,UNITED_RENTALS,TRUE,2026-03-20T07:54:07.158448,9999-12-31T00:00:00
CU-020088,Davis-Hobbs,Brian,Deleon,nedwards@mendez.com,863.417.7495x4210,193 Peterson Underpass Apt. 922,El Paso,TX,52343,31.705769,-106.525662,EVENTS,C,SUSPENDED,62828.01,493652.44,UR_CUSTOMERS,18e5dc4074b3cb27ea63591549fb34394810d5771f82872ff8760a92264747b0,2026-03-20T07:54:07.158726,UNITED_RENTALS,TRUE,2026-03-20T07:54:07.158727,9999-12-31T00:00:00
CU-020089,Jones-Perez,Timothy,Hall,banderson@wells-hernandez.net,+1-264-461-2096x1730,2403 Janet Circles Suite 355,Raleigh,NC,01802,35.748936,-78.707304,EVENTS,B,ACTIVE,157256.19,315412.45,UR_CUSTOMERS,07fe54a6c3e553e95ed63662b0a28f3a2972cbda904546630c7b8652a84ae3df,2026-03-20T07:54:07.158968,UNITED_RENTALS,TRUE,2026-03-20T07:54:07.158969,9999-12-31T00:00:00
CU-020090,Detroit Parks Dept,Louis,Nelson,craigbowman@young-skinner.net,479.372.4792x542,458 Brittany Street,Detroit,MI,01474,42.305019,-83.01402,GOVERNMENT,B,ACTIVE,103796.3,144192.15,UR_CUSTOMERS,5233c7e329f7ded62c0dbc0e90c1cb4c536d9e3a0bfbaed0f1f0b2b79908e501,2026-03-20T07:54:07.159171,UNITED_RENTALS,TRUE,2026-03-20T07:54:07.159172,9999-12-31T00:00:00
CU-020091,Ingram-Webb,Blake,Vasquez,mgallegos@gilmore.org,001-786-951-5902,4085 Moss Pines Apt. 825,Tampa,FL,92182,27.911482,-82.509167,RESIDENTIAL,A,ACTIVE,361031.0,477182.46,UR_CUSTOMERS,d45326e36c845d46fe6389c398007f8ad5c8c2e9a6e9b6a2ec2430bbb8770125,2026-03-20T07:54:07.159398,UNITED_RENTALS,TRUE,2026-03-20T07:54:07.159399,9999-12-31T00:00:00
CU-020092,Page-Woods,Richard,Jackson,raymond29@cox.com,001-451-796-2822x2501,47286 Brianna Glen Apt. 012,St. Louis,MO,21803,38.630998,-90.255043,INDUSTRIAL,A,ACTIVE,277490.06,498333.08,UR_CUSTOMERS,d04dfa3b0596044f85f5c8d1eb3a40cdd8b308ab4194684d3f1f33f450c08c5d,2026-03-20T07:54:07.159609,UNITED_RENTALS,TRUE,2026-03-20T07:54:07.159610,9999-12-31T00:00:00
CU-020093,Weeks Inc,Karl,Berry,frenchcatherine@butler.com,(866)504-5095,74003 Brendan Trace,Seattle,WA,11563,47.578217,-122.399269,MINING,A,ACTIVE,352399.16,394140.01,UR_CUSTOMERS,94df0131a0edfb7cbe535c9c19b15d37f049e149b7065059449931b610070f9f,2026-03-20T07:54:07.159877,UNITED_RENTALS,TRUE,2026-03-20T07:54:07.159877,9999-12-31T00:00:00
CU-020094,Andrews Drilling,John,Hines,dennisevans@davis-herring.com,(800)360-8277x0564,76264 Jeanne Station Suite 009,San Diego,CA,43173,32.699203,-117.239321,OIL_AND_GAS,B,ACTIVE,152068.74,413073.81,UR_CUSTOMERS,e750ef40359b6d7ff467ec267dfe8c7cb6b9e0c911dd0335a75d71f6fede76b3,2026-03-20T07:54:07.160111,UNITED_RENTALS,TRUE,2026-03-20T07:54:07.160112,9999-12-31T00:00:00
CU-020095,St. Louis School District,Jeremy,Thompson,rodney76@thomas.com,(610)694-4164x23165,372 Harrison Loaf,St. Louis,MO,69098,38.702727,-90.226505,GOVERNMENT,C,INACTIVE,78270.17,275766.85,UR_CUSTOMERS,b13829316dfcbf8397731ce67e01ec20860435d85b7001735a68b96c161ea56d,2026-03-20T07:54:07.160325,UNITED_RENTALS,TRUE,2026-03-20T07:54:07.160326,9999-12-31T00:00:00
CU-020096,Cox Petroleum,Stephanie,Shannon,hendersonheather@munoz-white.com,961-575-5188x701,2024 Sean Grove,Tulsa,OK,35539,36.094701,-95.997348,OIL_AND_GAS,B,ACTIVE,176552.14,60425.25,UR_CUSTOMERS,8d35d56c3d0180f3e5155e402199f00fe8fb804e0eba804c78c4d56a2b984503,2026-03-20T07:54:07.160552,UNITED_RENTALS,TRUE,2026-03-20T07:54:07.160552,9999-12-31T00:00:00
CU-020097,Miller Petroleum,Tyler,Robinson,ross53@holloway.com,(254)685-3626,38641 Tiffany Alley Suite 385,Atlanta,GA,82528,33.76621,-84.376936,OIL_AND_GAS,A,ACTIVE,202179.77,499137.09,UR_CUSTOMERS,5a20c0dc68845cf153407879d409de37ac908c90991bef6713092dd7ec51b30f,2026-03-20T07:54:07.160789,UNITED_RENTALS,TRUE,2026-03-20T07:54:07.160790,9999-12-31T00:00:00
CU-020098,Olson-Acevedo,Greg,Myers,jimmy99@conley.org,001-937-681-4604x76143,70661 Bridges Walks Suite 646,Austin,TX,61758,30.276768,-97.808882,RESIDENTIAL,A,SUSPENDED,453555.1,349440.32,UR_CUSTOMERS,e3b31bd00807b8cf30a95fcf1e56a424eb5e0a849424ff16253d480a5fa2c3e9,2026-03-20T07:54:07.161004,UNITED_RENTALS,TRUE,2026-03-20T07:54:07.161004,9999-12-31T00:00:00
CU-020099,Anderson Drilling,Natalie,Fischer,ztran@richardson.com,658.799.0027x72910,786 Kelly Freeway,Hartford,CT,48124,41.799928,-72.750377,OIL_AND_GAS,B,ACTIVE,90636.8,142682.53,UR_CUSTOMERS,dcaa0a1a9ae8a62020c71648456e95b151a71a8ff5fef78e618556e64892ccd7,2026-03-20T07:54:07.161190,UNITED_RENTALS,TRUE,2026-03-20T07:54:07.161191,9999-12-31T00:00:00
CU-020100,Jenkins Drilling,Nicole,Johnson,perezjohn@melendez-vargas.com,306.477.3067,266 Pruitt Row,Atlanta,GA,37359,33.80858,-84.429801,OIL_AND_GAS,C,ACTIVE,72524.22,215755.94,UR_CUSTOMERS,ad6dc0afe8003a45ec78e4107fa79d0b3113415dcd8b126cc7604e39eceda47f,2026-03-20T07:54:07.161434,UNITED_RENTALS,TRUE,2026-03-20T07:54:07.161434,9999-12-31T00:00:00
CU-020101,Mendez PLC,Shannon,Holland,gmurphy@lowe-stokes.com,(273)796-3428x9876,49221 Brown Rue Suite 186,New York,NY,89996,40.676268,-74.003185,INDUSTRIAL,B,SUSPENDED,199858.58,86154.3,UR_CUSTOMERS,0b0499693213676b54ab7b8a3c9206906d90c2e8d9ab16c304ff9de7a6111b94,2026-03-20T07:54:07.161665,UNITED_RENTALS,TRUE,2026-03-20T07:54:07.161666,9999-12-31T00:00:00
CU-020102,Cummings Contracting,Anthony,Myers,maryfarmer@hines-lane.com,439.892.8919x8271,37170 Short Inlet Suite 269,Kansas City,MO,38765,39.154628,-94.511022,INFRASTRUCTURE,C,ACTIVE,29620.86,194448.38,UR_CUSTOMERS,940d878fe3987d3ba7abbd8ed3538cce76a8212fc3c28d8b7df23aac3eddf197,2026-03-20T07:54:07.161911,UNITED_RENTALS,TRUE,2026-03-20T07:54:07.161912,9999-12-31T00:00:00
CU-020103,Johnson Ltd,Heather,Nichols,teresamiller@rosario.org,001-401-345-9967x069,730 Green Rest Apt. 438,Indianapolis,IN,67692,39.798406,-86.234185,MINING,D,ACTIVE,12053.99,173390.04,UR_CUSTOMERS,6bf1162873278943d7a72848c5d4230423a9ecd6210ff1ad614601c21f327352,2026-03-20T07:54:07.162186,UNITED_RENTALS,TRUE,2026-03-20T07:54:07.162188,9999-12-31T00:00:00
CU-020104,"Parsons, Hopkins and Sanchez",Brian,Thomas,owensamber@ruiz-dalton.com,(464)331-5890x1649,37017 Sharon Drives Suite 407,Salt Lake City,UT,06782,40.79694,-111.81681,EVENTS,A,ACTIVE,340986.92,449640.35,UR_CUSTOMERS,1cf3687bb0f427d633fdeda7d6583a1a5454416e7f6b06ac90c479bf282deee1,2026-03-20T07:54:07.162502,UNITED_RENTALS,TRUE,2026-03-20T07:54:07.162503,9999-12-31T00:00:00
CU-020105,Johnson Ltd,Amber,Holmes,gibsonrichard@martin.com,985-600-7288x9592,68069 Jennifer Lights,Dallas,TX,14942,32.732929,-96.732472,INDUSTRIAL,A,INACTIVE,397126.55,189492.15,UR_CUSTOMERS,a60fcb1632ee4f3c3fba0269e07992511e9f9f12da4239c13437913a687e5773,2026-03-20T07:54:07.162786,UNITED_RENTALS,TRUE,2026-03-20T07:54:07.162787,9999-12-31T00:00:00
CU-020106,Marsh Group,Philip,Smith,morenomary@weber.com,+1-726-934-4435x9624,20424 Diane Landing,Columbus,OH,28674,39.910544,-83.012353,RESIDENTIAL,A,ACTIVE,242387.38,212124.71,UR_CUSTOMERS,1875fe16b059f9288c6aefce6f18c9cf127b3916f0fd7e2fe559d72e665e0133,2026-03-20T07:54:07.163054,UNITED_RENTALS,TRUE,2026-03-20T07:54:07.163054,9999-12-31T00:00:00
CU-020107,Carlson-Richards,Sheila,Moore,stephenwright@arnold.org,760.439.6702x436,55364 Holly Via Suite 540,San Francisco,CA,32360,37.726122,-122.3508,EVENTS,B,ACTIVE,121035.15,399358.62,UR_CUSTOMERS,c5cfabede06d0f7a1dc95af7a31449aa7dfb1ef114891be63d169d556506d5f4,2026-03-20T07:54:07.163313,UNITED_RENTALS,TRUE,2026-03-20T07:54:07.163314,9999-12-31T00:00:00
CU-020108,Pittsburgh City of,Morgan,Wilcox,mary88@wilson.org,873.285.4662x323,7998 Campbell Cliffs Apt. 594,Pittsburgh,PA,74811,40.520143,-79.938916,GOVERNMENT,D,ACTIVE,15975.35,140131.07,UR_CUSTOMERS,0ff04fe7c9d1bb303e44e12c1c60e7b9d820e138b0d3cc79ec31272888ab57f5,2026-03-20T07:54:07.163493,UNITED_RENTALS,TRUE,2026-03-20T07:54:07.163494,9999-12-31T00:00:00
CU-020109,Faulkner-Wyatt,Elizabeth,Thompson,beanjacob@hughes.org,(806)466-1799,6999 Brianna Street,El Paso,TX,79563,31.797797,-106.496925,INDUSTRIAL,C,ACTIVE,93627.13,182890.99,UR_CUSTOMERS,9e820a0752c758da779ebc071bdfd6a9c75cc97438841df6d2693a255f95ccfe,2026-03-20T07:54:07.163804,UNITED_RENTALS,TRUE,2026-03-20T07:54:07.163805,9999-12-31T00:00:00
CU-020110,Moody Engineering,Jessica,Wright,karen76@robertson.com,(560)341-3482x084,98391 Vickie Lodge Apt. 001,Jacksonville,FL,38458,30.391954,-81.584602,INFRASTRUCTURE,A,ACTIVE,474205.12,203712.82,UR_CUSTOMERS,6608cd876053ef34faf358fc5bc172121c0f00fbb3dfc8651f92687c401e8414,2026-03-20T07:54:07.164035,UNITED_RENTALS,TRUE,2026-03-20T07:54:07.164036,9999-12-31T00:00:00
CU-020111,Dallas Water District,Kenneth,Pearson,jspears@ramsey.com,001-930-749-1341x0389,872 Brittany Plains,Dallas,TX,57488,32.759589,-96.724148,GOVERNMENT,A,ACTIVE,219931.67,173333.11,UR_CUSTOMERS,0d4a9921ae2d63bd699c3ad60522b304a83bacfe7fb9c29ff938b235daede393,2026-03-20T07:54:07.164249,UNITED_RENTALS,TRUE,2026-03-20T07:54:07.164250,9999-12-31T00:00:00
CU-020112,"Murphy, Powers and Phillips",Julia,Estrada,kennethsmith@montes.com,353.609.7669,98056 Natasha Corner Suite 530,Tampa,FL,59295,27.963699,-82.536329,EVENTS,A,ACTIVE,321326.71,41353.7,UR_CUSTOMERS,9278cafd79fccdef0b940a29eea4dc30ca7fd308e9a19aed254c80222514e901,2026-03-20T07:54:07.164571,UNITED_RENTALS,TRUE,2026-03-20T07:54:07.164571,9999-12-31T00:00:00
CU-020113,"Ortiz, Garcia and Fox",Ashley,Spence,katherinepearson@may.com,734-874-1253x1379,07773 Charles Keys,Portland,OR,08641,45.539628,-122.668065,MINING,A,ACTIVE,391542.0,460512.81,UR_CUSTOMERS,b269824ac15183b18438fc43d98405dbf4e540ebb26f40962bff07720220e22c,2026-03-20T07:54:07.164894,UNITED_RENTALS,TRUE,2026-03-20T07:54:07.164894,9999-12-31T00:00:00
CU-020114,Perez Contracting,Christopher,Johnston,tammythomas@whitaker-garner.org,+1-419-638-7337x034,7489 Kimberly Park Suite 078,Philadelphia,PA,55024,39.97294,-75.190569,CONSTRUCTION,D,INACTIVE,8287.57,105457.38,UR_CUSTOMERS,13184591b4bd9ba918d436312a86d922168fca88d99a96e3643a51117e7299d3,2026-03-20T07:54:07.165132,UNITED_RENTALS,TRUE,2026-03-20T07:54:07.165133,9999-12-31T00:00:00
CU-020115,Schroeder LLC,Valerie,Leblanc,holtthomas@jones-sherman.com,708.851.7328x9514,0918 Hicks Key,Phoenix,AZ,45893,33.376028,-112.066788,INDUSTRIAL,B,ACTIVE,137236.16,442708.48,UR_CUSTOMERS,21c7822ee8b639b81f2cc61666cea1acc381e95e16bc0a3c28cb6be88360ee81,2026-03-20T07:54:07.165385,UNITED_RENTALS,TRUE,2026-03-20T07:54:07.165386,9999-12-31T00:00:00
CU-020116,Stephens Drilling,Christian,Doyle,morrismary@nelson-owen.biz,+1-553-291-6077x00409,4184 Virginia Gateway Apt. 218,Chicago,IL,03664,41.908541,-87.614979,OIL_AND_GAS,D,INACTIVE,5641.49,482915.89,UR_CUSTOMERS,d09704922b195279cec91704715928eeef81a5de37b238e36cf1a700e1a4e338,2026-03-20T07:54:07.165639,UNITED_RENTALS,TRUE,2026-03-20T07:54:07.165640,9999-12-31T00:00:00
CU-020117,"Clark, Reyes and Mack",Katie,Rodgers,allennathan@spencer.com,+1-878-580-2652x95164,356 James Field,Hartford,CT,79786,41.693226,-72.650348,EVENTS,C,INACTIVE,31718.15,22730.67,UR_CUSTOMERS,6a4775f406f8d02fc5fba9210e2aef4b63854b46dab5d72f5cd758359d3c03a4,2026-03-20T07:54:07.165957,UNITED_RENTALS,TRUE,2026-03-20T07:54:07.165958,9999-12-31T00:00:00
CU-020118,Evans-Horn,Wesley,Hunter,gillmary@williams-cortez.org,+1-370-692-0199,13266 Cole Plain,Atlanta,GA,36634,33.717319,-84.394403,EVENTS,C,ACTIVE,44903.73,95359.85,UR_CUSTOMERS,635a995856a5743d3ae80e72354f8ed753e592be5a7bf11ba9f3d94f73d1ee5b,2026-03-20T07:54:07.166219,UNITED_RENTALS,TRUE,2026-03-20T07:54:07.166219,9999-12-31T00:00:00
CU-020119,WA Gas Co,Angela,Hoffman,frank63@barrett.org,+1-960-947-2205x3970,4470 Samantha Flat Apt. 714,Seattle,WA,51671,47.673916,-122.37633,UTILITY,B,SUSPENDED,113356.98,413645.57,UR_CUSTOMERS,4a0bf378a661d39888cedbecfbe718381774b1a7da9c8c02b9178175130bcdeb,2026-03-20T07:54:07.166371,UNITED_RENTALS,TRUE,2026-03-20T07:54:07.166372,9999-12-31T00:00:00
CU-020120,Reese Builders,Mackenzie,Armstrong,barbarafisher@lara-cuevas.com,(623)259-6053x02618,7870 Rebecca Path,New York,NY,53098,40.772234,-73.969582,INFRASTRUCTURE,B,ACTIVE,144595.96,330520.73,UR_CUSTOMERS,3580ad618c8aedacbf5fecb35b4f3c10c2d9fb9d28cea8f79388c444a6c9d348,2026-03-20T07:54:07.166607,UNITED_RENTALS,TRUE,2026-03-20T07:54:07.166608,9999-12-31T00:00:00
CU-020121,Rivera Inc,Phillip,Williams,aallen@williams-simon.com,+1-364-409-8910x3909,302 Taylor Rest,Newark,NJ,34880,40.683592,-74.166868,INDUSTRIAL,C,ACTIVE,12461.75,351736.77,UR_CUSTOMERS,7d19f3e37e33058becb7a5c090e046fadcec38a9b079f53f5551241c5eb00b8c,2026-03-20T07:54:07.166833,UNITED_RENTALS,TRUE,2026-03-20T07:54:07.166834,9999-12-31T00:00:00
CU-020122,Morgan Builders,Haley,Saunders,ksherman@horton-richardson.com,001-426-900-9860,4544 Bradley Heights Suite 453,Hartford,CT,67845,41.783469,-72.69714,CONSTRUCTION,B,ACTIVE,63132.23,232577.27,UR_CUSTOMERS,2081d86cfe481d6da7eac95b5a44a0efc1024c8f9c468dd176b3c3031edb0657,2026-03-20T07:54:07.167050,UNITED_RENTALS,TRUE,2026-03-20T07:54:07.167051,9999-12-31T00:00:00
CU-020123,Davis Energy,Angela,Mccoy,higginscaitlin@soto-moreno.com,256-762-2952x1797,0361 Pittman Inlet Suite 070,Salt Lake City,UT,39341,40.741118,-111.932087,OIL_AND_GAS,C,INACTIVE,13168.49,131514.36,UR_CUSTOMERS,0c17e2009aef2139c6a5c197f61e849652a2b0a67f6222334cf8d0e1175182a2,2026-03-20T07:54:07.167295,UNITED_RENTALS,TRUE,2026-03-20T07:54:07.167296,9999-12-31T00:00:00
CU-020124,Shields-Moore,Robert,Dorsey,andersonmichael@diaz.com,953-301-7316,0587 Nathaniel Fall Suite 413,Salt Lake City,UT,32652,40.76324,-111.91712,MINING,B,ACTIVE,89165.71,323373.85,UR_CUSTOMERS,95ecbfeb4c50d7950349d2570cfaafba0d5f44deca08ed15954fb19526b7ebf6,2026-03-20T07:54:07.167532,UNITED_RENTALS,TRUE,2026-03-20T07:54:07.167532,9999-12-31T00:00:00
CU-020125,OH Energy Co,Brittany,Parker,brian64@mcgee.com,001-879-805-7191x898,693 Rivera Crossing Apt. 359,Columbus,OH,65368,39.933072,-83.014335,UTILITY,A,ACTIVE,446186.12,241040.33,UR_CUSTOMERS,e5965da355bc63e9ddcc9cd51f901e7b4fa0ae0f2ebe8dc50ad8829ab55f7271,2026-03-20T07:54:07.167749,UNITED_RENTALS,TRUE,2026-03-20T07:54:07.167750,9999-12-31T00:00:00
CU-020126,Burton-Hansen,Randy,Blevins,gloria02@chaney.info,818.943.0192x2095,32973 Jason Wall,Chicago,IL,53568,41.804794,-87.593236,RESIDENTIAL,D,ACTIVE,6981.89,335469.82,UR_CUSTOMERS,6375748ae2df4438f0cf180f9642a3e84919ba494e505cbc30333b151ea9866c,2026-03-20T07:54:07.167957,UNITED_RENTALS,TRUE,2026-03-20T07:54:07.167958,9999-12-31T00:00:00
CU-020127,Green-Lopez,Ann,Anderson,kathrynochoa@bennett-villarreal.com,427-573-9238x520,91401 Jensen Forks,Miami,FL,23463,25.786049,-80.213245,RESIDENTIAL,A,ACTIVE,432475.36,490981.1,UR_CUSTOMERS,8c19b93c9a16beb17a03d0ecba5afb54f085571fd739ae23685b5026e8ee8ccc,2026-03-20T07:54:07.168230,UNITED_RENTALS,TRUE,2026-03-20T07:54:07.168231,9999-12-31T00:00:00
CU-020128,"Ramirez, Taylor and Nixon",Troy,Jones,pamelasmith@webb.com,552-560-7569x991,06433 Jack Trace,Charlotte,NC,57189,35.275701,-80.828224,EVENTS,C,ACTIVE,10350.67,49436.54,UR_CUSTOMERS,a09feecb19a61a63fab209c4de145879202a93e6b78c45860f4ea3ae4564e26e,2026-03-20T07:54:07.168553,UNITED_RENTALS,TRUE,2026-03-20T07:54:07.168554,9999-12-31T00:00:00
CU-020129,CA Power Co,Victoria,Hardy,robinvasquez@owens-harris.com,(580)866-4707x03850,9529 Taylor Heights,Sacramento,CA,11617,38.607805,-121.49397,UTILITY,A,ACTIVE,393513.64,149564.48,UR_CUSTOMERS,2dbae9b10e31575ad132666ad47bc8f253bf1992e715e4c006e8573a8f513878,2026-03-20T07:54:07.168769,UNITED_RENTALS,TRUE,2026-03-20T07:54:07.168769,9999-12-31T00:00:00
CU-020130,Luna Drilling,Benjamin,Kennedy,jessica27@smith-wong.biz,258.226.7625x9062,638 Walters Underpass,Minneapolis,MN,53393,44.964617,-93.307175,OIL_AND_GAS,B,ACTIVE,55582.95,134052.94,UR_CUSTOMERS,3ba4bbeff6f196312d079e0f9ffb10e58e69ea4fb478da01866a30ef5273763c,2026-03-20T07:54:07.168988,UNITED_RENTALS,TRUE,2026-03-20T07:54:07.168989,9999-12-31T00:00:00
CU-020131,Bautista-Daniel,Justin,West,brooke93@mills.org,001-297-798-4914x986,49326 Phillips Crossroad Apt. 394,Chicago,IL,50440,41.946142,-87.597181,MINING,A,ACTIVE,194402.93,480471.28,UR_CUSTOMERS,5457539c30eebf78c19a2a86d25e1f267d64001e6656dc5c849b4649b6ea5809,2026-03-20T07:54:07.169211,UNITED_RENTALS,TRUE,2026-03-20T07:54:07.169212,9999-12-31T00:00:00
CU-020132,MO Gas Co,Craig,Garcia,guerrerorenee@gilbert-hart.com,440.501.2762,4225 Espinoza Summit Suite 188,Kansas City,MO,69491,39.046157,-94.634224,UTILITY,B,ACTIVE,156350.0,231808.19,UR_CUSTOMERS,44e4e0f8c9552c689dc39b7e236452e128b97eb458c90f6af0e162da048740bb,2026-03-20T07:54:07.169427,UNITED_RENTALS,TRUE,2026-03-20T07:54:07.169427,9999-12-31T00:00:00
CU-020133,Thomas Energy,Tammy,Harris,qbrown@kaufman.com,(813)249-5647x9984,679 Bradley Underpass Suite 383,San Antonio,TX,00986,29.422014,-98.448435,OIL_AND_GAS,A,INACTIVE,330864.44,289896.46,UR_CUSTOMERS,0874e6997d0a6ebfb5c016823d00b75d4f15b2707f06ff0518a6b67271989269,2026-03-20T07:54:07.169694,UNITED_RENTALS,TRUE,2026-03-20T07:54:07.169695,9999-12-31T00:00:00
CU-020134,Chase Development,Michele,Wallace,randallwilson@brown.biz,(920)816-5557x8645,5751 Jonathan Meadows Suite 000,Baltimore,MD,51149,39.24663,-76.603419,INFRASTRUCTURE,A,ACTIVE,219015.31,274313.83,UR_CUSTOMERS,390a78059c4b4a892da4b3b5791c1d56abc8f75ea66b3b9ce89edd2554479edb,2026-03-20T07:54:07.169956,UNITED_RENTALS,TRUE,2026-03-20T07:54:07.169956,9999-12-31T00:00:00
CU-020135,Dallas County,Alexandria,Morgan,istokes@vega-howard.biz,(954)651-2244x4189,33868 Smith Trail,Dallas,TX,31090,32.849282,-96.717429,GOVERNMENT,A,ACTIVE,234061.72,8854.38,UR_CUSTOMERS,84612a244cc8690dd3d5dd1d357c0ce536901eed9b54623268bb358dffe256c6,2026-03-20T07:54:07.170148,UNITED_RENTALS,TRUE,2026-03-20T07:54:07.170148,9999-12-31T00:00:00
CU-020136,Copeland Drilling,Lori,Camacho,chavezsusan@lee-macias.com,523-286-0205x089,134 Brandy Meadows Apt. 979,Detroit,MI,64043,42.294942,-82.988418,OIL_AND_GAS,A,INACTIVE,397727.9,452987.62,UR_CUSTOMERS,55b4ec437e0584231ee93da955a79ed41b38108170d7444e34185423d446754d,2026-03-20T07:54:07.170385,UNITED_RENTALS,TRUE,2026-03-20T07:54:07.170385,9999-12-31T00:00:00
CU-020137,"Rich, Taylor and Nelson",Veronica,Peters,clarkpaul@rose-evans.com,635.267.4809x573,802 Smith Stravenue Suite 420,El Paso,TX,31075,31.750447,-106.424543,MINING,B,ACTIVE,86887.54,13551.76,UR_CUSTOMERS,b18ab4b499dff017ae43e972624690d0c6031ae973a9f036318ba4905fc9666a,2026-03-20T07:54:07.170684,UNITED_RENTALS,TRUE,2026-03-20T07:54:07.170684,9999-12-31T00:00:00
CU-020138,MD Power Co,Tara,Gomez,martinramirez@mcdonald.com,8319977748,514 William Manors Suite 823,Baltimore,MD,00985,39.214607,-76.645201,UTILITY,A,ACTIVE,242925.93,243949.06,UR_CUSTOMERS,0d4f213aa7f8826dadc640d61ff64db5b93ef8de2029b5a52d0275d342924030,2026-03-20T07:54:07.170862,UNITED_RENTALS,TRUE,2026-03-20T07:54:07.170863,9999-12-31T00:00:00
CU-020139,Tampa City of,Vincent,Fischer,maryflores@meyer.com,796-823-3260,76748 Corey Mills Apt. 066,Tampa,FL,24329,27.894247,-82.519724,GOVERNMENT,A,ACTIVE,174182.39,298088.95,UR_CUSTOMERS,63873c1ab385ff03ec2d0609458ac47811f3164b17525e8cb57cdcedf14a8c3b,2026-03-20T07:54:07.171098,UNITED_RENTALS,TRUE,2026-03-20T07:54:07.171099,9999-12-31T00:00:00
CU-020140,Richmond City of,Megan,Lewis,watsontina@mclean.net,824.426.5594x69890,72371 Weber Prairie,Richmond,VA,04036,37.543549,-77.494011,GOVERNMENT,A,SUSPENDED,498733.11,338241.56,UR_CUSTOMERS,6bdad56e614e122164044e793b8f32d9b56716c1dd2b56ebdf902321d7650032,2026-03-20T07:54:07.171341,UNITED_RENTALS,TRUE,2026-03-20T07:54:07.171342,9999-12-31T00:00:00
CU-020141,NV Water Co,Tina,Henson,thomascarey@johnson.com,987-808-4779x541,5398 Vanessa Wells Apt. 737,Las Vegas,NV,67896,36.171831,-115.186039,UTILITY,B,ACTIVE,157286.19,480304.06,UR_CUSTOMERS,8f6b4fddf86051d151db09b07a242f1264944d5e2125dc822f22c4fe5c8f39be,2026-03-20T07:54:07.171524,UNITED_RENTALS,TRUE,2026-03-20T07:54:07.171525,9999-12-31T00:00:00
CU-020142,Gomez Inc,Luke,Morrison,mike96@sullivan.com,448.587.6380x20761,121 Crystal Isle Apt. 881,Miami,FL,20776,25.79416,-80.235657,RESIDENTIAL,A,ACTIVE,355003.15,198146.31,UR_CUSTOMERS,19c9cfca39288b87cf7240ed5f48ca35e3ad663987888e5be63d369743de64b7,2026-03-20T07:54:07.171708,UNITED_RENTALS,TRUE,2026-03-20T07:54:07.171708,9999-12-31T00:00:00
CU-020143,"Holland, Fernandez and Schneider",Melanie,Mueller,dixondennis@banks.com,(469)801-0792x3729,48649 Morse Gardens,Hartford,CT,94066,41.726449,-72.67382,EVENTS,B,INACTIVE,138847.78,108387.61,UR_CUSTOMERS,78e0db8101bbfade3225aca128660e3a686ce770f338155f202e3c9efe0aaa5f,2026-03-20T07:54:07.171982,UNITED_RENTALS,TRUE,2026-03-20T07:54:07.171983,9999-12-31T00:00:00
CU-020144,Stewart Contracting,Robert,Murphy,yatkins@grimes.com,001-770-277-3123x155,0521 Williamson Spring Apt. 844,Dallas,TX,35026,32.83562,-96.747612,INFRASTRUCTURE,B,ACTIVE,160531.71,287417.97,UR_CUSTOMERS,3a86158e7de9e40b06440e3f339e4b70eccb2bf8e813fd9cc5a4ca7f303ff697,2026-03-20T07:54:07.172241,UNITED_RENTALS,TRUE,2026-03-20T07:54:07.172242,9999-12-31T00:00:00
CU-020145,GA Gas Co,Bradley,Richardson,danieljones@parker.com,+1-312-235-0368x7156,9780 Jesse Hollow Suite 568,Atlanta,GA,38763,33.715642,-84.400639,UTILITY,A,ACTIVE,195963.25,249072.34,UR_CUSTOMERS,0db735ce43271a6689374aeaebddfe69d049c27a79fb05af2a00d71640417609,2026-03-20T07:54:07.172421,UNITED_RENTALS,TRUE,2026-03-20T07:54:07.172422,9999-12-31T00:00:00
CU-020146,Jenkins-Kennedy,Lisa,Johnson,lorihenderson@mckay-olsen.com,(732)995-7378x31597,273 William Points,Indianapolis,IN,97892,39.774891,-86.191033,RESIDENTIAL,A,ACTIVE,392246.13,215962.41,UR_CUSTOMERS,966390044b9998a8cc8aaca4c0fd450dd5d9969dccdcebaafd4d1ac4b9a7e04c,2026-03-20T07:54:07.172687,UNITED_RENTALS,TRUE,2026-03-20T07:54:07.172688,9999-12-31T00:00:00
CU-020147,Page and Sons,Annette,Davis,sandra42@perez.com,(551)685-4839x6607,7462 Michael Roads Suite 841,Detroit,MI,82697,42.299146,-83.007701,INDUSTRIAL,D,ACTIVE,21164.99,346721.68,UR_CUSTOMERS,2b3ec29c7826d1347020baad1298e5a8eaa9987692f18ecaedf7b5c4c0f41075,2026-03-20T07:54:07.172873,UNITED_RENTALS,TRUE,2026-03-20T07:54:07.172874,9999-12-31T00:00:00
CU-020148,Tucker Petroleum,Joy,Mclean,colemanscott@smith-martin.com,581-669-8141,760 Roth Ford Suite 740,Salt Lake City,UT,96962,40.760302,-111.859075,OIL_AND_GAS,A,ACTIVE,119503.45,166568.07,UR_CUSTOMERS,280cd5f8097a6f9e9d823d9252decd765605053d86e54a0c135c6c6449004b60,2026-03-20T07:54:07.173120,UNITED_RENTALS,TRUE,2026-03-20T07:54:07.173121,9999-12-31T00:00:00
CU-020149,Davies Engineering,Brittany,Ball,amandaroberts@shea.com,(565)809-9621,7196 Gutierrez Club Apt. 256,Cincinnati,OH,32025,39.161968,-84.559667,CONSTRUCTION,B,ACTIVE,93242.81,139417.3,UR_CUSTOMERS,517790686821905972f28f0694690c41f8c8a1ab1cc24aac2f58bd81f5689c33,2026-03-20T07:54:07.173397,UNITED_RENTALS,TRUE,2026-03-20T07:54:07.173398,9999-12-31T00:00:00
CU-020150,NY Power Co,Joshua,Shepherd,taylormelinda@anderson.com,999-780-1376x836,77915 Cynthia Harbor,New York,NY,53402,40.729289,-74.030963,UTILITY,D,ACTIVE,21926.48,460631.71,UR_CUSTOMERS,b2b3473cd94ccf71836bd5cf88d157b173004905e081358197252cd6cf8a7158,2026-03-20T07:54:07.173576,UNITED_RENTALS,TRUE,2026-03-20T07:54:07.173576,9999-12-31T00:00:00
CU-020151,Martinez Energy,Kelly,Jensen,johngarrison@ellis.com,(742)860-1863x72631,9227 Bennett Greens Apt. 490,Los Angeles,CA,03951,34.028856,-118.186093,OIL_AND_GAS,B,ACTIVE,186476.4,31831.29,UR_CUSTOMERS,c93888e14e49b08eee95436e3f753c0a5f6ef308bb4c4929202b303a5971c552,2026-03-20T07:54:07.173794,UNITED_RENTALS,TRUE,2026-03-20T07:54:07.173795,9999-12-31T00:00:00
CU-020152,Ho PLC,Marcus,Kaufman,matthew34@schaefer-scott.net,(372)628-8390x4733,6157 Carpenter Flat Apt. 511,Newark,NJ,34673,40.704976,-74.247574,EVENTS,A,ACTIVE,245114.83,319060.56,UR_CUSTOMERS,e528aff6f862431a4f3191e03e983bd6e974336adc6b22938c42e93d8628083b,2026-03-20T07:54:07.174015,UNITED_RENTALS,TRUE,2026-03-20T07:54:07.174016,9999-12-31T00:00:00
CU-020153,"Harrington, Ellis and Holmes",Brittany,Stewart,andersonhaley@smith-morris.com,276.361.8308x580,14391 Davis Circles Suite 367,Pittsburgh,PA,70606,40.388986,-79.928888,INDUSTRIAL,D,ACTIVE,9805.78,104601.35,UR_CUSTOMERS,242e7b15287ea42c792dbe40ab0b9d0e53a9d29415a0269b495ad5a35cf2a65c,2026-03-20T07:54:07.174320,UNITED_RENTALS,TRUE,2026-03-20T07:54:07.174320,9999-12-31T00:00:00
CU-020154,Jackson-Garcia,Lauren,Tucker,dunnconnor@powers.com,(557)506-8026,4230 Johnson Ferry,Salt Lake City,UT,26091,40.716787,-111.965319,RESIDENTIAL,B,INACTIVE,68483.43,138068.74,UR_CUSTOMERS,efdd89b4ccfcef213ce5c138a24b797a69f79721fcdb0bf342af914217a0e85f,2026-03-20T07:54:07.174621,UNITED_RENTALS,TRUE,2026-03-20T07:54:07.174622,9999-12-31T00:00:00
CU-020155,Lopez PLC,Ryan,Rogers,renee05@jackson.com,742-306-6701,9920 Tonya Locks Suite 338,Minneapolis,MN,18936,44.998084,-93.194114,EVENTS,A,ACTIVE,255583.11,200336.32,UR_CUSTOMERS,5a47b800445a22ae5d9299b0aac8ace2e7ee98578410c75c6b6fe604339bb8e6,2026-03-20T07:54:07.174802,UNITED_RENTALS,TRUE,2026-03-20T07:54:07.174803,9999-12-31T00:00:00
CU-020156,Raleigh Parks Dept,David,Farrell,benjamin53@anderson.biz,(601)590-1134,133 Michael Path,Raleigh,NC,50155,35.798837,-78.65247,GOVERNMENT,A,ACTIVE,469910.34,158400.11,UR_CUSTOMERS,4c73f1e276aace0007ff417775c2fae0074a260d30b21605af0b9db624dc35c7,2026-03-20T07:54:07.175007,UNITED_RENTALS,TRUE,2026-03-20T07:54:07.175008,9999-12-31T00:00:00
CU-020157,Moses Pipeline,Darryl,Lewis,jessicaking@shelton-cook.com,828-864-4976x0249,2095 Samuel Motorway,Atlanta,GA,83948,33.728806,-84.416282,OIL_AND_GAS,C,ACTIVE,27115.96,362130.91,UR_CUSTOMERS,0ec7a53e54df9a7584cf2c8bc0b4cfabbf53d0cac049432573706abb3000a479,2026-03-20T07:54:07.175242,UNITED_RENTALS,TRUE,2026-03-20T07:54:07.175243,9999-12-31T00:00:00
CU-020158,Philadelphia Water District,Elizabeth,Weber,joshuaberry@weber.com,(961)852-6655x914,3809 Butler Cove,Philadelphia,PA,35444,39.919924,-75.178597,GOVERNMENT,B,ACTIVE,83305.18,44908.01,UR_CUSTOMERS,6a072e5b893cb2afcf92fe913a7a7a16464905ffd2d6d7a6769e8bd26f511943,2026-03-20T07:54:07.175484,UNITED_RENTALS,TRUE,2026-03-20T07:54:07.175485,9999-12-31T00:00:00
CU-020159,Patton-Wood,John,Sweeney,erik74@hamilton-stewart.com,938-496-2985x32436,57127 Tapia Summit Apt. 543,Jacksonville,FL,86923,30.361976,-81.620751,INDUSTRIAL,B,ACTIVE,67631.34,482290.04,UR_CUSTOMERS,a240f96fd34e469a13d25126af68827405fbc6f0c740749e6251a9d1c2b619cf,2026-03-20T07:54:07.175733,UNITED_RENTALS,TRUE,2026-03-20T07:54:07.175733,9999-12-31T00:00:00
CU-020160,Jenkins-Murphy,Kaitlyn,Sanchez,gutierrezcraig@ryan.com,+1-598-916-1538x116,30737 Noah Mountains,Philadelphia,PA,91089,39.948006,-75.096617,RESIDENTIAL,B,SUSPENDED,187318.52,17917.1,UR_CUSTOMERS,2d6c09e822e9268217402f7660b753b99f5864962c28f3f5a9b7219a88f09d6f,2026-03-20T07:54:07.176024,UNITED_RENTALS,TRUE,2026-03-20T07:54:07.176025,9999-12-31T00:00:00
CU-020161,Hampton Inc,Sherry,Hill,jolsen@smith.com,001-631-921-4639,54292 Kirby Hill Suite 633,Philadelphia,PA,78862,39.9978,-75.155755,MINING,C,ACTIVE,56486.8,430138.42,UR_CUSTOMERS,b5a836ffa5ebe55f1e9ae3c3fc22f657348419ba672e822f7fb2c578f1c931c5,2026-03-20T07:54:07.176280,UNITED_RENTALS,TRUE,2026-03-20T07:54:07.176281,9999-12-31T00:00:00
CU-020162,Stevens Ltd,Sarah,Valencia,alexander69@wagner-ortega.com,(966)249-7196,833 Walker Creek Apt. 161,San Antonio,TX,22758,29.416562,-98.571863,EVENTS,C,INACTIVE,87598.85,471016.73,UR_CUSTOMERS,36fcd02c71d0732d41bf4ed41ad302bf58602ff938f764a55982b7e86584b26d,2026-03-20T07:54:07.176500,UNITED_RENTALS,TRUE,2026-03-20T07:54:07.176501,9999-12-31T00:00:00
CU-020163,Glover-Duncan,Daniel,Parsons,ashleynelson@johnson.com,643-376-7348x140,67930 Virginia Plains,Denver,CO,12447,39.691189,-105.038901,EVENTS,A,ACTIVE,228177.27,300717.36,UR_CUSTOMERS,fcc384b9a3b498dc00d25858ce86fe4044e88c7813294b94119771e58bbbe669,2026-03-20T07:54:07.176792,UNITED_RENTALS,TRUE,2026-03-20T07:54:07.176793,9999-12-31T00:00:00
CU-020164,Morales LLC,Beth,Page,ingrambrandon@douglas-livingston.com,(388)266-1680,2134 Turner Green,Jacksonville,FL,20939,30.262764,-81.706911,RESIDENTIAL,C,ACTIVE,36406.94,374335.16,UR_CUSTOMERS,145c117677231797eb6ba3fa2605812e53e260753ecd791025029ba1a9414d64,2026-03-20T07:54:07.177038,UNITED_RENTALS,TRUE,2026-03-20T07:54:07.177039,9999-12-31T00:00:00
CU-020165,Newark County,Wendy,Clark,charlesbrown@cunningham-lambert.info,001-313-386-0157,32194 Wendy Hollow Suite 028,Newark,NJ,73330,40.687578,-74.157052,GOVERNMENT,B,ACTIVE,194458.85,260748.43,UR_CUSTOMERS,b49dddb40b23453a4e9119ea7d516e5c32d5587cc87a80e8fa806b28a2c93704,2026-03-20T07:54:07.177246,UNITED_RENTALS,TRUE,2026-03-20T07:54:07.177247,9999-12-31T00:00:00
CU-020166,Seattle School District,Leah,Davis,wilsonmary@rosales-evans.com,319.536.7857x6463,74916 Kimberly Heights,Seattle,WA,22694,47.608641,-122.366999,GOVERNMENT,B,ACTIVE,172371.17,429394.07,UR_CUSTOMERS,9336129da29312a861f684240a4f83ba63449d8ae7afcfb68ebb485b00251775,2026-03-20T07:54:07.177452,UNITED_RENTALS,TRUE,2026-03-20T07:54:07.177453,9999-12-31T00:00:00
CU-020167,TN Energy Co,John,Hernandez,justin01@young.com,(996)626-1684x55252,25471 Silva Ranch,Nashville,TN,92878,36.213765,-86.8078,UTILITY,A,ACTIVE,474492.76,262996.8,UR_CUSTOMERS,3ee402b8a088aa6f7ef5b3ceeaee13bb030712bddaff63b2f8092db9ddd50f2c,2026-03-20T07:54:07.177667,UNITED_RENTALS,TRUE,2026-03-20T07:54:07.177668,9999-12-31T00:00:00
CU-020168,Austin Petroleum,Abigail,Melendez,ronald94@hudson.com,5517956756,422 Little Corners Suite 266,Salt Lake City,UT,17968,40.686444,-111.941801,OIL_AND_GAS,C,ACTIVE,24615.59,60267.5,UR_CUSTOMERS,47cd6f4a00b827c7b76641a05b24d4dc4e72fb29ec379158e09b892c8e4fd05d,2026-03-20T07:54:07.177912,UNITED_RENTALS,TRUE,2026-03-20T07:54:07.177912,9999-12-31T00:00:00
CU-020169,Hodges Development,Michael,Richardson,patrick07@alvarado.com,+1-341-230-6862x4087,668 Emily Unions,San Diego,CA,13646,32.78927,-117.103166,INFRASTRUCTURE,B,ACTIVE,66573.82,118411.96,UR_CUSTOMERS,58934d81fb9f3b2a82ca639fe0f68d1903916267805170c2786ebb5ba9d0863e,2026-03-20T07:54:07.178091,UNITED_RENTALS,TRUE,2026-03-20T07:54:07.178091,9999-12-31T00:00:00
CU-020170,OH Gas Co,Todd,Herrera,ruizgary@cortez.com,(632)282-2282,5283 Cooke Ramp Suite 004,Cincinnati,OH,12594,39.030991,-84.576775,UTILITY,B,ACTIVE,173816.8,466527.69,UR_CUSTOMERS,bbcca8d7d21ef1f9f26736d2d396b53d73fa4e1a700a88be347150b42220012e,2026-03-20T07:54:07.178333,UNITED_RENTALS,TRUE,2026-03-20T07:54:07.178334,9999-12-31T00:00:00
CU-020171,Williams Energy,Karen,Adams,perezpamela@bush.com,+1-305-735-7228x92064,097 Anthony Plains Apt. 104,El Paso,TX,13913,31.743691,-106.497912,OIL_AND_GAS,B,ACTIVE,83991.24,249765.44,UR_CUSTOMERS,10945384f7a6032c60a70902ccf02526712b815a83c95ad9e26b094db00d3735,2026-03-20T07:54:07.178549,UNITED_RENTALS,TRUE,2026-03-20T07:54:07.178550,9999-12-31T00:00:00
CU-020172,New York County,Christy,Kent,john19@savage-martinez.net,001-514-247-8674x28021,57803 Grant Trail Apt. 213,New York,NY,87094,40.713004,-74.077463,GOVERNMENT,A,INACTIVE,357693.87,199549.18,UR_CUSTOMERS,e7ba248b6ac8b96806e12959b9f927cddcca7ca4f6daec0ea43e32b0f7783f0b,2026-03-20T07:54:07.178750,UNITED_RENTALS,TRUE,2026-03-20T07:54:07.178751,9999-12-31T00:00:00
CU-020173,"Swanson, Higgins and King",Samantha,Allen,acarlson@olsen-tran.com,859.294.0842x9069,2898 Smith Cliff Apt. 656,Columbus,OH,60754,39.932659,-82.984556,INDUSTRIAL,A,ACTIVE,481359.78,265406.26,UR_CUSTOMERS,729c464b382d1f5f3319d441ce5370fb1e08433e84d53f56b6da1ecb5d1d1bcc,2026-03-20T07:54:07.179052,UNITED_RENTALS,TRUE,2026-03-20T07:54:07.179053,9999-12-31T00:00:00
CU-020174,Allen Drilling,Shaun,Hill,fenglish@flores-wallace.com,768.514.9802,437 Gilbert Estates,Cincinnati,OH,84406,39.047113,-84.537796,OIL_AND_GAS,A,ACTIVE,277259.81,378288.98,UR_CUSTOMERS,ad3c5ea6eb44e57e4a5ff36442d401ff23ecbdbc2e5948b8fd8e58eb593dca2c,2026-03-20T07:54:07.179278,UNITED_RENTALS,TRUE,2026-03-20T07:54:07.179279,9999-12-31T00:00:00
CU-020175,Salazar Contracting,Raymond,Adams,fayala@morris.net,923-424-2348x0041,55369 Mark Junction Suite 749,Hartford,CT,04275,41.756486,-72.594766,CONSTRUCTION,C,ACTIVE,44641.16,447673.52,UR_CUSTOMERS,29998d75388688b0ccfcab403fdd08733a3e92f0c269ac032e40745e2b29c54c,2026-03-20T07:54:07.179483,UNITED_RENTALS,TRUE,2026-03-20T07:54:07.179484,9999-12-31T00:00:00
CU-020176,Thompson-Porter,Lisa,Smith,franklin70@barajas.com,+1-829-559-4523x15828,0296 White Spurs,San Francisco,CA,81403,37.725539,-122.450217,RESIDENTIAL,D,ACTIVE,6483.69,34960.34,UR_CUSTOMERS,f98da87a839f14bc481cf7f0e77137e380d42f92d809390ba72bed9a5ea33e7e,2026-03-20T07:54:07.179700,UNITED_RENTALS,TRUE,2026-03-20T07:54:07.179701,9999-12-31T00:00:00
CU-020177,Greene Builders,Scott,Garcia,stephanie92@johnson.biz,982.215.3926x693,25031 Brenda Parkway Apt. 485,Boston,MA,01495,42.283649,-71.012478,CONSTRUCTION,A,ACTIVE,279697.3,190872.82,UR_CUSTOMERS,c8163bebcb6e8c9a96a4605d3a74870fc8dc7b44eb12167cc0a390f7a1a09512,2026-03-20T07:54:07.179882,UNITED_RENTALS,TRUE,2026-03-20T07:54:07.179883,9999-12-31T00:00:00
CU-020178,Lopez Pipeline,Brandon,Davis,rodriguezjohn@lewis.com,397.819.0000x2956,56471 Gomez Rapid,Boston,MA,41015,42.301356,-71.031732,OIL_AND_GAS,D,ACTIVE,20177.17,274299.67,UR_CUSTOMERS,a042c1ff3605c9ab2ddf278b0d5d3a46a1f0bb1b3100f427527a7ebb69b9982d,2026-03-20T07:54:07.180098,UNITED_RENTALS,TRUE,2026-03-20T07:54:07.180099,9999-12-31T00:00:00
CU-020179,Indianapolis County,Aaron,Cole,jeremymitchell@acosta-madden.com,001-631-567-7814x5647,19453 Samantha Skyway Suite 766,Indianapolis,IN,93758,39.805502,-86.188397,GOVERNMENT,A,ACTIVE,137386.1,486542.46,UR_CUSTOMERS,5f29b735abd8e316a8986623f7d393d8619bd6514441c2d10660296d4a1fbb12,2026-03-20T07:54:07.180306,UNITED_RENTALS,TRUE,2026-03-20T07:54:07.180307,9999-12-31T00:00:00
CU-020180,Morgan-Cooper,Donna,Wong,bjones@moore.com,980.961.9022x3116,7635 Derek Flat,Nashville,TN,90148,36.226745,-86.760592,MINING,A,ACTIVE,383919.97,131822.57,UR_CUSTOMERS,ca1f6bd480f61befe28933f9e56a8334a7cd247a26b13a67112285038b516a10,2026-03-20T07:54:07.180580,UNITED_RENTALS,TRUE,2026-03-20T07:54:07.180581,9999-12-31T00:00:00
CU-020181,Martinez-Kelly,Eric,Melton,hcardenas@mitchell.info,214-529-4300,3989 Morgan Squares Apt. 324,Indianapolis,IN,57825,39.778532,-86.085186,MINING,B,ACTIVE,114881.5,59804.36,UR_CUSTOMERS,d25c27fa6d0adac55049b3c84e24f67c831516efc634a6d20c8c701fd7febc63,2026-03-20T07:54:07.180858,UNITED_RENTALS,TRUE,2026-03-20T07:54:07.180858,9999-12-31T00:00:00
CU-020182,Cooper Drilling,Donna,Shaw,njames@arellano.com,778-537-6591,11406 Martin Meadow,Hartford,CT,52001,41.792736,-72.672804,OIL_AND_GAS,C,ACTIVE,61000.67,323463.77,UR_CUSTOMERS,c7544e22d35fa0d91ed57879aa314e447f1f630859a47a74d242fd55093e180b,2026-03-20T07:54:07.181052,UNITED_RENTALS,TRUE,2026-03-20T07:54:07.181053,9999-12-31T00:00:00
CU-020183,Carter Petroleum,Ryan,Glenn,monicawood@freeman.com,(933)675-6569x764,24945 Andrew Lodge Apt. 506,Miami,FL,76338,25.791756,-80.251495,OIL_AND_GAS,B,INACTIVE,96281.07,156705.3,UR_CUSTOMERS,7c559fac54b2d5647698d88f0027ec61b7caeae8348e02fa70a5215a6cf884bc,2026-03-20T07:54:07.181268,UNITED_RENTALS,TRUE,2026-03-20T07:54:07.181269,9999-12-31T00:00:00
CU-020184,Anderson Engineering,Ashley,Murphy,michele20@cannon-christensen.biz,001-672-493-5097x934,91465 Jacob Turnpike,Cincinnati,OH,26175,39.162858,-84.558239,CONSTRUCTION,B,INACTIVE,140514.62,263083.08,UR_CUSTOMERS,294ea0a0aab7cdc4e663feb4153114da94ce11335b34bf0fb018ca00d84f3f03,2026-03-20T07:54:07.181474,UNITED_RENTALS,TRUE,2026-03-20T07:54:07.181475,9999-12-31T00:00:00
CU-020185,Orozco-Murray,Tracey,Norris,mitchellmichael@sharp-ford.com,(318)640-7033x982,233 Brewer Drives Apt. 945,Philadelphia,PA,08893,39.954835,-75.132502,RESIDENTIAL,C,ACTIVE,91937.63,275583.6,UR_CUSTOMERS,77b865330c96953188f235a21bc55bd39bebca617c3b5968f0b8d3d9c1ca7f4c,2026-03-20T07:54:07.181757,UNITED_RENTALS,TRUE,2026-03-20T07:54:07.181758,9999-12-31T00:00:00
CU-020186,"Nielsen, Freeman and Cannon",Sean,Foster,qmccoy@allison.biz,601.612.2008,4833 Rodney Mission,Miami,FL,89065,25.780105,-80.171482,MINING,A,ACTIVE,222437.56,156383.31,UR_CUSTOMERS,cd84615ca7745b881f6ab3948b130ef13296603f3b07810ba944809351e002fe,2026-03-20T07:54:07.182001,UNITED_RENTALS,TRUE,2026-03-20T07:54:07.182001,9999-12-31T00:00:00
CU-020187,"James, Arroyo and Hicks",Sheena,Vazquez,vjimenez@miller.com,+1-249-346-9208x5649,49519 Neil Views,Houston,TX,86102,29.727528,-95.408058,RESIDENTIAL,C,ACTIVE,49017.85,172434.92,UR_CUSTOMERS,87ec2876af4ef7c4ecd8686abcd24ec433445c70a84c8146222c51e7d4f81407,2026-03-20T07:54:07.182306,UNITED_RENTALS,TRUE,2026-03-20T07:54:07.182306,9999-12-31T00:00:00
CU-020188,Jones LLC,Kelly,Rodriguez,kristin80@rich.net,001-504-341-0404,6851 Martha Field Apt. 483,Atlanta,GA,63063,33.671314,-84.316166,RESIDENTIAL,A,ACTIVE,434981.93,361043.51,UR_CUSTOMERS,ceb0bb563d56f701ab52df5ed6c63ae675abc6e30dbbab4f9f1f86488b64c5df,2026-03-20T07:54:07.182542,UNITED_RENTALS,TRUE,2026-03-20T07:54:07.182543,9999-12-31T00:00:00
CU-020189,Ellis-Bell,Brendan,Williams,garciarichard@james-west.info,584.901.9027x169,1158 Coleman Union,Seattle,WA,68312,47.647088,-122.355236,INDUSTRIAL,B,ACTIVE,60839.63,101727.29,UR_CUSTOMERS,52668d4fbe33f61f4817acf0ffaba2c322bc583b350300540e7d2405ea103f54,2026-03-20T07:54:07.182815,UNITED_RENTALS,TRUE,2026-03-20T07:54:07.182815,9999-12-31T00:00:00
CU-020190,Rodriguez-Carroll,Theodore,Decker,vkelly@boyd.com,705.805.8353x4581,2853 Crane Gateway Apt. 426,Las Vegas,NV,52953,36.095195,-115.114652,EVENTS,B,SUSPENDED,84829.55,122399.21,UR_CUSTOMERS,dc5876548f9fed2d242410f0b5677f6bd129dd90a0499273a48856d96ac93438,2026-03-20T07:54:07.183098,UNITED_RENTALS,TRUE,2026-03-20T07:54:07.183099,9999-12-31T00:00:00
CU-020191,"Thomas, Mcdonald and Frank",Timothy,Hansen,maldonadoamber@hickman-patterson.info,+1-930-830-2853x272,834 Jones Land Apt. 252,Dallas,TX,68377,32.801755,-96.824412,INDUSTRIAL,A,ACTIVE,229074.52,135936.63,UR_CUSTOMERS,68f2c6c7ff6e55463a23c106600df895899e0bbda62d3c79cf1d95b6c66e2949,2026-03-20T07:54:07.183402,UNITED_RENTALS,TRUE,2026-03-20T07:54:07.183403,9999-12-31T00:00:00
CU-020192,IN Water Co,Nathan,Evans,donaldsonadam@mcdonald.net,001-972-907-3827,118 Taylor Crossroad Suite 863,Indianapolis,IN,00644,39.701195,-86.173759,UTILITY,A,ACTIVE,122369.47,417410.79,UR_CUSTOMERS,09234a078e9f678c62ab1ccafd91822e4e9e0834ff87fee391e7bf8bc7c87a9c,2026-03-20T07:54:07.183648,UNITED_RENTALS,TRUE,2026-03-20T07:54:07.183649,9999-12-31T00:00:00
CU-020193,"Brown, Ramos and Miller",Charles,Wilcox,donald44@robinson-byrd.com,(877)771-9619x971,6676 Williams Ridge Suite 833,Baltimore,MD,38193,39.254912,-76.683584,RESIDENTIAL,C,ACTIVE,15098.45,53965.55,UR_CUSTOMERS,091925f902c2ba0db461c515081d57ae678821b40fbc0888ad890dec1ee49810,2026-03-20T07:54:07.183924,UNITED_RENTALS,TRUE,2026-03-20T07:54:07.183924,9999-12-31T00:00:00
CU-020194,Baltimore City of,Kimberly,Smith,edwin42@james.info,+1-232-721-9143x907,3601 Vasquez Route Apt. 150,Baltimore,MD,98178,39.28063,-76.622083,GOVERNMENT,D,ACTIVE,11866.53,140572.12,UR_CUSTOMERS,891377064a47014ca0bc0852100ce342bb47c59e495453e983ae5b5ad7c9bed7,2026-03-20T07:54:07.184140,UNITED_RENTALS,TRUE,2026-03-20T07:54:07.184141,9999-12-31T00:00:00
CU-020195,"Davis, Jones and Fletcher",Regina,Barnes,gordondennis@castro-robbins.com,759.978.3354x883,214 Kennedy Course,Dallas,TX,33550,32.767355,-96.725455,INDUSTRIAL,D,ACTIVE,8875.65,38255.69,UR_CUSTOMERS,4ca88fdeaf2eb7654d23b45f1fa2ae24be427597d0c594ae5787ebb275a9d4c6,2026-03-20T07:54:07.184441,UNITED_RENTALS,TRUE,2026-03-20T07:54:07.184442,9999-12-31T00:00:00
CU-020196,St. Louis Parks Dept,Patrick,Waller,ymercer@shelton-allen.com,4316726652,549 Vanessa Parks Apt. 400,St. Louis,MO,05007,38.606019,-90.19449,GOVERNMENT,B,SUSPENDED,105734.61,283899.02,UR_CUSTOMERS,074a73d7cd9049470d577ba5752b07f0c16b0265fa227065c69c544ae2a16c28,2026-03-20T07:54:07.184632,UNITED_RENTALS,TRUE,2026-03-20T07:54:07.184633,9999-12-31T00:00:00
CU-020197,Norris Drilling,Jessica,Barrett,payneelizabeth@torres.biz,4519908543,3033 Roach Vista,Austin,TX,86412,30.294852,-97.808226,OIL_AND_GAS,B,ACTIVE,167470.37,196510.95,UR_CUSTOMERS,64759cda0ac256db76d545c5d7b5109825495a0129476908cac0fbbabd60ea34,2026-03-20T07:54:07.184856,UNITED_RENTALS,TRUE,2026-03-20T07:54:07.184857,9999-12-31T00:00:00
CU-020198,James Ltd,Kathryn,Mosley,davisbrian@johnson.org,218.478.1048,4158 Colleen Causeway,Miami,FL,81980,25.751168,-80.129298,INDUSTRIAL,C,ACTIVE,18374.06,469457.3,UR_CUSTOMERS,be27e6ebf11cc599802c0a3db7e7472744ac27b4e21f2fbb8418b96e81af81f8,2026-03-20T07:54:07.185122,UNITED_RENTALS,TRUE,2026-03-20T07:54:07.185123,9999-12-31T00:00:00
CU-020199,Singh Builders,Brandon,Baker,cynthiabutler@sanchez.biz,(380)781-2268,4705 Charles Village Apt. 058,Tampa,FL,28300,28.028181,-82.426653,INFRASTRUCTURE,B,ACTIVE,80065.74,53910.85,UR_CUSTOMERS,dc4978b893d1b54b2212fef7a158390f2055afcbe582d6e66e2f0a5ab3416f38,2026-03-20T07:54:07.185330,UNITED_RENTALS,TRUE,2026-03-20T07:54:07.185330,9999-12-31T00:00:00
CU-020200,TX Electric Co,Emily,Harmon,atkinsryan@jacobs.net,721-289-1426x9376,7671 Mendoza Ways,San Antonio,TX,16919,29.470909,-98.432995,UTILITY,B,ACTIVE,149273.01,392007.02,UR_CUSTOMERS,f606df42f8bcd9dbfc7959744b26922aff8c9350fe178321026531f8af771d15,2026-03-20T07:54:07.185515,UNITED_RENTALS,TRUE,2026-03-20T07:54:07.185516,9999-12-31T00:00:00
CU-020201,Barrett Construction,Amy,Rubio,bmcintosh@fox.com,001-262-576-2922x6667,616 Jackson Plaza Apt. 749,Columbus,OH,77011,39.997415,-82.995963,CONSTRUCTION,B,ACTIVE,52033.19,333237.61,UR_CUSTOMERS,9fa45829245689ff18caecd9ce9f3a93751f8f69d9ea3598ec04c77417782994,2026-03-20T07:54:07.185770,UNITED_RENTALS,TRUE,2026-03-20T07:54:07.185771,9999-12-31T00:00:00
CU-020202,Allen Construction,Louis,Nichols,marcusdean@marshall-hamilton.org,664.308.3858x0501,65789 Ashley View Apt. 956,Columbus,OH,46496,40.021317,-82.957051,INFRASTRUCTURE,C,ACTIVE,19631.02,308588.03,UR_CUSTOMERS,1aedd9d8ab2e50cbbefcec8ac55e8ae4326a2c494b4d3f6faec780a5e267aafb,2026-03-20T07:54:07.186007,UNITED_RENTALS,TRUE,2026-03-20T07:54:07.186008,9999-12-31T00:00:00
CU-020203,Ferguson Group,Christopher,Wilson,alicia00@ward.com,249-428-7875x703,11250 Dawn Lock,Philadelphia,PA,82494,39.999575,-75.177047,MINING,B,ACTIVE,154314.07,116948.84,UR_CUSTOMERS,a9212c0b75d97979937da0dae0b17cff1364dc745729c900dcf501b3280fa1d7,2026-03-20T07:54:07.186244,UNITED_RENTALS,TRUE,2026-03-20T07:54:07.186244,9999-12-31T00:00:00
CU-020204,Snyder and Sons,Ashley,Costa,mstanley@hernandez-white.com,269.231.8062,302 Floyd Lights Suite 249,Newark,NJ,59644,40.659226,-74.116976,EVENTS,C,INACTIVE,51333.66,371843.77,UR_CUSTOMERS,5a595872d1904a7f405c0242047138cc5ad7700187b36035a3e1e3129e8dc96d,2026-03-20T07:54:07.186469,UNITED_RENTALS,TRUE,2026-03-20T07:54:07.186470,9999-12-31T00:00:00
CU-020205,Allen-Landry,Jessica,Roberts,terrymark@davis.biz,+1-795-567-4068x73544,1466 Gomez Well Apt. 483,St. Louis,MO,39386,38.658054,-90.130508,MINING,D,ACTIVE,21951.78,38333.61,UR_CUSTOMERS,1d4e72cb16e14bee2413d16e2c24c80cccddbf310aee8bd49ce2bed15d74fc94,2026-03-20T07:54:07.186772,UNITED_RENTALS,TRUE,2026-03-20T07:54:07.186773,9999-12-31T00:00:00
CU-020206,Hoffman Pipeline,Melissa,Stanley,diana62@collier-lewis.biz,685-532-0775x8708,698 Diane Run,Kansas City,MO,33507,39.111747,-94.514698,OIL_AND_GAS,A,ACTIVE,424828.51,275680.23,UR_CUSTOMERS,db9e854026144c49f824520e2df54da53ba20d0060cb7cdc5e63187c80ce58de,2026-03-20T07:54:07.186978,UNITED_RENTALS,TRUE,2026-03-20T07:54:07.186978,9999-12-31T00:00:00
CU-020207,Sanchez-Cantrell,Ryan,Harper,michelle05@hines.com,4502928467,3429 Ashley Square,St. Louis,MO,61769,38.635066,-90.275701,INDUSTRIAL,C,SUSPENDED,99424.33,415603.86,UR_CUSTOMERS,0e53d11afb5690164f18567a98c3c96a2668375a27cf9116478564fc59f8e15a,2026-03-20T07:54:07.187183,UNITED_RENTALS,TRUE,2026-03-20T07:54:07.187184,9999-12-31T00:00:00
CU-020208,Perez-Rodgers,Rebecca,Richard,joseph50@hart.com,(325)685-1502x04502,3127 Ingram Spur,Miami,FL,88625,25.779614,-80.142469,EVENTS,B,ACTIVE,179195.39,474215.58,UR_CUSTOMERS,2d84fea48cd771f9a876154bf3db082f6b62aff2fb19c223fa601fa447e5c19a,2026-03-20T07:54:07.187399,UNITED_RENTALS,TRUE,2026-03-20T07:54:07.187400,9999-12-31T00:00:00
CU-020209,"Hall, Walker and Henry",Michele,Chang,christiangriffith@rodriguez.com,001-404-826-5274,51085 Walker Fields Suite 545,Indianapolis,IN,11019,39.838828,-86.174265,INDUSTRIAL,B,ACTIVE,133633.94,49274.11,UR_CUSTOMERS,5d0c0b2f03edf3a332a0a987d319494f9f474290891f6c2a0a6cc7c0d4d85603,2026-03-20T07:54:07.187675,UNITED_RENTALS,TRUE,2026-03-20T07:54:07.187676,9999-12-31T00:00:00
CU-020210,Welch-Reynolds,Blake,Munoz,richardsmario@woods.com,(953)570-6272x816,4612 Elizabeth Village,Portland,OR,62842,45.448377,-122.650355,EVENTS,B,ACTIVE,123526.06,422803.47,UR_CUSTOMERS,12fc78b65f59ed1921dddc6334dc2649dd30ae7dcabca6fdee420f98cbe0a8f6,2026-03-20T07:54:07.187910,UNITED_RENTALS,TRUE,2026-03-20T07:54:07.187911,9999-12-31T00:00:00
CU-020211,Richmond-Ball,Kathryn,Burgess,gscott@mullins.net,581-387-6209x906,03995 Ryan Park Apt. 450,San Francisco,CA,93860,37.853027,-122.409881,RESIDENTIAL,A,ACTIVE,379074.53,309332.14,UR_CUSTOMERS,b650d7348a061e73cfc7f8e79d29e6e8519e7917ecb315401c7fb0ce14fb2ee3,2026-03-20T07:54:07.188127,UNITED_RENTALS,TRUE,2026-03-20T07:54:07.188127,9999-12-31T00:00:00
CU-020212,Rivera Pipeline,Christina,Lawrence,samanthamartinez@padilla.com,(734)338-8804,202 Franklin Gardens Suite 450,San Antonio,TX,89567,29.449516,-98.462268,OIL_AND_GAS,B,ACTIVE,97469.39,17021.87,UR_CUSTOMERS,ede2dbcddc4bde06ca78e9050b422ed58b5587721c733240b5c2c8398a09099a,2026-03-20T07:54:07.188399,UNITED_RENTALS,TRUE,2026-03-20T07:54:07.188400,9999-12-31T00:00:00
CU-020213,Tran Ltd,John,Sanchez,thomaswang@gray-lopez.org,315-549-0443,69531 Gina Walks Apt. 977,Raleigh,NC,16059,35.855372,-78.596479,INDUSTRIAL,D,ACTIVE,8687.01,195563.66,UR_CUSTOMERS,ebedf3b31bd444ba8b2dbc96d3bf2f4d9f76f2a386913cef79e62080cb3c874d,2026-03-20T07:54:07.188637,UNITED_RENTALS,TRUE,2026-03-20T07:54:07.188638,9999-12-31T00:00:00
CU-020214,Gregory Drilling,Daniel,Smith,feliciawilson@mayer.com,373-228-1629,92219 Randy Club Suite 737,Raleigh,NC,57536,35.854102,-78.588093,OIL_AND_GAS,B,ACTIVE,141761.82,179834.95,UR_CUSTOMERS,5dc06051e20ae41fbb4982ca84bc52a6c36b3a7a0979f18eefbeac75d531f7b4,2026-03-20T07:54:07.188911,UNITED_RENTALS,TRUE,2026-03-20T07:54:07.188911,9999-12-31T00:00:00
CU-020215,Strickland Construction,Daniel,Johnson,annettefleming@smith-schneider.com,+1-291-453-0445x002,838 Peters Bypass Apt. 450,Boston,MA,22796,42.43673,-71.083277,CONSTRUCTION,B,ACTIVE,75253.75,139098.42,UR_CUSTOMERS,67359b7800dd1c1d4d99aa31817216b9b501628ec040377f2155050f62714f99,2026-03-20T07:54:07.189154,UNITED_RENTALS,TRUE,2026-03-20T07:54:07.189154,9999-12-31T00:00:00
CU-020216,Wheeler Builders,Wesley,Chavez,pwilliams@nelson.com,367-254-1823x688,82721 Monica Island,Pittsburgh,PA,13625,40.43182,-79.926429,INFRASTRUCTURE,B,ACTIVE,193385.02,26899.05,UR_CUSTOMERS,6d189a603ecca816200b625e50187aeef9c56fe9e7b5c1782b51097c39fb28bf,2026-03-20T07:54:07.189339,UNITED_RENTALS,TRUE,2026-03-20T07:54:07.189340,9999-12-31T00:00:00
CU-020217,Sanchez Group,Brian,Gardner,eduardogarcia@sandoval.com,8832168163,917 Joanna Rapid,Portland,OR,02156,45.552376,-122.696106,INDUSTRIAL,D,ACTIVE,10499.02,289028.35,UR_CUSTOMERS,31d7f8e1a24615f8123cf40eac81fa512578667b3b4ff26d005ac9ece531a362,2026-03-20T07:54:07.189601,UNITED_RENTALS,TRUE,2026-03-20T07:54:07.189602,9999-12-31T00:00:00
CU-020218,Owens Petroleum,William,Mccarthy,lpatterson@williams.com,541-607-0716,89512 Stephen Pines Suite 119,Nashville,TN,99260,36.236507,-86.837501,OIL_AND_GAS,D,ACTIVE,16356.75,498390.25,UR_CUSTOMERS,662b5d0119b31cd65443df64c2f5c7c997a2379bde5ae880807bab95c619df2d,2026-03-20T07:54:07.189789,UNITED_RENTALS,TRUE,2026-03-20T07:54:07.189790,9999-12-31T00:00:00
CU-020219,Dean Ltd,Kevin,Green,robert72@foster.org,(876)471-3771,95612 Hubbard Light Suite 830,Cincinnati,OH,49293,39.050004,-84.454833,RESIDENTIAL,B,ACTIVE,132464.47,183036.22,UR_CUSTOMERS,4c4d71887057df47686f90b4cbc4a5cc33c2a44da4ca0e2f7392818b0e0111a9,2026-03-20T07:54:07.190034,UNITED_RENTALS,TRUE,2026-03-20T07:54:07.190035,9999-12-31T00:00:00
CU-020220,Snyder-Ellis,James,Mathis,cburgess@blair.com,+1-361-344-6627x63304,1421 Lopez Pass Apt. 196,Nashville,TN,70213,36.211009,-86.734025,MINING,A,ACTIVE,258760.33,187457.88,UR_CUSTOMERS,a370508113831f100740e721d3f20af840c8722b3ac2540c857ff50d02169d2a,2026-03-20T07:54:07.190263,UNITED_RENTALS,TRUE,2026-03-20T07:54:07.190263,9999-12-31T00:00:00
CU-020221,Mclaughlin Contracting,Jared,Leblanc,timothy46@bennett-davila.biz,001-287-203-6883,379 Richard Forks Apt. 592,Columbus,OH,98388,39.960843,-82.92468,CONSTRUCTION,D,ACTIVE,11472.99,124666.18,UR_CUSTOMERS,c9d332662efa2aba76dec298e6d4f28b94e780712697311ab9c7b6ee035e328e,2026-03-20T07:54:07.190469,UNITED_RENTALS,TRUE,2026-03-20T07:54:07.190470,9999-12-31T00:00:00
CU-020222,MI Electric Co,Stephanie,Chan,stanleygary@reyes.com,410-440-6291x187,7183 Christopher Crescent,Detroit,MI,59004,42.374277,-83.043159,UTILITY,D,ACTIVE,13013.35,411136.46,UR_CUSTOMERS,d0c510912458f022aec313465eaa61b165d07444c3d570c1110fd34cedfe0beb,2026-03-20T07:54:07.190646,UNITED_RENTALS,TRUE,2026-03-20T07:54:07.190647,9999-12-31T00:00:00
CU-020223,Salt Lake City Parks Dept,Heather,Barton,epearson@byrd-fox.net,+1-449-374-9979x9052,14865 Kelly Street Apt. 898,Salt Lake City,UT,87389,40.751541,-111.8291,GOVERNMENT,A,ACTIVE,331573.59,212773.59,UR_CUSTOMERS,a69f4a7957c9039dff35bdcd527880ccbf457687ef880e07574903e8ef478507,2026-03-20T07:54:07.190842,UNITED_RENTALS,TRUE,2026-03-20T07:54:07.190843,9999-12-31T00:00:00
CU-020224,Miami City of,Curtis,Shepard,reynoldstravis@owen.com,(331)863-1297x55726,637 Christopher Villages Apt. 899,Miami,FL,77210,25.780917,-80.258309,GOVERNMENT,B,ACTIVE,60546.43,454307.19,UR_CUSTOMERS,fe608ba623a36c1a925b76c70d577d21d87671fc7d57f5f1c435f01e7f772d66,2026-03-20T07:54:07.191078,UNITED_RENTALS,TRUE,2026-03-20T07:54:07.191079,9999-12-31T00:00:00
CU-020225,Myers and Sons,Heidi,Wilson,dawnsmith@simmons.com,321.963.3613,9004 John Spring Apt. 954,Jacksonville,FL,49203,30.335884,-81.585404,MINING,B,ACTIVE,163269.6,226471.56,UR_CUSTOMERS,9a27b6530ab431e5386d5779edbdc86e4837916e48c2bdddb1849c4c3de0b8ae,2026-03-20T07:54:07.191286,UNITED_RENTALS,TRUE,2026-03-20T07:54:07.191287,9999-12-31T00:00:00
CU-020226,Black Engineering,Mason,Walker,pmckee@harper.com,(374)939-2255,92581 Collier Ways Suite 212,New York,NY,93125,40.721869,-74.059,INFRASTRUCTURE,D,ACTIVE,13853.92,459890.92,UR_CUSTOMERS,0ed09050e67601f40882f0df459218b9f74a5b9e2b4a1c646a8e8c442e4abb63,2026-03-20T07:54:07.191540,UNITED_RENTALS,TRUE,2026-03-20T07:54:07.191541,9999-12-31T00:00:00
CU-020227,Lopez Engineering,Lisa,Martinez,mhall@howard-davis.com,001-984-853-1563x0930,096 Cox Turnpike Suite 240,San Francisco,CA,74216,37.765354,-122.493157,CONSTRUCTION,D,ACTIVE,18351.26,447228.34,UR_CUSTOMERS,905bb4d3d6ea1c17ef256b1c913587de577ca4f86a9f8db5670b30c5f5eae574,2026-03-20T07:54:07.191764,UNITED_RENTALS,TRUE,2026-03-20T07:54:07.191765,9999-12-31T00:00:00
CU-020228,Galloway Contracting,Cheryl,Cline,murraycynthia@murphy.biz,(481)313-3973x6707,340 Kevin Run Apt. 241,Minneapolis,MN,90723,44.911763,-93.197245,INFRASTRUCTURE,A,ACTIVE,329406.83,406568.81,UR_CUSTOMERS,a462fe97d752af6120000d00fca2b95d6e9a5a5dbcceff82fc9bfc447e48a9fd,2026-03-20T07:54:07.191971,UNITED_RENTALS,TRUE,2026-03-20T07:54:07.191972,9999-12-31T00:00:00
CU-020229,Jensen Builders,Nichole,Franco,lisabrown@gaines.com,201-481-4442x4842,50947 Bell Course Apt. 861,Newark,NJ,44588,40.73118,-74.115857,CONSTRUCTION,D,ACTIVE,5710.73,96270.13,UR_CUSTOMERS,01bed8e0a84f6f6bd143ed82cd560d60c9e7b277df6a89dc2a8fc465df0b41c8,2026-03-20T07:54:07.192266,UNITED_RENTALS,TRUE,2026-03-20T07:54:07.192267,9999-12-31T00:00:00
CU-020230,St. Louis City of,Robert,Hill,dakota75@oliver.com,270.454.2451,10356 Jensen Falls Apt. 023,St. Louis,MO,63452,38.673947,-90.197012,GOVERNMENT,B,ACTIVE,179393.52,427732.53,UR_CUSTOMERS,901ab93173bdf08019fcc6a72d9306b9cd088d110f80bcae13a3995d4c9c7230,2026-03-20T07:54:07.192429,UNITED_RENTALS,TRUE,2026-03-20T07:54:07.192430,9999-12-31T00:00:00
CU-020231,Reyes Builders,Patrick,Aguilar,xgreene@hudson.com,+1-261-594-1183,42406 Nunez Passage Apt. 463,Portland,OR,26921,45.465592,-122.612553,CONSTRUCTION,C,ACTIVE,84064.62,392296.51,UR_CUSTOMERS,239d1d88d043b43cddfbbd6e18feece7f8c2edd796c1f124f38347d0b0f9b279,2026-03-20T07:54:07.192612,UNITED_RENTALS,TRUE,2026-03-20T07:54:07.192612,9999-12-31T00:00:00
CU-020232,Shaffer Contracting,Emily,Ryan,stephaniescott@watson-crosby.net,(469)840-8654x2438,550 Adams Junctions,Jacksonville,FL,03346,30.30135,-81.731714,CONSTRUCTION,C,INACTIVE,59438.55,462606.27,UR_CUSTOMERS,ddb520f384bfbd8bbce5fa32d798d9f32b44f3166f425e7a54a8d8948a33b7cb,2026-03-20T07:54:07.192831,UNITED_RENTALS,TRUE,2026-03-20T07:54:07.192831,9999-12-31T00:00:00
CU-020233,"Atkins, Martin and Malone",Anita,Berger,chelsea70@hudson.biz,553-259-1765x0471,954 Andrea Motorway,Cincinnati,OH,28323,39.086555,-84.532997,EVENTS,C,ACTIVE,63542.21,249147.64,UR_CUSTOMERS,e763d63285740a0c8de262c4e045381e622651ebe7673743b3a61a230b08392f,2026-03-20T07:54:07.193041,UNITED_RENTALS,TRUE,2026-03-20T07:54:07.193041,9999-12-31T00:00:00
CU-020234,Odom-Stevenson,Cheryl,Morales,bblack@cole-ryan.org,970-361-7069x014,38471 Myers Village,Denver,CO,47489,39.785535,-105.003693,EVENTS,B,ACTIVE,132014.01,82342.73,UR_CUSTOMERS,d4428593fe7c01f9ea256764aa8ea637cd5aae4a9c8ce6613ae0f61ab85b1370,2026-03-20T07:54:07.193266,UNITED_RENTALS,TRUE,2026-03-20T07:54:07.193267,9999-12-31T00:00:00
CU-020235,Barnes Engineering,Jessica,Smith,chase86@parks.info,+1-244-692-3435x96985,56693 Cooper Cape Apt. 428,Raleigh,NC,57469,35.858739,-78.691787,INFRASTRUCTURE,B,ACTIVE,95415.39,142936.63,UR_CUSTOMERS,6f0cc61079864162c62e3ecd2b7c6e0372774ec20c6bf0290be8a04ff4d1dce7,2026-03-20T07:54:07.193436,UNITED_RENTALS,TRUE,2026-03-20T07:54:07.193437,9999-12-31T00:00:00
CU-020236,Ruiz Ltd,Amanda,Jackson,laurie14@richard.com,+1-638-557-6264x81638,063 Hunt Forges Apt. 101,El Paso,TX,19021,31.841305,-106.446878,INDUSTRIAL,D,ACTIVE,10854.08,196487.84,UR_CUSTOMERS,5e626ba64f6857b9ab13d3a638c274dcf80ac58a77003e649239862c1bf765a8,2026-03-20T07:54:07.193605,UNITED_RENTALS,TRUE,2026-03-20T07:54:07.193606,9999-12-31T00:00:00
CU-020237,Dunn-Bennett,Mathew,Rasmussen,aaroncarter@heath.info,558.867.0365x620,4439 Powell Tunnel,Portland,OR,78849,45.48325,-122.75035,EVENTS,C,SUSPENDED,49192.77,47009.33,UR_CUSTOMERS,3ff91bbf94063e4f08fb38b3f05349390539f5c0715f2a67baf42e985594e0e6,2026-03-20T07:54:07.193871,UNITED_RENTALS,TRUE,2026-03-20T07:54:07.193871,9999-12-31T00:00:00
CU-020238,Miami Water District,Nicholas,Rodgers,jessemedina@mccarty.biz,770-973-1744,2626 Sherry Mills Suite 089,Miami,FL,73150,25.69293,-80.164852,GOVERNMENT,A,ACTIVE,162787.64,320221.98,UR_CUSTOMERS,d01233cfa56146c5a8134ffddd9fa856f36ef662980ca33cf413d0d5a83d3fb5,2026-03-20T07:54:07.194079,UNITED_RENTALS,TRUE,2026-03-20T07:54:07.194079,9999-12-31T00:00:00
CU-020239,"Freeman, Simpson and Bowers",Tammy,Trevino,gabrielle34@marquez.com,274.603.7676x874,76751 Carlson Keys,Atlanta,GA,26678,33.779506,-84.459555,EVENTS,A,ACTIVE,396059.95,16372.77,UR_CUSTOMERS,b08cc035f5399c88a68b72d42e2f0efb34b1b2ff8c5c0803c703f6e63e5b8531,2026-03-20T07:54:07.194346,UNITED_RENTALS,TRUE,2026-03-20T07:54:07.194347,9999-12-31T00:00:00
CU-020240,Evans Development,Charles,Webster,deniseclark@chapman.com,001-540-665-6582,3856 Sanchez Falls Apt. 266,San Antonio,TX,04681,29.358878,-98.483839,INFRASTRUCTURE,C,ACTIVE,75803.12,82454.37,UR_CUSTOMERS,541b109bd37a8b8e2990010bdb2f18a78a22fadc89db3754444d99420009c314,2026-03-20T07:54:07.194587,UNITED_RENTALS,TRUE,2026-03-20T07:54:07.194588,9999-12-31T00:00:00
CU-020241,"Sutton, Sexton and Farmer",Michelle,Johnson,kjohnson@miller.com,001-856-711-9989,81583 Cobb Harbor,Houston,TX,53164,29.730321,-95.320954,RESIDENTIAL,A,INACTIVE,152315.54,132148.1,UR_CUSTOMERS,55c36f71dac0f9fbf5bffb7aa682ef66e89b4db4b05a8a60f145c1e536ad1fbc,2026-03-20T07:54:07.194880,UNITED_RENTALS,TRUE,2026-03-20T07:54:07.194881,9999-12-31T00:00:00
CU-020242,TN Gas Co,Ronald,Collins,thomas61@day.com,779-866-6829x052,950 Joshua Expressway Apt. 302,Nashville,TN,75769,36.137746,-86.79191,UTILITY,A,ACTIVE,256228.46,78294.9,UR_CUSTOMERS,abb63c650f4dc0bc233a5785b04bde95166960db5c37984d261230c7d74f46c6,2026-03-20T07:54:07.195068,UNITED_RENTALS,TRUE,2026-03-20T07:54:07.195069,9999-12-31T00:00:00
CU-020243,Bush Energy,Tyler,Odonnell,stewartmary@allen.com,840-251-3186,4733 Jon Street Suite 247,Salt Lake City,UT,39721,40.759449,-111.848282,OIL_AND_GAS,C,ACTIVE,78341.29,454184.66,UR_CUSTOMERS,2b6ce9c703f3c12f550c5d36cb8902ce20a6c55c8787cd736397f912aed4a956,2026-03-20T07:54:07.195306,UNITED_RENTALS,TRUE,2026-03-20T07:54:07.195306,9999-12-31T00:00:00
CU-020244,Carey-Smith,Mark,Baker,smithphyllis@jackson.info,+1-335-518-6647x7413,83025 Gonzalez Manor Suite 815,Charlotte,NC,28031,35.158026,-80.785268,MINING,B,ACTIVE,55562.17,457650.48,UR_CUSTOMERS,5a76d3d1f9d6bdd05dfd42b7d87c39c29b6171db1c0ecc2533687aa4c452e755,2026-03-20T07:54:07.195590,UNITED_RENTALS,TRUE,2026-03-20T07:54:07.195591,9999-12-31T00:00:00
CU-020245,Minneapolis School District,Stephanie,Walls,dana17@guzman.org,7983412865,5923 Sherri Court Apt. 489,Minneapolis,MN,12520,44.931524,-93.299935,GOVERNMENT,A,ACTIVE,241538.28,41283.62,UR_CUSTOMERS,045a9c4b3a2e513294cfd9c28ccb5b7e7c39b8a66455c14f6386779499668e97,2026-03-20T07:54:07.195792,UNITED_RENTALS,TRUE,2026-03-20T07:54:07.195793,9999-12-31T00:00:00
CU-020246,Kelley Pipeline,Jennifer,Williams,haneysusan@fuentes.com,229-324-2195x973,85273 Davis Corners,Hartford,CT,39261,41.797532,-72.616923,OIL_AND_GAS,A,ACTIVE,157836.11,50297.57,UR_CUSTOMERS,14e9cc3cf55c039df1f7df56790c2db64e131afa403507cde09a00a5eb487795,2026-03-20T07:54:07.195986,UNITED_RENTALS,TRUE,2026-03-20T07:54:07.195986,9999-12-31T00:00:00
CU-020247,Cummings Development,Christopher,Wright,nicole55@sweeney.com,303.304.4077,659 Alvarado Island,Columbus,OH,42413,40.004942,-82.940647,CONSTRUCTION,B,SUSPENDED,149533.56,411558.4,UR_CUSTOMERS,8d939b5bfd700a8ad02c2e0bfd275376ff06cb973884ee2fc1e8879cc5307d77,2026-03-20T07:54:07.196150,UNITED_RENTALS,TRUE,2026-03-20T07:54:07.196151,9999-12-31T00:00:00
CU-020248,Bryant Engineering,Judith,Zimmerman,karatorres@wilson-grant.com,+1-691-326-9945x206,61669 Andre Terrace,San Diego,CA,92555,32.644869,-117.158282,INFRASTRUCTURE,A,ACTIVE,325487.82,90607.87,UR_CUSTOMERS,7377d3c8949cf834b66cac7f860c844ea6ae6f58e70f2c61c7cfbbc7c69bcb80,2026-03-20T07:54:07.196364,UNITED_RENTALS,TRUE,2026-03-20T07:54:07.196365,9999-12-31T00:00:00
CU-020249,"Fox, Anderson and Beck",Dennis,Singh,anichols@buckley.info,(962)369-9620x834,59325 Anderson Curve,Atlanta,GA,72756,33.691876,-84.389685,RESIDENTIAL,C,ACTIVE,90971.77,334412.09,UR_CUSTOMERS,8b1741537de13d8646f92c0d5300f55620fb069c70a562b783b0c7ca675688f6,2026-03-20T07:54:07.196659,UNITED_RENTALS,TRUE,2026-03-20T07:54:07.196659,9999-12-31T00:00:00
CU-020250,Burton Builders,Brandon,Harris,anthonychoi@ford.org,424.238.7129x5145,802 Smith Light Apt. 480,Salt Lake City,UT,23242,40.73113,-111.899785,INFRASTRUCTURE,C,ACTIVE,18754.01,363532.9,UR_CUSTOMERS,baba25ad613e59e756e4b5b0e0602387dd6a4d12dbd4952cfad5978ce5264db1,2026-03-20T07:54:07.196914,UNITED_RENTALS,TRUE,2026-03-20T07:54:07.196915,9999-12-31T00:00:00
CU-020251,Moody Construction,Marie,Baker,tlogan@baker-blevins.biz,001-895-809-0418x985,01655 Trujillo Forges Suite 888,Indianapolis,IN,58539,39.768558,-86.085922,CONSTRUCTION,A,ACTIVE,428973.54,135484.66,UR_CUSTOMERS,d1155d8a3ef61a25818701c29be17aa40978edbdcd77a9ad1e7a6ec6ebd16893,2026-03-20T07:54:07.197118,UNITED_RENTALS,TRUE,2026-03-20T07:54:07.197119,9999-12-31T00:00:00
CU-020252,"Beard, Bailey and Terry",Rhonda,Austin,charlesprice@butler.com,001-901-613-8604,99038 Jared Crossing Suite 895,Columbus,OH,96164,40.007072,-82.935376,RESIDENTIAL,B,ACTIVE,104561.54,157334.19,UR_CUSTOMERS,3b819aeeba01315ef65e78fad3a0fda4de735fef159f89fa8007f700b7827066,2026-03-20T07:54:07.197377,UNITED_RENTALS,TRUE,2026-03-20T07:54:07.197377,9999-12-31T00:00:00
CU-020253,Castro Ltd,Ashley,Parker,greenlisa@williams.com,+1-739-551-6730,670 Lin Trace,San Antonio,TX,68274,29.35682,-98.493502,RESIDENTIAL,B,ACTIVE,70918.91,460586.05,UR_CUSTOMERS,d1d42c5e7d8e4706761d89e7eca64ef2f1ed7b4c6286e089f661b4f42bff9167,2026-03-20T07:54:07.197617,UNITED_RENTALS,TRUE,2026-03-20T07:54:07.197618,9999-12-31T00:00:00
CU-020254,Briggs-Rice,Kayla,Davenport,norman29@richardson.net,+1-222-882-8018x32353,8467 Fowler Parkway Apt. 964,Houston,TX,42961,29.829843,-95.370746,RESIDENTIAL,A,ACTIVE,344973.94,241235.56,UR_CUSTOMERS,2971e1222c7e4ac968ff560974fb4e8a1f37b226c6a53ea560d49edde2b79a3e,2026-03-20T07:54:07.197814,UNITED_RENTALS,TRUE,2026-03-20T07:54:07.197815,9999-12-31T00:00:00
CU-020255,"Robinson, Beltran and Gross",Autumn,Guerra,fcook@howard.com,355.359.2897x4874,626 Morris Crest Apt. 997,Columbus,OH,56128,39.945962,-83.021842,MINING,B,ACTIVE,148988.04,250536.85,UR_CUSTOMERS,22d9b114b2b0189a59c66bd3284fc32605fc0e337d076d4d852f64574b392358,2026-03-20T07:54:07.198051,UNITED_RENTALS,TRUE,2026-03-20T07:54:07.198052,9999-12-31T00:00:00
CU-020256,Cook-Adams,Richard,Cobb,saunderskimberly@collins-rodriguez.biz,289.363.0093x582,01597 Gerald Harbors Apt. 284,San Antonio,TX,71469,29.498374,-98.459292,MINING,C,ACTIVE,73235.7,56078.75,UR_CUSTOMERS,191dc478060b0efb9c4a7dbbc2ade49daf19ff876364bf3b2282720e26e9a581,2026-03-20T07:54:07.198311,UNITED_RENTALS,TRUE,2026-03-20T07:54:07.198312,9999-12-31T00:00:00
CU-020257,Sacramento County,Latoya,Lewis,timothyortiz@bradley.com,(501)980-4033x48015,8667 Sarah Islands,Sacramento,CA,34738,38.549881,-121.55171,GOVERNMENT,A,ACTIVE,497479.75,131646.91,UR_CUSTOMERS,66a93f06b60ee97e8604f73fa979523954e9b0fcaddb027afbb471d1fc0372a1,2026-03-20T07:54:07.198479,UNITED_RENTALS,TRUE,2026-03-20T07:54:07.198480,9999-12-31T00:00:00
CU-020258,Butler-Smith,John,Moore,bwilliams@foley-velazquez.biz,+1-427-720-5364x9911,2850 Tina Knolls Suite 383,Cincinnati,OH,03071,39.162659,-84.546609,RESIDENTIAL,C,SUSPENDED,72206.42,70936.92,UR_CUSTOMERS,d4a7eb2261df8d624a74c3e6745a187a0b7b3365aedf21811f7bf383ccc989a3,2026-03-20T07:54:07.198708,UNITED_RENTALS,TRUE,2026-03-20T07:54:07.198709,9999-12-31T00:00:00
CU-020259,Nunez Energy,Shawn,Baxter,christophermoore@butler.org,(967)784-4607x890,991 Stephen Landing,Minneapolis,MN,49040,44.943249,-93.262809,OIL_AND_GAS,A,ACTIVE,348359.11,419137.39,UR_CUSTOMERS,c9b86799d9a411aed874d60a593fcb80ef35da36ef3cf32ba1b512ef4ad37c28,2026-03-20T07:54:07.198908,UNITED_RENTALS,TRUE,2026-03-20T07:54:07.198909,9999-12-31T00:00:00
CU-020260,Hernandez Ltd,Hailey,Evans,cassandra25@chambers.com,+1-882-783-8597x477,9070 Nguyen Stream Suite 343,St. Louis,MO,57112,38.645904,-90.189712,EVENTS,A,ACTIVE,130219.16,149949.59,UR_CUSTOMERS,83ee48f927b32382c1aa56c7e1d7578f541688a9045787c0acbb1e7789131120,2026-03-20T07:54:07.199080,UNITED_RENTALS,TRUE,2026-03-20T07:54:07.199080,9999-12-31T00:00:00
CU-020261,Herrera Contracting,Diane,Garcia,lowen@swanson.com,001-390-276-3415x35977,15477 Katie Ridges,Sacramento,CA,34950,38.515297,-121.429333,CONSTRUCTION,B,ACTIVE,103013.8,311625.0,UR_CUSTOMERS,4e06ef39d91c2a922c5705936e64bd716c1f18571a75feb07855e0d4e041a885,2026-03-20T07:54:07.199257,UNITED_RENTALS,TRUE,2026-03-20T07:54:07.199257,9999-12-31T00:00:00
CU-020262,Allen Construction,Charles,Kline,heather72@gomez.info,756.941.3547x41685,523 Amanda Landing,Salt Lake City,UT,46313,40.83928,-111.936339,CONSTRUCTION,B,ACTIVE,52553.99,29472.25,UR_CUSTOMERS,578e8d3ff206c80922d83aa8ec57df2b378dc44a53170a44cf628f78d373da71,2026-03-20T07:54:07.199430,UNITED_RENTALS,TRUE,2026-03-20T07:54:07.199431,9999-12-31T00:00:00
CU-020263,Tran Engineering,Mary,Craig,todd94@cox-mason.biz,(202)684-1362x3347,1469 Schultz Court,Cincinnati,OH,33856,39.12836,-84.438734,CONSTRUCTION,B,SUSPENDED,90857.91,481358.76,UR_CUSTOMERS,c3e8357dca297cf6ab4fa2587282ff18e0fa96a3df139fddb60d7bf13bc2f4a9,2026-03-20T07:54:07.199621,UNITED_RENTALS,TRUE,2026-03-20T07:54:07.199621,9999-12-31T00:00:00
CU-020264,"Werner, Caldwell and Burns",Lisa,Hoover,terrimartinez@reeves-armstrong.com,237.345.6017x03961,9001 Brady Lights Suite 949,Atlanta,GA,04884,33.825338,-84.462021,RESIDENTIAL,D,ACTIVE,17152.28,152677.6,UR_CUSTOMERS,4bc318e9c8e53a36f842ba9309eced821d82fd7cdef4b9ba4f16f026cf139071,2026-03-20T07:54:07.199916,UNITED_RENTALS,TRUE,2026-03-20T07:54:07.199917,9999-12-31T00:00:00
CU-020265,Burns Engineering,Ryan,Harper,lee16@moore.com,+1-889-267-6353x67355,72288 Joseph Corner Apt. 351,Miami,FL,99235,25.733111,-80.120913,CONSTRUCTION,B,SUSPENDED,64944.44,397081.08,UR_CUSTOMERS,6c99abbf1fdf28abfc38c72431105b2c9fa9785317914f6dec66ccb928309543,2026-03-20T07:54:07.200128,UNITED_RENTALS,TRUE,2026-03-20T07:54:07.200129,9999-12-31T00:00:00
CU-020266,NJ Gas Co,James,Smith,jake97@martin-reid.org,366.635.7967,00735 Bridges Points,Newark,NJ,20603,40.712786,-74.154125,UTILITY,D,INACTIVE,12367.53,388796.52,UR_CUSTOMERS,85070856496970a3406c0c1e1c25be6c65a107f871a1073aa0ff618f2add13bb,2026-03-20T07:54:07.200309,UNITED_RENTALS,TRUE,2026-03-20T07:54:07.200310,9999-12-31T00:00:00
CU-020267,Holloway-Palmer,Terri,Cooper,uyoung@pacheco-bautista.com,(488)566-9112,42526 Sandra Prairie,Columbus,OH,64625,39.951508,-83.00946,INDUSTRIAL,B,ACTIVE,186390.8,112275.44,UR_CUSTOMERS,5c60a06fbf57aff7cd0d7236dba0743737b21466830b4f0b50c216b57c5a2158,2026-03-20T07:54:07.200536,UNITED_RENTALS,TRUE,2026-03-20T07:54:07.200536,9999-12-31T00:00:00
CU-020268,"Payne, Shaffer and Thomas",Mason,Montgomery,phillip57@soto-nelson.com,001-732-355-4411x818,7380 Thomas Ford,Philadelphia,PA,72933,39.890068,-75.169937,INDUSTRIAL,B,ACTIVE,69475.28,26893.79,UR_CUSTOMERS,45bccd6d1a67050ba3f93579e8064268ba7783ae36260c98aea9e9564fedc29f,2026-03-20T07:54:07.200808,UNITED_RENTALS,TRUE,2026-03-20T07:54:07.200809,9999-12-31T00:00:00
CU-020269,Petersen Contracting,Dawn,Garcia,seanbean@palmer-deleon.net,001-547-714-6220x14833,11272 Rhonda Branch Apt. 087,Chicago,IL,52260,41.830063,-87.698472,INFRASTRUCTURE,A,ACTIVE,490136.03,349230.45,UR_CUSTOMERS,417a7371bca00cb4a65e7cbd4063258a217a786897833f8cf20a2378ae98d18e,2026-03-20T07:54:07.201018,UNITED_RENTALS,TRUE,2026-03-20T07:54:07.201019,9999-12-31T00:00:00
CU-020270,Harrison-Webb,Jessica,Smith,estanley@rodriguez-stephens.info,(429)250-7671x6217,886 Diane Cove Suite 930,Atlanta,GA,30147,33.800715,-84.363308,MINING,B,ACTIVE,96732.48,430298.7,UR_CUSTOMERS,ff5d19ad4010046f92702c7efa6237205a64d88868adcc26f358d8445fd69acc,2026-03-20T07:54:07.201254,UNITED_RENTALS,TRUE,2026-03-20T07:54:07.201254,9999-12-31T00:00:00
CU-020271,"Martin, Kirk and Pena",Laura,Scott,gmcdonald@salazar.com,+1-706-349-0970x342,018 Jo Landing Apt. 368,Portland,OR,19139,45.45142,-122.60718,INDUSTRIAL,C,ACTIVE,98728.34,278753.4,UR_CUSTOMERS,2dceea57eb9c6043431509d3c722848ed5f0c6a456b0df5113324b6974ec7b60,2026-03-20T07:54:07.201535,UNITED_RENTALS,TRUE,2026-03-20T07:54:07.201536,9999-12-31T00:00:00
CU-020272,Riley Energy,Steven,Smith,gregory53@george.biz,001-925-726-0221x6908,029 James Land Apt. 843,Nashville,TN,89950,36.120227,-86.859283,OIL_AND_GAS,A,ACTIVE,183591.46,417179.94,UR_CUSTOMERS,d40d12b5b0801910dd0c429d0abf1249234029aeba0dcbaf38f5115f18335286,2026-03-20T07:54:07.201709,UNITED_RENTALS,TRUE,2026-03-20T07:54:07.201710,9999-12-31T00:00:00
CU-020273,MI Electric Co,Mary,Fowler,russellshane@york-castillo.com,469-535-1021x401,95589 Knight Bridge,Detroit,MI,29408,42.309404,-83.025469,UTILITY,C,ACTIVE,93424.43,115709.28,UR_CUSTOMERS,82d2d678021ce12db77f5f317c6e1a58a44fe13f1295d0e45db21cbceb5ef0a0,2026-03-20T07:54:07.201925,UNITED_RENTALS,TRUE,2026-03-20T07:54:07.201925,9999-12-31T00:00:00
CU-020274,Morton-Huffman,Shawn,Vasquez,fmiller@johnson.info,3948124605,389 Clark Mission Suite 841,Raleigh,NC,99598,35.732065,-78.580301,INDUSTRIAL,A,ACTIVE,488103.03,449286.09,UR_CUSTOMERS,f8c8d5c7b715c8a4d06d5b1c6c6f39926970692e554b6782717db6b591235022,2026-03-20T07:54:07.202182,UNITED_RENTALS,TRUE,2026-03-20T07:54:07.202183,9999-12-31T00:00:00
CU-020275,Nashville City of,Angela,Gallagher,qellis@mathews-smith.com,245.597.3173,49675 Kemp Greens,Nashville,TN,45102,36.189319,-86.800868,GOVERNMENT,A,ACTIVE,431264.82,60073.08,UR_CUSTOMERS,38cf4cc9808d14fdd87f204891831c46e5a02d8029f3481a3dcca3aa71415e0b,2026-03-20T07:54:07.202370,UNITED_RENTALS,TRUE,2026-03-20T07:54:07.202371,9999-12-31T00:00:00
CU-020276,Wilson Petroleum,Aaron,Daniels,willisjaclyn@swanson-robinson.com,+1-215-960-5427,476 Daniel Center Suite 976,Raleigh,NC,40697,35.735919,-78.674043,OIL_AND_GAS,A,INACTIVE,105786.8,195092.0,UR_CUSTOMERS,e1c1be93aa76548800fcdf51b4c645f325c5cfc3cb6ef5cac9dd528ad772e3d0,2026-03-20T07:54:07.202586,UNITED_RENTALS,TRUE,2026-03-20T07:54:07.202587,9999-12-31T00:00:00
CU-020277,Hartford School District,Nicole,Cox,robert72@cunningham.org,648.854.0390,606 Cummings Stream Apt. 613,Hartford,CT,68580,41.797088,-72.751903,GOVERNMENT,C,ACTIVE,59788.88,300003.68,UR_CUSTOMERS,3d69a70ddd22ff2bbf949915c7177b9874c87c4cdf8a709fba9379e4faeb81ed,2026-03-20T07:54:07.202796,UNITED_RENTALS,TRUE,2026-03-20T07:54:07.202796,9999-12-31T00:00:00
CU-020278,Indianapolis School District,David,Ortiz,xjohnson@ware-zamora.info,+1-957-403-9962x637,10735 David Ranch Suite 220,Indianapolis,IN,53829,39.787453,-86.169994,GOVERNMENT,B,ACTIVE,121929.93,260281.37,UR_CUSTOMERS,b68a2a0b5165e9d640d3e190896bff00db0a9eda6b37be62477d5db75a2e1ec9,2026-03-20T07:54:07.202974,UNITED_RENTALS,TRUE,2026-03-20T07:54:07.202975,9999-12-31T00:00:00
CU-020279,"Rasmussen, Delgado and Jackson",James,Hall,brettthomas@lawrence.com,(906)894-3069x5235,94128 Sanchez Stravenue Apt. 064,Raleigh,NC,33768,35.733378,-78.607168,RESIDENTIAL,B,SUSPENDED,186275.44,141282.49,UR_CUSTOMERS,3c41091cad88fcb88c72761bfab346289d3b37c16924926164a4978ccfa2456c,2026-03-20T07:54:07.203291,UNITED_RENTALS,TRUE,2026-03-20T07:54:07.203292,9999-12-31T00:00:00
CU-020280,OK Electric Co,Amanda,Clayton,justin75@rodriguez.net,7425554280,4255 Timothy Wall Suite 887,Tulsa,OK,71850,36.181782,-96.001063,UTILITY,B,ACTIVE,105128.06,75268.85,UR_CUSTOMERS,9330eeea4c523d00c6ae8a3eadc524ed67cdea6dd7d1cc84743c01b9ea95822a,2026-03-20T07:54:07.203436,UNITED_RENTALS,TRUE,2026-03-20T07:54:07.203437,9999-12-31T00:00:00
CU-020281,Kansas City Parks Dept,Randy,Shelton,perezbrittany@jackson.com,901.995.8663x9928,731 Solis Valley,Kansas City,MO,41095,39.100702,-94.569227,GOVERNMENT,C,SUSPENDED,91678.87,405592.57,UR_CUSTOMERS,4223519691edaba13ca8bcbe630ed332580cabcfbd987265dde52e442dac408e,2026-03-20T07:54:07.203606,UNITED_RENTALS,TRUE,2026-03-20T07:54:07.203607,9999-12-31T00:00:00
CU-020282,Bradley Builders,Laura,Thompson,wellselizabeth@collins-wilson.com,232.788.8070,028 Collins Spur,Baltimore,MD,10893,39.319168,-76.569435,INFRASTRUCTURE,C,ACTIVE,10191.62,172346.18,UR_CUSTOMERS,0f97ba4d3e6b54c4fc8b37a6ffc823a78e5da94fc90849af28f741f16111d52f,2026-03-20T07:54:07.203840,UNITED_RENTALS,TRUE,2026-03-20T07:54:07.203841,9999-12-31T00:00:00
CU-020283,Crosby and Sons,Erin,Cross,millerpaige@evans-valentine.com,(748)279-2104x6627,2697 Hill Views,Los Angeles,CA,07159,34.090223,-118.313806,RESIDENTIAL,A,INACTIVE,326248.65,478081.48,UR_CUSTOMERS,f4e71a12bab18fdf0593c8e6697df0c8ddd1b04ea741613d767c750c303492be,2026-03-20T07:54:07.204067,UNITED_RENTALS,TRUE,2026-03-20T07:54:07.204067,9999-12-31T00:00:00
CU-020284,WA Water Co,Jerry,Griffith,olsonrebekah@carter-daniels.com,509.858.7238,0145 Levine Drives,Seattle,WA,30532,47.565932,-122.343927,UTILITY,D,ACTIVE,6956.46,461651.88,UR_CUSTOMERS,65a85bfb9722080c6ba842367f3cb2cf2ee4f5510fd5f0b2a877e7477c8ed00b,2026-03-20T07:54:07.204273,UNITED_RENTALS,TRUE,2026-03-20T07:54:07.204274,9999-12-31T00:00:00
CU-020285,Taylor Petroleum,Todd,Adams,vincent19@stevens.com,001-767-397-2092,18285 John Squares,San Diego,CA,20082,32.699144,-117.208419,OIL_AND_GAS,B,ACTIVE,100104.08,247246.71,UR_CUSTOMERS,2be97add838cad7971ddbb8c19fa3163915690521a9ed5bd82b9e2109bf222e0,2026-03-20T07:54:07.204493,UNITED_RENTALS,TRUE,2026-03-20T07:54:07.204494,9999-12-31T00:00:00
CU-020286,"Cole, Smith and Adams",Deborah,Gonzalez,grichards@watkins.com,+1-355-611-6397,75741 Melendez Hills,Atlanta,GA,74070,33.714975,-84.332368,INDUSTRIAL,A,ACTIVE,429978.22,372529.25,UR_CUSTOMERS,f62c10431f09491caadd4ca9b7c30e84e636e7a915b968b2c991e8250ff642bb,2026-03-20T07:54:07.204733,UNITED_RENTALS,TRUE,2026-03-20T07:54:07.204734,9999-12-31T00:00:00
CU-020287,Richmond City of,Lisa,Serrano,imoore@burke-holmes.net,912.949.7736,4343 Heath Road,Richmond,VA,61113,37.618403,-77.434121,GOVERNMENT,C,ACTIVE,23418.49,398473.45,UR_CUSTOMERS,c33f23e7fcbe2557cccb93727fe2eee37a7f4c9b7d52b5d4f4671b17470617cc,2026-03-20T07:54:07.204922,UNITED_RENTALS,TRUE,2026-03-20T07:54:07.204922,9999-12-31T00:00:00
CU-020288,"Simpson, Munoz and Camacho",Michael,Rodriguez,tgoodwin@shannon.com,(499)603-4804,600 Ashley Branch Apt. 657,Denver,CO,30392,39.800689,-105.011428,INDUSTRIAL,C,ACTIVE,82708.79,11800.74,UR_CUSTOMERS,03b1e64b94d2bd752414e405e68ebd9d04fa74b5b5fa5c7d6a72b6392148ea5a,2026-03-20T07:54:07.205149,UNITED_RENTALS,TRUE,2026-03-20T07:54:07.205149,9999-12-31T00:00:00
CU-020289,Woods Engineering,David,Koch,xreyes@whitaker.com,2363930914,73117 Lori Locks Suite 147,Pittsburgh,PA,43526,40.405655,-80.002252,INFRASTRUCTURE,B,INACTIVE,107689.89,273767.4,UR_CUSTOMERS,e3f5190cde025cdf776398fa07b547006255f5ee781a271e5b9c9e9c269ed6e2,2026-03-20T07:54:07.205419,UNITED_RENTALS,TRUE,2026-03-20T07:54:07.205421,9999-12-31T00:00:00
CU-020290,Duncan-French,Natasha,Walters,david93@werner.net,001-947-942-2983x5966,3902 Ryan Estates,Jacksonville,FL,97724,30.335803,-81.586225,RESIDENTIAL,B,ACTIVE,138333.31,81853.64,UR_CUSTOMERS,3e484d5e988e31e8a53925b28b745e0720075de00879d6e3ebf35382f030c016,2026-03-20T07:54:07.205655,UNITED_RENTALS,TRUE,2026-03-20T07:54:07.205655,9999-12-31T00:00:00
CU-020291,Turner Builders,Jessica,Young,alex32@hart.com,(647)261-4427x87355,31697 Jennifer Summit Apt. 675,Indianapolis,IN,35581,39.812335,-86.17315,INFRASTRUCTURE,C,ACTIVE,29375.05,298007.43,UR_CUSTOMERS,531a8d28c734ec00d1761259eb960a61fea0961fc185c8e16dac619736d20d58,2026-03-20T07:54:07.205884,UNITED_RENTALS,TRUE,2026-03-20T07:54:07.205885,9999-12-31T00:00:00
CU-020292,"Walker, Gonzalez and Blanchard",Gabriella,Ross,ramirezmelissa@strickland.com,(387)583-5733,73453 Brent Forks,Sacramento,CA,55957,38.632219,-121.446784,RESIDENTIAL,B,ACTIVE,108803.47,76759.54,UR_CUSTOMERS,8d1cad73bbb3e9114f862d4c4d9da3b469b7bac8e3161b219635b77a5fbbf74e,2026-03-20T07:54:07.206198,UNITED_RENTALS,TRUE,2026-03-20T07:54:07.206199,9999-12-31T00:00:00
CU-020293,Garcia-White,Kelly,Alvarez,andrew98@lee-fuentes.com,4335505160,1071 Valentine Islands,Phoenix,AZ,70535,33.392018,-112.05477,RESIDENTIAL,B,ACTIVE,137790.78,237777.33,UR_CUSTOMERS,f2c346a8e13283771ce673e84bda7ffdb62aae14478454ce4986903985976897,2026-03-20T07:54:07.206442,UNITED_RENTALS,TRUE,2026-03-20T07:54:07.206443,9999-12-31T00:00:00
CU-020294,Brown-Matthews,Tammy,Walters,hilledwin@meyers.biz,211-999-2551x2538,135 Michael Summit,Denver,CO,29758,39.785651,-104.941551,MINING,A,ACTIVE,371949.38,403806.35,UR_CUSTOMERS,f0f032cad58dfac72e2d75a2e7fad75f94ccfab2b6afb124b9aa3e55c2e3d601,2026-03-20T07:54:07.206728,UNITED_RENTALS,TRUE,2026-03-20T07:54:07.206729,9999-12-31T00:00:00
CU-020295,"Barker, Carr and King",Kathleen,Jones,srodriguez@garrison-edwards.info,566-232-8246,62185 Young Curve Apt. 076,Raleigh,NC,10089,35.833821,-78.631402,INDUSTRIAL,B,ACTIVE,173820.38,183494.09,UR_CUSTOMERS,e68cf640d4f77d16d7cc7f751c61d9afba122e1ac8121c971f52980e333a018f,2026-03-20T07:54:07.207010,UNITED_RENTALS,TRUE,2026-03-20T07:54:07.207011,9999-12-31T00:00:00
CU-020296,Williams-Moore,Leonard,Hart,wmason@pearson.com,833-360-8090x1014,392 Guerra Pine,Nashville,TN,66146,36.17824,-86.811909,MINING,B,ACTIVE,172960.07,92408.28,UR_CUSTOMERS,de2c03254fa69ac6f8925a1b7419fb48b286e1867d9362c2bbad4d90071e90ea,2026-03-20T07:54:07.207280,UNITED_RENTALS,TRUE,2026-03-20T07:54:07.207280,9999-12-31T00:00:00
CU-020297,Austin Water District,Angela,Medina,benjaminlloyd@douglas-cruz.com,+1-781-868-7851,0965 Blake Plain,Austin,TX,99940,30.232739,-97.689626,GOVERNMENT,D,INACTIVE,14212.12,66843.05,UR_CUSTOMERS,9026df21a9ff4682ace8f10e01448ea657d6f47d2eb981d9b957b45d3699039b,2026-03-20T07:54:07.207473,UNITED_RENTALS,TRUE,2026-03-20T07:54:07.207474,9999-12-31T00:00:00
CU-020298,James and Sons,Alexandria,Smith,jennifermoore@ramsey.com,+1-247-523-7356x40783,9789 Garcia Glens,Cincinnati,OH,45940,39.042564,-84.472156,INDUSTRIAL,D,ACTIVE,21571.05,117518.37,UR_CUSTOMERS,1ba98b180e0f577f24eac22e19e97a84deb042eb6146fadd797ef849f67ffcd1,2026-03-20T07:54:07.207686,UNITED_RENTALS,TRUE,2026-03-20T07:54:07.207687,9999-12-31T00:00:00
CU-020299,Minneapolis School District,Tiffany,Lawson,robertsnow@hughes-baker.com,(668)786-7518x57116,59563 Wright Terrace Apt. 807,Minneapolis,MN,27961,44.990352,-93.325902,GOVERNMENT,B,ACTIVE,92503.43,158696.33,UR_CUSTOMERS,8a442d0df8b90e992b974ee9fb0ecad2e4e9778eed24b617a37065bfe82aaf9a,2026-03-20T07:54:07.207877,UNITED_RENTALS,TRUE,2026-03-20T07:54:07.207878,9999-12-31T00:00:00
CU-020300,Atlanta School District,Brianna,Thomas,taylorallison@patterson-chang.com,977.973.0316,261 Campbell Orchard,Atlanta,GA,88751,33.669309,-84.439705,GOVERNMENT,C,ACTIVE,71545.98,393986.93,UR_CUSTOMERS,856ba7e7cce410b941395d26e2d8e4843a363f00868b4467a49aeab697846360,2026-03-20T07:54:07.208069,UNITED_RENTALS,TRUE,2026-03-20T07:54:07.208069,9999-12-31T00:00:00
CU-020301,Smith Inc,Douglas,Ortega,stephaniemoses@rogers-johnson.com,549-908-0998x39767,6163 James Underpass,Atlanta,GA,37476,33.725461,-84.331053,MINING,B,ACTIVE,149387.28,132921.79,UR_CUSTOMERS,65f4d95f545bf81bfc62b6c1a415979d0e0150868d74bd628f0f44f431350f1d,2026-03-20T07:54:07.208281,UNITED_RENTALS,TRUE,2026-03-20T07:54:07.208282,9999-12-31T00:00:00
CU-020302,Wright Development,Jeffrey,Lambert,johnsonchristopher@edwards.com,+1-830-874-1799x654,973 Garcia Rest,Detroit,MI,49992,42.35366,-83.044675,INFRASTRUCTURE,D,ACTIVE,12221.76,307851.1,UR_CUSTOMERS,62108d4dfff22a6b85d126e0402309aaa1319a7e23b5e4ea556e6250326af17f,2026-03-20T07:54:07.208491,UNITED_RENTALS,TRUE,2026-03-20T07:54:07.208492,9999-12-31T00:00:00
CU-020303,Moore Engineering,Matthew,Chavez,crystal00@anderson.com,740.356.7712,904 Sandra Vista Apt. 805,Baltimore,MD,09603,39.307656,-76.632588,INFRASTRUCTURE,C,ACTIVE,67239.28,338778.22,UR_CUSTOMERS,b717d769af15f7019ec75b783fb049743a17e0f0342cb3bdeb476f6dbeaa334b,2026-03-20T07:54:07.208648,UNITED_RENTALS,TRUE,2026-03-20T07:54:07.208649,9999-12-31T00:00:00
CU-020304,Los Angeles Water District,Robert,Reynolds,hornjeff@freeman.com,001-847-790-9863x61527,4202 Lauren Green Apt. 488,Los Angeles,CA,51997,34.120957,-118.170437,GOVERNMENT,C,ACTIVE,76930.97,198810.49,UR_CUSTOMERS,a710709965372275ba4a6fbd431ba63910329f8054311359eecde806c916199e,2026-03-20T07:54:07.208806,UNITED_RENTALS,TRUE,2026-03-20T07:54:07.208807,9999-12-31T00:00:00
CU-020305,Ramsey and Sons,Miranda,Young,evansbob@monroe.net,5268691419,1047 Morgan Port,Atlanta,GA,98065,33.793275,-84.464224,EVENTS,A,ACTIVE,383648.66,100458.71,UR_CUSTOMERS,4e574235838b529136c4f460e139f74e28ee800ca5ff1f9a09fe23265a895eae,2026-03-20T07:54:07.208989,UNITED_RENTALS,TRUE,2026-03-20T07:54:07.208990,9999-12-31T00:00:00
CU-020306,Rivas PLC,Linda,Gilbert,melanie69@beasley.info,(388)334-1034x14131,0513 Leslie Crescent,El Paso,TX,58819,31.707993,-106.561381,INDUSTRIAL,B,ACTIVE,77781.47,367698.11,UR_CUSTOMERS,5c4fb3ed7629a638fcec2828ed4bb3d004febea1e14b3ed27ab12c8d0ba19f70,2026-03-20T07:54:07.209148,UNITED_RENTALS,TRUE,2026-03-20T07:54:07.209148,9999-12-31T00:00:00
CU-020307,Russo Builders,Elizabeth,Collins,xjohnson@smith-garner.com,(771)848-7831x0314,7227 Stanley Mountains Suite 074,Charlotte,NC,04082,35.304534,-80.840799,CONSTRUCTION,D,ACTIVE,24466.48,463983.12,UR_CUSTOMERS,07fc94315e4ab6db38d0a8e63c246045f4f53eb2b1cb9f9e12b67cf9065e9689,2026-03-20T07:54:07.209356,UNITED_RENTALS,TRUE,2026-03-20T07:54:07.209357,9999-12-31T00:00:00
CU-020308,OK Electric Co,Jeffrey,Hodge,nbaker@carpenter.com,+1-633-391-3694x126,0326 Bell Circles,Tulsa,OK,92621,36.211189,-95.928762,UTILITY,B,SUSPENDED,145098.51,352563.86,UR_CUSTOMERS,2846796859db69b6e649803265ce9f0f716d1634f80446d2c245fbf0d85c25b4,2026-03-20T07:54:07.209562,UNITED_RENTALS,TRUE,2026-03-20T07:54:07.209563,9999-12-31T00:00:00
CU-020309,Brewer Contracting,Brandon,Burns,rallen@miller.org,(254)661-2536x0640,8679 Mcdowell Lane Suite 848,Dallas,TX,09589,32.754649,-96.786377,INFRASTRUCTURE,A,ACTIVE,428227.67,184813.06,UR_CUSTOMERS,c634cbd1dabb4b5fd6bf5e068072ea2e77da61faabc7bbd1f92b7a2d1197943d,2026-03-20T07:54:07.209756,UNITED_RENTALS,TRUE,2026-03-20T07:54:07.209756,9999-12-31T00:00:00
CU-020310,Smith-Banks,Richard,Rodriguez,morsestephen@smith-jones.info,001-337-959-4933x07811,600 Jensen Extension,Hartford,CT,12667,41.840577,-72.629321,EVENTS,C,ACTIVE,86413.82,302134.12,UR_CUSTOMERS,c7d03df32ff9a089678222c9212acce8ee2e8d0685de8b0148d9403dee0e7ea0,2026-03-20T07:54:07.210003,UNITED_RENTALS,TRUE,2026-03-20T07:54:07.210003,9999-12-31T00:00:00
CU-020311,Mitchell-Miller,Teresa,Kelly,owest@hall.net,796-555-2391x7033,49992 Sims Keys,Tulsa,OK,28608,36.103127,-95.971888,MINING,C,ACTIVE,35512.54,282350.17,UR_CUSTOMERS,25d7a01f5a164d10957e1d524d19b248e7725161ebdf1729c06bbf793227cb3c,2026-03-20T07:54:07.210201,UNITED_RENTALS,TRUE,2026-03-20T07:54:07.210201,9999-12-31T00:00:00
CU-020312,MO Gas Co,Jennifer,Robbins,dholland@garcia.com,001-746-824-8723,392 Hopkins Loaf Suite 141,Kansas City,MO,32145,39.154342,-94.607176,UTILITY,A,ACTIVE,300796.17,452900.57,UR_CUSTOMERS,64079dd6acd56c9ffa4e79e3f2381f914417d14a038f5fb3da44e7dab9931361,2026-03-20T07:54:07.210354,UNITED_RENTALS,TRUE,2026-03-20T07:54:07.210354,9999-12-31T00:00:00
CU-020313,Ray-Gibbs,Patricia,Olson,calexander@smith-cox.com,535.779.2116x2506,4639 Smith Hill Suite 570,Nashville,TN,30749,36.163335,-86.75138,INDUSTRIAL,A,ACTIVE,260853.32,122966.21,UR_CUSTOMERS,c5654aa09d58db499f7064e33eb26973beb56e1fb3a2facaa808377d498a3e98,2026-03-20T07:54:07.210596,UNITED_RENTALS,TRUE,2026-03-20T07:54:07.210596,9999-12-31T00:00:00
CU-020314,"Love, King and Anderson",Heather,Hendrix,vsanders@hanna.com,309-826-0001x10156,738 French Trail,Dallas,TX,98409,32.831714,-96.808447,RESIDENTIAL,B,ACTIVE,80915.03,6745.53,UR_CUSTOMERS,08a13bfcd4b15534f6f6a813bb7801b876a27ec0716c8cbe24b9251bbe7f914f,2026-03-20T07:54:07.210889,UNITED_RENTALS,TRUE,2026-03-20T07:54:07.210890,9999-12-31T00:00:00
CU-020315,"Sims, Miller and Meza",Melissa,Smith,dianalee@wade-bennett.org,+1-308-967-2331x044,365 Hardy Cliff Apt. 218,Hartford,CT,72190,41.841812,-72.635839,MINING,A,SUSPENDED,242425.15,415584.4,UR_CUSTOMERS,5bca6eb9c5a5e8836e1b8b566a0a24e3fd11d10efd6abe03900d12c41be52806,2026-03-20T07:54:07.211155,UNITED_RENTALS,TRUE,2026-03-20T07:54:07.211156,9999-12-31T00:00:00
CU-020316,Koch Inc,Robert,Christensen,hshort@cruz-little.com,8235641693,991 Abbott Mews Suite 032,Phoenix,AZ,30035,33.509821,-112.050139,RESIDENTIAL,A,ACTIVE,441465.01,67499.34,UR_CUSTOMERS,aee6b0a81993dd7dc13cb513c323857087b7f7054c04bd0ad6d66e417657337e,2026-03-20T07:54:07.211360,UNITED_RENTALS,TRUE,2026-03-20T07:54:07.211361,9999-12-31T00:00:00
CU-020317,Harrington Pipeline,Elizabeth,Marquez,donnamadden@kramer.com,+1-767-412-6937x9499,2964 Turner Pike,Cincinnati,OH,36994,39.112301,-84.53177,OIL_AND_GAS,A,ACTIVE,426630.97,30198.52,UR_CUSTOMERS,bf58337d0adb7ab9f4fae44062cd06b600955acdcbf9c93b1d1a91b8457f07c8,2026-03-20T07:54:07.211557,UNITED_RENTALS,TRUE,2026-03-20T07:54:07.211558,9999-12-31T00:00:00
CU-020318,Solis Ltd,Crystal,Wang,hhunter@parker.com,9649098058,5590 Hale Expressway,Boston,MA,63609,42.319035,-71.001523,RESIDENTIAL,B,ACTIVE,155856.34,68099.56,UR_CUSTOMERS,be1abdd51db5107dd0f3e443988589b82ee8fcdfa11506db3b53ced1a60f4632,2026-03-20T07:54:07.211747,UNITED_RENTALS,TRUE,2026-03-20T07:54:07.211748,9999-12-31T00:00:00
CU-020319,"Mendoza, Lynch and Jackson",Michael,Garcia,alfredblair@mckay-mcdonald.com,(426)760-3235x84180,999 Mcdonald Forks Suite 939,Denver,CO,47556,39.768134,-105.016928,MINING,C,ACTIVE,91707.95,14830.42,UR_CUSTOMERS,178018078c97a8c9c30e9c7ab3f85a00e05bd91bea94800d0bb8d2d758d2bb4d,2026-03-20T07:54:07.212020,UNITED_RENTALS,TRUE,2026-03-20T07:54:07.212021,9999-12-31T00:00:00
CU-020320,Farrell-Stewart,Michael,Elliott,jonathanhayes@miller.biz,403.786.2567x611,233 Laura Plains Apt. 563,Richmond,VA,04704,37.548968,-77.46288,INDUSTRIAL,B,ACTIVE,77958.32,259547.87,UR_CUSTOMERS,9cc5627ed973743c068747f4062b126891058c3ac5e0bc6f0f144d7f68287075,2026-03-20T07:54:07.212283,UNITED_RENTALS,TRUE,2026-03-20T07:54:07.212283,9999-12-31T00:00:00
CU-020321,Paul Energy,William,Thomas,courtneygamble@taylor.com,507-888-3127,8522 Thomas Avenue Apt. 970,Los Angeles,CA,72644,34.046143,-118.181838,OIL_AND_GAS,B,ACTIVE,86885.84,150586.85,UR_CUSTOMERS,aea22a23433c08a811056ad4c45d1cc3f1177b7f9bbe2f2983fa8eee5e3d2405,2026-03-20T07:54:07.212528,UNITED_RENTALS,TRUE,2026-03-20T07:54:07.212529,9999-12-31T00:00:00
CU-020322,NY Energy Co,Kenneth,Gardner,maria16@moran.com,+1-365-212-9555x1005,484 David Wells,New York,NY,23165,40.721921,-73.957323,UTILITY,D,ACTIVE,21808.12,189644.08,UR_CUSTOMERS,1c08c7e1dc897d3f0957e00944f0d5bed8529def1bf24e64610f0ee18a56c0e0,2026-03-20T07:54:07.212726,UNITED_RENTALS,TRUE,2026-03-20T07:54:07.212727,9999-12-31T00:00:00
CU-020323,Vaughn Inc,Jason,Smith,ptaylor@johnson-reese.net,503.342.4375,280 Monica Station Suite 316,Los Angeles,CA,56373,34.015278,-118.203819,INDUSTRIAL,B,ACTIVE,88700.03,12471.83,UR_CUSTOMERS,5a4f4429f496bdd573f87976ed9065e7f2c6777adaf67de1efa19d147107aeb5,2026-03-20T07:54:07.212927,UNITED_RENTALS,TRUE,2026-03-20T07:54:07.212927,9999-12-31T00:00:00
CU-020324,"Cruz, Grant and Acosta",Kevin,Wright,kingjoshua@brown-smith.com,(764)397-0084x45801,4296 Zachary Radial Apt. 411,Boston,MA,47511,42.322876,-71.033143,MINING,A,ACTIVE,420738.93,347617.04,UR_CUSTOMERS,3780232d61d3091b4b2886907fc1130b52e599c743e74747658e938dcd116770,2026-03-20T07:54:07.213185,UNITED_RENTALS,TRUE,2026-03-20T07:54:07.213185,9999-12-31T00:00:00
CU-020325,Smith Contracting,Lisa,Pena,tgilbert@garcia-higgins.com,252-755-2322,7435 Singh Squares,Hartford,CT,93969,41.731861,-72.686517,INFRASTRUCTURE,A,ACTIVE,438301.4,167661.92,UR_CUSTOMERS,16f17bb6522dfbcf9c37c9aa694e7bc34170ed3322f66aa6fc9b53116c9a311a,2026-03-20T07:54:07.213395,UNITED_RENTALS,TRUE,2026-03-20T07:54:07.213396,9999-12-31T00:00:00
CU-020326,Torres Contracting,Wanda,Thompson,julie39@williams-rodriguez.com,225-558-6277x88826,4890 Andrew Knolls,St. Louis,MO,70447,38.673573,-90.127781,INFRASTRUCTURE,B,ACTIVE,151935.12,96330.08,UR_CUSTOMERS,031fe0ad55bde6d6bd7c55838efffa70fd7f9868600e0281338cc876579ba774,2026-03-20T07:54:07.213674,UNITED_RENTALS,TRUE,2026-03-20T07:54:07.213675,9999-12-31T00:00:00
CU-020327,GA Energy Co,Patricia,Romero,iwilson@jones-oneal.com,(429)235-5459,596 Morris Park Apt. 137,Atlanta,GA,78149,33.705656,-84.463188,UTILITY,A,ACTIVE,360823.58,118047.24,UR_CUSTOMERS,533947aa0f3204799c7d2a76fa6897a92b4abbe1c0851489907110be8dc3c221,2026-03-20T07:54:07.213862,UNITED_RENTALS,TRUE,2026-03-20T07:54:07.213863,9999-12-31T00:00:00
CU-020328,"Walker, Erickson and Blake",Taylor,Mata,usawyer@garcia.org,(889)870-1522x133,83476 David Parkways,Cincinnati,OH,83812,39.146046,-84.489979,RESIDENTIAL,A,ACTIVE,374948.08,405631.63,UR_CUSTOMERS,717b3ec26cd9b81f97a2ee5cf986abd9f54430ae1cf65acb532cdc151abc4ce6,2026-03-20T07:54:07.214129,UNITED_RENTALS,TRUE,2026-03-20T07:54:07.214130,9999-12-31T00:00:00
CU-020329,Lane Builders,Zachary,Williamson,adrianmcneil@campbell-orr.com,001-539-597-9927x1560,885 William Street Suite 818,Cincinnati,OH,34344,39.179898,-84.559184,INFRASTRUCTURE,C,ACTIVE,79312.55,416614.05,UR_CUSTOMERS,d60f4cca977b228935a6fa961cb5391e0e3c5603f3999735d3b1cebe93a40d57,2026-03-20T07:54:07.214341,UNITED_RENTALS,TRUE,2026-03-20T07:54:07.214342,9999-12-31T00:00:00
CU-020330,Parsons Energy,Tanya,Mcdonald,brettblankenship@smith.org,999-894-4574x4410,626 Mitchell Fort,Las Vegas,NV,39523,36.239241,-115.094244,OIL_AND_GAS,B,INACTIVE,178863.37,246677.72,UR_CUSTOMERS,1ec695a57087660c165ae29134ab6ea357945a4feaf4cd3bd3af8da600f19fa9,2026-03-20T07:54:07.214603,UNITED_RENTALS,TRUE,2026-03-20T07:54:07.214604,9999-12-31T00:00:00
CU-020331,Mack Pipeline,Maria,Holder,norrisanthony@green.net,898.759.0799,8375 Wade Union Apt. 678,Houston,TX,41058,29.820284,-95.309785,OIL_AND_GAS,A,ACTIVE,103986.06,31234.56,UR_CUSTOMERS,76f43709ebbfcccae9af64dac5d05380f5c34e1e8ccb58b61c18d20120ad0c5d,2026-03-20T07:54:07.214863,UNITED_RENTALS,TRUE,2026-03-20T07:54:07.214864,9999-12-31T00:00:00
CU-020332,Ferrell Development,Jeffery,Parker,burnsstephanie@brown.com,+1-477-461-3500x78836,85403 Riley Radial,St. Louis,MO,79670,38.603768,-90.265303,CONSTRUCTION,A,ACTIVE,320667.89,141370.23,UR_CUSTOMERS,e876749abf890ca8f63d06891095385207e2407c25f44215f4e0970518775987,2026-03-20T07:54:07.215044,UNITED_RENTALS,TRUE,2026-03-20T07:54:07.215045,9999-12-31T00:00:00
CU-020333,Newark Water District,Matthew,Finley,evelyn02@miller.biz,232-573-5514x97249,34771 Coleman Ridge,Newark,NJ,43720,40.754948,-74.208653,GOVERNMENT,A,INACTIVE,497057.44,444548.96,UR_CUSTOMERS,ffbd8b8b63721720546b1a0c1bafd081f0a9cdff619f53a2275fa81fcde7deb9,2026-03-20T07:54:07.215196,UNITED_RENTALS,TRUE,2026-03-20T07:54:07.215197,9999-12-31T00:00:00
CU-020334,NC Power Co,Olivia,Richards,lee57@gentry.com,6617741364,6121 Sara Ranch Apt. 270,Raleigh,NC,55351,35.730024,-78.69477,UTILITY,A,ACTIVE,143653.62,451608.95,UR_CUSTOMERS,864d509a8a5aee10f4d4ab377177e4156ad0b930e51f8abb1cdd753c3644f5d9,2026-03-20T07:54:07.215342,UNITED_RENTALS,TRUE,2026-03-20T07:54:07.215343,9999-12-31T00:00:00
CU-020335,Nguyen Builders,Samuel,Sullivan,garyhernandez@banks.com,(744)268-5304x5555,3560 Jimenez Trafficway,Cincinnati,OH,71140,39.136599,-84.581325,INFRASTRUCTURE,A,INACTIVE,131568.96,439849.6,UR_CUSTOMERS,11b4c1e9b842d8b9516777b5f684ed298ccd7b8eb477f47aa107395b86fce6a4,2026-03-20T07:54:07.215614,UNITED_RENTALS,TRUE,2026-03-20T07:54:07.215614,9999-12-31T00:00:00
CU-020336,Obrien Development,Emily,Livingston,jessetaylor@hodge-lee.org,8464008236,022 Bryan Mills Suite 506,Newark,NJ,14156,40.746312,-74.112706,INFRASTRUCTURE,C,ACTIVE,58557.56,113476.54,UR_CUSTOMERS,1cf3069ca14b7c72f16e93b85b8616d54b5e7ad2d6ab5e554f15cbf3471d60ac,2026-03-20T07:54:07.215841,UNITED_RENTALS,TRUE,2026-03-20T07:54:07.215842,9999-12-31T00:00:00
CU-020337,Mejia-Johnson,Dawn,Moon,hardincarlos@gregory-thompson.com,993.444.9076,2183 Kari Viaduct,Nashville,TN,30806,36.115444,-86.7075,MINING,A,ACTIVE,346554.21,394990.06,UR_CUSTOMERS,20e2e43e9b219bc8840b6d367dcd0c1c0bfb40c762944e9cce614481f42a81f2,2026-03-20T07:54:07.216090,UNITED_RENTALS,TRUE,2026-03-20T07:54:07.216090,9999-12-31T00:00:00
CU-020338,OR Water Co,Brianna,Reid,yangeric@logan-lynch.com,2532071226,83774 Shawn Center,Portland,OR,41861,45.583646,-122.603817,UTILITY,A,SUSPENDED,207350.66,378927.23,UR_CUSTOMERS,e43ff8cafe066fd4a86d4166969da03bd0c6a3f2ba91b03f74db495d3f48487e,2026-03-20T07:54:07.216282,UNITED_RENTALS,TRUE,2026-03-20T07:54:07.216283,9999-12-31T00:00:00
CU-020339,Denver School District,Justin,Castro,imoss@mccormick-macdonald.com,8632228012,6658 Taylor Groves Suite 609,Denver,CO,55152,39.756338,-105.035864,GOVERNMENT,A,ACTIVE,249921.72,285967.44,UR_CUSTOMERS,ce921cea872b313ef3d39734e21b9833327bf569e0ef4ca0bc23816eef428004,2026-03-20T07:54:07.216469,UNITED_RENTALS,TRUE,2026-03-20T07:54:07.216470,9999-12-31T00:00:00
CU-020340,Cardenas Drilling,Lynn,Lucas,scott45@cox.info,+1-974-277-8840,5777 Virginia Corners Apt. 988,Sacramento,CA,80017,38.530468,-121.473258,OIL_AND_GAS,B,ACTIVE,87934.25,132102.0,UR_CUSTOMERS,a2e7d1568fc86a31df74c3727a785fc811c48f5ea899db6fc749daf791257c96,2026-03-20T07:54:07.216635,UNITED_RENTALS,TRUE,2026-03-20T07:54:07.216636,9999-12-31T00:00:00
CU-020341,San Diego Parks Dept,Shawn,Morse,eric80@taylor.biz,+1-216-741-7005x37186,688 Laura Club Suite 647,San Diego,CA,76159,32.709763,-117.129923,GOVERNMENT,A,ACTIVE,281828.53,416241.66,UR_CUSTOMERS,1af362faeb894b7f9eddf991ae656fb255279181ffe44c9065f3a804f3170c52,2026-03-20T07:54:07.216838,UNITED_RENTALS,TRUE,2026-03-20T07:54:07.216839,9999-12-31T00:00:00
CU-020342,Detroit Parks Dept,Mary,Fields,stevenmills@beard.com,+1-353-654-1601,701 Smith Passage,Detroit,MI,95388,42.261313,-82.996895,GOVERNMENT,B,ACTIVE,85079.24,242755.39,UR_CUSTOMERS,ee8a3384e6d59e07e698cefcd36049790a1ba0c408589a70ff2b33ba9e4eb338,2026-03-20T07:54:07.217008,UNITED_RENTALS,TRUE,2026-03-20T07:54:07.217009,9999-12-31T00:00:00
CU-020343,"Morales, Brennan and Garcia",George,Mendoza,ramseybrian@brown-perez.biz,+1-895-379-6724,1109 Brett Mountains,Los Angeles,CA,07185,34.097694,-118.2188,INDUSTRIAL,C,ACTIVE,92859.73,20650.74,UR_CUSTOMERS,c8fdb2f04d59326b32390ce8d253272c99bfa206ea04b37db8ffebe298369da9,2026-03-20T07:54:07.217286,UNITED_RENTALS,TRUE,2026-03-20T07:54:07.217287,9999-12-31T00:00:00
CU-020344,Crawford Ltd,Michael,Barber,watsonedgar@roberts.com,001-992-601-0297x599,539 Morris Way Suite 442,Miami,FL,45923,25.816025,-80.112034,EVENTS,B,ACTIVE,116686.46,418363.03,UR_CUSTOMERS,3a1aedf9f6425be07e2336a72ae6edcd00726df923e823410d8daa2909f71c12,2026-03-20T07:54:07.217541,UNITED_RENTALS,TRUE,2026-03-20T07:54:07.217541,9999-12-31T00:00:00
CU-020345,Hernandez Engineering,Elizabeth,Becker,elizabeth20@miller-mitchell.com,001-837-940-5133x79376,160 Cooper Trafficway Apt. 749,Hartford,CT,86654,41.829811,-72.665907,CONSTRUCTION,A,ACTIVE,138919.38,325747.11,UR_CUSTOMERS,f5eb7a0b21d4557f8556e86c46276aaf4e3fa3fd12a324f273eb2e74225e249d,2026-03-20T07:54:07.217751,UNITED_RENTALS,TRUE,2026-03-20T07:54:07.217752,9999-12-31T00:00:00
CU-020346,Marsh PLC,Kenneth,Cummings,hillbrianna@robertson.com,862.540.5744x50999,5352 Doyle Coves,Richmond,VA,13237,37.478706,-77.508969,MINING,B,ACTIVE,126296.58,323486.62,UR_CUSTOMERS,801ed0839094223fd6bc54e9ad2991d9df747aa528b1f4c6624d59d4f3dbb8fe,2026-03-20T07:54:07.217948,UNITED_RENTALS,TRUE,2026-03-20T07:54:07.217949,9999-12-31T00:00:00
CU-020347,Columbus Water District,Rachel,Davis,bartlettapril@hensley.biz,598.259.3213x59618,348 Natalie Canyon Apt. 264,Columbus,OH,20799,40.021538,-82.954851,GOVERNMENT,B,ACTIVE,70121.67,205940.42,UR_CUSTOMERS,4459166aa47f17598239ad0cdb1d6f337789bfb22fa0af5b0410c6def177b8bb,2026-03-20T07:54:07.218167,UNITED_RENTALS,TRUE,2026-03-20T07:54:07.218168,9999-12-31T00:00:00
CU-020348,Jensen-Vaughan,Elaine,Anderson,melissa48@carson.info,+1-619-921-4749,0429 Selena Cove Suite 847,Charlotte,NC,24125,35.292761,-80.912812,INDUSTRIAL,D,ACTIVE,11636.34,479292.29,UR_CUSTOMERS,0c0a59ece79cbd3d0d70c5c533431d7da39a9252fa563ed78b7f967c32aabf33,2026-03-20T07:54:07.218370,UNITED_RENTALS,TRUE,2026-03-20T07:54:07.218371,9999-12-31T00:00:00
CU-020349,Miller Engineering,Russell,Ellis,drogers@cooper-thomas.com,(676)698-8979x88775,474 Joe Avenue Apt. 929,Baltimore,MD,91192,39.326631,-76.583533,CONSTRUCTION,A,ACTIVE,241439.83,379403.78,UR_CUSTOMERS,76688689f0bc09e4c68526f80556b1b728fc1207a1aeffd321ba1a28015c45b1,2026-03-20T07:54:07.218569,UNITED_RENTALS,TRUE,2026-03-20T07:54:07.218570,9999-12-31T00:00:00
CU-020350,Perry Inc,Hayley,Estes,dwhite@alvarado-brown.org,646.638.9012,9365 Wilson Cliff Suite 686,Charlotte,NC,18340,35.204172,-80.875093,INDUSTRIAL,B,ACTIVE,152065.1,433939.73,UR_CUSTOMERS,714c56f4524683af5e9f9465d9953a4239ce153949c55498be7e19969b2fef37,2026-03-20T07:54:07.218816,UNITED_RENTALS,TRUE,2026-03-20T07:54:07.218817,9999-12-31T00:00:00
CU-020351,Thornton Engineering,Jacqueline,Allen,churchlisa@sandoval.org,580-553-1602x274,72718 Reid Estates,New York,NY,37760,40.719546,-74.002628,CONSTRUCTION,D,SUSPENDED,14429.56,213570.36,UR_CUSTOMERS,73a9f2fe1beef4b9fd7d168a7f6d9deaea6974821abb160a4b9d0a1613842205,2026-03-20T07:54:07.219009,UNITED_RENTALS,TRUE,2026-03-20T07:54:07.219009,9999-12-31T00:00:00
CU-020352,Newark City of,Kenneth,Brennan,robert11@garrett.net,001-707-682-8780x661,858 Bennett Knoll Suite 541,Newark,NJ,69036,40.726948,-74.226784,GOVERNMENT,B,ACTIVE,98889.95,475948.24,UR_CUSTOMERS,328b0627e30f12d7fe76272182f3e1897d1fb3a4286169030d48e88f43229a50,2026-03-20T07:54:07.219159,UNITED_RENTALS,TRUE,2026-03-20T07:54:07.219160,9999-12-31T00:00:00
CU-020353,Martin PLC,Erin,Thompson,charlesjackson@mills.com,994-269-9842x88284,03132 Davis Street Apt. 320,Sacramento,CA,27762,38.622464,-121.48421,RESIDENTIAL,A,ACTIVE,314516.91,40565.61,UR_CUSTOMERS,a0586499e42f4350c5017f3ffc971a92873ce01eed832e3cecc45b5b6b5e25a0,2026-03-20T07:54:07.219428,UNITED_RENTALS,TRUE,2026-03-20T07:54:07.219429,9999-12-31T00:00:00
CU-020354,Duffy-Mills,Tina,Martinez,vnoble@gardner-taylor.net,001-952-972-8760x320,7106 Elizabeth Forks,Philadelphia,PA,29581,39.94675,-75.107331,MINING,A,INACTIVE,440456.84,297478.57,UR_CUSTOMERS,40b4b40341eeb59d7a7233bc7094a7a74f715e1ed5cd99079004ab3063b90083,2026-03-20T07:54:07.219653,UNITED_RENTALS,TRUE,2026-03-20T07:54:07.219654,9999-12-31T00:00:00
CU-020355,Adams Builders,Cynthia,Li,timothy56@lee.com,570.204.5358x597,3228 Cabrera Valleys,San Diego,CA,59242,32.711159,-117.201569,CONSTRUCTION,B,ACTIVE,168955.4,409962.77,UR_CUSTOMERS,fddb972afcee88023e72822052330d38b8367e25c211cf22ff33e820a420598b,2026-03-20T07:54:07.219833,UNITED_RENTALS,TRUE,2026-03-20T07:54:07.219834,9999-12-31T00:00:00
CU-020356,Collins and Sons,Kristina,Williams,markmorgan@boyd-barber.com,001-377-704-1167,467 Allison Ville Suite 690,Kansas City,MO,39432,39.177101,-94.607656,RESIDENTIAL,C,INACTIVE,29735.66,168448.07,UR_CUSTOMERS,a3db6bb52e345e8aba90d763e64588db0d86112ce86aaf4c316337858b64a62a,2026-03-20T07:54:07.220052,UNITED_RENTALS,TRUE,2026-03-20T07:54:07.220052,9999-12-31T00:00:00
CU-020357,OR Electric Co,Tamara,Ramirez,julie67@perez.com,001-824-489-5587x700,945 Haley Manor,Portland,OR,36491,45.491012,-122.748016,UTILITY,B,ACTIVE,91112.3,333835.87,UR_CUSTOMERS,2f12539c3f662fa94a6e04ed3700524fd763070f16426773103bdd437cb39153,2026-03-20T07:54:07.220259,UNITED_RENTALS,TRUE,2026-03-20T07:54:07.220260,9999-12-31T00:00:00
CU-020358,San Francisco School District,Anthony,Gutierrez,jamie12@williams.net,5135871628,8905 Benjamin Spring Apt. 153,San Francisco,CA,27594,37.770577,-122.46303,GOVERNMENT,C,ACTIVE,66051.82,417376.29,UR_CUSTOMERS,2a516baf880c7b780fb4851323167185e022dfe25f8a03e01ff070abb6c9b883,2026-03-20T07:54:07.220460,UNITED_RENTALS,TRUE,2026-03-20T07:54:07.220461,9999-12-31T00:00:00
CU-020359,Ramirez-Morton,Mark,Ellis,cynthiacole@dixon.com,765-796-9579x45759,55362 Scott Hills Suite 418,Seattle,WA,29894,47.542856,-122.257156,EVENTS,D,ACTIVE,20131.1,375485.8,UR_CUSTOMERS,afbc073331d445e3888da1cd6da977f10019084078545139335fd858f5236afa,2026-03-20T07:54:07.220684,UNITED_RENTALS,TRUE,2026-03-20T07:54:07.220685,9999-12-31T00:00:00
CU-020360,"Cooper, Martin and Edwards",Jocelyn,Bates,douglas07@ayala.com,(451)219-2145x7445,27694 Harris Passage,Pittsburgh,PA,96268,40.484212,-79.966834,MINING,B,ACTIVE,196928.37,291070.11,UR_CUSTOMERS,21ce49c8c48a5c199396be3e36666ac4222f97df591c9c310fb254ad735778dc,2026-03-20T07:54:07.220972,UNITED_RENTALS,TRUE,2026-03-20T07:54:07.220973,9999-12-31T00:00:00
CU-020361,TX Energy Co,Kim,Thomas,lopezjessica@garrison.com,001-344-402-9363x4094,052 Mendoza Island,Dallas,TX,76915,32.806603,-96.802895,UTILITY,B,ACTIVE,87762.8,187430.09,UR_CUSTOMERS,bb1733ec96e9096fc40bcd9a00ddc841fc45164f7ae30d026f98d75ce55ca402,2026-03-20T07:54:07.221201,UNITED_RENTALS,TRUE,2026-03-20T07:54:07.221201,9999-12-31T00:00:00
CU-020362,"Brown, Johnson and Buckley",Timothy,Gentry,taylorrhonda@strong.com,(301)589-1134x34857,962 Patterson Mall,Tulsa,OK,11928,36.188582,-96.007765,MINING,B,ACTIVE,69646.96,189754.94,UR_CUSTOMERS,2ed3dd5dd5a6d9fc5b84c85be3d446b9e6aa09fa023a96b1bc5f580b35c8f52f,2026-03-20T07:54:07.221462,UNITED_RENTALS,TRUE,2026-03-20T07:54:07.221462,9999-12-31T00:00:00
CU-020363,Lopez Pipeline,John,Weiss,tateedward@harvey.com,213.301.4948x02989,645 Jacob Views Apt. 990,Columbus,OH,67758,40.012193,-83.001063,OIL_AND_GAS,A,ACTIVE,319133.34,237427.36,UR_CUSTOMERS,8e0bb8f228769f9523520f7df4b57548eadeef4f314071f37ba10e14437d50ff,2026-03-20T07:54:07.221655,UNITED_RENTALS,TRUE,2026-03-20T07:54:07.221656,9999-12-31T00:00:00
CU-020364,Moore Builders,Emily,Lee,ubrandt@clark.biz,+1-367-904-1710x3891,50133 Andrew Gateway Suite 495,San Francisco,CA,56843,37.752623,-122.480716,INFRASTRUCTURE,B,ACTIVE,110457.96,421632.38,UR_CUSTOMERS,6a78522121dd23c95240e8f519f78f53af44ccfd8dd77658bbc017af843cd5b9,2026-03-20T07:54:07.221891,UNITED_RENTALS,TRUE,2026-03-20T07:54:07.221892,9999-12-31T00:00:00
CU-020365,Johnson Engineering,Trevor,Scott,wcarrillo@mckenzie.info,(525)972-3163x160,05703 Heath Ford,Phoenix,AZ,08421,33.511908,-112.070407,INFRASTRUCTURE,B,ACTIVE,77197.29,118282.08,UR_CUSTOMERS,5a462da3999b284f92ddeda4dac509d287d25db6e5bdc60cfa56aaa3f964fbf4,2026-03-20T07:54:07.222069,UNITED_RENTALS,TRUE,2026-03-20T07:54:07.222069,9999-12-31T00:00:00
CU-020366,Ross-Murray,Alexander,Wheeler,richard96@parks-sanchez.com,001-333-670-0715x80097,633 Javier Forge,Tampa,FL,04514,27.879997,-82.407917,EVENTS,B,ACTIVE,131325.08,370458.8,UR_CUSTOMERS,6bb84908e1c27fa7ea18cf42c4698143cd58f7c1be6d6c9ff22064c1cff4f4d8,2026-03-20T07:54:07.222297,UNITED_RENTALS,TRUE,2026-03-20T07:54:07.222298,9999-12-31T00:00:00
CU-020367,Indianapolis School District,Lauren,Sullivan,scarter@steele.com,775.490.9722,545 Duarte Creek Apt. 919,Indianapolis,IN,55660,39.789277,-86.137305,GOVERNMENT,C,SUSPENDED,46289.65,255563.06,UR_CUSTOMERS,ebf70b10768258290adefc64dabfa399799488fd0d7807276afc8f8f2c8b3346,2026-03-20T07:54:07.222507,UNITED_RENTALS,TRUE,2026-03-20T07:54:07.222508,9999-12-31T00:00:00
CU-020368,UT Energy Co,Kimberly,Maynard,april23@simpson-castro.com,+1-273-269-3238,364 Diaz Inlet Suite 648,Salt Lake City,UT,56957,40.778151,-111.831254,UTILITY,D,SUSPENDED,6406.32,43178.34,UR_CUSTOMERS,82f19dee29f9e660f279d02038f7bc64707c05fb6fe5437caf2e360a615d5fae,2026-03-20T07:54:07.222684,UNITED_RENTALS,TRUE,2026-03-20T07:54:07.222685,9999-12-31T00:00:00
CU-020369,"Mendoza, Joseph and Garcia",Jerry,Wang,benjaminperez@cook-zamora.org,376.601.4584x081,57281 Dawson Squares Suite 116,Richmond,VA,71150,37.608086,-77.468425,RESIDENTIAL,C,ACTIVE,64449.71,497827.91,UR_CUSTOMERS,d3e4c3d2c759ebb2df7005593938866a5f9277c27234928888e7029f12bc423a,2026-03-20T07:54:07.222973,UNITED_RENTALS,TRUE,2026-03-20T07:54:07.222973,9999-12-31T00:00:00
CU-020370,Wilson-Parker,Samantha,Heath,hjones@jackson.com,954-965-4268x36843,0344 Campbell Junction,Minneapolis,MN,74766,44.964408,-93.205798,EVENTS,C,ACTIVE,35489.27,210273.42,UR_CUSTOMERS,a3adb0eeb34b023efc3f4a3c2005e3da97485e9ff83a3aeb96b2f7bec3723e1e,2026-03-20T07:54:07.223239,UNITED_RENTALS,TRUE,2026-03-20T07:54:07.223239,9999-12-31T00:00:00
CU-020371,Gomez Contracting,Robert,Coleman,halladam@davis.com,(472)338-6974,368 Amanda Shoals Apt. 957,Detroit,MI,03315,42.372644,-83.021961,CONSTRUCTION,B,SUSPENDED,64481.0,466211.96,UR_CUSTOMERS,a7ae80651ac8132715ad5e2d8ed89ad512476c3beddc93351dbfee4518a9f675,2026-03-20T07:54:07.223438,UNITED_RENTALS,TRUE,2026-03-20T07:54:07.223439,9999-12-31T00:00:00
CU-020372,Whitney Pipeline,Brenda,Green,russellsamantha@johnson-wilson.com,(840)434-8484x37700,595 Kevin Falls Suite 449,Baltimore,MD,98653,39.256454,-76.676965,OIL_AND_GAS,C,ACTIVE,15616.23,113376.12,UR_CUSTOMERS,bf536304285b8b657ae6105c21b4f951f6e5e46a75d4c316b03c1439f4b84393,2026-03-20T07:54:07.223657,UNITED_RENTALS,TRUE,2026-03-20T07:54:07.223658,9999-12-31T00:00:00
CU-020373,Hughes Contracting,Barbara,Carter,pollardkaren@kirby-wolfe.com,(627)952-8001x61734,592 Lawrence Crest Suite 383,Sacramento,CA,21774,38.642831,-121.531878,CONSTRUCTION,D,ACTIVE,7653.66,455323.42,UR_CUSTOMERS,cdb3e845bef7ff0f2e10a6af915502c888e6f497c1956de94e09bc8e3c517287,2026-03-20T07:54:07.223885,UNITED_RENTALS,TRUE,2026-03-20T07:54:07.223885,9999-12-31T00:00:00
CU-020374,Henderson Energy,Regina,Robertson,rhiggins@phelps.info,+1-512-294-5761,484 Holly Walk Suite 235,Phoenix,AZ,94038,33.476277,-112.073902,OIL_AND_GAS,B,ACTIVE,130303.72,166352.98,UR_CUSTOMERS,9e6e1584c6794ad0da960f13abed3e05de4170d6f3624270e40595c7fbfd3066,2026-03-20T07:54:07.224108,UNITED_RENTALS,TRUE,2026-03-20T07:54:07.224109,9999-12-31T00:00:00
CU-020375,Bell Builders,Edward,Davies,daniellewebb@nichols.biz,+1-379-381-3026x56477,821 Moyer Spring Suite 107,Sacramento,CA,95884,38.608264,-121.558913,CONSTRUCTION,C,ACTIVE,55072.1,255917.35,UR_CUSTOMERS,94f0efbf5c4c75585d8a8f6ec4b9ecb9ce55ff033208bdc2d331b8896454ea0e,2026-03-20T07:54:07.224372,UNITED_RENTALS,TRUE,2026-03-20T07:54:07.224372,9999-12-31T00:00:00
CU-020376,"Martinez, Zhang and Wilson",Kevin,Morales,patrick11@chase.info,(942)647-3885x237,0078 Cynthia Junctions Apt. 251,New York,NY,21056,40.676881,-73.933848,MINING,C,ACTIVE,31148.33,480981.24,UR_CUSTOMERS,50c635d67d0a7741a33c69d25359220d42c2b8fc17665c234c1c79ed17c3c789,2026-03-20T07:54:07.224653,UNITED_RENTALS,TRUE,2026-03-20T07:54:07.224654,9999-12-31T00:00:00
CU-020377,Potter Ltd,Kelli,Clayton,karisullivan@bonilla.biz,(602)886-5383x95716,00370 Sergio Valleys,Las Vegas,NV,32740,36.113242,-115.159123,MINING,C,ACTIVE,79736.97,459125.22,UR_CUSTOMERS,ddd6bd3291abc4647e9d9d9a11a3d23d01fa0e70d16ae1a075345ecae0e99474,2026-03-20T07:54:07.224910,UNITED_RENTALS,TRUE,2026-03-20T07:54:07.224911,9999-12-31T00:00:00
CU-020378,Meyer-Brown,Crystal,Walton,tellison@walton-crosby.com,(607)409-8348,4876 Christina Key Apt. 744,Tulsa,OK,45106,36.124417,-95.935071,RESIDENTIAL,A,ACTIVE,414663.64,487026.21,UR_CUSTOMERS,ac64f0c6e63dc2b7ca8197b58ea5bf44ec1a428220a813d10e458f24eb7a3beb,2026-03-20T07:54:07.225137,UNITED_RENTALS,TRUE,2026-03-20T07:54:07.225137,9999-12-31T00:00:00
CU-020379,MD Electric Co,Randall,Alexander,xruiz@hill.net,279-547-7950,2202 Proctor Locks Apt. 032,Baltimore,MD,97912,39.269855,-76.603329,UTILITY,A,ACTIVE,330128.87,357392.58,UR_CUSTOMERS,c5388f19e811c2a2076966b04828a097382bac8094b922332cfafc2ff0053e9e,2026-03-20T07:54:07.225353,UNITED_RENTALS,TRUE,2026-03-20T07:54:07.225354,9999-12-31T00:00:00
CU-020380,TX Electric Co,Paul,Crane,michael57@allen.com,640.963.5168x522,751 Matthew Point Apt. 799,Houston,TX,03741,29.759815,-95.314796,UTILITY,B,ACTIVE,66572.7,223365.56,UR_CUSTOMERS,4b1c982b2f51d9be117b843532a7b29a7f3603d6178b644e2a12881cf99a8676,2026-03-20T07:54:07.225493,UNITED_RENTALS,TRUE,2026-03-20T07:54:07.225494,9999-12-31T00:00:00
CU-020381,CA Power Co,Bryan,Lindsey,reginaldglass@burke-clark.com,963.434.2285x6283,2259 Curtis Fort,San Diego,CA,30572,32.712999,-117.158984,UTILITY,B,ACTIVE,149885.19,218002.0,UR_CUSTOMERS,b80a5aa2a7f941e972e7003bbf20b6f1ff847863b3f1724a0f5f5d8ac0eaa7b5,2026-03-20T07:54:07.225686,UNITED_RENTALS,TRUE,2026-03-20T07:54:07.225687,9999-12-31T00:00:00
CU-020382,"Ruiz, Wang and Hale",Nicole,Smith,douglas34@harris.com,833-333-1883x845,7804 Robinson Courts,Chicago,IL,78153,41.802436,-87.698968,MINING,A,ACTIVE,316510.29,438861.42,UR_CUSTOMERS,9fefdca33800a702bb1ecf9a0a22795c42c5d5f3a2dc6c9bd70b671ef46dd9a8,2026-03-20T07:54:07.225923,UNITED_RENTALS,TRUE,2026-03-20T07:54:07.225923,9999-12-31T00:00:00
CU-020383,"Owen, May and Watson",Savannah,Byrd,kherring@cruz.biz,455-844-2157x8379,53273 Boyd Lake Apt. 428,Detroit,MI,73389,42.286402,-83.019255,MINING,A,ACTIVE,380384.3,353792.07,UR_CUSTOMERS,06aaebe6d83c2c723e30b78199f4f68206c8cca14e0afdc07f6a919b87408a45,2026-03-20T07:54:07.226212,UNITED_RENTALS,TRUE,2026-03-20T07:54:07.226212,9999-12-31T00:00:00
CU-020384,Jacksonville Parks Dept,Jason,Lang,walkerstephen@harrison.com,+1-731-350-3219x85965,50666 Little Trafficway,Jacksonville,FL,05327,30.288699,-81.600803,GOVERNMENT,C,ACTIVE,97150.01,124678.21,UR_CUSTOMERS,89cf71739c85bdf5b0849608b0c8e9607142f681dc2793ab186028c85dde1ac9,2026-03-20T07:54:07.226447,UNITED_RENTALS,TRUE,2026-03-20T07:54:07.226447,9999-12-31T00:00:00
CU-020385,Powell Contracting,Stephen,Mooney,fbutler@poole-ray.net,(432)989-5910x38524,21559 Allen Springs Suite 439,Houston,TX,89192,29.742953,-95.431388,INFRASTRUCTURE,B,ACTIVE,192899.93,323532.86,UR_CUSTOMERS,5d9460cf3ad42552f3799cc4e530384b7b23b42c520760de17f6fbe3f4faab33,2026-03-20T07:54:07.226655,UNITED_RENTALS,TRUE,2026-03-20T07:54:07.226656,9999-12-31T00:00:00
CU-020386,Perez-Munoz,Christina,Stark,adrian89@flores-manning.biz,(465)331-7087x300,273 Powers Forges,San Diego,CA,90009,32.724757,-117.088614,RESIDENTIAL,A,INACTIVE,299853.57,193044.78,UR_CUSTOMERS,e52df805a205000f572ce58a1ea2c41bd2a3e494b9d4be13648f2e899ba18cd0,2026-03-20T07:54:07.226891,UNITED_RENTALS,TRUE,2026-03-20T07:54:07.226892,9999-12-31T00:00:00
CU-020387,Paul Contracting,Gary,Fitzgerald,tharris@jackson.com,387-249-3916x6019,8866 Julie Fords,Indianapolis,IN,98265,39.748874,-86.233665,CONSTRUCTION,D,ACTIVE,13695.15,344781.47,UR_CUSTOMERS,8c14cfd1a60c352424e1bd2c2e95a0160f29fb5a82ddd1ae89b5d79e46585793,2026-03-20T07:54:07.227071,UNITED_RENTALS,TRUE,2026-03-20T07:54:07.227072,9999-12-31T00:00:00
CU-020388,CT Energy Co,Eric,Collins,jayala@burton.com,+1-354-817-6090x937,581 Justin Terrace Suite 346,Hartford,CT,57560,41.812674,-72.73875,UTILITY,C,ACTIVE,74409.22,289094.21,UR_CUSTOMERS,ce32f618be70b73ae050b85503a21189d313877d7382c2dd68343c3a46a3261f,2026-03-20T07:54:07.227281,UNITED_RENTALS,TRUE,2026-03-20T07:54:07.227282,9999-12-31T00:00:00
CU-020389,Ali Drilling,Mary,Scott,smcguire@ryan.com,001-952-689-0566x5183,1988 Tiffany Harbor Apt. 450,Portland,OR,79960,45.503957,-122.697314,OIL_AND_GAS,A,ACTIVE,242650.63,336695.2,UR_CUSTOMERS,ac21f0dee2e97eb907c2c0ae20fa4d5884b20c3584649bb93c223bfd16516065,2026-03-20T07:54:07.227466,UNITED_RENTALS,TRUE,2026-03-20T07:54:07.227466,9999-12-31T00:00:00
CU-020390,Romero-Montgomery,Wesley,Foster,brian30@valencia.biz,769-424-3435x486,15603 Brown Pike,Las Vegas,NV,72053,36.179353,-115.079826,INDUSTRIAL,B,SUSPENDED,172174.56,153902.45,UR_CUSTOMERS,12e8810757bdea5e953426027a86c7284439c24b5082906717e231fa30ac5362,2026-03-20T07:54:07.227728,UNITED_RENTALS,TRUE,2026-03-20T07:54:07.227729,9999-12-31T00:00:00
CU-020391,Williams Energy,Mark,Collins,patrick04@lang.info,276-591-1612x215,558 Mckinney Station Apt. 900,Raleigh,NC,40176,35.710096,-78.69163,OIL_AND_GAS,A,ACTIVE,430854.6,196661.2,UR_CUSTOMERS,deeea9b0bb8e448eefc1b7689dd46df1aa8d3639e2900401a9f133225ccd6337,2026-03-20T07:54:07.227965,UNITED_RENTALS,TRUE,2026-03-20T07:54:07.227966,9999-12-31T00:00:00
CU-020392,Edwards PLC,Jeffrey,Robinson,meganperry@stanley.net,450-602-9573x80101,1815 Paul Shoal Apt. 949,Newark,NJ,74976,40.763968,-74.231531,EVENTS,D,ACTIVE,21290.12,84166.35,UR_CUSTOMERS,de7231835d22f60f5a2604719efe1c6473df01c5efa605c008bda2948745b747,2026-03-20T07:54:07.228216,UNITED_RENTALS,TRUE,2026-03-20T07:54:07.228217,9999-12-31T00:00:00
CU-020393,"Wilson, Gentry and Garrett",Jennifer,Johnson,matthew91@hess.org,(487)518-6717x08049,507 Caroline Corner,Miami,FL,20646,25.808129,-80.171865,INDUSTRIAL,C,ACTIVE,29109.75,230058.09,UR_CUSTOMERS,178513a62a0b7739b5e2f6a8b37cb53cc06c4c57cd16905cfae2d9f72f0ae2da,2026-03-20T07:54:07.228496,UNITED_RENTALS,TRUE,2026-03-20T07:54:07.228497,9999-12-31T00:00:00
CU-020394,Estes Development,Jeffrey,Hess,farmerjoshua@martin-taylor.org,001-440-903-7177x58856,066 Carlos Falls Suite 203,Boston,MA,08305,42.317685,-71.113345,CONSTRUCTION,A,INACTIVE,302250.42,224725.16,UR_CUSTOMERS,1b03a3feca10d774a72f109afa774c39015c6ffa6d300b47549e4da080ec78c8,2026-03-20T07:54:07.228720,UNITED_RENTALS,TRUE,2026-03-20T07:54:07.228720,9999-12-31T00:00:00
CU-020395,Vargas-Greer,Sherry,Jordan,knunez@wilson.com,+1-718-711-2399x3302,206 Jeffrey Turnpike Suite 596,Cincinnati,OH,73242,39.141919,-84.518141,MINING,A,ACTIVE,396794.58,346753.96,UR_CUSTOMERS,08f44652a22d641a612940856e626efb87a6f6ae5ae9ea1569427d65182fe023,2026-03-20T07:54:07.228936,UNITED_RENTALS,TRUE,2026-03-20T07:54:07.228936,9999-12-31T00:00:00
CU-020396,"Watts, Haynes and Davies",Lisa,Singleton,kschultz@dalton-williams.com,(305)821-1203x608,80446 Nancy Squares Apt. 971,Indianapolis,IN,34141,39.782847,-86.188817,INDUSTRIAL,A,ACTIVE,291504.25,484375.17,UR_CUSTOMERS,6fc3685872db8b8bc1f72565d2a4106567982e8e110f303dcab7e000a9704ec8,2026-03-20T07:54:07.229193,UNITED_RENTALS,TRUE,2026-03-20T07:54:07.229193,9999-12-31T00:00:00
CU-020397,St. Louis County,Benjamin,Schroeder,joshuaelliott@ramirez-hutchinson.com,(509)758-0627x4566,4294 Kevin Shores,St. Louis,MO,81590,38.608642,-90.185896,GOVERNMENT,A,ACTIVE,177330.39,122134.51,UR_CUSTOMERS,4e29f3e7946a999707ea9c32528f8b7a3aaa77b9536b8d311b9c240e4395b42c,2026-03-20T07:54:07.229396,UNITED_RENTALS,TRUE,2026-03-20T07:54:07.229397,9999-12-31T00:00:00
CU-020398,"Smith, Oliver and Gibson",Michele,Santos,mwhite@juarez.biz,+1-819-353-0164x728,6859 Dennis Tunnel Suite 297,Boston,MA,51368,42.436071,-71.021788,EVENTS,C,ACTIVE,74268.57,71892.12,UR_CUSTOMERS,87dd9eb32de4e771ddac6ae458404cb57b6b2244a8707adf93c8efc1687ed424,2026-03-20T07:54:07.229679,UNITED_RENTALS,TRUE,2026-03-20T07:54:07.229679,9999-12-31T00:00:00
CU-020399,TX Gas Co,Christopher,Blake,utaylor@ross.org,924.968.9670x16562,21572 Christopher Drive Suite 242,Dallas,TX,27118,32.796165,-96.836099,UTILITY,D,ACTIVE,15190.4,499052.71,UR_CUSTOMERS,a3c71bc2952253a7f0fd58cde1d996b64079bab66ffd56280eff2d7e3ccc94d4,2026-03-20T07:54:07.229891,UNITED_RENTALS,TRUE,2026-03-20T07:54:07.229892,9999-12-31T00:00:00
CU-020400,Hartford County,Matthew,Peterson,aguerra@morris.com,+1-561-772-1505x205,31845 Smith Ridge,Hartford,CT,82247,41.806181,-72.635574,GOVERNMENT,C,ACTIVE,89288.49,266315.76,UR_CUSTOMERS,c05be02e9ae105fe73f50721571a805fb6b852b50a5081dcad992308ff7e5d98,2026-03-20T07:54:07.230096,UNITED_RENTALS,TRUE,2026-03-20T07:54:07.230096,9999-12-31T00:00:00
CU-020401,Roberts and Sons,John,Martinez,smithchristopher@morse.com,531-941-4087x834,824 Katelyn Court Apt. 682,Phoenix,AZ,30396,33.485924,-112.005563,INDUSTRIAL,A,ACTIVE,239114.7,54272.09,UR_CUSTOMERS,8e76e21b954103691d488d41e3102c22f6745859be5dce052e826c017b1048c9,2026-03-20T07:54:07.230305,UNITED_RENTALS,TRUE,2026-03-20T07:54:07.230306,9999-12-31T00:00:00
CU-020402,Robinson PLC,Shelby,Glenn,shawdenise@brock.biz,(542)765-7896,774 Camacho Mall Apt. 488,Richmond,VA,70386,37.568076,-77.404074,INDUSTRIAL,A,ACTIVE,476773.42,349774.86,UR_CUSTOMERS,9f530f819f3d9c00851af764650af35e7c9066faf00266a0aa6476d4d681e7d0,2026-03-20T07:54:07.230511,UNITED_RENTALS,TRUE,2026-03-20T07:54:07.230512,9999-12-31T00:00:00
CU-020403,Gonzalez Group,Madison,Hernandez,kenneth22@morris.info,482.980.5034x55388,47676 Herman Station,Austin,TX,06302,30.286474,-97.741239,MINING,C,ACTIVE,21223.53,109594.22,UR_CUSTOMERS,7f1dd00669deaed3a2c405906dd3375f7bb89f931da286f8a9ae2058d0253b0a,2026-03-20T07:54:07.230750,UNITED_RENTALS,TRUE,2026-03-20T07:54:07.230751,9999-12-31T00:00:00
CU-020404,Patel Builders,Amber,Booker,manuel87@sharp.com,+1-475-831-3685x9315,07414 Robinson Roads,Dallas,TX,16463,32.715451,-96.860385,INFRASTRUCTURE,A,ACTIVE,477830.71,276890.77,UR_CUSTOMERS,3a3076af3a0d7658211fd79383e0f1f903cf675762d5d664d4cb3b7073c9bfc8,2026-03-20T07:54:07.230933,UNITED_RENTALS,TRUE,2026-03-20T07:54:07.230934,9999-12-31T00:00:00
CU-020405,Trujillo Inc,Joshua,Mitchell,brittanycamacho@velazquez-gomez.info,543-631-9971x1533,96970 Anthony Cape Apt. 434,Pittsburgh,PA,40022,40.451797,-79.934288,EVENTS,B,ACTIVE,140162.14,412413.39,UR_CUSTOMERS,a820c657ca2f6d19afca823edafcb253aa7acdc31aa96b3a0a4e34fabab771bf,2026-03-20T07:54:07.231153,UNITED_RENTALS,TRUE,2026-03-20T07:54:07.231154,9999-12-31T00:00:00
CU-020406,"Greene, Diaz and Dawson",Jacqueline,Cervantes,usims@mills.net,(802)515-9927x9437,4903 David Expressway,Raleigh,NC,24908,35.796355,-78.617356,EVENTS,C,ACTIVE,94734.33,406821.62,UR_CUSTOMERS,42ba5f68ba88619b0a944e4f67b5a6c6e365db3770e2557ee7cfb57eaa220bb2,2026-03-20T07:54:07.231446,UNITED_RENTALS,TRUE,2026-03-20T07:54:07.231447,9999-12-31T00:00:00
CU-020407,Perez Construction,Carolyn,Baker,noblescott@hayes-jennings.com,001-283-568-7477x7407,6560 Emily Mission Suite 228,Boston,MA,20771,42.411735,-71.057274,INFRASTRUCTURE,C,ACTIVE,46631.24,460345.72,UR_CUSTOMERS,f187ae5dc516125c81c12b82863e4ae15b0d01055f7b67558c282e70e63d26fd,2026-03-20T07:54:07.231666,UNITED_RENTALS,TRUE,2026-03-20T07:54:07.231667,9999-12-31T00:00:00
CU-020408,Grimes and Sons,Kristin,Newman,davidcalderon@trevino.biz,+1-527-584-7264,45969 Eileen Camp,Denver,CO,53230,39.701755,-105.037671,INDUSTRIAL,B,ACTIVE,199541.32,404759.79,UR_CUSTOMERS,a77a7b3d4cc98a216d51c526e364354e87c300f72c66dc132af7026c1052b140,2026-03-20T07:54:07.231870,UNITED_RENTALS,TRUE,2026-03-20T07:54:07.231870,9999-12-31T00:00:00
CU-020409,Morales Petroleum,Tammy,Johnson,amy31@harris.com,658.849.8118,24210 Curry Mountain Apt. 704,Seattle,WA,73784,47.565903,-122.261282,OIL_AND_GAS,D,ACTIVE,16221.16,184359.22,UR_CUSTOMERS,dc66956a8fcf4c0325774aa6fee0e44490e07030435a4f66d4f05a32329dae32,2026-03-20T07:54:07.232052,UNITED_RENTALS,TRUE,2026-03-20T07:54:07.232053,9999-12-31T00:00:00
CU-020410,"Swanson, Perez and Bennett",Connie,Rice,norrisjessica@bailey.net,+1-859-542-1937x9313,9727 Murray Pike Suite 775,Portland,OR,74944,45.507806,-122.653461,EVENTS,D,ACTIVE,13712.74,22919.37,UR_CUSTOMERS,99988d170afe512230b87c2f7940d64470117f4b8e2c6811f2f073d8d9cd0937,2026-03-20T07:54:07.232405,UNITED_RENTALS,TRUE,2026-03-20T07:54:07.232407,9999-12-31T00:00:00
CU-020411,Ward PLC,Ronald,Clark,christopher49@richards.net,5882426723,1500 Charles Fork Apt. 548,Austin,TX,00530,30.195436,-97.778384,EVENTS,B,ACTIVE,91006.57,464396.6,UR_CUSTOMERS,964143d7a74b0049362b60b66a12812b1c49cb6186261c9a80f16f8c25c4d570,2026-03-20T07:54:07.232590,UNITED_RENTALS,TRUE,2026-03-20T07:54:07.232591,9999-12-31T00:00:00
CU-020412,Campbell-Curry,Robert,King,katherinegreen@munoz.net,(516)247-9049x9157,9967 Paul Falls Apt. 961,Cincinnati,OH,06406,39.124497,-84.530947,EVENTS,C,ACTIVE,12542.92,364156.69,UR_CUSTOMERS,c881fab52724fe1147f458063783e17e898cd326b42ea81722be28c48068e793,2026-03-20T07:54:07.232868,UNITED_RENTALS,TRUE,2026-03-20T07:54:07.232869,9999-12-31T00:00:00
CU-020413,Owen Development,Kathleen,Ellis,rtorres@brown.biz,001-797-724-5971,327 Smith Crescent Suite 491,Sacramento,CA,61651,38.524838,-121.567934,INFRASTRUCTURE,A,ACTIVE,249056.86,491930.43,UR_CUSTOMERS,f231431cb2d8286c4bdb573ccf6fe9c525430ad7ac8fab4721e9d4695b051605,2026-03-20T07:54:07.233054,UNITED_RENTALS,TRUE,2026-03-20T07:54:07.233055,9999-12-31T00:00:00
CU-020414,Miami Parks Dept,Erica,Harris,jessicahorn@montoya.biz,556.788.8861x08597,9433 Hill Parks Apt. 263,Miami,FL,20211,25.687616,-80.223612,GOVERNMENT,B,ACTIVE,136485.84,388857.61,UR_CUSTOMERS,f485e1421b4fb887a7a9dc79341e25b45dccbcbab8b0582cfe812dab25866130,2026-03-20T07:54:07.233231,UNITED_RENTALS,TRUE,2026-03-20T07:54:07.233231,9999-12-31T00:00:00
CU-020415,Burns Petroleum,Mary,Barrett,brooke45@wallace.com,001-647-715-5347,240 Allen Park,Jacksonville,FL,22737,30.349288,-81.718458,OIL_AND_GAS,B,INACTIVE,108746.56,383492.09,UR_CUSTOMERS,a3b1a75d41dbab98366dc9541df7235b1606d76406f952635530c2ea2b16f514,2026-03-20T07:54:07.233454,UNITED_RENTALS,TRUE,2026-03-20T07:54:07.233455,9999-12-31T00:00:00
CU-020416,Burke Energy,Adam,Hardy,oedwards@hanson.info,(748)807-8053x833,91369 Turner Streets,Houston,TX,69295,29.805236,-95.316216,OIL_AND_GAS,A,ACTIVE,200858.93,173489.92,UR_CUSTOMERS,59f7f12fd2bb3ec3c3ce7f3d3d7c9382e6cc94eed13c2eb6174e7ecb8833426a,2026-03-20T07:54:07.233687,UNITED_RENTALS,TRUE,2026-03-20T07:54:07.233688,9999-12-31T00:00:00
CU-020417,OH Power Co,Brad,Ellison,wellsstephen@ponce.com,(706)532-4051x026,963 Patricia Locks Suite 464,Columbus,OH,91157,39.97187,-82.937396,UTILITY,B,ACTIVE,163328.07,454011.74,UR_CUSTOMERS,6e0d3a1c7d6e5dc5d29695921283c2a99d9b916dec5bcdf74649ce2a82799a5b,2026-03-20T07:54:07.233854,UNITED_RENTALS,TRUE,2026-03-20T07:54:07.233855,9999-12-31T00:00:00
CU-020418,Shields-Reese,John,Rosales,rebeccagonzalez@harvey.com,8942101027,195 Peter Path Suite 977,Raleigh,NC,74659,35.80878,-78.708887,RESIDENTIAL,A,ACTIVE,128671.72,239605.03,UR_CUSTOMERS,ce08beff493e69b837128bba02e7a583c810fdcab6a405344ed5f07678996f00,2026-03-20T07:54:07.234124,UNITED_RENTALS,TRUE,2026-03-20T07:54:07.234125,9999-12-31T00:00:00
CU-020419,Schultz Pipeline,James,Gonzalez,michellejohnson@baker.com,254.478.9350x526,68756 Brown Corner Apt. 292,Sacramento,CA,31847,38.653972,-121.527779,OIL_AND_GAS,C,ACTIVE,45008.85,262115.74,UR_CUSTOMERS,cd158a1e30309c28c343a6d904d745fb6fde87eee519f9c2c84c3743d4353b87,2026-03-20T07:54:07.234326,UNITED_RENTALS,TRUE,2026-03-20T07:54:07.234327,9999-12-31T00:00:00
CU-020420,Ware Engineering,Raymond,Davis,ashleyanderson@murray-cox.org,341.233.7687x05807,510 Adams Park Apt. 783,Columbus,OH,70997,40.009337,-82.964843,CONSTRUCTION,B,ACTIVE,57370.46,26410.76,UR_CUSTOMERS,40e0ac83a675f62b089d11281a10b3ea8402ad042a99aee3b44f9107e203902c,2026-03-20T07:54:07.234552,UNITED_RENTALS,TRUE,2026-03-20T07:54:07.234553,9999-12-31T00:00:00
CU-020421,"Brewer, Alexander and Cross",William,Gonzalez,perezzachary@ford-reynolds.com,+1-340-944-9272x80903,643 Ronnie Summit,Atlanta,GA,68561,33.671269,-84.439856,INDUSTRIAL,A,ACTIVE,430503.05,173000.91,UR_CUSTOMERS,318525c7ebfc6fb6f822a007532f9c12c79d54314ba24e5ad29973fb24edde08,2026-03-20T07:54:07.234841,UNITED_RENTALS,TRUE,2026-03-20T07:54:07.234842,9999-12-31T00:00:00
CU-020422,Nguyen Energy,Claudia,Poole,victoria08@hopkins.org,703.420.7560,901 Moore Village Apt. 299,Sacramento,CA,86798,38.557721,-121.520842,OIL_AND_GAS,B,ACTIVE,76663.16,381426.22,UR_CUSTOMERS,c84d91beb865bd956169b16ab70512c5d7a74c362501b935949313d13c098519,2026-03-20T07:54:07.235076,UNITED_RENTALS,TRUE,2026-03-20T07:54:07.235077,9999-12-31T00:00:00
CU-020423,Dean Engineering,Patrick,Robinson,reneehoward@gomez-costa.com,9795915402,12953 Angela Islands,Dallas,TX,01074,32.742892,-96.807415,CONSTRUCTION,B,ACTIVE,90699.71,259507.2,UR_CUSTOMERS,1a37c1b32079ccedb9d0277aeb94bdbedb8701ad78e4e8b5a241e5db5171df9d,2026-03-20T07:54:07.235290,UNITED_RENTALS,TRUE,2026-03-20T07:54:07.235291,9999-12-31T00:00:00
CU-020424,Carter and Sons,Christian,Meza,hollychang@dickerson.com,781-909-3054x8473,739 Joseph Stravenue Suite 538,Indianapolis,IN,14260,39.802507,-86.174916,EVENTS,B,ACTIVE,129969.04,250393.15,UR_CUSTOMERS,94ef4b5714bd7af282c8a3af287e5b1ce0213d13b696167f84f3529ac27e42fe,2026-03-20T07:54:07.235543,UNITED_RENTALS,TRUE,2026-03-20T07:54:07.235544,9999-12-31T00:00:00
CU-020425,Hodge-Nichols,Todd,Heath,kathyberg@frederick-christian.org,(718)752-5576x881,08196 Kirk Greens,Kansas City,MO,97722,39.09029,-94.574878,MINING,C,ACTIVE,68624.42,398965.06,UR_CUSTOMERS,c9994a8e57d10a92a47de9e27e88fcb735ff8f4a6a50155ab35543d9c683a393,2026-03-20T07:54:07.235820,UNITED_RENTALS,TRUE,2026-03-20T07:54:07.235820,9999-12-31T00:00:00
CU-020426,Shaw Construction,Paul,Leonard,alexis48@campbell.com,001-908-892-4464x0350,5935 Romero Club Apt. 822,San Diego,CA,59042,32.728651,-117.164871,CONSTRUCTION,D,INACTIVE,9680.7,394244.38,UR_CUSTOMERS,0381900ed1b107b6974304e519f5b40461f6b207846e2adf532cff271e67d406,2026-03-20T07:54:07.236056,UNITED_RENTALS,TRUE,2026-03-20T07:54:07.236057,9999-12-31T00:00:00
CU-020427,Gonzales Drilling,Mark,West,fburton@watson-russo.com,212-238-7249x3797,45594 Carroll Street Suite 741,Richmond,VA,57697,37.572679,-77.39386,OIL_AND_GAS,D,ACTIVE,10499.38,221605.77,UR_CUSTOMERS,f427c6ac503a286b41612757c940d830fb29f14a22a3770b6a353884a0e5eb16,2026-03-20T07:54:07.236276,UNITED_RENTALS,TRUE,2026-03-20T07:54:07.236276,9999-12-31T00:00:00
CU-020428,Anderson-Byrd,Matthew,Fisher,vwilson@willis-cooper.com,(376)474-9064,2765 Linda Haven,Detroit,MI,48711,42.400693,-83.035139,RESIDENTIAL,A,ACTIVE,121474.27,172292.35,UR_CUSTOMERS,68b4e4cbff469835d177048e6987eb2ea0e9ef26c1575512a69708ed276815b0,2026-03-20T07:54:07.236514,UNITED_RENTALS,TRUE,2026-03-20T07:54:07.236514,9999-12-31T00:00:00
CU-020429,Steele and Sons,Joshua,Crawford,brownjustin@rogers-allen.com,(759)955-6216x833,8089 Blake Hollow Apt. 086,Boston,MA,94550,42.387639,-71.10698,INDUSTRIAL,B,ACTIVE,196112.1,388671.06,UR_CUSTOMERS,f6c4605c23110832f9443f53e464929517f465f60d046318279e1b597ee4edb7,2026-03-20T07:54:07.236761,UNITED_RENTALS,TRUE,2026-03-20T07:54:07.236761,9999-12-31T00:00:00
CU-020430,Carter Inc,Thomas,Wood,erin85@davis.org,293.736.8609x316,05583 Christopher Land,Richmond,VA,27319,37.535888,-77.494546,INDUSTRIAL,D,ACTIVE,18992.76,313085.92,UR_CUSTOMERS,c4a61742b9e28be838129741d8939b53d1a3320c4935913c6cd2b95db907653d,2026-03-20T07:54:07.236942,UNITED_RENTALS,TRUE,2026-03-20T07:54:07.236943,9999-12-31T00:00:00
CU-020431,Williams Group,Justin,Johnson,ginagross@robinson.org,3205388782,7816 Reynolds Gateway Suite 208,Phoenix,AZ,30986,33.525118,-112.097011,RESIDENTIAL,A,ACTIVE,108099.25,76907.38,UR_CUSTOMERS,9c9d26421dd0be7c20c064ee84e9a1e5a3301b88bbff1dec2409e3866998b471,2026-03-20T07:54:07.237191,UNITED_RENTALS,TRUE,2026-03-20T07:54:07.237192,9999-12-31T00:00:00
CU-020432,Evans Construction,Holly,Lopez,juliasullivan@castillo-hernandez.biz,940-747-8327x9663,877 Nelson Port,Atlanta,GA,22621,33.752315,-84.416822,CONSTRUCTION,B,INACTIVE,107167.0,451908.52,UR_CUSTOMERS,dac45642a0bbaf33c94df5967764f3ef4fccabbf215f311f7a82a8b9ec22b617,2026-03-20T07:54:07.237420,UNITED_RENTALS,TRUE,2026-03-20T07:54:07.237421,9999-12-31T00:00:00
CU-020433,Price-Griffin,Christopher,Randolph,patrick93@jensen.com,866-642-3940x26908,6811 Mary Ports Apt. 324,Jacksonville,FL,50794,30.364632,-81.609182,INDUSTRIAL,A,ACTIVE,350783.58,171533.31,UR_CUSTOMERS,229f4f506b6405c9476100a6399e44f7683db9a9ae0942d3582d01e45ca964e8,2026-03-20T07:54:07.237689,UNITED_RENTALS,TRUE,2026-03-20T07:54:07.237689,9999-12-31T00:00:00
CU-020434,"Henry, Lopez and Williams",Taylor,Hall,brian61@robertson.com,001-785-978-3045x596,578 Hoffman Alley Apt. 551,Los Angeles,CA,96807,34.017211,-118.301134,EVENTS,B,ACTIVE,175857.12,71554.0,UR_CUSTOMERS,bd3a24377b52d95faed754090e28428ac6faaf7d831897dbcf36863edec90eb9,2026-03-20T07:54:07.237935,UNITED_RENTALS,TRUE,2026-03-20T07:54:07.237936,9999-12-31T00:00:00
CU-020435,Rangel Ltd,Kaitlyn,Pearson,danielle94@donaldson.com,205.261.4653x442,18674 Baldwin Way Suite 203,Baltimore,MD,43203,39.273209,-76.610484,INDUSTRIAL,B,ACTIVE,109893.25,372837.81,UR_CUSTOMERS,1752b36efd76968a53ee70474c72753b312788c2d315b6ab0af125f2b7fa00d7,2026-03-20T07:54:07.238109,UNITED_RENTALS,TRUE,2026-03-20T07:54:07.238109,9999-12-31T00:00:00
CU-020436,Welch Inc,Ashley,Rose,ballardrobert@garcia.net,408-914-3229x87663,2338 Aaron Canyon,Philadelphia,PA,98016,39.959915,-75.199951,INDUSTRIAL,C,ACTIVE,74501.13,362860.23,UR_CUSTOMERS,7767fce776d9a6675a404628c720f24cd2c63bc024620fcfd4776ec2a4983d87,2026-03-20T07:54:07.238353,UNITED_RENTALS,TRUE,2026-03-20T07:54:07.238354,9999-12-31T00:00:00
CU-020437,"Gilbert, Jones and Colon",Bradley,Cox,carrierice@stevens-roberson.com,001-265-499-0527,961 Laurie Forge Suite 830,Newark,NJ,41410,40.78716,-74.142213,EVENTS,D,ACTIVE,6591.51,181131.64,UR_CUSTOMERS,88a5bd84b62d49b74ec47fd87d7cf666877b0ad65e650267eba3349aa838b86b,2026-03-20T07:54:07.238641,UNITED_RENTALS,TRUE,2026-03-20T07:54:07.238642,9999-12-31T00:00:00
CU-020438,Burton Group,Jessica,Harmon,david06@smith.com,368-697-4537,20431 Scott Gateway Apt. 266,Newark,NJ,54402,40.75009,-74.168286,RESIDENTIAL,C,ACTIVE,60431.97,74399.94,UR_CUSTOMERS,c1e7e7ee389b9fbbe3e78e326d4ed8c7c6b417d6f3200be98bab76e01155e5eb,2026-03-20T07:54:07.238823,UNITED_RENTALS,TRUE,2026-03-20T07:54:07.238824,9999-12-31T00:00:00
CU-020439,Sanders-Williams,Jeffrey,Morales,vfaulkner@johnson.com,352-267-2036x70275,6870 Riley Island,Austin,TX,61103,30.314463,-97.780997,RESIDENTIAL,A,ACTIVE,278677.78,56690.16,UR_CUSTOMERS,560a33b8bc3a06234642fc5456a00b7d27ae01e7f15799061f1ab898a1d3fa34,2026-03-20T07:54:07.239087,UNITED_RENTALS,TRUE,2026-03-20T07:54:07.239088,9999-12-31T00:00:00
CU-020440,Krueger Petroleum,Kendra,Mata,wolfechristopher@chavez-watts.com,(635)639-3305,65707 Lopez Wall Apt. 830,Seattle,WA,19887,47.571013,-122.257667,OIL_AND_GAS,B,ACTIVE,92833.39,233121.3,UR_CUSTOMERS,c4585705a3e1ed7d6fdeaea6cbaa10224be714c72c63d85c2488477c2df9c7ff,2026-03-20T07:54:07.239328,UNITED_RENTALS,TRUE,2026-03-20T07:54:07.239329,9999-12-31T00:00:00
CU-020441,Thompson-Vega,Robert,Rice,courtney51@johnson.com,548-580-5109x33465,30575 Lee Squares Apt. 098,Minneapolis,MN,37438,44.94006,-93.237123,MINING,A,ACTIVE,469352.14,66343.9,UR_CUSTOMERS,65bdc5339bbc7b5608587e11a40971a54f57d28c5c13844825d19694b7e52aff,2026-03-20T07:54:07.239592,UNITED_RENTALS,TRUE,2026-03-20T07:54:07.239592,9999-12-31T00:00:00
CU-020442,Sullivan LLC,Jesus,Hickman,bowmandwayne@smith-levy.com,301.925.9283x397,8176 Brooks Knoll Apt. 739,San Diego,CA,31824,32.647557,-117.201457,EVENTS,A,ACTIVE,305106.0,343430.83,UR_CUSTOMERS,19d9c63a4667f6167de08450e2c46b27b76b329269765e5a635e469696857dac,2026-03-20T07:54:07.239841,UNITED_RENTALS,TRUE,2026-03-20T07:54:07.239841,9999-12-31T00:00:00
CU-020443,NJ Gas Co,Anthony,Miles,jenningsjennifer@miller.com,617.693.6470,5452 Duncan Ville,Newark,NJ,48815,40.783328,-74.226851,UTILITY,A,ACTIVE,198071.92,343288.95,UR_CUSTOMERS,075827a09f58913e697b9fb17ae3506201742413b2de3b8f2f02c2c5b3fda002,2026-03-20T07:54:07.240068,UNITED_RENTALS,TRUE,2026-03-20T07:54:07.240068,9999-12-31T00:00:00
CU-020444,Smith-Jimenez,Shelby,Reyes,adam46@booth.net,+1-356-322-7192x6026,010 Ryan Alley Apt. 949,Tulsa,OK,00958,36.224344,-96.029424,MINING,B,ACTIVE,174815.08,171430.35,UR_CUSTOMERS,251f7aee1fb3ee6f1964261d28a27ae627d369982d9088bb5ee6d85d2601ef08,2026-03-20T07:54:07.240272,UNITED_RENTALS,TRUE,2026-03-20T07:54:07.240273,9999-12-31T00:00:00
CU-020445,"Jones, Mcdonald and Williams",James,Taylor,hestrada@cooper.net,477.370.1497x268,569 Torres Burgs,Portland,OR,64838,45.448907,-122.695732,EVENTS,D,ACTIVE,9870.94,283922.65,UR_CUSTOMERS,7d79ae3af3fbfa2f72e9baa82aad5ce69f5c7c3219a480305ada2a72c26947a2,2026-03-20T07:54:07.240517,UNITED_RENTALS,TRUE,2026-03-20T07:54:07.240518,9999-12-31T00:00:00
CU-020446,Cole Petroleum,Cynthia,Nixon,peter91@roth.com,456.739.7489,75167 Suarez Stravenue,Philadelphia,PA,69306,39.953518,-75.172919,OIL_AND_GAS,A,ACTIVE,476992.2,361240.07,UR_CUSTOMERS,bcff1e3a782edb4e5577c3a3932d7b5ec694b17bda316b2667f7465bd30c9e44,2026-03-20T07:54:07.240760,UNITED_RENTALS,TRUE,2026-03-20T07:54:07.240760,9999-12-31T00:00:00
CU-020447,Denver County,Robert,Kennedy,amber82@rodriguez.info,577-793-5995x8438,997 Gregory Drive Apt. 193,Denver,CO,08572,39.704439,-105.059446,GOVERNMENT,C,ACTIVE,95568.69,344121.13,UR_CUSTOMERS,e56b191655093075e3289bc4d4a78a9d5aac5a2df25164898526294484c253a2,2026-03-20T07:54:07.240963,UNITED_RENTALS,TRUE,2026-03-20T07:54:07.240964,9999-12-31T00:00:00
CU-020448,"James, King and Bowman",David,James,frodriguez@fisher.com,203.713.8783,287 Hall Isle Suite 262,Salt Lake City,UT,07482,40.76397,-111.917592,MINING,B,ACTIVE,50684.69,341051.83,UR_CUSTOMERS,a85e2d1fe6d969a4f980d7cb2920da0866ecee5508f7edefc1b9554e1dc3862a,2026-03-20T07:54:07.241267,UNITED_RENTALS,TRUE,2026-03-20T07:54:07.241268,9999-12-31T00:00:00
CU-020449,Taylor Pipeline,Emma,Rowe,gking@wilson.com,(599)334-5173x9222,786 Bullock Branch Apt. 947,San Antonio,TX,49459,29.435669,-98.441974,OIL_AND_GAS,B,ACTIVE,78093.96,462155.79,UR_CUSTOMERS,c91e4e4a58aeac420d7a439d3cedc8a2fc8db96475b2654d7d570e085a1bbac1,2026-03-20T07:54:07.241461,UNITED_RENTALS,TRUE,2026-03-20T07:54:07.241462,9999-12-31T00:00:00
CU-020450,Copeland Energy,Dawn,Brown,tammy77@miller.com,+1-243-445-3538x11575,09480 Oscar Squares Suite 756,Raleigh,NC,24939,35.812254,-78.574263,OIL_AND_GAS,C,ACTIVE,63756.94,358715.74,UR_CUSTOMERS,c9e3216b61e27ae708536195829476a9bc2339dcf0571467b7a342db346b1e89,2026-03-20T07:54:07.241688,UNITED_RENTALS,TRUE,2026-03-20T07:54:07.241689,9999-12-31T00:00:00
CU-020451,"Scott, Gonzalez and Garcia",Amanda,Wu,zbray@medina.com,494.941.0104,9354 Danny Alley Apt. 818,Salt Lake City,UT,72026,40.830522,-111.819447,MINING,C,ACTIVE,83184.49,252437.49,UR_CUSTOMERS,84f3996505e6c5b09d1875e6198ceb4e12c8873e389b83f42150b24d341e1eed,2026-03-20T07:54:07.241984,UNITED_RENTALS,TRUE,2026-03-20T07:54:07.241984,9999-12-31T00:00:00
CU-020452,"Mendez, Carr and Hurley",Darlene,Lewis,kathrynhuffman@sanchez.com,248.311.1570x34756,2624 Kerr Haven Suite 202,Salt Lake City,UT,16680,40.83225,-111.859072,EVENTS,D,ACTIVE,22594.75,58522.34,UR_CUSTOMERS,1feafd907f467d59405dae37840b68723eb608c9bde08dff694bc2bcb438441c,2026-03-20T07:54:07.242317,UNITED_RENTALS,TRUE,2026-03-20T07:54:07.242318,9999-12-31T00:00:00
CU-020453,Rivas Petroleum,Matthew,King,sdean@thomas.org,707-617-3434x6609,006 Laura Gateway Apt. 079,Raleigh,NC,47355,35.780736,-78.687652,OIL_AND_GAS,A,ACTIVE,416095.4,79198.18,UR_CUSTOMERS,f0fc5b3ef5cfba926eaed80e90f9b5595e375c2f82ddb2939df5f5059ea535a4,2026-03-20T07:54:07.242500,UNITED_RENTALS,TRUE,2026-03-20T07:54:07.242500,9999-12-31T00:00:00
CU-020454,Houston School District,Daniel,Lee,charleschen@miller.com,317-756-1680x9564,33366 Simon Bridge Apt. 859,Houston,TX,09327,29.820373,-95.301611,GOVERNMENT,B,ACTIVE,182774.69,365048.91,UR_CUSTOMERS,08ed433e49dc216c0c9b62528eb20d17c861458dc861609d5a7a55c58211f987,2026-03-20T07:54:07.242769,UNITED_RENTALS,TRUE,2026-03-20T07:54:07.242770,9999-12-31T00:00:00
CU-020455,Murphy Contracting,Ryan,Blake,andrea79@estrada.info,+1-429-305-2492,142 Gordon Highway,Nashville,TN,14939,36.131521,-86.800487,INFRASTRUCTURE,A,ACTIVE,445799.31,415769.6,UR_CUSTOMERS,d0253bc9228eca41139e5998b78a6aabff5edf6c579549f0bbed6a32e4fb811c,2026-03-20T07:54:07.242978,UNITED_RENTALS,TRUE,2026-03-20T07:54:07.242979,9999-12-31T00:00:00
CU-020456,Smith-Miller,Lisa,Ali,lvalenzuela@carpenter.com,(652)601-2017x40209,888 Powell Road Suite 818,Indianapolis,IN,19752,39.823196,-86.106185,EVENTS,C,ACTIVE,90510.66,291170.45,UR_CUSTOMERS,71a42c2ef7a4c9bc798c2f850f948471610e32fa9b04b523f3a10bb94d729e2a,2026-03-20T07:54:07.243223,UNITED_RENTALS,TRUE,2026-03-20T07:54:07.243224,9999-12-31T00:00:00
CU-020457,Lopez-Lloyd,David,Bates,ueaton@lynn.com,001-291-753-2180x113,15682 Keith Plains,Detroit,MI,33361,42.252581,-83.105383,MINING,A,SUSPENDED,394251.05,116108.44,UR_CUSTOMERS,7513a11f289af6af4ad64d5d5bff06dfb58d1803021397b6d3e86d28be78d7ab,2026-03-20T07:54:07.243472,UNITED_RENTALS,TRUE,2026-03-20T07:54:07.243473,9999-12-31T00:00:00
CU-020458,"Dudley, Acosta and Hernandez",Jessica,Navarro,ralph67@soto.com,(253)942-3867,0429 Denise Roads Suite 667,Richmond,VA,40135,37.475752,-77.468612,MINING,C,ACTIVE,73705.27,100298.8,UR_CUSTOMERS,60d5d4bf7d8eca2e3fffc0464a81c73e952269faeceef1f74d2d9d2c900b55af,2026-03-20T07:54:07.243689,UNITED_RENTALS,TRUE,2026-03-20T07:54:07.243689,9999-12-31T00:00:00
CU-020459,Mata Ltd,Nancy,Grimes,eboyer@cole.com,900-433-0510x9724,2654 Samuel Valleys Apt. 927,Denver,CO,57438,39.67884,-104.924645,EVENTS,A,ACTIVE,467540.2,331701.32,UR_CUSTOMERS,477685f5be30294c18b6e6c06ee86b0bd4e1b6470cd523af149184a02e1d3ee5,2026-03-20T07:54:07.243885,UNITED_RENTALS,TRUE,2026-03-20T07:54:07.243885,9999-12-31T00:00:00
CU-020460,Goodwin Engineering,Stephanie,Mckinney,beverlyflores@robinson.com,+1-828-293-6327,042 Michael Motorway Apt. 189,San Diego,CA,79417,32.683103,-117.236005,INFRASTRUCTURE,B,ACTIVE,135764.21,305427.27,UR_CUSTOMERS,0799c296b1c51bec529c750bf2b86525b4722c96692b83e0e371cbec73d89977,2026-03-20T07:54:07.244096,UNITED_RENTALS,TRUE,2026-03-20T07:54:07.244097,9999-12-31T00:00:00
CU-020461,TX Water Co,Michael,Young,swansonerin@lopez.com,670-650-7077x5088,57686 Martinez Cliffs Apt. 805,Austin,TX,76365,30.297137,-97.76924,UTILITY,A,ACTIVE,225934.87,470144.88,UR_CUSTOMERS,fdeb5abe87c2452e6841807ec7a4406c6feb6213b45a976d3c1d70cfc716f658,2026-03-20T07:54:07.244340,UNITED_RENTALS,TRUE,2026-03-20T07:54:07.244341,9999-12-31T00:00:00
CU-020462,Howard Construction,Cheryl,Morrow,jodi42@mccullough.com,713-330-5915x41963,96745 Emily Wall,Nashville,TN,56716,36.09644,-86.724778,INFRASTRUCTURE,B,ACTIVE,151938.96,318547.64,UR_CUSTOMERS,967816ea9ebf205f11745fac919219b715e84f3efd8b3fae9ff705422a4be3db,2026-03-20T07:54:07.244502,UNITED_RENTALS,TRUE,2026-03-20T07:54:07.244503,9999-12-31T00:00:00
CU-020463,PA Water Co,Jerome,Avila,bendermatthew@king.com,522.334.2678x7032,171 Michael Wall,Pittsburgh,PA,40767,40.506923,-80.051878,UTILITY,A,ACTIVE,114184.97,88534.71,UR_CUSTOMERS,554ef271f02b353f2f30b44f255e1c9cb7c211f40c196b1314df79a760dbfdad,2026-03-20T07:54:07.244665,UNITED_RENTALS,TRUE,2026-03-20T07:54:07.244666,9999-12-31T00:00:00
CU-020464,"Ramos, Fleming and Curry",Natalie,Best,jonesevan@stewart.info,811.449.3310,65940 Jimmy Place,Baltimore,MD,13021,39.327051,-76.66168,RESIDENTIAL,C,ACTIVE,89913.0,34485.55,UR_CUSTOMERS,408e8079942c6db9e0bd754ab3d1092c351b171fed1a55508f9f81c54f56c8f7,2026-03-20T07:54:07.244957,UNITED_RENTALS,TRUE,2026-03-20T07:54:07.244958,9999-12-31T00:00:00
CU-020465,Portland County,William,Smith,xevans@davis.com,324.814.0817x02846,732 Juan Rest Suite 032,Portland,OR,03201,45.500938,-122.601214,GOVERNMENT,B,ACTIVE,173144.93,282380.83,UR_CUSTOMERS,d1d16c056ee4c3b77a884f8a90f02be528131b3926fe5a3a7647d1a7be608aa4,2026-03-20T07:54:07.245155,UNITED_RENTALS,TRUE,2026-03-20T07:54:07.245156,9999-12-31T00:00:00
CU-020466,TX Gas Co,Joshua,Newman,uscott@parker.com,3652100460,31355 Choi Motorway Suite 207,Dallas,TX,19734,32.797069,-96.846783,UTILITY,A,ACTIVE,446515.18,8645.18,UR_CUSTOMERS,99cfc59a7442ae9034406d7a63406006011f4eb8b00b4c7c6ff569730d945464,2026-03-20T07:54:07.245308,UNITED_RENTALS,TRUE,2026-03-20T07:54:07.245309,9999-12-31T00:00:00
CU-020467,Cohen Builders,David,Hall,rodney72@miller.net,001-598-998-7877x67751,123 Amanda Ports Apt. 972,Seattle,WA,05969,47.574168,-122.303074,INFRASTRUCTURE,C,ACTIVE,20904.19,24559.93,UR_CUSTOMERS,d85325e77053eb90c396c2a3c798f9fe748b63713333137ba82317af0a38d0f5,2026-03-20T07:54:07.245547,UNITED_RENTALS,TRUE,2026-03-20T07:54:07.245548,9999-12-31T00:00:00
CU-020468,Hunter-Walker,Joshua,Wilson,luis86@stokes.info,001-334-718-8079x6403,8593 Katrina Plains Suite 362,Houston,TX,04822,29.739759,-95.344765,INDUSTRIAL,A,ACTIVE,211760.1,291487.47,UR_CUSTOMERS,85c213d16cabd06710c921504fc167f4f9c79dd45fb7ce95824c1b84e714fdf0,2026-03-20T07:54:07.245810,UNITED_RENTALS,TRUE,2026-03-20T07:54:07.245811,9999-12-31T00:00:00
CU-020469,Austin County,Michael,Ramirez,carolyn39@west.org,740-563-8567x02071,420 Howard Run Suite 535,Austin,TX,35494,30.328212,-97.779238,GOVERNMENT,C,ACTIVE,85603.27,484320.09,UR_CUSTOMERS,9ff5769f4be125325549fcf174644e8d9308a169c517bb4dc91d7ac0fe6f78b4,2026-03-20T07:54:07.245993,UNITED_RENTALS,TRUE,2026-03-20T07:54:07.245995,9999-12-31T00:00:00
CU-020470,Giles-Atkinson,Shannon,Crosby,sbryant@baxter.com,+1-321-300-7204x0947,6175 Medina Bridge,Atlanta,GA,37134,33.696224,-84.449969,EVENTS,A,ACTIVE,447572.22,373748.69,UR_CUSTOMERS,9d270140eb91f8cdcf46266d42e5e4baeb3c9907dcdef96d54ae6a2e72fe91f7,2026-03-20T07:54:07.246330,UNITED_RENTALS,TRUE,2026-03-20T07:54:07.246331,9999-12-31T00:00:00
CU-020471,UT Electric Co,Cody,Barron,andrea67@boyd.com,(862)944-7049,01877 Jerry Estate,Salt Lake City,UT,43269,40.701144,-111.942377,UTILITY,A,INACTIVE,163229.92,485956.17,UR_CUSTOMERS,ebdd0c6b89e4ffa9f290a504b8ab924cfac55feba44aba0f5fa34548e9f201f6,2026-03-20T07:54:07.246487,UNITED_RENTALS,TRUE,2026-03-20T07:54:07.246488,9999-12-31T00:00:00
CU-020472,Frank-Schwartz,Donna,Walker,forddennis@hopkins-barton.org,+1-974-490-3043x817,9247 Justin Pines Apt. 130,Atlanta,GA,12722,33.771008,-84.446281,RESIDENTIAL,B,ACTIVE,97204.22,444125.51,UR_CUSTOMERS,8cff161caaa785a991bb47455153638bcb6df7c8e1ca25594cd4965a9fea863e,2026-03-20T07:54:07.246740,UNITED_RENTALS,TRUE,2026-03-20T07:54:07.246741,9999-12-31T00:00:00
CU-020473,"Simmons, Levine and Sanchez",John,Cervantes,hannah51@cobb.com,600.234.3743x2567,62512 David View Suite 411,Denver,CO,15383,39.689059,-105.032947,INDUSTRIAL,A,ACTIVE,155000.54,358048.37,UR_CUSTOMERS,ccfc10faae848765e8d0c9365bac7007b219124381f2e2e0ac9bbf0b12e98bc5,2026-03-20T07:54:07.247015,UNITED_RENTALS,TRUE,2026-03-20T07:54:07.247015,9999-12-31T00:00:00
CU-020474,Vargas Energy,Samantha,Johnson,anthonysmith@wright.org,400.852.2144,353 Santiago Island Suite 116,Baltimore,MD,14744,39.332033,-76.596246,OIL_AND_GAS,A,ACTIVE,235784.54,342864.66,UR_CUSTOMERS,e62d3fe5f961f78e9dfc424c23c1b8107b96b99d83bd6e775f78bfff5f254422,2026-03-20T07:54:07.247207,UNITED_RENTALS,TRUE,2026-03-20T07:54:07.247208,9999-12-31T00:00:00
CU-020475,Richmond Contracting,Larry,Duran,joseph26@miller.com,775.282.6829,9940 Lauren Dale,Baltimore,MD,26040,39.290785,-76.644652,CONSTRUCTION,B,ACTIVE,76864.76,432070.37,UR_CUSTOMERS,27e5f376a79b00d2a8fafe1150a294433f0019f8b104582303710bfea06b3f40,2026-03-20T07:54:07.247418,UNITED_RENTALS,TRUE,2026-03-20T07:54:07.247419,9999-12-31T00:00:00
CU-020476,Peters-Watkins,Margaret,Dixon,stacydoyle@cook.com,407-750-7819x73544,7777 Mitchell Harbor,Portland,OR,74621,45.584656,-122.620507,INDUSTRIAL,C,ACTIVE,85659.81,357289.67,UR_CUSTOMERS,1bd7b02cd5e761d0bc373a0b7410702e107d74b5ee462de4d4c076d4f24e8b05,2026-03-20T07:54:07.247684,UNITED_RENTALS,TRUE,2026-03-20T07:54:07.247685,9999-12-31T00:00:00
CU-020477,Baker-Matthews,Austin,Simmons,williamsalan@patel.com,+1-562-775-5377,609 Donald Brooks Suite 072,Minneapolis,MN,47747,44.989163,-93.193977,INDUSTRIAL,B,ACTIVE,180323.93,245328.7,UR_CUSTOMERS,0137b095340d3ea419f4e6629f929f4a4de2df6f4e32efd114c1445811bab6f3,2026-03-20T07:54:07.247956,UNITED_RENTALS,TRUE,2026-03-20T07:54:07.247956,9999-12-31T00:00:00
CU-020478,King Construction,Tiffany,Simon,wwilliams@brown-bass.org,424.770.7926,743 Gina Trail,Chicago,IL,07942,41.902975,-87.573545,CONSTRUCTION,B,ACTIVE,66203.76,141797.27,UR_CUSTOMERS,0afbc18dc8e8f7e69174328b249f53edf94364d963fdd30e7a402b6ba1ab886e,2026-03-20T07:54:07.248149,UNITED_RENTALS,TRUE,2026-03-20T07:54:07.248149,9999-12-31T00:00:00
CU-020479,Anderson Inc,Debra,Hall,john98@green.net,001-852-636-1794,9595 Quinn Wells Apt. 273,Jacksonville,FL,95613,30.362738,-81.575781,INDUSTRIAL,C,ACTIVE,36313.78,472062.14,UR_CUSTOMERS,21925331176d27573b5613a65f5c866e204d8ce17d80cb053577c32dfd1680ac,2026-03-20T07:54:07.248385,UNITED_RENTALS,TRUE,2026-03-20T07:54:07.248385,9999-12-31T00:00:00
CU-020480,New York Parks Dept,Daniel,Mckinney,erin27@rodriguez.com,3239936276,0404 Rogers Lakes Apt. 128,New York,NY,50016,40.763222,-74.020971,GOVERNMENT,B,ACTIVE,107065.85,77093.36,UR_CUSTOMERS,b813ecc364d4e2e5844cfde1f5e93751ac6f6dd43035e0e5151e1ffc2cde3c21,2026-03-20T07:54:07.248575,UNITED_RENTALS,TRUE,2026-03-20T07:54:07.248576,9999-12-31T00:00:00
CU-020481,Hall Engineering,Christopher,Martinez,bellsharon@booth.com,9748595282,4239 Lucas Greens Apt. 373,Boston,MA,96368,42.3812,-71.026014,CONSTRUCTION,B,ACTIVE,165003.79,76818.19,UR_CUSTOMERS,b4aa9c56b11fee3a891d760b21af9d6580cd9d42f5e356fe817b812e4882d139,2026-03-20T07:54:07.248808,UNITED_RENTALS,TRUE,2026-03-20T07:54:07.248809,9999-12-31T00:00:00
CU-020482,Baldwin PLC,Tabitha,Franklin,christophermullen@williams.biz,8778214348,71557 Daniel Burg Suite 208,Salt Lake City,UT,74922,40.70173,-111.813212,RESIDENTIAL,B,ACTIVE,68940.86,372921.86,UR_CUSTOMERS,910a44286bb6a038b19931724bc7adaecd6babcabc65ee37ee792c6c59609f8a,2026-03-20T07:54:07.249005,UNITED_RENTALS,TRUE,2026-03-20T07:54:07.249006,9999-12-31T00:00:00
CU-020483,Hansen Drilling,Cameron,Chavez,ortegaashley@williams-dean.com,773.212.9734x148,759 Alicia Loop,Kansas City,MO,71818,39.136577,-94.559583,OIL_AND_GAS,B,ACTIVE,164284.98,225115.2,UR_CUSTOMERS,f663c68855cecd27c3b7e201e39067a81d93ccfdd07956ba248f3d81e2368ed3,2026-03-20T07:54:07.249245,UNITED_RENTALS,TRUE,2026-03-20T07:54:07.249246,9999-12-31T00:00:00
CU-020484,Moran Development,Aaron,Brown,geraldcastro@woods.com,394.752.3959x60233,1757 James Flat Apt. 888,Hartford,CT,07931,41.838356,-72.654769,INFRASTRUCTURE,C,ACTIVE,73459.61,52975.72,UR_CUSTOMERS,c0bb2cf0a3fec8b0d62b6faf22488583d067f715616644696cb47031df9f091d,2026-03-20T07:54:07.249485,UNITED_RENTALS,TRUE,2026-03-20T07:54:07.249486,9999-12-31T00:00:00
CU-020485,MA Energy Co,Laura,Shields,sheila75@jackson.com,730-907-8867,8509 Andrews Court Suite 504,Boston,MA,81583,42.331488,-71.106557,UTILITY,B,ACTIVE,74761.68,387292.71,UR_CUSTOMERS,c3742a744a86a701bf62a98201601acb578f14cb42618a79a961ca7268782574,2026-03-20T07:54:07.249626,UNITED_RENTALS,TRUE,2026-03-20T07:54:07.249626,9999-12-31T00:00:00
CU-020486,Thompson-Wright,Robert,Carter,landerson@patterson.com,920-843-8450x4621,349 Michele Heights Apt. 667,Sacramento,CA,34109,38.574907,-121.542779,MINING,C,ACTIVE,48279.75,276306.07,UR_CUSTOMERS,c6d5f196f2fc467ce8e14a75f4486df7d825be63c42e6e19d4131d529db8a720,2026-03-20T07:54:07.249878,UNITED_RENTALS,TRUE,2026-03-20T07:54:07.249879,9999-12-31T00:00:00
CU-020487,Alexander Ltd,Anita,Wiley,velliott@villanueva.info,991-510-6672x641,953 Kennedy Cliffs Apt. 493,Los Angeles,CA,14855,34.104593,-118.231802,EVENTS,C,INACTIVE,84285.66,357263.66,UR_CUSTOMERS,92d3ede9196b703148564f336a5a957254d20e9473638b8923aa60904cdc7e2b,2026-03-20T07:54:07.250124,UNITED_RENTALS,TRUE,2026-03-20T07:54:07.250124,9999-12-31T00:00:00
CU-020488,Reynolds Engineering,Joseph,Lowe,saragreen@downs.net,8477040793,756 Valerie Square,Charlotte,NC,77766,35.193326,-80.880203,INFRASTRUCTURE,C,ACTIVE,77524.34,217140.16,UR_CUSTOMERS,a8a1f14a94e438a336b5eb7350bc42475c46aa3ff88bb9f35cbf5f3bc3a4fe6d,2026-03-20T07:54:07.250324,UNITED_RENTALS,TRUE,2026-03-20T07:54:07.250325,9999-12-31T00:00:00
CU-020489,Sherman and Sons,Elizabeth,Fry,terrenceclark@parsons-wilson.com,(772)312-3008x5789,24256 Smith Prairie Apt. 578,Houston,TX,28400,29.731551,-95.440082,EVENTS,B,ACTIVE,114768.99,327976.43,UR_CUSTOMERS,f459d92405105adf72258abd29a82d649e5de2006e61c160e878891eb3eb8483,2026-03-20T07:54:07.250544,UNITED_RENTALS,TRUE,2026-03-20T07:54:07.250545,9999-12-31T00:00:00
CU-020490,FL Energy Co,Richard,Obrien,anthonywinters@jones-kent.com,+1-965-932-9856x8499,706 Angel Groves,Tampa,FL,49958,27.889004,-82.416178,UTILITY,A,ACTIVE,216167.12,415178.52,UR_CUSTOMERS,570c152fe3b16e588c49b078ed1f60cc7f08d4e1726b2bc68f65018b77b5bc3d,2026-03-20T07:54:07.250742,UNITED_RENTALS,TRUE,2026-03-20T07:54:07.250742,9999-12-31T00:00:00
CU-020491,Garcia Development,Joshua,Allen,djohnson@quinn-miller.info,343-768-7163x8762,740 Scott Landing Suite 618,Portland,OR,20062,45.480812,-122.683098,INFRASTRUCTURE,B,ACTIVE,149561.29,220082.65,UR_CUSTOMERS,660fd0448b21f9b68a43f93b4af342509e47eac1c327d8a0640de38cf5afadf3,2026-03-20T07:54:07.250957,UNITED_RENTALS,TRUE,2026-03-20T07:54:07.250958,9999-12-31T00:00:00
CU-020492,Wolf-Ramsey,Kyle,Hill,ohunter@brown.net,472.363.4921x22339,007 Jason Dam Apt. 448,El Paso,TX,34391,31.705193,-106.545183,INDUSTRIAL,C,ACTIVE,56190.52,160240.32,UR_CUSTOMERS,de5e25ef560aa2f86cfe6f01236a0d78cba20670152f166ccccc961ec173842c,2026-03-20T07:54:07.251209,UNITED_RENTALS,TRUE,2026-03-20T07:54:07.251210,9999-12-31T00:00:00
CU-020493,Barnes-Mclean,Timothy,Cox,daniel76@smith-stewart.net,001-839-911-6457,5766 Callahan Orchard Suite 085,Chicago,IL,16979,41.957836,-87.673749,RESIDENTIAL,A,ACTIVE,427260.61,15354.02,UR_CUSTOMERS,5d2fe13477b1b770e287e844e6d2af75555743a560662ea0e0d705edf7bc1fe6,2026-03-20T07:54:07.251447,UNITED_RENTALS,TRUE,2026-03-20T07:54:07.251448,9999-12-31T00:00:00
CU-020494,Smith Pipeline,Emily,Hebert,brendacollins@house-jones.com,9494988782,4422 Ryan Spur Suite 069,Charlotte,NC,22805,35.251387,-80.889603,OIL_AND_GAS,B,ACTIVE,156826.41,455257.07,UR_CUSTOMERS,60ce55045856c90f941c316a41ccfc65716bcaf8af23f2a9fa9d798049f891cd,2026-03-20T07:54:07.251665,UNITED_RENTALS,TRUE,2026-03-20T07:54:07.251666,9999-12-31T00:00:00
CU-020495,"Serrano, Mcdonald and Shelton",Deanna,Reynolds,austin67@torres.com,001-303-521-4303,01118 Barnett Locks,Pittsburgh,PA,46853,40.38504,-79.973074,EVENTS,B,ACTIVE,100703.28,264179.47,UR_CUSTOMERS,6f5140eefd5b192e8260e5fe2bf22420847b9920111bbb9613dcc3e7075b90c9,2026-03-20T07:54:07.251903,UNITED_RENTALS,TRUE,2026-03-20T07:54:07.251903,9999-12-31T00:00:00
CU-020496,Raleigh Water District,John,Schmidt,alexandra55@horton.com,001-961-651-4369,8351 Rosario Plains Apt. 871,Raleigh,NC,86580,35.785538,-78.660895,GOVERNMENT,A,ACTIVE,346442.65,185476.11,UR_CUSTOMERS,d955d59474debacda1baddb168e6f7c550adea739fec8c489c1c78a524e4628c,2026-03-20T07:54:07.252047,UNITED_RENTALS,TRUE,2026-03-20T07:54:07.252048,9999-12-31T00:00:00
CU-020497,Murphy Group,Stephanie,Sloan,pmcpherson@benitez.org,(386)841-7825x601,6947 Padilla Extension,Sacramento,CA,78083,38.613423,-121.450199,MINING,C,ACTIVE,94879.62,129290.78,UR_CUSTOMERS,3cacb93f8f77c900334580b885cabd09ee9b0b1f78c0509f612799ac984ce081,2026-03-20T07:54:07.252293,UNITED_RENTALS,TRUE,2026-03-20T07:54:07.252294,9999-12-31T00:00:00
CU-020498,Indianapolis Parks Dept,James,Solis,derrick85@washington.info,967.399.0102,952 Jacob Shore,Indianapolis,IN,60033,39.815523,-86.117311,GOVERNMENT,C,ACTIVE,43482.72,163486.91,UR_CUSTOMERS,f5cbe1b11211398ddafc9eb4dc78e4f8b9001c85f92c16155b9a6eaa13cbf21e,2026-03-20T07:54:07.252437,UNITED_RENTALS,TRUE,2026-03-20T07:54:07.252438,9999-12-31T00:00:00
CU-020499,Garcia and Sons,David,Dalton,dana90@hill.com,546-722-0165x6633,243 Patrick Islands,Columbus,OH,32034,39.965408,-83.067223,INDUSTRIAL,A,ACTIVE,281090.45,349946.14,UR_CUSTOMERS,31aabdf048d81f56f50d0d8a6faaa02a58334d119e196ecf757dfb5c86d95466,2026-03-20T07:54:07.252660,UNITED_RENTALS,TRUE,2026-03-20T07:54:07.252661,9999-12-31T00:00:00
CU-020500,Indianapolis Water District,Emily,Davis,alexis07@edwards-wyatt.net,614-720-2484x3507,933 Zachary Walk,Indianapolis,IN,77080,39.717799,-86.155914,GOVERNMENT,D,ACTIVE,17712.52,170851.9,UR_CUSTOMERS,1e4c438dc3072bfe6fe82b7d6a315801ff5e5dfea34ee85f3beb18c44eeeaf0e,2026-03-20T07:54:07.252837,UNITED_RENTALS,TRUE,2026-03-20T07:54:07.252837,9999-12-31T00:00:00
CU-020501,"Bentley, Cunningham and Moody",Andrew,Baker,turnerkristin@johnson.com,971.882.3532x773,4761 Martinez Knolls Suite 355,Denver,CO,41131,39.706545,-105.000171,MINING,D,SUSPENDED,23007.02,301832.79,UR_CUSTOMERS,717025f2248b4e36d7c51995a7868cf703da6f2bb5293902cfe5feea8255f7a9,2026-03-20T07:54:07.253092,UNITED_RENTALS,TRUE,2026-03-20T07:54:07.253093,9999-12-31T00:00:00
CU-020502,"Mcintosh, Roberts and Pace",Hector,Price,rrodriguez@carpenter.com,+1-542-570-2150x134,2798 Gordon Heights,Austin,TX,59019,30.231719,-97.685819,RESIDENTIAL,A,ACTIVE,236432.16,285950.28,UR_CUSTOMERS,c27abffa8e68c43b2428f08b7f77d0c06ba4c6c5893fc1368920891d15d89a36,2026-03-20T07:54:07.253340,UNITED_RENTALS,TRUE,2026-03-20T07:54:07.253341,9999-12-31T00:00:00
CU-020503,Lopez-Bush,Marilyn,Jones,carriemunoz@walker.org,927-359-3955,11622 Martha Squares Suite 591,Minneapolis,MN,06511,45.005636,-93.231374,MINING,B,ACTIVE,115140.47,275434.11,UR_CUSTOMERS,55b8f1966d2237fc5ae4bf1884dc1dfa7d113df5bcc0501e08a08b897e9a2b40,2026-03-20T07:54:07.253560,UNITED_RENTALS,TRUE,2026-03-20T07:54:07.253560,9999-12-31T00:00:00
CU-020504,Love LLC,Jake,King,philiproberts@colon.org,(591)742-2007x22768,8087 Barnett Coves,Tampa,FL,07890,27.880759,-82.377597,EVENTS,B,SUSPENDED,157974.43,284028.09,UR_CUSTOMERS,11cb28708d0e59fadec7bd29c0219baac4e6ce071ac2f931719fdf503e22b895,2026-03-20T07:54:07.253781,UNITED_RENTALS,TRUE,2026-03-20T07:54:07.253781,9999-12-31T00:00:00
CU-020505,FL Electric Co,Carolyn,Robinson,jeffery00@williams.com,686-977-5465x86172,44633 Jennifer Viaduct,Tampa,FL,50117,27.889836,-82.391614,UTILITY,A,ACTIVE,450197.72,193665.63,UR_CUSTOMERS,be448b8d2d7e1586710009e80120f9c863493018cb849dc95e9074fcd9d03476,2026-03-20T07:54:07.253988,UNITED_RENTALS,TRUE,2026-03-20T07:54:07.253989,9999-12-31T00:00:00
CU-020506,Wong-Stanton,Elizabeth,Foley,shawna15@goodman-navarro.com,375-973-5185,659 Gentry Lodge Suite 600,Chicago,IL,84461,41.867551,-87.566931,INDUSTRIAL,D,ACTIVE,22958.29,187576.29,UR_CUSTOMERS,d8bdd7f023dd145a9adce79036519e5470ae5f924806a6b4034b6ca28faa12ed,2026-03-20T07:54:07.254222,UNITED_RENTALS,TRUE,2026-03-20T07:54:07.254222,9999-12-31T00:00:00
CU-020507,Dorsey Petroleum,Samantha,Perez,sethedwards@hudson.com,942.710.9222x51455,2376 Williams Cliff,Richmond,VA,37822,37.610277,-77.468735,OIL_AND_GAS,A,ACTIVE,177342.79,163274.2,UR_CUSTOMERS,e07e62e6eb58a3dfdceba9dcb8cc50444505c7b43d34b5d631d242994500d2de,2026-03-20T07:54:07.254435,UNITED_RENTALS,TRUE,2026-03-20T07:54:07.254436,9999-12-31T00:00:00
CU-020508,Walls LLC,Jason,Lopez,ewilliams@tyler.com,001-682-510-9352,95014 Hurst Point,Philadelphia,PA,34619,40.004119,-75.243168,INDUSTRIAL,B,ACTIVE,144434.61,419319.12,UR_CUSTOMERS,303020fcae959a1b4d04f61268eb3eae3750ab2cca94fe2195ab47d511cd9a7e,2026-03-20T07:54:07.254618,UNITED_RENTALS,TRUE,2026-03-20T07:54:07.254619,9999-12-31T00:00:00
CU-020509,Johnson Drilling,Linda,Rhodes,james08@ryan-lewis.com,001-876-879-0078x24466,836 Erin Port Suite 386,St. Louis,MO,66765,38.589342,-90.217016,OIL_AND_GAS,C,ACTIVE,49873.28,109274.21,UR_CUSTOMERS,c42519c576d14ed84516d9a2bcc4d85d4a232ca0bb593f1842a2b372340b3eb4,2026-03-20T07:54:07.254821,UNITED_RENTALS,TRUE,2026-03-20T07:54:07.254821,9999-12-31T00:00:00
CU-020510,Koch Ltd,Michael,Daniel,matthew25@simmons.biz,(492)932-5727x3468,472 Kimberly Springs,Miami,FL,32084,25.790412,-80.173308,EVENTS,A,ACTIVE,247418.95,239909.64,UR_CUSTOMERS,803b3769771ad4e7a832323cc20e8c819963d5ff95ed0b89108d7b9afeb09271,2026-03-20T07:54:07.255038,UNITED_RENTALS,TRUE,2026-03-20T07:54:07.255039,9999-12-31T00:00:00
CU-020511,El Paso County,Jon,King,gbutler@gomez.org,001-961-480-6862x8868,9403 Miller Meadow Suite 613,El Paso,TX,87954,31.701508,-106.433924,GOVERNMENT,B,ACTIVE,172805.31,211004.51,UR_CUSTOMERS,963f7e6ea23fc099dc6badbb4d95e1fb79833c75c1e3333e4c82db98acbab66f,2026-03-20T07:54:07.255202,UNITED_RENTALS,TRUE,2026-03-20T07:54:07.255203,9999-12-31T00:00:00
CU-020512,TX Water Co,Kevin,Williams,heatheryoung@stephens.com,469-534-7691,9398 Christopher Spring Apt. 201,San Antonio,TX,51036,29.346282,-98.53958,UTILITY,B,ACTIVE,101046.38,199055.0,UR_CUSTOMERS,0ce91c18163e24f94b049ffae82779024e219149cda059ff45f0dd75d0209ff3,2026-03-20T07:54:07.255376,UNITED_RENTALS,TRUE,2026-03-20T07:54:07.255377,9999-12-31T00:00:00
CU-020513,Davis LLC,Henry,Smith,johngarcia@robinson.com,(531)340-9821x2702,2012 Munoz Vista Apt. 177,Tulsa,OK,83810,36.141589,-95.941023,INDUSTRIAL,A,ACTIVE,256057.57,116609.65,UR_CUSTOMERS,3a663246645ee9b8dbc68ec66bb0a789f4d6d15be627c6f891dccec31f065029,2026-03-20T07:54:07.255577,UNITED_RENTALS,TRUE,2026-03-20T07:54:07.255578,9999-12-31T00:00:00
CU-020514,Nashville Parks Dept,Luke,Strong,smithadam@douglas.com,965.332.4483x438,54746 Daniel Road Apt. 870,Nashville,TN,17982,36.23137,-86.825344,GOVERNMENT,B,ACTIVE,113464.27,459145.25,UR_CUSTOMERS,653161ee1feb80e0b5df0257a1e93a3bcd57016721424575b8893bf161129e8a,2026-03-20T07:54:07.255752,UNITED_RENTALS,TRUE,2026-03-20T07:54:07.255752,9999-12-31T00:00:00
CU-020515,CO Electric Co,Timothy,Patel,rebeccaanthony@williams.net,3838491232,59324 Amy Dam,Denver,CO,90054,39.688901,-104.98601,UTILITY,B,SUSPENDED,139773.68,145793.98,UR_CUSTOMERS,ea58d99a9f41d522614cc265e770fc1eda2e2adb3686ad8ae219be0410b0ab57,2026-03-20T07:54:07.255926,UNITED_RENTALS,TRUE,2026-03-20T07:54:07.255926,9999-12-31T00:00:00
CU-020516,Tulsa County,Jill,Bell,xcruz@rios.com,431-516-7954,7011 Griffin Creek,Tulsa,OK,15304,36.10853,-95.960884,GOVERNMENT,B,ACTIVE,191110.94,62307.33,UR_CUSTOMERS,cd6d720230a5a4588c00930f3cc8d7bead5809fca5e83a0af58e86fa86a76517,2026-03-20T07:54:07.256077,UNITED_RENTALS,TRUE,2026-03-20T07:54:07.256078,9999-12-31T00:00:00
CU-020517,Benitez-Mcdonald,Maria,Herrera,stephaniesmith@davis-lopez.biz,326-973-0220x994,04053 Charlene Harbors Apt. 050,Los Angeles,CA,59137,34.048659,-118.200099,EVENTS,D,ACTIVE,9294.39,374523.0,UR_CUSTOMERS,60131d1037fd3a6f8eef34225b121b14561a67f1b862676088a72bc2b9af1655,2026-03-20T07:54:07.256335,UNITED_RENTALS,TRUE,2026-03-20T07:54:07.256335,9999-12-31T00:00:00
CU-020518,Morris Builders,Luis,Rose,frank46@griffin-hall.info,646.279.7008x30764,355 Christopher Estates Suite 279,St. Louis,MO,58525,38.634622,-90.168851,CONSTRUCTION,B,SUSPENDED,114230.64,371089.38,UR_CUSTOMERS,fc2a4803235076c16f9e4804c2bfde4af86113f2ed4422a95aa144dadb5eab6c,2026-03-20T07:54:07.256531,UNITED_RENTALS,TRUE,2026-03-20T07:54:07.256532,9999-12-31T00:00:00
CU-020519,Dallas Parks Dept,John,Hardy,annettewilson@payne.com,221-334-0636,0240 Edwards Circles,Dallas,TX,88897,32.783123,-96.731278,GOVERNMENT,C,ACTIVE,71004.68,59003.42,UR_CUSTOMERS,de1dc0de3f49872a2a7aea787324df6be2008b7bf3435f09a65e9fbad9d9b72f,2026-03-20T07:54:07.256767,UNITED_RENTALS,TRUE,2026-03-20T07:54:07.256767,9999-12-31T00:00:00
CU-020520,Harrison Drilling,Jennifer,Nelson,upham@murray.biz,685-279-6886x312,904 Daniels Common Apt. 881,Minneapolis,MN,76201,45.034298,-93.284776,OIL_AND_GAS,B,SUSPENDED,150274.41,188618.62,UR_CUSTOMERS,fb6675f9f9a69bb720f0d6cceb6b48e202f2460d150ebfc07587b64a7f03cabd,2026-03-20T07:54:07.256955,UNITED_RENTALS,TRUE,2026-03-20T07:54:07.256955,9999-12-31T00:00:00
CU-020521,Brown Drilling,David,Shea,lori56@flynn-morales.info,(319)952-4960x17092,5177 David Drives Apt. 804,Tulsa,OK,92771,36.207875,-96.040206,OIL_AND_GAS,B,ACTIVE,181860.67,332308.31,UR_CUSTOMERS,86cf7ec0e909cc1a6339936e81a3aed9439e95d39b5debdbfd3cd907ad7ed1e7,2026-03-20T07:54:07.257163,UNITED_RENTALS,TRUE,2026-03-20T07:54:07.257164,9999-12-31T00:00:00
CU-020522,Galloway Engineering,Susan,Torres,scottsandoval@atkins-chandler.com,+1-959-428-4898x735,99335 Snow Road Apt. 240,Indianapolis,IN,80770,39.753158,-86.215117,INFRASTRUCTURE,C,ACTIVE,65949.33,315549.46,UR_CUSTOMERS,cd6c10adbbab4ed0ed77b63614325140dede7e553706069cc6506f292bcdb8a8,2026-03-20T07:54:07.257403,UNITED_RENTALS,TRUE,2026-03-20T07:54:07.257404,9999-12-31T00:00:00
CU-020523,Johnston Group,Elizabeth,Gonzalez,katie48@adams-byrd.com,001-383-856-5239,2273 Mcpherson Way Apt. 340,Baltimore,MD,51675,39.272365,-76.540547,MINING,A,SUSPENDED,267510.56,119673.21,UR_CUSTOMERS,a91e8c37a511cfaa795763a969ed7a02a8970cbc728755f58c693a4ba948f7bd,2026-03-20T07:54:07.257603,UNITED_RENTALS,TRUE,2026-03-20T07:54:07.257604,9999-12-31T00:00:00
CU-020524,Mccoy Development,Brian,Garcia,rlee@wilson.com,856-434-5263,33570 Hill Lakes Suite 143,San Diego,CA,36007,32.759867,-117.234015,CONSTRUCTION,D,ACTIVE,8175.22,341898.96,UR_CUSTOMERS,8692a95f5a38f23b36cab7045fcc0f9ef6836ff84580d27e7666fe706ecd185a,2026-03-20T07:54:07.257793,UNITED_RENTALS,TRUE,2026-03-20T07:54:07.257794,9999-12-31T00:00:00
CU-020525,Villa-Miller,Daniel,Morgan,kelly95@may-jackson.com,+1-388-342-4638x1512,7924 Roberts Radial Suite 247,Tampa,FL,95979,27.984599,-82.471259,RESIDENTIAL,B,INACTIVE,118930.55,219078.82,UR_CUSTOMERS,2e26b2ce439fd0e2340cf7bdcd4c216edfc1ef9a5472fbfd4598648ebb1524a5,2026-03-20T07:54:07.258025,UNITED_RENTALS,TRUE,2026-03-20T07:54:07.258026,9999-12-31T00:00:00
CU-020526,Morris Ltd,Rebecca,Montgomery,pbrooks@burnett.com,551.245.1834x792,8245 Whitney Burg Apt. 246,Cincinnati,OH,39804,39.089768,-84.587518,MINING,B,ACTIVE,109243.26,473601.76,UR_CUSTOMERS,ce838a24739e84d6e16375f51a1aae441444a96643ff804c31e26e120b15b82a,2026-03-20T07:54:07.258267,UNITED_RENTALS,TRUE,2026-03-20T07:54:07.258268,9999-12-31T00:00:00
CU-020527,Newton PLC,Danielle,Petersen,tcase@garner.com,560-966-9610x696,121 Harper Squares Apt. 650,Charlotte,NC,56172,35.293492,-80.810215,RESIDENTIAL,A,ACTIVE,235741.41,227048.99,UR_CUSTOMERS,5a08ac08c646f6daaad5e89f162fb9436821394b1d9115d8a0168e75318a31aa,2026-03-20T07:54:07.258461,UNITED_RENTALS,TRUE,2026-03-20T07:54:07.258461,9999-12-31T00:00:00
CU-020528,Columbus Parks Dept,Chris,Mejia,lmiller@garcia.com,4239160040,986 Danielle Creek,Columbus,OH,23130,39.954065,-83.035459,GOVERNMENT,D,ACTIVE,8677.36,52700.65,UR_CUSTOMERS,7e92aca30c3aa677a8508ac60d8dfc26c17220cc8cbf5227d67e8ddb32ce2938,2026-03-20T07:54:07.258608,UNITED_RENTALS,TRUE,2026-03-20T07:54:07.258609,9999-12-31T00:00:00
CU-020529,Spencer Inc,Joseph,Miles,donald07@foster.info,942.500.1414x42460,38615 Jackson Squares Suite 994,Seattle,WA,60395,47.621472,-122.264849,INDUSTRIAL,A,INACTIVE,291328.61,404307.53,UR_CUSTOMERS,5af47a9187214ea9bb7f32691f1c8b041904a8c9d025515aebbdc635a63165e4,2026-03-20T07:54:07.258869,UNITED_RENTALS,TRUE,2026-03-20T07:54:07.258870,9999-12-31T00:00:00
CU-020530,Keller-Terry,Jason,Molina,mpark@jackson.info,297.798.3676x0741,481 Smith Harbors,Las Vegas,NV,30632,36.191949,-115.217094,RESIDENTIAL,A,SUSPENDED,188436.62,123306.15,UR_CUSTOMERS,60c415458e7582ea1096d7aa6fe9ec9df1dc295c4dc15594f7d504a3d0e2cf2e,2026-03-20T07:54:07.259129,UNITED_RENTALS,TRUE,2026-03-20T07:54:07.259130,9999-12-31T00:00:00
CU-020531,GA Water Co,Ashley,Hester,teresa60@schmidt.biz,+1-966-709-6354x760,10184 Pedro Shore,Atlanta,GA,18428,33.82411,-84.466486,UTILITY,C,ACTIVE,32360.14,490971.0,UR_CUSTOMERS,b93e582f52030fc98fc0ca6959c6830bcdbf2fb1cd25c002a6bdb170ab6f64de,2026-03-20T07:54:07.259275,UNITED_RENTALS,TRUE,2026-03-20T07:54:07.259276,9999-12-31T00:00:00
CU-020532,Collins-Rios,Robin,Fox,melissareed@brown-bailey.org,+1-735-265-3524x3779,655 Kemp Oval Suite 852,Philadelphia,PA,43788,39.886465,-75.15951,EVENTS,C,ACTIVE,44692.61,201671.58,UR_CUSTOMERS,d1ac948a8ddc7f8d075104278aaed319b193cb18d42c6a1e493c670873b89205,2026-03-20T07:54:07.259537,UNITED_RENTALS,TRUE,2026-03-20T07:54:07.259537,9999-12-31T00:00:00
CU-020533,Jones Contracting,George,Rivera,robert90@keller.com,(479)529-4965,4999 Douglas Viaduct Apt. 854,San Antonio,TX,05487,29.431702,-98.47682,INFRASTRUCTURE,D,ACTIVE,16440.03,36441.05,UR_CUSTOMERS,359c19552075a430aadc1c7dc87b64656b10c7d5057c6690aaceb8eb96e6de35,2026-03-20T07:54:07.259711,UNITED_RENTALS,TRUE,2026-03-20T07:54:07.259712,9999-12-31T00:00:00
CU-020534,Kim Engineering,Brian,Baker,petersonjennifer@campbell.org,001-757-453-8513x9763,1426 Andrew Circle Suite 206,Raleigh,NC,32753,35.793729,-78.578247,CONSTRUCTION,C,ACTIVE,29161.89,347887.78,UR_CUSTOMERS,bd921519666b5898a65deff9ce6caf5007a0f6c5218c3a92de1fe29deefc03df,2026-03-20T07:54:07.259914,UNITED_RENTALS,TRUE,2026-03-20T07:54:07.259914,9999-12-31T00:00:00
CU-020535,Boston County,James,Mcclure,jonescarol@crawford.biz,(893)238-0419x171,30854 Miller Run,Boston,MA,40001,42.403267,-71.123273,GOVERNMENT,C,ACTIVE,45641.31,319784.47,UR_CUSTOMERS,7f2e1344cc9c759e4a37939e6addff8a037058464e7d0c45cc0d57e0d6a37c24,2026-03-20T07:54:07.260145,UNITED_RENTALS,TRUE,2026-03-20T07:54:07.260146,9999-12-31T00:00:00
CU-020536,Barnes Group,Brian,White,mccoysamantha@walker.net,9219093676,3657 Collins Keys Suite 590,Newark,NJ,27767,40.71928,-74.199939,RESIDENTIAL,C,ACTIVE,27443.82,468129.69,UR_CUSTOMERS,75be09a37e3604f8590e505e122485bcc633583d78c6e00d4383b0017393a940,2026-03-20T07:54:07.260359,UNITED_RENTALS,TRUE,2026-03-20T07:54:07.260360,9999-12-31T00:00:00
CU-020537,Wright Contracting,Sydney,Rodriguez,linda43@ingram-bowen.com,5262939553,33135 Larry Shoal,Baltimore,MD,68661,39.336227,-76.609802,CONSTRUCTION,C,INACTIVE,38303.41,327982.86,UR_CUSTOMERS,d5b51637f0ec663878d69902cfd4603f5f70fcdd4158803b44872db6c8144fa1,2026-03-20T07:54:07.260551,UNITED_RENTALS,TRUE,2026-03-20T07:54:07.260552,9999-12-31T00:00:00
CU-020538,Rogers-Floyd,Steven,Thomas,andre26@cruz.com,414-948-7621x64834,02940 Knight Views Suite 252,Detroit,MI,87886,42.328967,-83.041008,EVENTS,C,SUSPENDED,80382.11,425549.17,UR_CUSTOMERS,14019e4dc724c6b9b5237442d4b177ea1755f1a4beaad3adf9909269f42dad6a,2026-03-20T07:54:07.260764,UNITED_RENTALS,TRUE,2026-03-20T07:54:07.260765,9999-12-31T00:00:00
CU-020539,Tampa Parks Dept,Arthur,Perez,william37@tate-martin.net,(684)788-9199,5991 Edwards Viaduct,Tampa,FL,52088,27.944168,-82.404909,GOVERNMENT,A,ACTIVE,339348.88,75431.94,UR_CUSTOMERS,6b6c7c2743f3ca642440f4837701842138f9e76387c2a4a27878eca1f02892ce,2026-03-20T07:54:07.260944,UNITED_RENTALS,TRUE,2026-03-20T07:54:07.260945,9999-12-31T00:00:00
CU-020540,"Cooke, Murillo and Reynolds",Katrina,Thomas,johnsoncharles@jackson-salas.net,(778)255-4701x8977,467 Kaitlyn Ridges,Salt Lake City,UT,89508,40.725804,-111.832849,RESIDENTIAL,B,ACTIVE,90310.55,394783.07,UR_CUSTOMERS,7721de5382939f0873369dc5933f8b955a6a64f1a4eb99d485e75b7799fd3916,2026-03-20T07:54:07.261222,UNITED_RENTALS,TRUE,2026-03-20T07:54:07.261222,9999-12-31T00:00:00
CU-020541,Molina Contracting,Rodney,Thomas,rebecca28@johnson.com,570.673.4603x161,799 Laurie Summit,Portland,OR,12009,45.505524,-122.628922,CONSTRUCTION,C,ACTIVE,96538.02,297767.36,UR_CUSTOMERS,53c790f37f9f91af2359c476706bc1c9dfd1d8af55b72bc592a6adca416bedb1,2026-03-20T07:54:07.261448,UNITED_RENTALS,TRUE,2026-03-20T07:54:07.261449,9999-12-31T00:00:00
CU-020542,CA Power Co,Paul,Adams,lmorris@reed-holland.net,001-832-386-7851x506,7155 Byrd Common Suite 689,San Diego,CA,40021,32.758321,-117.129078,UTILITY,B,ACTIVE,116781.7,261217.58,UR_CUSTOMERS,29d19479dab6081832c525d2f8d68b006e805079b3c8a7f7358abd23f47f012c,2026-03-20T07:54:07.261634,UNITED_RENTALS,TRUE,2026-03-20T07:54:07.261635,9999-12-31T00:00:00
CU-020543,IN Water Co,Tina,Knight,pvilla@king-fowler.com,001-755-816-1133,24518 Nathaniel Rest,Indianapolis,IN,53465,39.757929,-86.23058,UTILITY,B,ACTIVE,127530.33,46480.94,UR_CUSTOMERS,85d92431e5d385c0c6ab9d04d0e92044e88daa0fbfb3ce103af6b522ebfb2bd2,2026-03-20T07:54:07.261814,UNITED_RENTALS,TRUE,2026-03-20T07:54:07.261815,9999-12-31T00:00:00
CU-020544,Watkins Inc,Stacy,Davidson,cberger@mcclain.biz,001-878-548-7989,630 Martin Road,Raleigh,NC,07179,35.769271,-78.577541,MINING,B,SUSPENDED,86352.52,378322.5,UR_CUSTOMERS,21e54952e6814b14361167c27425126de34fda7a46e816cf52ba9fa2980d0cc3,2026-03-20T07:54:07.262053,UNITED_RENTALS,TRUE,2026-03-20T07:54:07.262053,9999-12-31T00:00:00
CU-020545,Erickson-Price,Nancy,Hays,kathleencervantes@miller.com,(574)369-0176,863 Ferrell Run,Raleigh,NC,02726,35.762959,-78.617516,EVENTS,C,ACTIVE,78767.05,170045.66,UR_CUSTOMERS,c1088252ce2374254aac1c5dd7e0c5a602c990e3c385ea4225b9ebb7b17a6f0e,2026-03-20T07:54:07.262351,UNITED_RENTALS,TRUE,2026-03-20T07:54:07.262352,9999-12-31T00:00:00
CU-020546,Copeland Construction,Michael,Reed,ysmith@thompson.biz,856.673.5775,841 Lauren Branch,Philadelphia,PA,93553,39.878021,-75.132318,CONSTRUCTION,B,ACTIVE,67920.53,425118.47,UR_CUSTOMERS,e11aa78eae19f6a76de48a2bb772bb5d3f43358d27db22a4d701bb1247e2fe84,2026-03-20T07:54:07.262524,UNITED_RENTALS,TRUE,2026-03-20T07:54:07.262525,9999-12-31T00:00:00
CU-020547,Johnson Builders,Melissa,Moore,andrewgoodwin@wang-thompson.info,263-552-3561x1882,695 Levy Shore,Miami,FL,09296,25.746519,-80.251997,INFRASTRUCTURE,C,ACTIVE,83338.2,123452.85,UR_CUSTOMERS,34cdcf736f68e0090ff64986cdbbcda9aa4de7b10d10208d057da92b0ef50fea,2026-03-20T07:54:07.262761,UNITED_RENTALS,TRUE,2026-03-20T07:54:07.262761,9999-12-31T00:00:00
CU-020548,"Rogers, Sellers and Faulkner",Nancy,Mckinney,riosfrank@owens.com,966.466.3694,326 Perkins Harbors,Tulsa,OK,44578,36.101684,-95.930476,INDUSTRIAL,C,ACTIVE,37908.61,68743.27,UR_CUSTOMERS,ff8d733aa688250f17e9d818702662ed006bcbf4e9581486a63629e727426d83,2026-03-20T07:54:07.263022,UNITED_RENTALS,TRUE,2026-03-20T07:54:07.263022,9999-12-31T00:00:00
CU-020549,Lee Ltd,Travis,Williams,elizabethburke@wall.com,953.713.2452,1950 Brian Lodge Suite 807,Hartford,CT,09290,41.75377,-72.692617,RESIDENTIAL,B,ACTIVE,141701.43,384426.74,UR_CUSTOMERS,4a7026a6395d2aa7c30e958c7a70a98605100b605e0ad3a7677cf8cdd7beecc5,2026-03-20T07:54:07.263226,UNITED_RENTALS,TRUE,2026-03-20T07:54:07.263227,9999-12-31T00:00:00
CU-020550,Haynes Group,Mark,Campbell,laura91@kelly.net,988.920.1514,4913 Swanson Lodge Suite 765,Denver,CO,18545,39.816481,-105.011092,MINING,A,ACTIVE,375039.01,440954.72,UR_CUSTOMERS,b9678cccc5cb3167712d8bea32e133d0b8807611cf003987b0049a7fed4dee91,2026-03-20T07:54:07.263466,UNITED_RENTALS,TRUE,2026-03-20T07:54:07.263467,9999-12-31T00:00:00
CU-020551,"Barrera, Jackson and Anderson",Stacey,Potter,francodiana@adams.com,(794)984-9434,6138 Cooper Junctions Apt. 091,Richmond,VA,91915,37.468717,-77.452272,INDUSTRIAL,B,ACTIVE,58347.58,19704.43,UR_CUSTOMERS,18d3a249bf04760822b39a5d8153fc1617478f8aa85afccde8445a5b8a62ed72,2026-03-20T07:54:07.263785,UNITED_RENTALS,TRUE,2026-03-20T07:54:07.263786,9999-12-31T00:00:00
CU-020552,Richardson Energy,Michael,Ross,jrobertson@elliott.com,001-393-760-1941x27066,0878 Wanda Mill,Salt Lake City,UT,18302,40.750586,-111.922037,OIL_AND_GAS,B,ACTIVE,186526.86,492033.52,UR_CUSTOMERS,0a764063ed328ecc03f3d23c26f23f54cafafb1e3dcf6d99af798842c4bf5832,2026-03-20T07:54:07.263964,UNITED_RENTALS,TRUE,2026-03-20T07:54:07.263965,9999-12-31T00:00:00
CU-020553,Caldwell Inc,Rachel,Leach,andreadunn@moore.org,(567)863-7203x73448,7071 Michael Shoals Suite 743,Sacramento,CA,77696,38.654092,-121.425243,RESIDENTIAL,A,INACTIVE,262596.95,338083.21,UR_CUSTOMERS,d30b7926e7c3df701248e687748b982976f937d0519758a29b846b98b2f4664d,2026-03-20T07:54:07.264169,UNITED_RENTALS,TRUE,2026-03-20T07:54:07.264170,9999-12-31T00:00:00
CU-020554,Russell Petroleum,Timothy,Stewart,mcardenas@sanchez.com,001-754-868-8730,25312 Roberto Manor,Dallas,TX,17249,32.699722,-96.768376,OIL_AND_GAS,A,ACTIVE,400140.19,337945.31,UR_CUSTOMERS,b273955cc6a6f8ae58786b9addafdc9e52615413231ecd029b3ed033b40efaa2,2026-03-20T07:54:07.264407,UNITED_RENTALS,TRUE,2026-03-20T07:54:07.264408,9999-12-31T00:00:00
CU-020555,Stewart Builders,Tracey,Waters,parksanna@williams.com,(515)797-0001x9007,7347 Sanchez Locks Apt. 908,Chicago,IL,79718,41.82849,-87.673319,INFRASTRUCTURE,A,ACTIVE,163814.98,254352.87,UR_CUSTOMERS,3c3d77728493094119c47cd443415d7be1336ce22158f33c50c6c56b33908ad1,2026-03-20T07:54:07.264676,UNITED_RENTALS,TRUE,2026-03-20T07:54:07.264677,9999-12-31T00:00:00
CU-020556,Garcia-Rodriguez,Amanda,Shah,hjimenez@thomas.com,(542)784-2511x190,094 Dorothy Haven Apt. 259,Tulsa,OK,59284,36.080284,-96.058983,RESIDENTIAL,D,ACTIVE,5844.85,174608.58,UR_CUSTOMERS,8c6449e83384d91f8b0bb2f747aef8effadbb97b299a91e62b25ae5d789fa305,2026-03-20T07:54:07.264889,UNITED_RENTALS,TRUE,2026-03-20T07:54:07.264889,9999-12-31T00:00:00
CU-020557,Jacksonville City of,Christy,Rodgers,chandlerjeremy@wright.info,+1-267-566-0628x95134,387 Roberts Squares Apt. 081,Jacksonville,FL,67417,30.275528,-81.620645,GOVERNMENT,A,ACTIVE,310900.55,9377.7,UR_CUSTOMERS,c2c742a4c63e91a8300bd16de99d99873d81047115f4ab245f741dcf0a85dab3,2026-03-20T07:54:07.265065,UNITED_RENTALS,TRUE,2026-03-20T07:54:07.265066,9999-12-31T00:00:00
CU-020558,Charlotte Parks Dept,James,Allen,cynthiasalas@thornton-white.biz,382.707.1548,31178 Brown Mill,Charlotte,NC,59362,35.302735,-80.907148,GOVERNMENT,B,ACTIVE,114620.34,361184.4,UR_CUSTOMERS,14a4e0d86d9aa64cf801a7d6a964d69db8e02494ca9efa6ae03aa3edc2eb7963,2026-03-20T07:54:07.265272,UNITED_RENTALS,TRUE,2026-03-20T07:54:07.265273,9999-12-31T00:00:00
CU-020559,Sullivan Construction,Shaun,Jones,vanessacasey@hansen.com,4285757405,60677 Rodriguez Well,Richmond,VA,84833,37.601032,-77.389653,INFRASTRUCTURE,C,ACTIVE,54600.6,176353.14,UR_CUSTOMERS,fb07f05d407d2a2a2af2d15694957b2434435a59587ad9712f8373bdd79c5888,2026-03-20T07:54:07.265535,UNITED_RENTALS,TRUE,2026-03-20T07:54:07.265536,9999-12-31T00:00:00
CU-020560,Adams PLC,Thomas,Mcfarland,wmorris@brown-mclean.com,001-967-745-1453,7448 Tonya Islands,Tulsa,OK,18785,36.202413,-95.963781,RESIDENTIAL,A,ACTIVE,251411.6,463097.48,UR_CUSTOMERS,838c17b75f239e097b25b4ddf0fcd0126c573ce1549bbce02ecfc27a838eddcf,2026-03-20T07:54:07.265749,UNITED_RENTALS,TRUE,2026-03-20T07:54:07.265749,9999-12-31T00:00:00
CU-020561,Cortez Pipeline,Diana,Vaughan,mannlisa@vaughan-gill.com,756-973-3851,6705 Donna Terrace Apt. 983,Los Angeles,CA,66561,34.070719,-118.314987,OIL_AND_GAS,B,ACTIVE,123237.7,238564.08,UR_CUSTOMERS,0bb063d385648aa39a3085c0ca093ce73971ebb1c50ab0806a1fe9ad463720e0,2026-03-20T07:54:07.265973,UNITED_RENTALS,TRUE,2026-03-20T07:54:07.265973,9999-12-31T00:00:00
CU-020562,"Clark, Jones and Aguilar",Jonathon,Morris,thompsontodd@benton.com,001-456-633-3892x3495,0515 Sharp Walk Apt. 638,Chicago,IL,71793,41.925302,-87.663298,EVENTS,D,ACTIVE,24419.12,119942.83,UR_CUSTOMERS,21144e35f24f39d51b39d6c1de2edd2c2fa7b57181ab69195bd89d2796e403e6,2026-03-20T07:54:07.266292,UNITED_RENTALS,TRUE,2026-03-20T07:54:07.266293,9999-12-31T00:00:00
CU-020563,Smith Engineering,Danielle,Brock,wanda27@gray.net,001-262-586-9747x6237,478 Goodwin Square Apt. 681,St. Louis,MO,75316,38.573732,-90.17182,CONSTRUCTION,B,ACTIVE,89847.45,368803.04,UR_CUSTOMERS,1272dbe83700cb4d889ab2a2dfac628e4093efa023077bfcf8c32af829418ac1,2026-03-20T07:54:07.266473,UNITED_RENTALS,TRUE,2026-03-20T07:54:07.266474,9999-12-31T00:00:00
CU-020564,MO Gas Co,Vicki,Lopez,hoganeric@armstrong.com,001-732-680-6253x941,4189 Lucas Pines Apt. 140,St. Louis,MO,07207,38.586318,-90.178011,UTILITY,A,ACTIVE,291752.32,130731.31,UR_CUSTOMERS,7f292d86663372e4b6e300d27030f9e6362488fb9e92ef6f75983cb45272495d,2026-03-20T07:54:07.266701,UNITED_RENTALS,TRUE,2026-03-20T07:54:07.266702,9999-12-31T00:00:00
CU-020565,Zamora Engineering,Michael,Walker,rebeccamoore@jordan.com,+1-849-404-7986x57168,25086 Melissa Lodge,Newark,NJ,70787,40.792883,-74.245232,CONSTRUCTION,A,ACTIVE,374415.89,230345.8,UR_CUSTOMERS,e81b0920d50b99abab70c57e4b71076bf2adfd3f41b99aa0adbdf12d71c5efda,2026-03-20T07:54:07.266909,UNITED_RENTALS,TRUE,2026-03-20T07:54:07.266910,9999-12-31T00:00:00
CU-020566,Sacramento Parks Dept,Lee,Carter,kennethhughes@frazier.com,609.825.8728,363 Randy Gardens Apt. 846,Sacramento,CA,05990,38.538783,-121.434053,GOVERNMENT,B,ACTIVE,174495.63,412118.12,UR_CUSTOMERS,2bd9d4d6449ee3e7f1fd2621144b449cbfdb4bbf8cdbc3cf131df0d047e2758d,2026-03-20T07:54:07.267140,UNITED_RENTALS,TRUE,2026-03-20T07:54:07.267141,9999-12-31T00:00:00
CU-020567,Garcia Development,Eric,Long,williesmith@haynes.com,+1-508-247-4911x634,01663 Reynolds Terrace,Portland,OR,19333,45.549869,-122.723685,CONSTRUCTION,B,ACTIVE,148942.99,364750.97,UR_CUSTOMERS,f857f48f89fef0a5e87231459206176e1b28826345e53af0c6d12a3a5863ff96,2026-03-20T07:54:07.267350,UNITED_RENTALS,TRUE,2026-03-20T07:54:07.267351,9999-12-31T00:00:00
CU-020568,NV Water Co,Alexandria,Cox,kevin40@reid.biz,(829)351-1084,6002 Macdonald Hill,Las Vegas,NV,55399,36.211925,-115.152012,UTILITY,B,ACTIVE,54325.53,379856.48,UR_CUSTOMERS,53ab15db89981f785b00ecf47b7a8ba03114927a46352abf69da9ad1b1b9abaf,2026-03-20T07:54:07.267556,UNITED_RENTALS,TRUE,2026-03-20T07:54:07.267557,9999-12-31T00:00:00
CU-020569,Garza Development,Dana,Ramos,james91@james.com,906-567-8845,65024 Penny Trail,Detroit,MI,69291,42.333764,-83.029435,INFRASTRUCTURE,A,ACTIVE,490449.85,149384.66,UR_CUSTOMERS,23baed52b3f2eaace3a47ca618db7de85ef3820541c1884af4664549d7f4608c,2026-03-20T07:54:07.267793,UNITED_RENTALS,TRUE,2026-03-20T07:54:07.267794,9999-12-31T00:00:00
CU-020570,Seattle City of,Ashley,Reed,melanie07@mcbride.com,+1-972-398-5023x05066,533 Kimberly Parks Apt. 479,Seattle,WA,42023,47.560794,-122.289875,GOVERNMENT,B,ACTIVE,51243.01,366932.47,UR_CUSTOMERS,5bd65e4a21704d6e9e5921f857de555b844631262d3e548cc4eceab3363d1aa7,2026-03-20T07:54:07.267967,UNITED_RENTALS,TRUE,2026-03-20T07:54:07.267968,9999-12-31T00:00:00
CU-020571,Kelly Petroleum,Jill,Jones,kellychang@moore.net,+1-281-352-0895x21768,9625 Melissa Trace,Jacksonville,FL,07978,30.378616,-81.63482,OIL_AND_GAS,A,INACTIVE,375499.51,250226.85,UR_CUSTOMERS,77e43de15684a2a4d366b452dc34e5fe4100a617331d5587c7e467796153a4ab,2026-03-20T07:54:07.268173,UNITED_RENTALS,TRUE,2026-03-20T07:54:07.268174,9999-12-31T00:00:00
CU-020572,Philadelphia School District,Thomas,Perez,joshuahull@hall.com,803.425.0274,384 Williams Springs,Philadelphia,PA,30905,40.001149,-75.156545,GOVERNMENT,B,ACTIVE,152778.81,352787.89,UR_CUSTOMERS,0d2f36749b7fb67b792fa288aad5391b5d6d7d975e87bf7395be878478eab249,2026-03-20T07:54:07.268357,UNITED_RENTALS,TRUE,2026-03-20T07:54:07.268358,9999-12-31T00:00:00
CU-020573,MI Power Co,Timothy,Long,jason99@moore-simon.com,001-580-433-0864x1486,505 Karen Groves,Detroit,MI,88459,42.310702,-83.095978,UTILITY,B,ACTIVE,66132.73,275455.9,UR_CUSTOMERS,03c7ae9002671c3058c7b4f335f213dc098010a6d8dfbfb61433dcf1e42193f1,2026-03-20T07:54:07.268534,UNITED_RENTALS,TRUE,2026-03-20T07:54:07.268534,9999-12-31T00:00:00
CU-020574,"Wyatt, Guerrero and Cook",Anthony,Edwards,rhondaowens@garcia.com,644.247.9391x1717,45688 Sexton Pines,Las Vegas,NV,52422,36.18139,-115.204326,MINING,A,ACTIVE,180976.87,388500.44,UR_CUSTOMERS,57232c5c19304ab8ae5b00944f92f9e8827f4ff5f1ee1b968ee8a957af0b93a8,2026-03-20T07:54:07.268809,UNITED_RENTALS,TRUE,2026-03-20T07:54:07.268810,9999-12-31T00:00:00
CU-020575,PA Energy Co,Mark,Mahoney,timothynorman@gray.com,266.304.7412,68938 Michael Walks,Philadelphia,PA,17901,39.934815,-75.161912,UTILITY,C,ACTIVE,75644.5,402420.08,UR_CUSTOMERS,4527fed6031e59d6178f513e07e40b0b0da670cfa7dd4fbe0a5ceb2568973a66,2026-03-20T07:54:07.269042,UNITED_RENTALS,TRUE,2026-03-20T07:54:07.269043,9999-12-31T00:00:00
CU-020576,"Gregory, Richards and Campbell",Kevin,Carpenter,daryl02@lawson-erickson.info,552.866.8480x316,175 Jose Rue Apt. 353,Hartford,CT,64396,41.821097,-72.691932,EVENTS,D,ACTIVE,6250.75,56340.11,UR_CUSTOMERS,f47bae10107e61cb02276fbc3fa4f2b5789a55b6b649742339f86da7d2796b49,2026-03-20T07:54:07.269311,UNITED_RENTALS,TRUE,2026-03-20T07:54:07.269312,9999-12-31T00:00:00
CU-020577,Tanner-Moore,Maria,Arroyo,katelynrobinson@huber.com,+1-952-560-8853x298,011 Harvey Rapids Suite 475,San Francisco,CA,36196,37.816969,-122.345025,EVENTS,B,ACTIVE,157519.52,19805.2,UR_CUSTOMERS,4296606478a3ea45b16baddcefa120d9fd98019b22f06df71fcd8f5ff8b65fa5,2026-03-20T07:54:07.269557,UNITED_RENTALS,TRUE,2026-03-20T07:54:07.269558,9999-12-31T00:00:00
CU-020578,Luna Petroleum,James,Booth,cchase@hodges-cisneros.com,001-767-981-9456,96103 Smith Mountains Apt. 689,San Antonio,TX,13158,29.40995,-98.545081,OIL_AND_GAS,C,ACTIVE,29630.32,462324.81,UR_CUSTOMERS,c5482478c3fa7496f2241db9380b2eb0c6442e0f0bf2b7940364b7df61a7053d,2026-03-20T07:54:07.269782,UNITED_RENTALS,TRUE,2026-03-20T07:54:07.269783,9999-12-31T00:00:00
CU-020579,TN Water Co,Sandra,Stone,carterdaniel@crawford.com,307.821.8877,5872 Robert Inlet,Nashville,TN,09694,36.149027,-86.726012,UTILITY,B,ACTIVE,132746.48,212447.68,UR_CUSTOMERS,8eef0cc35105fcd5d9f4686002f34dc336371f6b1822dd697bdee9abfd6cb1c1,2026-03-20T07:54:07.270018,UNITED_RENTALS,TRUE,2026-03-20T07:54:07.270018,9999-12-31T00:00:00
CU-020580,Johnson PLC,Michele,Gonzales,hcole@cruz.com,+1-718-429-1278,919 Johnson Pines Suite 158,El Paso,TX,44375,31.806526,-106.529973,RESIDENTIAL,B,ACTIVE,64468.64,320997.29,UR_CUSTOMERS,5c68596965312ad350c25b0065ee223d91edfc96aa261c7d143994c3f65b17e5,2026-03-20T07:54:07.270216,UNITED_RENTALS,TRUE,2026-03-20T07:54:07.270217,9999-12-31T00:00:00
CU-020581,Tampa Water District,Nancy,Lee,bryannorton@bryant.com,385-859-6707,8144 Adam Summit Suite 075,Tampa,FL,54279,27.883726,-82.396421,GOVERNMENT,B,ACTIVE,136696.12,256055.36,UR_CUSTOMERS,e536409113cc8c9d0a3a9a9b4cf5b6178fafbdbaff04826251202aeac83e8394,2026-03-20T07:54:07.270394,UNITED_RENTALS,TRUE,2026-03-20T07:54:07.270395,9999-12-31T00:00:00
CU-020582,Minneapolis County,Brandon,Allen,williamsroberto@wallace.info,(696)482-2885,44979 Paula Landing Apt. 973,Minneapolis,MN,54377,44.953493,-93.249313,GOVERNMENT,B,ACTIVE,80516.79,83545.35,UR_CUSTOMERS,9ec7757724502070b1e5c7f40cd3a4a6fd3ed0cf335336e4187c4d8626b99672,2026-03-20T07:54:07.270576,UNITED_RENTALS,TRUE,2026-03-20T07:54:07.270577,9999-12-31T00:00:00
CU-020583,Russell Engineering,Madison,Morris,sean58@huff-park.com,+1-371-705-3925x90677,601 Roberts Fork,Austin,TX,92335,30.196519,-97.800092,INFRASTRUCTURE,B,ACTIVE,66440.25,189988.47,UR_CUSTOMERS,b01d88303b7de97f8f00ceb7f23913011bbe102be9ca02357443da994e5e48f4,2026-03-20T07:54:07.270792,UNITED_RENTALS,TRUE,2026-03-20T07:54:07.270793,9999-12-31T00:00:00
CU-020584,Smith Builders,Bryan,Middleton,nicholas00@martinez-mccullough.biz,+1-367-975-2707x12797,50642 Moore Stravenue Apt. 438,Austin,TX,72296,30.297633,-97.741565,CONSTRUCTION,A,ACTIVE,383241.84,126522.0,UR_CUSTOMERS,fa021ce5f2fdf76fd0dbd90e3c9eb80aa34b9964b5e635d19675d0bc0b25a6f6,2026-03-20T07:54:07.271013,UNITED_RENTALS,TRUE,2026-03-20T07:54:07.271014,9999-12-31T00:00:00
CU-020585,Soto Builders,Tony,Ball,ksanders@johnson-rojas.com,816.639.1584,56046 Zhang Passage Apt. 036,San Francisco,CA,81812,37.806705,-122.378479,INFRASTRUCTURE,A,INACTIVE,484024.14,373003.44,UR_CUSTOMERS,33af0cf17145984af37fb929c88ae5728c44cc07fb6a9cb3c6f755e3ff6eea97,2026-03-20T07:54:07.271239,UNITED_RENTALS,TRUE,2026-03-20T07:54:07.271240,9999-12-31T00:00:00
CU-020586,Myers Inc,Luke,Pope,antonio26@young.org,231.722.0667x6654,242 Heather Loop,Newark,NJ,74582,40.710729,-74.189912,INDUSTRIAL,B,ACTIVE,175916.28,423956.11,UR_CUSTOMERS,df7fc0b9f95a280b7b0ad290d32242eaa25c2b85dd5cc3a185b0b47bcd98d2e3,2026-03-20T07:54:07.271419,UNITED_RENTALS,TRUE,2026-03-20T07:54:07.271420,9999-12-31T00:00:00
CU-020587,Walker-Walker,Garrett,Burch,dmcintyre@wade.com,705.773.2136x78864,61510 Smith Street Suite 570,Tulsa,OK,48233,36.085281,-96.029855,INDUSTRIAL,B,INACTIVE,116261.97,235526.0,UR_CUSTOMERS,21ae947cdc8326709126b4e5bc98ce443cff2edbea04a1588d245c9fc2bbfcd8,2026-03-20T07:54:07.271697,UNITED_RENTALS,TRUE,2026-03-20T07:54:07.271697,9999-12-31T00:00:00
CU-020588,Maynard Petroleum,Eric,Shah,hartamanda@roberts-martinez.com,799-889-6258x69263,62551 Miller Union,Atlanta,GA,77489,33.719543,-84.312603,OIL_AND_GAS,A,ACTIVE,337567.79,203769.84,UR_CUSTOMERS,836f85c941edc0f90847c511933d4a57c934b7b2ec7ab89a97d17ea32fd2c67d,2026-03-20T07:54:07.271937,UNITED_RENTALS,TRUE,2026-03-20T07:54:07.271938,9999-12-31T00:00:00
CU-020589,Neal-Cox,Michelle,Gonzalez,brianna31@gibson.com,001-345-880-1976x21346,615 Sheena Unions Suite 532,El Paso,TX,19000,31.822778,-106.547193,EVENTS,C,ACTIVE,61636.85,285171.3,UR_CUSTOMERS,ad918cf7163d1f8aeb6a99901253d0f7dec164f7e5d7420e3ec4f059adcd0dad,2026-03-20T07:54:07.272170,UNITED_RENTALS,TRUE,2026-03-20T07:54:07.272171,9999-12-31T00:00:00
CU-020590,Bradford LLC,Rebecca,Ayala,figueroawilliam@rodriguez.com,(697)519-8840,8126 Tony Rapid Apt. 008,Las Vegas,NV,02875,36.13478,-115.096587,RESIDENTIAL,B,ACTIVE,90273.97,419484.72,UR_CUSTOMERS,488c6f1fd8684befc09aa79c657afd6a583ef8f1b24fdf2a1bf0b2485e1a707d,2026-03-20T07:54:07.272395,UNITED_RENTALS,TRUE,2026-03-20T07:54:07.272395,9999-12-31T00:00:00
CU-020591,Morris Engineering,Amber,Watkins,riveradestiny@williams.com,205-408-1056x3586,11669 Barnes Dam,Phoenix,AZ,83911,33.404352,-112.048129,CONSTRUCTION,C,INACTIVE,58796.34,285452.7,UR_CUSTOMERS,aefba150fa21977073b874d8fa1c559fa6958667f8cf191a1ca2f66667a4305e,2026-03-20T07:54:07.272685,UNITED_RENTALS,TRUE,2026-03-20T07:54:07.272686,9999-12-31T00:00:00
CU-020592,Martin LLC,Rebecca,Estes,jparsons@wilson.com,001-683-762-0749,60920 Jeffrey Stream,Indianapolis,IN,34542,39.737262,-86.101899,RESIDENTIAL,B,INACTIVE,126360.81,160947.23,UR_CUSTOMERS,bc01e5f824844a1eccd41538fbdb7c4614611f991e57a3c292074ba792321221,2026-03-20T07:54:07.272940,UNITED_RENTALS,TRUE,2026-03-20T07:54:07.272941,9999-12-31T00:00:00
CU-020593,Las Vegas City of,Julie,Wood,tyler16@gomez-jefferson.net,+1-813-604-9950x4389,4508 Thomas Stream,Las Vegas,NV,93095,36.137827,-115.097986,GOVERNMENT,C,ACTIVE,93123.27,93697.94,UR_CUSTOMERS,a6c3c2c6c5105efec9c150aef6a459e4762e8ff7271d39255657b3ab293c55c6,2026-03-20T07:54:07.273136,UNITED_RENTALS,TRUE,2026-03-20T07:54:07.273136,9999-12-31T00:00:00
CU-020594,Frederick Pipeline,Natalie,Lee,kaylaboone@ruiz.com,001-987-664-1261x3955,618 Gwendolyn Walk Apt. 934,San Francisco,CA,05237,37.764257,-122.448867,OIL_AND_GAS,B,ACTIVE,111399.43,282470.29,UR_CUSTOMERS,6719e838430829a4ef69f3a479846e84db2cbfba96fa893fc9b8aae48ef02271,2026-03-20T07:54:07.273353,UNITED_RENTALS,TRUE,2026-03-20T07:54:07.273354,9999-12-31T00:00:00
CU-020595,Hartford Water District,April,Wood,mary78@gomez.org,(406)796-5693,76223 Ryan Corner Apt. 753,Hartford,CT,33834,41.719806,-72.65873,GOVERNMENT,D,ACTIVE,11133.67,48130.32,UR_CUSTOMERS,e83c6de66cad75f276bbb0a34022fba1480dd83a5a74c2e08dd3c1c1fa09a347,2026-03-20T07:54:07.273563,UNITED_RENTALS,TRUE,2026-03-20T07:54:07.273564,9999-12-31T00:00:00
CU-020596,Patel PLC,Jodi,Padilla,tammy78@maxwell.com,801.677.1062x94502,3534 Virginia Villages Suite 391,Raleigh,NC,04518,35.729696,-78.690488,RESIDENTIAL,B,ACTIVE,95455.45,30705.19,UR_CUSTOMERS,0904d0b0e34a4ad696f348ae337b2d09f68d92d231b93804fcf60b668e08d927,2026-03-20T07:54:07.273786,UNITED_RENTALS,TRUE,2026-03-20T07:54:07.273787,9999-12-31T00:00:00
CU-020597,Newark Water District,Julia,Lopez,jillmartinez@reynolds.info,001-206-367-4772,040 William Gateway,Newark,NJ,97714,40.746989,-74.242777,GOVERNMENT,A,SUSPENDED,109558.66,151838.51,UR_CUSTOMERS,c3733921b3eb6c4409c385b8fd9d398c387e7beebead838ab0d98c0831de16d3,2026-03-20T07:54:07.274028,UNITED_RENTALS,TRUE,2026-03-20T07:54:07.274028,9999-12-31T00:00:00
CU-020598,Mathis-Thompson,Andrew,Miller,eharrison@mullins.com,(625)439-3922,7727 King Mission Suite 021,El Paso,TX,86794,31.774949,-106.473526,RESIDENTIAL,B,ACTIVE,97350.2,494734.77,UR_CUSTOMERS,42d38b35fa14a958d4c95daa97d743d3047a03aba27b17fd553c348ec97e530e,2026-03-20T07:54:07.274320,UNITED_RENTALS,TRUE,2026-03-20T07:54:07.274320,9999-12-31T00:00:00
CU-020599,Ballard Drilling,Alicia,Cooper,garciasara@parker.biz,683.496.8788,475 Miguel Parkway,Denver,CO,78365,39.773044,-104.937982,OIL_AND_GAS,C,ACTIVE,95061.69,44248.85,UR_CUSTOMERS,5921955b3b2d4143a8e5cad5e62a620df4a30199cde909950b6d0376a5a8d92a,2026-03-20T07:54:07.274582,UNITED_RENTALS,TRUE,2026-03-20T07:54:07.274582,9999-12-31T00:00:00
CU-020600,Collins Contracting,Karen,Brown,ujohnston@fleming.net,932-902-5461x67946,986 Jennifer Summit,Tampa,FL,10780,28.012269,-82.465623,CONSTRUCTION,A,ACTIVE,329949.93,191451.93,UR_CUSTOMERS,3611be5f12a24f1e43eb5b4f26be3a8f5f1da8b617ecb34af77e5686157a9e05,2026-03-20T07:54:07.274776,UNITED_RENTALS,TRUE,2026-03-20T07:54:07.274777,9999-12-31T00:00:00
CU-020601,Marks Drilling,Molly,Nguyen,kimberly59@padilla.com,001-585-972-3501x947,626 William Tunnel Suite 549,Indianapolis,IN,82064,39.847079,-86.13757,OIL_AND_GAS,A,ACTIVE,448614.2,179611.47,UR_CUSTOMERS,600c620095c899edc518e89faab0f2470e7474398bd1ee3d3fb7e9ce09843a88,2026-03-20T07:54:07.274965,UNITED_RENTALS,TRUE,2026-03-20T07:54:07.274965,9999-12-31T00:00:00
CU-020602,Miami Water District,Natalie,Shelton,zimmermanangela@hernandez.com,+1-810-201-4286,51575 Rodriguez Way Apt. 967,Miami,FL,13366,25.748075,-80.247272,GOVERNMENT,A,ACTIVE,162496.58,495653.8,UR_CUSTOMERS,95233772ac35caca9bf2348f9b6c95de0b43ca3863ebdf2389a600559cb5bfc1,2026-03-20T07:54:07.275219,UNITED_RENTALS,TRUE,2026-03-20T07:54:07.275220,9999-12-31T00:00:00
CU-020603,Chen Pipeline,Kristen,Ritter,beckalan@baker.info,(742)427-4966,305 Stephen Radial Suite 251,Philadelphia,PA,24099,39.914263,-75.098431,OIL_AND_GAS,D,INACTIVE,23598.91,213169.8,UR_CUSTOMERS,ee12323e9a699f72668370b9c1ce45a6ad0e5d3a7d22a4a428448aca8815494a,2026-03-20T07:54:07.275494,UNITED_RENTALS,TRUE,2026-03-20T07:54:07.275495,9999-12-31T00:00:00
CU-020604,Delgado Builders,Michelle,Scott,markblackburn@brooks-west.info,273.642.6587x5031,140 Gaines Club Apt. 806,San Francisco,CA,11686,37.702577,-122.49188,CONSTRUCTION,B,ACTIVE,134896.29,457890.44,UR_CUSTOMERS,8c3e4739f4211677f45a185b277855498cc47d1035fa0643b5fc7f0d240dfa63,2026-03-20T07:54:07.275750,UNITED_RENTALS,TRUE,2026-03-20T07:54:07.275750,9999-12-31T00:00:00
CU-020605,TX Water Co,Shelby,Esparza,olsonjoseph@long-zimmerman.biz,+1-874-872-1712x435,032 Sherman Loaf,Dallas,TX,75581,32.753227,-96.73164,UTILITY,C,INACTIVE,95692.13,68922.87,UR_CUSTOMERS,5de73af25049c9a6ce87e3f56074d23d9ec6834de8c845297abac82b92fd223f,2026-03-20T07:54:07.275977,UNITED_RENTALS,TRUE,2026-03-20T07:54:07.275977,9999-12-31T00:00:00
CU-020606,Espinoza-Stephenson,Mark,Griffin,uburns@smith.com,+1-372-683-9476x46126,631 Thompson Mill,St. Louis,MO,44245,38.657044,-90.205971,MINING,B,SUSPENDED,121336.0,386377.18,UR_CUSTOMERS,1b2b9a0069de2e02e82189d721a29ca1734e00fd13e581677ed9ce81b89e5930,2026-03-20T07:54:07.276237,UNITED_RENTALS,TRUE,2026-03-20T07:54:07.276238,9999-12-31T00:00:00
CU-020607,NV Water Co,Preston,Evans,bettygill@flores.biz,(630)206-3621x0516,704 Christopher Streets Suite 373,Las Vegas,NV,79714,36.2,-115.104946,UTILITY,B,ACTIVE,173083.22,45035.32,UR_CUSTOMERS,5ec8b2014f29bc39bce253271da00b39828b1a187949cf19ebaa5131fe7562bc,2026-03-20T07:54:07.276454,UNITED_RENTALS,TRUE,2026-03-20T07:54:07.276455,9999-12-31T00:00:00
CU-020608,Diaz-Moore,Sandra,Eaton,beverly86@murray-terry.com,(348)799-0712x996,827 Brandon Crossroad Apt. 313,Las Vegas,NV,17368,36.236466,-115.139018,MINING,C,ACTIVE,59487.02,395265.05,UR_CUSTOMERS,4a7d7bcdaf5bc9a62e64acb15bc0dcda8a1d3ed0b4b7936e56e062dca19f86c2,2026-03-20T07:54:07.276682,UNITED_RENTALS,TRUE,2026-03-20T07:54:07.276683,9999-12-31T00:00:00
CU-020609,Myers Petroleum,Ashley,Ruiz,robert21@hamilton.net,315-777-1291x8425,76558 Eric Square Suite 528,Seattle,WA,42858,47.559062,-122.329164,OIL_AND_GAS,A,ACTIVE,359148.48,38495.71,UR_CUSTOMERS,b0cb1a125c530c9d33a6841ba28af75963a06a4fc2d139a5b27ae9e7e2bd37d3,2026-03-20T07:54:07.276847,UNITED_RENTALS,TRUE,2026-03-20T07:54:07.276848,9999-12-31T00:00:00
CU-020610,"Henry, Johnson and Mcneil",Samuel,Smith,katrinapayne@thompson.com,(787)889-7153,2684 Adams Harbor Suite 507,Dallas,TX,90213,32.833984,-96.719118,MINING,A,INACTIVE,404628.46,9736.51,UR_CUSTOMERS,27eda7f8aa8c69494304a7a613a291bf141a63d6a310037b07473846757bc214,2026-03-20T07:54:07.277164,UNITED_RENTALS,TRUE,2026-03-20T07:54:07.277165,9999-12-31T00:00:00
CU-020611,Hernandez Contracting,April,Garcia,leblancdavid@avery.net,3872564505,010 Tucker Overpass Suite 476,Pittsburgh,PA,10905,40.473703,-80.064704,CONSTRUCTION,D,ACTIVE,10827.93,219935.22,UR_CUSTOMERS,93a295416330d88b2685fcb503eb3b240b2cbe41a1e75878b5e0d350491befc1,2026-03-20T07:54:07.277440,UNITED_RENTALS,TRUE,2026-03-20T07:54:07.277441,9999-12-31T00:00:00
CU-020612,Chapman Drilling,Sean,Shepherd,ybennett@phillips.com,947.474.9633,628 Christina Club,St. Louis,MO,45711,38.553152,-90.270588,OIL_AND_GAS,C,INACTIVE,92929.72,444936.97,UR_CUSTOMERS,c5234da971fb0c37dd1d19e4a0e6a7034eeddb7e29b12ff810eb2e6cb2db614d,2026-03-20T07:54:07.277662,UNITED_RENTALS,TRUE,2026-03-20T07:54:07.277663,9999-12-31T00:00:00
CU-020613,White Group,Kelly,Dunn,usanchez@morris.com,+1-840-450-4726x097,5977 Tiffany Lodge,Austin,TX,50000,30.235614,-97.687623,INDUSTRIAL,D,ACTIVE,6081.49,396190.05,UR_CUSTOMERS,6619f748ca229103ff22bbc028170208a3eab8f456872e1a9f5ff4f3a4c154d7,2026-03-20T07:54:07.277836,UNITED_RENTALS,TRUE,2026-03-20T07:54:07.277837,9999-12-31T00:00:00
CU-020614,El Paso City of,Allen,Patel,beverly98@gonzales.info,001-636-765-3978x8587,1319 Haley Greens Suite 163,El Paso,TX,74489,31.809282,-106.483993,GOVERNMENT,A,ACTIVE,359541.69,73245.57,UR_CUSTOMERS,ef0d3187ab18c6afba64f2b6141e6c362828fb8854e1ef92e1d98c2ed2c7ce08,2026-03-20T07:54:07.277991,UNITED_RENTALS,TRUE,2026-03-20T07:54:07.277992,9999-12-31T00:00:00
CU-020615,White-Mendoza,Tim,Webb,samuelmoore@walker.net,775.961.9189x875,29000 Lawrence Island,Chicago,IL,38073,41.941671,-87.634327,INDUSTRIAL,C,SUSPENDED,97441.01,199916.69,UR_CUSTOMERS,1b3aaa7467cbbe12540b1acda31739df757d7ee2bd550ba1ba4cb0a016df47fc,2026-03-20T07:54:07.278228,UNITED_RENTALS,TRUE,2026-03-20T07:54:07.278229,9999-12-31T00:00:00
CU-020616,MA Water Co,Michael,Wilson,noahpierce@johnson-daniel.com,001-334-442-4627,330 Rogers Flats,Boston,MA,49241,42.392366,-70.981805,UTILITY,D,SUSPENDED,7576.26,196913.54,UR_CUSTOMERS,463d09fcfd27b78748a28f18d658e6824eb02cbcd3cf8f52bdcda62f5c93842a,2026-03-20T07:54:07.278443,UNITED_RENTALS,TRUE,2026-03-20T07:54:07.278444,9999-12-31T00:00:00
CU-020617,Mcdowell LLC,Cheyenne,Kennedy,hudsonwhitney@gordon.com,+1-960-587-8757x882,3097 Robinson Row Apt. 666,Tampa,FL,04069,27.878952,-82.522173,RESIDENTIAL,B,SUSPENDED,93365.64,434965.06,UR_CUSTOMERS,93ee864c57a8d8445fb3ab22e15dd5f1cd66cdbb310924a21f619ed91f13bc9b,2026-03-20T07:54:07.278645,UNITED_RENTALS,TRUE,2026-03-20T07:54:07.278646,9999-12-31T00:00:00
CU-020618,"Porter, Hudson and Jimenez",Lisa,Spears,gibbskaren@day.com,429.462.9010x793,2782 Roberts Freeway Apt. 594,Detroit,MI,88412,42.321342,-83.120819,EVENTS,C,ACTIVE,55047.17,499808.99,UR_CUSTOMERS,b3ee8e4b894ed02cbadcb4c8b7851c24bf7cee9972a471ba515e91760224ceae,2026-03-20T07:54:07.278947,UNITED_RENTALS,TRUE,2026-03-20T07:54:07.278948,9999-12-31T00:00:00
CU-020619,Rojas Group,Vincent,Jones,lflores@larsen.info,(645)281-9870,5380 Gonzalez Lock Suite 972,Denver,CO,57829,39.662053,-105.051152,INDUSTRIAL,A,ACTIVE,308286.77,168251.71,UR_CUSTOMERS,47d109fbde40bcb6eea9c5d146fc7f61b34213e606812cc14274a467153d36f7,2026-03-20T07:54:07.279205,UNITED_RENTALS,TRUE,2026-03-20T07:54:07.279206,9999-12-31T00:00:00
CU-020620,"Robinson, Harvey and Watson",Kayla,Yang,baileylauren@ortiz.info,(912)281-5683,8537 Daniel Stream,Dallas,TX,75671,32.752564,-96.796269,INDUSTRIAL,A,ACTIVE,199850.67,454702.5,UR_CUSTOMERS,c132a6a5cefbbaddf95f5b251ff26cf57e1e9676f11bebe6af6c0e9329ca6adc,2026-03-20T07:54:07.279468,UNITED_RENTALS,TRUE,2026-03-20T07:54:07.279469,9999-12-31T00:00:00
CU-020621,Collins and Sons,Thomas,Mendoza,harrellronald@knight.com,530.868.4836x81672,6067 Watson Keys Suite 735,Indianapolis,IN,38591,39.772123,-86.126083,MINING,B,INACTIVE,94552.27,344342.25,UR_CUSTOMERS,25cb68865cb1259803326d8e57c9528f56ee6d88221f710a8fde2a4eb62fcb1c,2026-03-20T07:54:07.279668,UNITED_RENTALS,TRUE,2026-03-20T07:54:07.279669,9999-12-31T00:00:00
CU-020622,Cochran LLC,Sherry,Todd,qolson@gomez.com,7257898810,35784 Mueller Roads Apt. 080,Atlanta,GA,20544,33.687049,-84.43335,EVENTS,B,ACTIVE,168216.39,78547.89,UR_CUSTOMERS,59317acfadffa4ef48c3ee81bb229c353af8fc4ae53c1b0fab27cf51472d5f26,2026-03-20T07:54:07.279849,UNITED_RENTALS,TRUE,2026-03-20T07:54:07.279850,9999-12-31T00:00:00
CU-020623,Pugh-Smith,Justin,Wood,wmoss@riley-wilson.biz,8813611556,404 Alvarado Knolls,Charlotte,NC,06404,35.249995,-80.887091,EVENTS,B,ACTIVE,154931.88,231427.63,UR_CUSTOMERS,8abf27a858029331855e0b1d5e047f133214e38761593a5e4caf084bae2fec53,2026-03-20T07:54:07.280098,UNITED_RENTALS,TRUE,2026-03-20T07:54:07.280099,9999-12-31T00:00:00
CU-020624,Williams LLC,Matthew,Turner,davidwoods@sawyer-duncan.com,+1-864-594-9356x5803,4722 Cox Trail,Minneapolis,MN,67346,45.038885,-93.269436,INDUSTRIAL,C,ACTIVE,38700.74,403866.97,UR_CUSTOMERS,d05b5997c3c9b8f49dfaa9722477f378e217843d954bfd79b4fd3dac1ffbe0c0,2026-03-20T07:54:07.280346,UNITED_RENTALS,TRUE,2026-03-20T07:54:07.280347,9999-12-31T00:00:00
CU-020625,MA Gas Co,Sabrina,Davis,warrenjeffrey@brown-hines.com,+1-724-549-6639x0004,8867 Megan Cove,Boston,MA,40031,42.336402,-71.109637,UTILITY,B,SUSPENDED,188144.98,213402.85,UR_CUSTOMERS,a028d6e342480d408bba48daf8fc8cf3333c6922bc82052ae8b0a0d1ee2989ec,2026-03-20T07:54:07.280544,UNITED_RENTALS,TRUE,2026-03-20T07:54:07.280545,9999-12-31T00:00:00
CU-020626,Mcdaniel Group,Daniel,Kim,fclark@farley.com,(468)381-3038x4691,16454 Cruz Drives Suite 731,Philadelphia,PA,20789,40.00856,-75.129232,MINING,A,ACTIVE,345623.67,63058.81,UR_CUSTOMERS,b03418b7c26fd5000f6015fa35fb2c746145c67cceb327331d57aee621369f08,2026-03-20T07:54:07.280737,UNITED_RENTALS,TRUE,2026-03-20T07:54:07.280737,9999-12-31T00:00:00
CU-020627,Cline Development,Jeffery,Rodriguez,gpowell@foster-townsend.com,001-995-379-4745x08098,31571 Johnson Harbors Apt. 614,Newark,NJ,33593,40.731216,-74.16424,CONSTRUCTION,C,ACTIVE,47863.6,376674.55,UR_CUSTOMERS,a5e888a9ceb79ce952d3bb31b2a00fe3c5adbdd931f95a1ea400e270ec3a2888,2026-03-20T07:54:07.280962,UNITED_RENTALS,TRUE,2026-03-20T07:54:07.280963,9999-12-31T00:00:00
CU-020628,West Energy,Peggy,Cook,jose15@jordan.com,+1-282-696-9454x19137,2093 Sean Ranch Suite 524,Jacksonville,FL,23257,30.385572,-81.583407,OIL_AND_GAS,A,ACTIVE,221526.88,251562.67,UR_CUSTOMERS,97144d5a3b3b54013cd8eb68319e295a63240f53fe3779632c28d06dd85a5886,2026-03-20T07:54:07.281139,UNITED_RENTALS,TRUE,2026-03-20T07:54:07.281140,9999-12-31T00:00:00
CU-020629,Montoya Development,Elizabeth,Smith,rcampbell@collins.com,7267135342,1832 Cortez Village Apt. 384,Indianapolis,IN,16607,39.725238,-86.203762,INFRASTRUCTURE,C,ACTIVE,91248.19,425243.25,UR_CUSTOMERS,119e2718c94153ff58737a4bd4498ec57c127e36b17d51fb36bcc5c75f6f0622,2026-03-20T07:54:07.281341,UNITED_RENTALS,TRUE,2026-03-20T07:54:07.281342,9999-12-31T00:00:00
CU-020630,UT Power Co,Michelle,Ward,kirbybarbara@nelson-anderson.com,001-227-950-5688x08482,1263 Kurt Square,Salt Lake City,UT,87527,40.721713,-111.927164,UTILITY,B,INACTIVE,158544.07,64600.17,UR_CUSTOMERS,9cf479509cefa5152d2c0bbff836ae72551db5d3fc9d57d9ba1abd3b1e34e2a5,2026-03-20T07:54:07.281540,UNITED_RENTALS,TRUE,2026-03-20T07:54:07.281541,9999-12-31T00:00:00
CU-020631,Lopez Drilling,Christine,Burns,quinnjohn@harrison-hayes.com,(762)377-6746,8774 Theresa Highway Suite 993,Tampa,FL,10059,27.917017,-82.39518,OIL_AND_GAS,D,INACTIVE,13326.78,85285.87,UR_CUSTOMERS,f6cc4447467978bfea5f9fbd3edba44e0ad133063a12c2355814e5cb08ea8d51,2026-03-20T07:54:07.281767,UNITED_RENTALS,TRUE,2026-03-20T07:54:07.281768,9999-12-31T00:00:00
CU-020632,Harris Engineering,Tracy,Walsh,umoore@ortiz-green.org,2535667832,1317 Carlson Junctions,Philadelphia,PA,32394,39.895607,-75.189852,CONSTRUCTION,A,ACTIVE,249496.64,432497.5,UR_CUSTOMERS,ff4a450971fa05ea9aabbf76221554527dc7fc5be02f46a20f71a416dc1e3bfe,2026-03-20T07:54:07.281987,UNITED_RENTALS,TRUE,2026-03-20T07:54:07.281988,9999-12-31T00:00:00
CU-020633,Turner Engineering,Rose,Spencer,jaimegarcia@pope-ortega.com,301.566.4802x36280,11543 Stephens Court Suite 734,Pittsburgh,PA,11850,40.3633,-79.928256,INFRASTRUCTURE,B,ACTIVE,126138.12,393321.43,UR_CUSTOMERS,6fd2162da5f80e6f34a6984f0f2d8d283c4c8c0cc1fc3aae69dc24385f96ff16,2026-03-20T07:54:07.282239,UNITED_RENTALS,TRUE,2026-03-20T07:54:07.282240,9999-12-31T00:00:00
CU-020634,Riley-Miller,Emily,Hampton,portermeghan@baldwin.com,760-326-2247x8922,1350 Martinez Circle,San Diego,CA,69886,32.705345,-117.199504,MINING,A,ACTIVE,496015.29,249566.75,UR_CUSTOMERS,9aeb15a4c08f23b3ef2fc51bea53a35fb3f1bc4c97d4a0f2e2977cb493a524fa,2026-03-20T07:54:07.282493,UNITED_RENTALS,TRUE,2026-03-20T07:54:07.282494,9999-12-31T00:00:00
CU-020635,Roberts Pipeline,Chris,Delacruz,bleblanc@taylor-gilbert.net,809-897-5268,83681 Hawkins Valleys Apt. 140,Las Vegas,NV,58503,36.11074,-115.085939,OIL_AND_GAS,B,INACTIVE,107036.88,67547.14,UR_CUSTOMERS,88ed375be9524712ec05a91036b4b6b4611d12947427d1ca3e294e62b75fcef7,2026-03-20T07:54:07.282714,UNITED_RENTALS,TRUE,2026-03-20T07:54:07.282715,9999-12-31T00:00:00
CU-020636,Ruiz and Sons,Brian,Jennings,rmiller@lane.org,2929005626,247 Palmer Islands,San Antonio,TX,86127,29.459324,-98.482165,INDUSTRIAL,A,ACTIVE,197461.8,275155.7,UR_CUSTOMERS,bcf057ac15d8418bac8a2eff93ec57e8873d87698d47716c4f13a2512d44b613,2026-03-20T07:54:07.282912,UNITED_RENTALS,TRUE,2026-03-20T07:54:07.282913,9999-12-31T00:00:00
CU-020637,Boston Water District,Shane,Mills,bryanjackson@patel.com,(693)222-9725,9384 Townsend Land,Boston,MA,38726,42.377559,-70.981052,GOVERNMENT,C,ACTIVE,81758.78,494375.94,UR_CUSTOMERS,bde0f7729432a67c789a4d818727e09b3f00248e67ce15147837b329f8392e19,2026-03-20T07:54:07.283087,UNITED_RENTALS,TRUE,2026-03-20T07:54:07.283087,9999-12-31T00:00:00
CU-020638,Davidson PLC,Amanda,Cobb,carol78@brown.org,(946)736-6983,504 Stephens Plains Suite 500,Kansas City,MO,97714,39.063413,-94.656558,INDUSTRIAL,B,ACTIVE,86379.05,168397.59,UR_CUSTOMERS,395ca753aeb4b94e3403aa364250cbf6e4912e3641d4afb1046d4b58499e26da,2026-03-20T07:54:07.283291,UNITED_RENTALS,TRUE,2026-03-20T07:54:07.283292,9999-12-31T00:00:00
CU-020639,Adkins-Costa,Christina,Brown,darrellclarke@mccoy.com,001-659-280-4333x15696,14601 Vanessa Fords,Tampa,FL,43345,28.013161,-82.525132,MINING,D,ACTIVE,5791.83,494357.61,UR_CUSTOMERS,f20d97b4c1b356401f30c86dba8d01177b3e6f99a2d2da668d6323a8a70f8f6e,2026-03-20T07:54:07.283530,UNITED_RENTALS,TRUE,2026-03-20T07:54:07.283530,9999-12-31T00:00:00
CU-020640,Smith Group,Garrett,Thompson,kbrown@jones.com,(266)433-1614,01717 Carolyn Prairie,San Diego,CA,39180,32.652484,-117.091262,INDUSTRIAL,B,ACTIVE,86694.98,78899.38,UR_CUSTOMERS,856e1d87a443da4826d7491f66215bd586dadfacb18a674ce44e9b84d0ce7d0b,2026-03-20T07:54:07.283712,UNITED_RENTALS,TRUE,2026-03-20T07:54:07.283713,9999-12-31T00:00:00
CU-020641,Marshall-Rodgers,Brandon,Farmer,anthony19@smith.com,(773)452-6359x51763,30228 Mendoza Courts Apt. 665,Newark,NJ,97820,40.775077,-74.251427,MINING,B,ACTIVE,128670.42,239352.27,UR_CUSTOMERS,a0e2e140ce1e82525e375abb697f777ea4437abe65c290d99338f412f530577a,2026-03-20T07:54:07.284005,UNITED_RENTALS,TRUE,2026-03-20T07:54:07.284006,9999-12-31T00:00:00
CU-020642,OK Power Co,Rodney,Jackson,tammydiaz@alexander-roberts.com,001-405-971-7532,526 Leslie Mountain Apt. 683,Tulsa,OK,13429,36.182885,-96.054002,UTILITY,A,ACTIVE,216181.85,472514.81,UR_CUSTOMERS,45ff8f903a42346e9ad4f48385bc7c6e8c0061952a340352aa295641250bf25e,2026-03-20T07:54:07.284209,UNITED_RENTALS,TRUE,2026-03-20T07:54:07.284210,9999-12-31T00:00:00
CU-020643,Woods Drilling,Daniel,Glenn,davisjonathan@baker.net,254-867-3137x1741,545 Amy Mountains Apt. 340,Hartford,CT,16524,41.724834,-72.650841,OIL_AND_GAS,A,ACTIVE,307817.87,121275.29,UR_CUSTOMERS,317f2d080b9bcb49ff9aaadb1f102eeaf7b383b91aec07a51a03a0bfa93624c8,2026-03-20T07:54:07.284477,UNITED_RENTALS,TRUE,2026-03-20T07:54:07.284478,9999-12-31T00:00:00
CU-020644,Banks Construction,Laura,Fitzpatrick,fandrade@johnson-garcia.com,312-973-8318,35796 Friedman Manors,El Paso,TX,34517,31.722243,-106.548193,CONSTRUCTION,B,ACTIVE,132229.15,277962.47,UR_CUSTOMERS,b1f0e55384fb27fd7f29db1d4cdb4630d643a18ce32138251e21faf00a077904,2026-03-20T07:54:07.284703,UNITED_RENTALS,TRUE,2026-03-20T07:54:07.284704,9999-12-31T00:00:00
CU-020645,Johnson PLC,Caleb,Hampton,kelly26@brown.com,711-664-3424x1147,2482 Jeremy Ville Apt. 642,Charlotte,NC,97801,35.260762,-80.774869,EVENTS,B,ACTIVE,123431.28,52513.9,UR_CUSTOMERS,ed833f89da09d7b5ed082735fde669b5ebf7650d3373622f15f9e0aa059a1955,2026-03-20T07:54:07.284944,UNITED_RENTALS,TRUE,2026-03-20T07:54:07.284945,9999-12-31T00:00:00
CU-020646,Hogan Group,Samantha,Green,walkerlindsay@lamb.org,(634)866-5217,3316 Carpenter Island Apt. 605,Portland,OR,85117,45.465438,-122.635062,EVENTS,B,ACTIVE,153027.75,173785.92,UR_CUSTOMERS,474d35b4bb79c4066637755b46693d14ae6aec677a2f314e734eac56eeaa8bec,2026-03-20T07:54:07.285218,UNITED_RENTALS,TRUE,2026-03-20T07:54:07.285218,9999-12-31T00:00:00
CU-020647,Garcia-Vazquez,Jason,Baird,velazquezdarlene@davidson-newton.com,+1-810-278-9078x6957,830 Rodriguez Spring,Cincinnati,OH,42799,39.088196,-84.487964,MINING,C,ACTIVE,87376.97,129822.76,UR_CUSTOMERS,72f8b0fcbb4d6cb5ba5155109a1e186102c588eddc6d7faf7553b3caed57d3df,2026-03-20T07:54:07.285514,UNITED_RENTALS,TRUE,2026-03-20T07:54:07.285515,9999-12-31T00:00:00
CU-020648,Walters Construction,Tammy,Fowler,ftorres@young.com,(497)736-9701x685,75040 Thomas Corner,Raleigh,NC,98494,35.798801,-78.569106,CONSTRUCTION,C,ACTIVE,46701.86,203907.89,UR_CUSTOMERS,4dff7df9c30ce765beb712ff4e04c9d806660e7995d81f19895bfc3da65393dd,2026-03-20T07:54:07.285708,UNITED_RENTALS,TRUE,2026-03-20T07:54:07.285709,9999-12-31T00:00:00
CU-020649,Wilson Pipeline,Mark,Sanders,badams@oliver.com,6959792818,6806 Joyce Rest,Boston,MA,79878,42.378675,-71.058703,OIL_AND_GAS,B,ACTIVE,62734.98,315356.59,UR_CUSTOMERS,e834b35a96030e565cb029926d856fa9f0fe452fee69f192b88e5bf41aa7edc9,2026-03-20T07:54:07.285951,UNITED_RENTALS,TRUE,2026-03-20T07:54:07.285951,9999-12-31T00:00:00
CU-020650,Reid Builders,George,Jones,davismichael@johnson-vaughn.biz,(578)390-8806,17959 Natalie Drive,Baltimore,MD,21497,39.322633,-76.580509,CONSTRUCTION,C,ACTIVE,46298.25,362309.02,UR_CUSTOMERS,ab6aeefe5095fc1e00061eaffde649d3aba17d4d1f689db9c53a4cc33ba60eb9,2026-03-20T07:54:07.286179,UNITED_RENTALS,TRUE,2026-03-20T07:54:07.286180,9999-12-31T00:00:00
CU-020651,Clark Builders,Stephanie,Lopez,itucker@smith-vaughn.com,956.516.2714x13427,57374 Rebekah Courts,Denver,CO,89136,39.780414,-104.930765,CONSTRUCTION,B,ACTIVE,174995.75,384147.64,UR_CUSTOMERS,ed5fc303b1ec5f79a77a27a76a619af626a46449cda719e2464c0b76834d126e,2026-03-20T07:54:07.286399,UNITED_RENTALS,TRUE,2026-03-20T07:54:07.286399,9999-12-31T00:00:00
CU-020652,Bowen-Smith,Johnny,Johnson,peggygreen@banks-gibson.org,001-794-725-0592x530,9936 Powers Falls Suite 379,Pittsburgh,PA,46144,40.377768,-79.93348,RESIDENTIAL,A,ACTIVE,272332.11,322961.06,UR_CUSTOMERS,f8190d35f6305d15308a9d1bf01ae72169ecf9f028edcff69940706a9add548f,2026-03-20T07:54:07.286684,UNITED_RENTALS,TRUE,2026-03-20T07:54:07.286685,9999-12-31T00:00:00
CU-020653,Hernandez-Meyer,Courtney,Henderson,andersonedgar@flores.com,230.410.7535,9484 George Dam Apt. 232,Seattle,WA,04876,47.596866,-122.384163,INDUSTRIAL,C,SUSPENDED,68137.99,175750.19,UR_CUSTOMERS,b3ac84d06eb80fbf2bf69ad90857dd885acfcf184ea7d05b900eb44e262fd1f6,2026-03-20T07:54:07.286931,UNITED_RENTALS,TRUE,2026-03-20T07:54:07.286932,9999-12-31T00:00:00
CU-020654,"Webb, Wright and Goodwin",Olivia,Dalton,xbrown@johnston.com,970.485.8783,16822 Banks Path,Seattle,WA,01356,47.682854,-122.327106,RESIDENTIAL,B,ACTIVE,52602.57,346854.23,UR_CUSTOMERS,ac9c1540a4dcc3cb6b1541871aff90137f9ef4308d450e0d5ca03c4a4e89f607,2026-03-20T07:54:07.287237,UNITED_RENTALS,TRUE,2026-03-20T07:54:07.287237,9999-12-31T00:00:00
CU-020655,FL Power Co,Christina,Pacheco,seanwatson@hall.com,398-383-8037x473,70494 Jackson Ville,Miami,FL,48505,25.688223,-80.170184,UTILITY,B,ACTIVE,66047.52,96642.85,UR_CUSTOMERS,f30014a7e458279e676b02a6b619b16e19a367befaee707ed40401b19a45267b,2026-03-20T07:54:07.287475,UNITED_RENTALS,TRUE,2026-03-20T07:54:07.287476,9999-12-31T00:00:00
CU-020656,Edwards Development,Anthony,Chase,smithrobin@morris-harding.net,(434)581-1808,28477 Suzanne Passage Suite 537,Chicago,IL,09695,41.882305,-87.577832,CONSTRUCTION,A,ACTIVE,124474.95,413249.27,UR_CUSTOMERS,3d32c41989c58c20b40847d28186eba69708d3cf0e59c160fc2d6c134cf78d13,2026-03-20T07:54:07.287709,UNITED_RENTALS,TRUE,2026-03-20T07:54:07.287710,9999-12-31T00:00:00
CU-020657,Gay Construction,Ronald,Phillips,nicole33@johnson.biz,+1-770-763-3119x16119,93731 Jonathan Centers,Miami,FL,30695,25.781787,-80.152379,INFRASTRUCTURE,A,ACTIVE,416649.9,210579.7,UR_CUSTOMERS,c8d427a35ecc113112e6a70a289bd76e58e348e200210d1b294574d07c0beafd,2026-03-20T07:54:07.287948,UNITED_RENTALS,TRUE,2026-03-20T07:54:07.287949,9999-12-31T00:00:00
CU-020658,Vasquez-Jones,Steven,Schroeder,toddwelch@johnson.net,001-920-404-5820,2474 Kenneth Points,Charlotte,NC,35892,35.152178,-80.79468,INDUSTRIAL,A,ACTIVE,171389.72,432482.56,UR_CUSTOMERS,cf5e84c9cd1e916ddec90af25e62b6061ecaccdd37167e21ef07372ada8639fc,2026-03-20T07:54:07.288179,UNITED_RENTALS,TRUE,2026-03-20T07:54:07.288180,9999-12-31T00:00:00
CU-020659,Huynh Construction,John,Ward,bruce65@johnston.com,236-579-1207x20957,508 Ashley Terrace Suite 844,Cincinnati,OH,42684,39.11536,-84.581306,CONSTRUCTION,B,ACTIVE,119225.72,164171.57,UR_CUSTOMERS,49a404cc999ca252eb607efff995f8b6dd54088cc525174283f68835fcaeeec0,2026-03-20T07:54:07.288361,UNITED_RENTALS,TRUE,2026-03-20T07:54:07.288362,9999-12-31T00:00:00
CU-020660,Murphy-Padilla,Yolanda,Manning,hollowayseth@ferrell-johnson.com,205-315-5674x092,759 Austin Burg Apt. 341,Boston,MA,40244,42.380544,-71.12557,EVENTS,C,ACTIVE,85338.78,426851.48,UR_CUSTOMERS,fba7bde033dc1f7f4b08475f51a30849cdb74274664789b0c84c3e805869e683,2026-03-20T07:54:07.288622,UNITED_RENTALS,TRUE,2026-03-20T07:54:07.288623,9999-12-31T00:00:00
CU-020661,Marks Contracting,Michael,Soto,hughestimothy@jones.biz,(848)640-0004x004,9768 Kenneth Plain Suite 525,Kansas City,MO,53753,39.151905,-94.542536,CONSTRUCTION,A,ACTIVE,435664.42,61198.36,UR_CUSTOMERS,b7777987111418970720a3901dd4d57ecaab188880753f25ff4f97c2231b1ff0,2026-03-20T07:54:07.288888,UNITED_RENTALS,TRUE,2026-03-20T07:54:07.288889,9999-12-31T00:00:00
CU-020662,Campbell PLC,Bianca,Thomas,randy25@henderson-miller.com,707.295.1181x21652,9590 Allen Junction,Tampa,FL,03323,27.993015,-82.48416,EVENTS,B,SUSPENDED,77255.74,236425.63,UR_CUSTOMERS,d6a71684bb610b04a65d4bd5c5f9c51930899fd4dc13c002c21779fb3c6c8e7b,2026-03-20T07:54:07.289101,UNITED_RENTALS,TRUE,2026-03-20T07:54:07.289102,9999-12-31T00:00:00
CU-020663,Parrish-Spears,Chad,Crawford,chengabriela@avery-washington.biz,810.932.3197,54616 Knapp Harbors,Philadelphia,PA,50272,39.966844,-75.205794,RESIDENTIAL,B,ACTIVE,142470.95,51876.71,UR_CUSTOMERS,85c272b331d3954427b7876a51fbfbdf69d2d1dc8dc4e33b555a4cb25a822ed2,2026-03-20T07:54:07.289376,UNITED_RENTALS,TRUE,2026-03-20T07:54:07.289376,9999-12-31T00:00:00
CU-020664,"Barnes, Diaz and Vaughan",William,Orr,johnparker@daniels.com,937-724-4792,448 Smith Avenue,San Diego,CA,75793,32.778661,-117.223905,RESIDENTIAL,B,ACTIVE,91378.83,59860.52,UR_CUSTOMERS,ee44de7be8f65601b7cf2d71d8b54adecdc63f84d8f1618836983f6b169aab0e,2026-03-20T07:54:07.289709,UNITED_RENTALS,TRUE,2026-03-20T07:54:07.289710,9999-12-31T00:00:00
CU-020665,Atlanta School District,Donna,Cruz,penny39@newman.net,001-987-580-7376x7649,053 Gates Keys Apt. 918,Atlanta,GA,60083,33.74927,-84.308071,GOVERNMENT,C,ACTIVE,38625.58,207723.04,UR_CUSTOMERS,6ff4f92b35055007d1f25591ddf281d5df46babc6dfe7a6edb5fc1932019270e,2026-03-20T07:54:07.289874,UNITED_RENTALS,TRUE,2026-03-20T07:54:07.289874,9999-12-31T00:00:00
CU-020666,PA Energy Co,David,Martinez,bparker@reynolds-benson.biz,001-509-319-1935x26425,9708 Fisher Walks Suite 591,Philadelphia,PA,03929,40.02769,-75.158888,UTILITY,A,ACTIVE,472312.79,37384.3,UR_CUSTOMERS,232820dccf768833d416f5df32ba356e1b1e64779b14b806ed264fc8cd87a565,2026-03-20T07:54:07.290064,UNITED_RENTALS,TRUE,2026-03-20T07:54:07.290065,9999-12-31T00:00:00
CU-020667,"Brooks, Delgado and Gross",Jason,Vance,qwashington@foley-glover.info,714.605.7702x5015,409 Ellis Islands Apt. 563,Tampa,FL,64806,27.907054,-82.470476,MINING,B,ACTIVE,188545.42,239138.18,UR_CUSTOMERS,d9e5bb1322a54c4a084f049b673058811b1e3c3f80623f70e0510097ff876b69,2026-03-20T07:54:07.290351,UNITED_RENTALS,TRUE,2026-03-20T07:54:07.290352,9999-12-31T00:00:00
CU-020668,PA Power Co,Jonathan,Knox,michael57@dunlap-ayers.biz,735.542.0509,727 Anderson Road,Pittsburgh,PA,93139,40.469847,-79.925291,UTILITY,C,ACTIVE,37708.03,172109.73,UR_CUSTOMERS,7aed7f47b2289bfc6bb802585eb220292c0487b477d2289d1505fe04caa390d4,2026-03-20T07:54:07.290536,UNITED_RENTALS,TRUE,2026-03-20T07:54:07.290536,9999-12-31T00:00:00
CU-020669,"Hampton, Wells and Armstrong",Emily,Gilmore,tbrown@perkins.com,001-666-603-6698x0276,943 Williams Orchard,Salt Lake City,UT,79558,40.768905,-111.914032,INDUSTRIAL,C,ACTIVE,92686.33,191684.29,UR_CUSTOMERS,1667109e3bf453e0cc4bbe9198cc885e318a7b440d3b968a09c66f772b1a8a97,2026-03-20T07:54:07.290852,UNITED_RENTALS,TRUE,2026-03-20T07:54:07.290853,9999-12-31T00:00:00
CU-020670,Guerra Contracting,Laurie,Reynolds,timothyharrell@becker-scott.com,216.949.1916x3695,9250 Paul Cliffs,Columbus,OH,46203,39.934094,-82.990379,CONSTRUCTION,B,ACTIVE,105665.88,227852.17,UR_CUSTOMERS,75f4802350e8d5c7ab53d87a774faa3b29bb9a0f53ebc36956d015887a1a102a,2026-03-20T07:54:07.291089,UNITED_RENTALS,TRUE,2026-03-20T07:54:07.291090,9999-12-31T00:00:00
CU-020671,Austin-Moreno,Timothy,Hicks,briansantiago@warren.com,001-649-302-3743x26924,69599 David Square,Baltimore,MD,23378,39.281201,-76.61999,MINING,D,ACTIVE,24939.86,219537.47,UR_CUSTOMERS,fc8ed9a9ad440ae8411c9440a8e264253620c14c539ac04ba059e76edf081043,2026-03-20T07:54:07.291331,UNITED_RENTALS,TRUE,2026-03-20T07:54:07.291331,9999-12-31T00:00:00
CU-020672,"Boone, Fisher and Baker",John,Ritter,angelaholder@baker.org,(811)820-3390x596,39438 Jennifer Knolls Suite 288,Charlotte,NC,39810,35.283244,-80.809548,MINING,A,ACTIVE,113489.25,90409.7,UR_CUSTOMERS,cac5658a8bd68d30143ee95916b27d08904259197ecab886ca9014a97b0fc0fb,2026-03-20T07:54:07.291593,UNITED_RENTALS,TRUE,2026-03-20T07:54:07.291593,9999-12-31T00:00:00
CU-020673,Allen-Ball,John,Burton,brian30@white.com,893.916.2505x532,4837 Ralph Point,Philadelphia,PA,94701,39.905681,-75.132544,RESIDENTIAL,A,ACTIVE,324736.1,266821.23,UR_CUSTOMERS,c21be2ec58bd258b3720d9910298d0501f2266e306c1ff0427f35d2f179042db,2026-03-20T07:54:07.291864,UNITED_RENTALS,TRUE,2026-03-20T07:54:07.291864,9999-12-31T00:00:00
CU-020674,Farmer-Freeman,Nicole,Gross,michelle12@ponce.info,878-869-1040x762,41573 Elizabeth Causeway Apt. 040,Denver,CO,35087,39.79193,-104.995595,INDUSTRIAL,B,ACTIVE,158172.87,465874.29,UR_CUSTOMERS,88235eead57bb6e5500be5c263f9aaf545571cabe9287ac2ee4ee95c08d8676f,2026-03-20T07:54:07.292138,UNITED_RENTALS,TRUE,2026-03-20T07:54:07.292139,9999-12-31T00:00:00
CU-020675,Jones Energy,Paula,Stevens,knightdennis@wright-barker.info,8265578149,0193 Clark Circles Apt. 015,Las Vegas,NV,67499,36.15852,-115.219692,OIL_AND_GAS,D,ACTIVE,11352.35,134004.24,UR_CUSTOMERS,973f808fb72e7630a0d668189d96da9c663542f1b242d5d1cfa8de96cd1bbebe,2026-03-20T07:54:07.292384,UNITED_RENTALS,TRUE,2026-03-20T07:54:07.292385,9999-12-31T00:00:00
CU-020676,TX Gas Co,Kevin,Foster,stephaniedavis@woods.com,001-217-449-3175x6073,737 Joel Ranch,El Paso,TX,63556,31.752104,-106.410622,UTILITY,A,ACTIVE,219659.06,156305.72,UR_CUSTOMERS,09d037c88111392c7e3c204441a3246fd9f16abcc8ac507dcb38b221e83a7cca,2026-03-20T07:54:07.292562,UNITED_RENTALS,TRUE,2026-03-20T07:54:07.292563,9999-12-31T00:00:00
CU-020677,Sacramento Water District,Lisa,Hopkins,skinnernancy@guerrero.org,(262)218-9224,38654 House Center Apt. 514,Sacramento,CA,33210,38.597948,-121.510418,GOVERNMENT,B,ACTIVE,165710.39,300450.02,UR_CUSTOMERS,db579dfdf4a6e9c3934ae2eb8b9e9210bb6e61acd38e998681e47a5775fb78a2,2026-03-20T07:54:07.292763,UNITED_RENTALS,TRUE,2026-03-20T07:54:07.292763,9999-12-31T00:00:00
CU-020678,Daniels-Williams,Joshua,Ruiz,greerjennifer@mcknight.com,801-553-1195x96027,7966 Melanie Glens Suite 625,Cincinnati,OH,62392,39.134554,-84.574794,INDUSTRIAL,B,ACTIVE,130139.31,462080.72,UR_CUSTOMERS,e7d764120c394bdc8d30d27113de19b65c2c4922812c5a8167c41c09255cccc7,2026-03-20T07:54:07.292997,UNITED_RENTALS,TRUE,2026-03-20T07:54:07.292998,9999-12-31T00:00:00
CU-020679,Raleigh Parks Dept,Michael,Monroe,harrymorales@sherman-hughes.com,+1-686-317-5418x27711,58019 Lambert Wall Suite 570,Raleigh,NC,73463,35.851488,-78.667184,GOVERNMENT,B,ACTIVE,77042.26,371742.01,UR_CUSTOMERS,e65aca81f8abb31ead476db6e8a3b5fa84109b9a1f972cf1595683f9bde38896,2026-03-20T07:54:07.293216,UNITED_RENTALS,TRUE,2026-03-20T07:54:07.293217,9999-12-31T00:00:00
CU-020680,Morales Ltd,Amy,Jefferson,paige44@roberts.com,001-329-742-6708x8050,78626 Rich Mills,Tampa,FL,06137,28.029578,-82.464582,MINING,B,ACTIVE,130008.66,304365.06,UR_CUSTOMERS,bd4df5b8b8f572ff2897c99f9edc6fc296da6f32af757305b55528506c44cd15,2026-03-20T07:54:07.293462,UNITED_RENTALS,TRUE,2026-03-20T07:54:07.293462,9999-12-31T00:00:00
CU-020681,Thomas-Brown,Jessica,Ortega,phillipsmorgan@griffin.net,870-706-8143,39766 Felicia Island Suite 171,Austin,TX,42764,30.249965,-97.813749,INDUSTRIAL,D,ACTIVE,7331.13,411897.18,UR_CUSTOMERS,60fc0c5e359a50eb2727cc11c645671c61cc8ebe8cac3763faf79d309b893750,2026-03-20T07:54:07.293701,UNITED_RENTALS,TRUE,2026-03-20T07:54:07.293702,9999-12-31T00:00:00
CU-020682,Johnson Group,Ryan,Miller,hbailey@newton.info,984.928.4557x6186,6721 Lauren Fall,San Francisco,CA,73014,37.823031,-122.412847,EVENTS,B,ACTIVE,167809.04,334639.5,UR_CUSTOMERS,4464c69a282e40dccca2c7c0bcbc666cc7758e9c2379926a774e7a07420bd125,2026-03-20T07:54:07.293948,UNITED_RENTALS,TRUE,2026-03-20T07:54:07.293949,9999-12-31T00:00:00
CU-020683,Wolf Engineering,Kevin,Lin,jamie92@cox.com,001-359-478-3367x4089,9944 Burton Trail,Seattle,WA,51760,47.535549,-122.402898,INFRASTRUCTURE,C,ACTIVE,95656.64,74682.99,UR_CUSTOMERS,466e86789499675d54e6cefb2742cff27502f020861e28e72be499ebf8882770,2026-03-20T07:54:07.294137,UNITED_RENTALS,TRUE,2026-03-20T07:54:07.294137,9999-12-31T00:00:00
CU-020684,"Navarro, Ferguson and Valencia",Anthony,Thompson,matthewsullivan@brown.biz,308-880-2570,063 Brown Landing,Kansas City,MO,44678,39.150205,-94.650311,EVENTS,A,ACTIVE,442475.95,472382.86,UR_CUSTOMERS,e6f86e1d28c87472b40e67b2c6121eb381971fd7c0c1b136195a15ef3c92b5fa,2026-03-20T07:54:07.294412,UNITED_RENTALS,TRUE,2026-03-20T07:54:07.294412,9999-12-31T00:00:00
CU-020685,Montgomery Engineering,Nicole,Dean,david76@graham.com,001-765-586-3602,732 Christine Fall Suite 450,St. Louis,MO,72535,38.590502,-90.166634,CONSTRUCTION,D,ACTIVE,5074.81,442431.92,UR_CUSTOMERS,7a27ccfe7bc93c68680be4014f67045d466a9163de55b5c37b4a8c947486f51d,2026-03-20T07:54:07.294592,UNITED_RENTALS,TRUE,2026-03-20T07:54:07.294593,9999-12-31T00:00:00
CU-020686,Gamble Energy,Robin,Hughes,andrew78@weiss-short.net,618.634.1000x6658,930 Joshua Circle,New York,NY,30011,40.776504,-73.955683,OIL_AND_GAS,D,ACTIVE,19682.66,431517.44,UR_CUSTOMERS,0920d06a6fba262bee244bde49e0ffdf77ee7353f4fb8a9871a82b0250fcfd27,2026-03-20T07:54:07.294800,UNITED_RENTALS,TRUE,2026-03-20T07:54:07.294801,9999-12-31T00:00:00
CU-020687,"Cain, Copeland and Klein",Aaron,Ferguson,yclay@cunningham-sweeney.com,659.904.4790x5830,78902 Coleman Land,Seattle,WA,15388,47.628313,-122.369968,MINING,A,ACTIVE,104422.12,442360.22,UR_CUSTOMERS,09f06e39e6a428a54fe3b5b989712e0a4b11628e8ca492a9fa66173daefd966f,2026-03-20T07:54:07.295187,UNITED_RENTALS,TRUE,2026-03-20T07:54:07.295188,9999-12-31T00:00:00
CU-020688,Cuevas Builders,Adam,Raymond,florescrystal@prince.org,+1-257-654-7388,4062 Walter Tunnel,Sacramento,CA,00850,38.633138,-121.50875,CONSTRUCTION,D,ACTIVE,23958.47,250429.65,UR_CUSTOMERS,23f99119736d3f70aec997038a5569e4703a763f99d02e98e34f231c707a59fb,2026-03-20T07:54:07.295399,UNITED_RENTALS,TRUE,2026-03-20T07:54:07.295399,9999-12-31T00:00:00
CU-020689,Martin-Edwards,Ivan,Wood,suzanneward@kirby-villanueva.com,952.747.1178,513 Natalie Roads,Charlotte,NC,35527,35.238313,-80.852633,RESIDENTIAL,D,ACTIVE,16364.31,12370.65,UR_CUSTOMERS,97124f88c961df63309c1324b2582c926639ff2537e70095943599b27eebca40,2026-03-20T07:54:07.295669,UNITED_RENTALS,TRUE,2026-03-20T07:54:07.295670,9999-12-31T00:00:00
CU-020690,Hunt LLC,Kaitlyn,Underwood,martineztammy@vasquez.com,451-856-9933x276,3879 Bobby Drive Suite 239,Richmond,VA,06849,37.479243,-77.421451,RESIDENTIAL,C,ACTIVE,86314.32,265794.93,UR_CUSTOMERS,45ad58b7714220123acb641086b8b3b32f2cb6de73591c724e9ff865fe96c7c6,2026-03-20T07:54:07.295894,UNITED_RENTALS,TRUE,2026-03-20T07:54:07.295895,9999-12-31T00:00:00
CU-020691,Phoenix School District,Nicholas,Williams,zgonzalez@gonzales.com,737-339-4912,6943 Evans Meadow,Phoenix,AZ,46368,33.452917,-112.035463,GOVERNMENT,A,ACTIVE,168228.9,45778.52,UR_CUSTOMERS,f326d088146c57abada07036920cdf739577c8add2b646984a826abfb4c4c7c8,2026-03-20T07:54:07.296060,UNITED_RENTALS,TRUE,2026-03-20T07:54:07.296060,9999-12-31T00:00:00
CU-020692,Tulsa Water District,Erica,Lee,rachel59@watson-fisher.com,(908)895-1463x187,02304 Lisa Fords,Tulsa,OK,32046,36.093242,-96.017678,GOVERNMENT,C,ACTIVE,14659.99,411352.7,UR_CUSTOMERS,ab4d55816fd670d9e4dc2241d1d52fb4eb2449f3dbf45af04008995801d9a0e0,2026-03-20T07:54:07.296242,UNITED_RENTALS,TRUE,2026-03-20T07:54:07.296243,9999-12-31T00:00:00
CU-020693,NJ Electric Co,Lisa,Holt,dalehudson@mack.com,+1-827-604-0043x866,72602 Edwards Street Suite 636,Newark,NJ,66491,40.696764,-74.170013,UTILITY,A,INACTIVE,159585.23,271268.39,UR_CUSTOMERS,749859b588ce75e385d911d8d88b57312d965f37d556b6016721c71dce9c8792,2026-03-20T07:54:07.296433,UNITED_RENTALS,TRUE,2026-03-20T07:54:07.296433,9999-12-31T00:00:00
CU-020694,Kelly Group,James,Brown,jamesandrade@elliott.com,+1-898-424-7707x518,98636 Rose Spur,Pittsburgh,PA,23290,40.383713,-79.919139,INDUSTRIAL,A,INACTIVE,464135.14,404519.86,UR_CUSTOMERS,bef419e0c61766d8fe737e95b5426a0eefb9d7696d5d27034bd73c57ef01f0d7,2026-03-20T07:54:07.296653,UNITED_RENTALS,TRUE,2026-03-20T07:54:07.296653,9999-12-31T00:00:00
CU-020695,Wagner Construction,Debra,Suarez,ysmith@castaneda-gordon.net,627-890-4252,068 Erica Ranch Apt. 241,San Antonio,TX,87772,29.491728,-98.44916,INFRASTRUCTURE,B,ACTIVE,135884.99,357566.95,UR_CUSTOMERS,160b0622a85493a2b052500c679c1cf7479ebb1eca5ac02a58c5a3493af94d6f,2026-03-20T07:54:07.296872,UNITED_RENTALS,TRUE,2026-03-20T07:54:07.296873,9999-12-31T00:00:00
CU-020696,CA Water Co,Cheryl,Hartman,hsmith@grant.com,280-698-5448x789,46586 Moon Roads,San Francisco,CA,18260,37.815927,-122.430077,UTILITY,A,ACTIVE,495495.36,74640.22,UR_CUSTOMERS,ab7791e74eceed98bc302a50f021d159f546ec91ab48da3f1bde7e5f7cd15ebe,2026-03-20T07:54:07.297040,UNITED_RENTALS,TRUE,2026-03-20T07:54:07.297041,9999-12-31T00:00:00
CU-020697,Hughes Development,Ian,Robinson,hendersonroberto@perry.org,001-574-930-8780,537 David Street,Boston,MA,69429,42.354699,-71.07109,CONSTRUCTION,C,INACTIVE,56323.24,402341.37,UR_CUSTOMERS,bd10c27331c313bb7cdbd2e34bfd49be6e40b41e5d0252c54fdf1489c2799be4,2026-03-20T07:54:07.297304,UNITED_RENTALS,TRUE,2026-03-20T07:54:07.297305,9999-12-31T00:00:00
CU-020698,Sacramento Parks Dept,Allison,Johnson,cookstephanie@fernandez-fields.com,+1-673-614-2175x6247,17827 Jennifer Camp,Sacramento,CA,46619,38.637856,-121.468981,GOVERNMENT,B,ACTIVE,101996.66,59496.9,UR_CUSTOMERS,cb647226a829400c32abde1db4f36f6c7e0808a2587f7f3ddd90ee241a9de323,2026-03-20T07:54:07.297512,UNITED_RENTALS,TRUE,2026-03-20T07:54:07.297513,9999-12-31T00:00:00
CU-020699,"Shields, Woods and Graham",Antonio,Parker,dorseyscott@espinoza-morales.com,001-715-877-4662x19978,255 Hernandez Isle Suite 672,Las Vegas,NV,80472,36.17191,-115.207267,INDUSTRIAL,C,ACTIVE,86117.61,40112.35,UR_CUSTOMERS,65da9a84224f31ccff2ca3e8924fb08bd62d1b83b67d4ea691138622ec8505f9,2026-03-20T07:54:07.297822,UNITED_RENTALS,TRUE,2026-03-20T07:54:07.297823,9999-12-31T00:00:00
CU-020700,Armstrong Inc,Virginia,Martin,rkennedy@hamilton.com,441-538-2738x68833,25468 Lopez Loop Suite 103,Pittsburgh,PA,47739,40.426176,-79.960829,RESIDENTIAL,B,ACTIVE,111425.59,256013.95,UR_CUSTOMERS,61775af8d8be8b504088d26e3680b6319b30fc1c998c9c5aca9a468b8f8d7f57,2026-03-20T07:54:07.298025,UNITED_RENTALS,TRUE,2026-03-20T07:54:07.298026,9999-12-31T00:00:00
CU-020701,Watson-Adams,Angela,Hansen,james14@martin.com,8602012664,49091 Brandon Coves Suite 659,Denver,CO,42847,39.740812,-104.942759,INDUSTRIAL,B,ACTIVE,119807.14,191958.57,UR_CUSTOMERS,9507e7b5cf48f230d19d6055f571630efa63c319927829081f6c12144af26622,2026-03-20T07:54:07.298293,UNITED_RENTALS,TRUE,2026-03-20T07:54:07.298294,9999-12-31T00:00:00
CU-020702,Parker Energy,Sherri,Walls,benjamindavis@booth.info,001-242-905-2258x9873,16656 Brandon Mission,Boston,MA,08249,42.352207,-71.117739,OIL_AND_GAS,B,ACTIVE,153336.74,446566.93,UR_CUSTOMERS,9bfc410302cf907096770255a35821668efb41e7da86d5ff10bd3ca0873b972a,2026-03-20T07:54:07.298561,UNITED_RENTALS,TRUE,2026-03-20T07:54:07.298562,9999-12-31T00:00:00
CU-020703,"Patel, Contreras and Potter",Cameron,Wilson,qdavis@smith-thomas.com,6646227643,2650 Dudley Haven Suite 741,Cincinnati,OH,11208,39.054416,-84.573328,EVENTS,A,ACTIVE,482665.24,83985.59,UR_CUSTOMERS,2812296f764e7a05cd134a04555f8550b16fcaf633ac162988fbab97025fae64,2026-03-20T07:54:07.298854,UNITED_RENTALS,TRUE,2026-03-20T07:54:07.298855,9999-12-31T00:00:00
CU-020704,Austin County,Wendy,Smith,jacqueline53@roberson.info,459-587-5920x41552,64303 Carrie Park,Austin,TX,60529,30.340255,-97.779945,GOVERNMENT,C,ACTIVE,37619.13,140918.98,UR_CUSTOMERS,4dff2710ed3ec330aac169d0e7f33768672fbd5c2af99c0ae2398fd88536f343,2026-03-20T07:54:07.299067,UNITED_RENTALS,TRUE,2026-03-20T07:54:07.299068,9999-12-31T00:00:00
CU-020705,"Ramirez, Schneider and Mitchell",Jeremy,Robbins,brittanyparker@bryant.info,001-440-547-7246x497,90671 Antonio Ports Suite 844,Nashville,TN,23273,36.192747,-86.725466,EVENTS,B,ACTIVE,194003.94,32950.72,UR_CUSTOMERS,91d256bb7bfce05c687c7eec6756c82f14dfbd0b5dbbbc2dd317e50f45bd6875,2026-03-20T07:54:07.299394,UNITED_RENTALS,TRUE,2026-03-20T07:54:07.299395,9999-12-31T00:00:00
CU-020706,"Romero, Riley and Wright",Nicolas,Green,andersondavid@hunter-horne.info,001-302-748-9105x57999,45651 Victoria Fork Suite 344,El Paso,TX,07824,31.732109,-106.495126,MINING,A,ACTIVE,198799.54,247474.02,UR_CUSTOMERS,32d1af287ba612b9f48d08a44071826bd45d0ff48f87fea88f39fdb436b91b84,2026-03-20T07:54:07.299699,UNITED_RENTALS,TRUE,2026-03-20T07:54:07.299700,9999-12-31T00:00:00
CU-020707,"Booth, Holt and Palmer",Andrew,Castaneda,charlesgross@murphy.info,+1-445-390-7312,26421 Luis Greens,New York,NY,65484,40.714008,-73.999765,RESIDENTIAL,C,ACTIVE,28169.77,35194.07,UR_CUSTOMERS,ae9f6340f3aef94d53dfc85b5edbd64fee2a61abc87a18a022934785fde9ced7,2026-03-20T07:54:07.300025,UNITED_RENTALS,TRUE,2026-03-20T07:54:07.300025,9999-12-31T00:00:00
CU-020708,"Wagner, Robinson and Marshall",Teresa,Williams,woodanthony@howell.com,+1-762-963-2762x4326,79804 Williams Passage,El Paso,TX,81963,31.791485,-106.51237,RESIDENTIAL,B,ACTIVE,116737.91,57245.27,UR_CUSTOMERS,39113e915b0f87bf20ddcad176af7fc2431c76d56d27ee1748f61a7d507ff546,2026-03-20T07:54:07.300306,UNITED_RENTALS,TRUE,2026-03-20T07:54:07.300307,9999-12-31T00:00:00
CU-020709,Lutz Petroleum,Julia,Davidson,hmunoz@simpson-murphy.com,+1-699-363-6918x454,579 Alison Locks,Charlotte,NC,19743,35.220544,-80.901277,OIL_AND_GAS,B,ACTIVE,188032.66,206702.88,UR_CUSTOMERS,329b16b2dfc500ed40ab72b5bf2e2b6c487b7a8c7056bd3888593519dde501a4,2026-03-20T07:54:07.300515,UNITED_RENTALS,TRUE,2026-03-20T07:54:07.300516,9999-12-31T00:00:00
CU-020710,Richmond Parks Dept,Julia,Smith,wpratt@stewart.org,927-547-8715x53331,347 Mosley Circles,Richmond,VA,81275,37.563676,-77.454948,GOVERNMENT,B,ACTIVE,65279.01,358251.06,UR_CUSTOMERS,b89a7c8a63898eff2e73f4411437b605f15bec24ed2809ad9cee481cbde25ef6,2026-03-20T07:54:07.300687,UNITED_RENTALS,TRUE,2026-03-20T07:54:07.300688,9999-12-31T00:00:00
CU-020711,Decker Petroleum,Kara,Villarreal,dward@rodriguez.com,9272864995,1253 Nancy Turnpike,Portland,OR,55787,45.467071,-122.611992,OIL_AND_GAS,A,INACTIVE,401778.83,57578.46,UR_CUSTOMERS,5d68cd54ca25ae4f44b0090c7819da8c1e5c9afe0840fd98d10f7c379ab17097,2026-03-20T07:54:07.300875,UNITED_RENTALS,TRUE,2026-03-20T07:54:07.300876,9999-12-31T00:00:00
CU-020712,Lee Drilling,Christina,Smith,paigedavenport@andersen-clark.net,792.574.6226x897,52438 Anderson Shoals,Charlotte,NC,03946,35.285712,-80.90439,OIL_AND_GAS,A,ACTIVE,312046.04,207554.46,UR_CUSTOMERS,8090f6616843df72402f20faa0dd7bc731431c8cdfc509a3af97463ce9365e52,2026-03-20T07:54:07.301117,UNITED_RENTALS,TRUE,2026-03-20T07:54:07.301117,9999-12-31T00:00:00
CU-020713,AZ Water Co,Sean,Griffin,jessicacollins@evans.com,001-596-645-9624,277 Megan Mission,Phoenix,AZ,30453,33.408429,-112.108646,UTILITY,B,ACTIVE,174669.06,291744.9,UR_CUSTOMERS,99ed27cafb1a865db6a6206625c32786153da5520733caf0a43b0a3edb333fdc,2026-03-20T07:54:07.301353,UNITED_RENTALS,TRUE,2026-03-20T07:54:07.301354,9999-12-31T00:00:00
CU-020714,"Fields, Rice and Smith",Sean,Flores,huangeric@lucas.com,318.667.2075,566 Christine Valley Suite 760,Pittsburgh,PA,12591,40.403325,-79.925282,RESIDENTIAL,C,ACTIVE,36945.96,210430.02,UR_CUSTOMERS,fd5e75308cbb1a2e529f4f56addcf61616a490e08142139112ee8ee18ed2ab57,2026-03-20T07:54:07.301627,UNITED_RENTALS,TRUE,2026-03-20T07:54:07.301628,9999-12-31T00:00:00
CU-020715,Cortez Construction,Brian,Nelson,wanda10@myers.com,964.975.6657x329,05068 Mendez Turnpike Apt. 330,Hartford,CT,80711,41.733704,-72.665036,INFRASTRUCTURE,C,INACTIVE,48932.82,446405.41,UR_CUSTOMERS,2a8862ef0c6e87daf0f022415edff9b26b37a6363c2b110c6b61b2e93e61d61b,2026-03-20T07:54:07.301818,UNITED_RENTALS,TRUE,2026-03-20T07:54:07.301818,9999-12-31T00:00:00
CU-020716,CT Gas Co,Krista,Vance,lhodges@collins.com,(216)953-7305x34289,629 Bryan Ports,Hartford,CT,85611,41.824517,-72.634635,UTILITY,B,ACTIVE,68181.11,127777.62,UR_CUSTOMERS,319c764d28c4d33c6d86a23711ac431ac02e683954fa5ff3cbbf7099a5e8870b,2026-03-20T07:54:07.301977,UNITED_RENTALS,TRUE,2026-03-20T07:54:07.301977,9999-12-31T00:00:00
CU-020717,Rodriguez-Dillon,Timothy,Garrison,reynoldsdavid@brown.com,690-841-1797x79631,99608 Nelson Manor Apt. 229,Hartford,CT,67514,41.842937,-72.669325,INDUSTRIAL,A,ACTIVE,336354.37,352126.09,UR_CUSTOMERS,8d3a6b36c90aeed8423528297b7dfdc41cb798576ec2cd313a871d52ed7f20aa,2026-03-20T07:54:07.302284,UNITED_RENTALS,TRUE,2026-03-20T07:54:07.302285,9999-12-31T00:00:00
CU-020718,Robinson Engineering,William,Potter,jennifer79@romero.com,459.568.6862x748,97154 Olsen Ramp,Pittsburgh,PA,47022,40.432791,-79.998182,INFRASTRUCTURE,A,ACTIVE,409717.48,250188.83,UR_CUSTOMERS,5fc9f6c626f2bfbbd83084c7650db3e3b3fcd52c31aaaa8841e08e322fb626a2,2026-03-20T07:54:07.302530,UNITED_RENTALS,TRUE,2026-03-20T07:54:07.302531,9999-12-31T00:00:00
CU-020719,Wilson and Sons,Melissa,Pham,patrickhodge@barrett.info,001-581-940-8282x46491,5094 Elizabeth Tunnel,Baltimore,MD,28893,39.268952,-76.562039,INDUSTRIAL,A,ACTIVE,175564.21,209289.44,UR_CUSTOMERS,4146424cde0810cbb0c7f9e545b3d884b9240419fd02938f82ae89054ab10a76,2026-03-20T07:54:07.302799,UNITED_RENTALS,TRUE,2026-03-20T07:54:07.302800,9999-12-31T00:00:00
CU-020720,Sacramento Parks Dept,Donna,Brooks,efowler@miller.org,251-681-3690,046 Campbell Greens Apt. 581,Sacramento,CA,43572,38.524122,-121.484715,GOVERNMENT,A,ACTIVE,292517.54,151705.61,UR_CUSTOMERS,1886460fd632844f63ce0e52bf310fa363a7e8a9c01175c4ba42d8b75d4a3098,2026-03-20T07:54:07.303025,UNITED_RENTALS,TRUE,2026-03-20T07:54:07.303026,9999-12-31T00:00:00
CU-020721,Garcia Contracting,Kathleen,Jensen,troycunningham@key.com,+1-326-689-0098x606,66611 Malone Spur Apt. 942,Raleigh,NC,00757,35.717892,-78.569703,INFRASTRUCTURE,B,INACTIVE,192834.62,185968.34,UR_CUSTOMERS,b05c7f2f6fdeba013f1fc554d1458a240709f801ca87cd58f1bd0e4ebed16c0d,2026-03-20T07:54:07.303245,UNITED_RENTALS,TRUE,2026-03-20T07:54:07.303246,9999-12-31T00:00:00
CU-020722,Ortiz Drilling,Michelle,Williams,petersonapril@spencer-ramirez.com,297-579-5724x003,1861 Bailey Point,Salt Lake City,UT,80305,40.839402,-111.861092,OIL_AND_GAS,B,ACTIVE,60354.96,366877.31,UR_CUSTOMERS,ea4aac64384ec2fbbf3e4113bde1cbaac975f61e849deba9ed557ebcd3b960b5,2026-03-20T07:54:07.303494,UNITED_RENTALS,TRUE,2026-03-20T07:54:07.303495,9999-12-31T00:00:00
CU-020723,Thompson-Hernandez,Kyle,Torres,pbarnes@bishop.com,632.451.9901x02633,7708 Ray Vista,Portland,OR,89498,45.453159,-122.744476,INDUSTRIAL,B,SUSPENDED,138499.97,421896.74,UR_CUSTOMERS,355e97c694b54cd87cecfc7dfc958116acdefcd073106e80e98b587b5e4352bb,2026-03-20T07:54:07.303723,UNITED_RENTALS,TRUE,2026-03-20T07:54:07.303724,9999-12-31T00:00:00
CU-020724,Indianapolis Water District,Gabriel,Hunter,christinapaul@wood.net,(913)880-1155,51398 Mcgrath Valley Apt. 237,Indianapolis,IN,47898,39.839687,-86.207995,GOVERNMENT,A,ACTIVE,476040.52,90930.32,UR_CUSTOMERS,0f58f89bff81fee764958dee64da426f7935ec13fbe874f320285eef7a61af66,2026-03-20T07:54:07.303976,UNITED_RENTALS,TRUE,2026-03-20T07:54:07.303977,9999-12-31T00:00:00
CU-020725,Smith Construction,Katherine,Lynch,davidflores@cabrera.com,(943)842-1395,2807 Olivia Landing Apt. 064,San Francisco,CA,91043,37.788488,-122.394126,CONSTRUCTION,B,ACTIVE,98331.43,485104.78,UR_CUSTOMERS,9e08691831f5c5b0f3c6094c2477dfaa846df82d3980ce821a7875a2e9cf8f32,2026-03-20T07:54:07.304186,UNITED_RENTALS,TRUE,2026-03-20T07:54:07.304186,9999-12-31T00:00:00
CU-020726,Wise-Le,Bradley,Barry,christiecarter@hodge-weaver.net,(725)958-7293x7062,0805 Ryan Views,Columbus,OH,89163,39.907636,-83.072973,MINING,D,ACTIVE,24240.68,194520.01,UR_CUSTOMERS,77ba8ec35101afad0d1c0e24eda0253180f3b65fdfd8a91dd8affa54677d83b0,2026-03-20T07:54:07.304462,UNITED_RENTALS,TRUE,2026-03-20T07:54:07.304463,9999-12-31T00:00:00
CU-020727,Barnes and Sons,Sharon,Beck,xchaney@brown.com,(770)834-1477,71379 Smith Burgs Suite 382,Philadelphia,PA,71230,39.999298,-75.216197,EVENTS,A,ACTIVE,347469.11,302166.38,UR_CUSTOMERS,d431620626b4a8fe88537b84d9b5f3b4b6ddccd9323f9839cc7c045bc28b1d1f,2026-03-20T07:54:07.304664,UNITED_RENTALS,TRUE,2026-03-20T07:54:07.304665,9999-12-31T00:00:00
CU-020728,Donovan Pipeline,Andrea,Davies,janetpena@joyce.biz,475-437-6445x12562,346 Rhodes Union,Tulsa,OK,17738,36.105686,-95.922362,OIL_AND_GAS,D,ACTIVE,15728.08,290879.35,UR_CUSTOMERS,b9ca9fd1c66426b49519d0fde547180d6d7d1b794896d60dc7b37fc0a586343f,2026-03-20T07:54:07.304883,UNITED_RENTALS,TRUE,2026-03-20T07:54:07.304884,9999-12-31T00:00:00
CU-020729,"Knight, Gross and Martinez",April,West,uwilliams@hudson-salinas.com,+1-494-351-0683x829,98604 Todd Landing Suite 103,Las Vegas,NV,55749,36.144388,-115.128015,MINING,C,ACTIVE,57648.72,470981.63,UR_CUSTOMERS,585ff46ac4b7d1e0a5331ce41d0def0002febb6d60b7c73b0a9d55a5555249f4,2026-03-20T07:54:07.305171,UNITED_RENTALS,TRUE,2026-03-20T07:54:07.305171,9999-12-31T00:00:00
CU-020730,Sacramento Parks Dept,Debra,Walters,nicholas56@stewart.org,(294)812-3528x8899,110 Garcia Ranch,Sacramento,CA,98090,38.56839,-121.527113,GOVERNMENT,A,INACTIVE,408250.03,38036.12,UR_CUSTOMERS,0d0bb3f061bda7a1198ff3e152d07b16e36374302982511871da47683711be4c,2026-03-20T07:54:07.305331,UNITED_RENTALS,TRUE,2026-03-20T07:54:07.305331,9999-12-31T00:00:00
CU-020731,Sloan and Sons,Jane,Johnson,gdixon@cook.com,001-543-372-1326x77638,804 William Hills,Seattle,WA,92045,47.563372,-122.368963,EVENTS,A,ACTIVE,380871.04,214212.48,UR_CUSTOMERS,e9250d58b608ffe9392b7811e039a6a3df125af4859dde50924da6a03997088e,2026-03-20T07:54:07.305579,UNITED_RENTALS,TRUE,2026-03-20T07:54:07.305580,9999-12-31T00:00:00
CU-020732,Williams PLC,Tonya,Hudson,xrivera@hunt-cobb.com,981-480-1874,311 Tamara Knolls,Phoenix,AZ,81649,33.410848,-112.115834,RESIDENTIAL,B,ACTIVE,164086.62,201178.14,UR_CUSTOMERS,cd1dd9e4ff81bccc84dacb5a8c9263e26c02f9990da9e10db84d6f46202af24a,2026-03-20T07:54:07.305797,UNITED_RENTALS,TRUE,2026-03-20T07:54:07.305797,9999-12-31T00:00:00
CU-020733,Holt Development,Kyle,Smith,andersonjason@jones.com,304.723.2758x881,63041 Cooper Way,San Francisco,CA,59945,37.78483,-122.493541,CONSTRUCTION,A,ACTIVE,257321.07,202829.32,UR_CUSTOMERS,1ddf3b93fe2853ae7d4cd42d80d61841c34cf7b8a3feee169a9d96b5676e6bcf,2026-03-20T07:54:07.306014,UNITED_RENTALS,TRUE,2026-03-20T07:54:07.306015,9999-12-31T00:00:00
CU-020734,Jackson Contracting,Randy,Tran,smithmaurice@villa.com,392.551.3622x380,20981 Smith Way Suite 696,Minneapolis,MN,11296,44.943508,-93.263824,CONSTRUCTION,A,ACTIVE,495137.8,15039.92,UR_CUSTOMERS,b18fea1ce51e30214295f871ce08d10b26e6e858007f3bb35a9921f64d7ec8e9,2026-03-20T07:54:07.306235,UNITED_RENTALS,TRUE,2026-03-20T07:54:07.306235,9999-12-31T00:00:00
CU-020735,"Young, Powell and Walls",Tyler,Kline,barrypaul@williams-marquez.net,3638533350,2510 Cameron Ports,Atlanta,GA,36166,33.696283,-84.418503,MINING,B,ACTIVE,51179.28,229875.1,UR_CUSTOMERS,b2b85f21e745c334280010affa0ad3174510809480017d9531bd59109ec2f125,2026-03-20T07:54:07.306541,UNITED_RENTALS,TRUE,2026-03-20T07:54:07.306542,9999-12-31T00:00:00
CU-020736,Gray Contracting,David,Sanchez,elizabeth51@walker.com,001-967-630-9240,359 Perry Garden,Dallas,TX,31499,32.734804,-96.805017,CONSTRUCTION,B,ACTIVE,64042.91,478735.14,UR_CUSTOMERS,b3787d50af9a67214b0d6527db1fa0fa9ac71fb4d3b47e596015423b4858971d,2026-03-20T07:54:07.306728,UNITED_RENTALS,TRUE,2026-03-20T07:54:07.306729,9999-12-31T00:00:00
CU-020737,Elliott Construction,Jeffrey,Reyes,timothy33@garcia.com,2843162675,8314 Cox Village Apt. 394,San Francisco,CA,83485,37.812088,-122.461043,CONSTRUCTION,C,SUSPENDED,56877.71,300750.46,UR_CUSTOMERS,0c5eba91529b20135aec736f6be6b6c2b7120ca680d574bd693e018e1c75b13e,2026-03-20T07:54:07.306975,UNITED_RENTALS,TRUE,2026-03-20T07:54:07.306976,9999-12-31T00:00:00
CU-020738,Camacho-Ward,Jennifer,Barber,paul42@davis.org,2238201651,175 Stephen Junctions,Charlotte,NC,16227,35.240897,-80.828027,EVENTS,A,INACTIVE,429421.95,253597.02,UR_CUSTOMERS,0bb551a872b49c2a99558088ec791e171560092c61dc19785b666c3a932ccac9,2026-03-20T07:54:07.307186,UNITED_RENTALS,TRUE,2026-03-20T07:54:07.307187,9999-12-31T00:00:00
CU-020739,"Lane, Martin and Briggs",Steven,Walters,ramirezclinton@holland-stanley.net,+1-243-696-5688x7202,03653 Freeman Terrace Suite 144,Atlanta,GA,19199,33.822302,-84.423524,INDUSTRIAL,B,ACTIVE,56791.97,392465.12,UR_CUSTOMERS,fb7ee46f9239e83248ad61060d0aac60668290405c7f6f2aa9cbcf7a13ae4874,2026-03-20T07:54:07.307506,UNITED_RENTALS,TRUE,2026-03-20T07:54:07.307506,9999-12-31T00:00:00
CU-020740,"Maynard, Valencia and Harrison",Gina,Perkins,vpace@brown.com,001-255-808-0029,7356 Taylor Mission Apt. 943,Detroit,MI,54611,42.313266,-83.039945,RESIDENTIAL,C,ACTIVE,32723.57,87752.77,UR_CUSTOMERS,6150553aaeb2b365911db2976ee328f2b6afc1d82efa711e82ac9ea15c1f16f0,2026-03-20T07:54:07.307764,UNITED_RENTALS,TRUE,2026-03-20T07:54:07.307765,9999-12-31T00:00:00
CU-020741,"Davis, Finley and Bishop",Ariana,Shepard,marcus81@mckinney-ortega.info,2238607417,25255 Donna Common,Richmond,VA,25169,37.613843,-77.415003,MINING,B,ACTIVE,106552.57,483249.31,UR_CUSTOMERS,bd1160fa713906a61808539645cee4d8cd80a155b72ab8201ac66ce51dda3c5f,2026-03-20T07:54:07.308033,UNITED_RENTALS,TRUE,2026-03-20T07:54:07.308034,9999-12-31T00:00:00
CU-020742,Sacramento Water District,Jonathan,Davis,llopez@johnson.com,454.301.6379x0584,93396 Anthony Track Apt. 965,Sacramento,CA,57395,38.547316,-121.497403,GOVERNMENT,D,INACTIVE,8144.76,214782.7,UR_CUSTOMERS,6983c3321e53c8c64bff05d4f09276d5312fdec9dcffc993896333d328bc4187,2026-03-20T07:54:07.308257,UNITED_RENTALS,TRUE,2026-03-20T07:54:07.308258,9999-12-31T00:00:00
CU-020743,Farley Engineering,Derrick,Brown,rmitchell@ortiz.com,685.562.5084x501,7099 Xavier Crest,Los Angeles,CA,01586,34.074868,-118.288614,INFRASTRUCTURE,C,ACTIVE,24273.57,192492.11,UR_CUSTOMERS,adebf62de22a9ad8adee676342f2ff819d4c062d08e11aa5b237650501bcabe6,2026-03-20T07:54:07.308511,UNITED_RENTALS,TRUE,2026-03-20T07:54:07.308512,9999-12-31T00:00:00
CU-020744,Thomas Builders,Maxwell,Rogers,kingallison@morris.com,3322865918,83905 Alexis Meadows Suite 308,Jacksonville,FL,29989,30.32348,-81.675625,INFRASTRUCTURE,A,ACTIVE,455852.88,499839.43,UR_CUSTOMERS,73c30bc3369692ffdb38481e37565737c0834adf8aef829278b03b71ce2b6849,2026-03-20T07:54:07.308725,UNITED_RENTALS,TRUE,2026-03-20T07:54:07.308725,9999-12-31T00:00:00
CU-020745,Perez PLC,Keith,Garcia,dwalsh@vargas-horton.com,001-210-750-7197,4540 Garza Crescent Suite 387,Cincinnati,OH,57384,39.132185,-84.484566,EVENTS,A,ACTIVE,282550.14,17537.8,UR_CUSTOMERS,3c0e0c116d5c634e34af7790b0a3cf4e69c4fd63417f3dcb09ac12ac47f23a91,2026-03-20T07:54:07.308960,UNITED_RENTALS,TRUE,2026-03-20T07:54:07.308960,9999-12-31T00:00:00
CU-020746,Clark-Schneider,John,Ingram,julie56@coleman-edwards.info,+1-529-962-6327x324,91905 Sullivan Islands,Denver,CO,90054,39.741687,-105.056955,INDUSTRIAL,C,ACTIVE,73870.2,468947.57,UR_CUSTOMERS,fc7250d1d97b98aa7afe4bc43d8ef63f51f2a1880d89d62217f7ec5ed38900ff,2026-03-20T07:54:07.309211,UNITED_RENTALS,TRUE,2026-03-20T07:54:07.309211,9999-12-31T00:00:00
CU-020747,Shaffer Contracting,Daniel,Mayer,jenningskyle@orozco.net,+1-332-998-7681x6051,42363 Wright Shore,Indianapolis,IN,28684,39.82434,-86.142171,INFRASTRUCTURE,A,SUSPENDED,242480.84,303235.37,UR_CUSTOMERS,c7217e4783ae79fe11cf43e448f2c54bd3dcd91924662c975ea1d762b9dfcf2b,2026-03-20T07:54:07.309432,UNITED_RENTALS,TRUE,2026-03-20T07:54:07.309432,9999-12-31T00:00:00
CU-020748,Ford Builders,Amanda,Jones,foxjose@jones-cooper.info,001-416-282-6111x476,47873 Collins Harbors Suite 564,Dallas,TX,59753,32.778025,-96.853167,INFRASTRUCTURE,B,ACTIVE,83056.08,247587.69,UR_CUSTOMERS,029cbfe6a0008fd534e3af26e62a571e021b1c5a26b48fcb79271f332d1f6663,2026-03-20T07:54:07.309685,UNITED_RENTALS,TRUE,2026-03-20T07:54:07.309685,9999-12-31T00:00:00
CU-020749,Brown Inc,Kimberly,Hunt,brittany66@kennedy.com,3886943830,8165 Smith Pines Apt. 418,Detroit,MI,90126,42.255648,-82.999581,EVENTS,A,ACTIVE,192202.37,224138.87,UR_CUSTOMERS,d4bd761f38c117b2ee60dca60f9fc5a169443716a6c3c2e5f9ffb28eb651c618,2026-03-20T07:54:07.309880,UNITED_RENTALS,TRUE,2026-03-20T07:54:07.309881,9999-12-31T00:00:00
CU-020750,OR Electric Co,Christine,Potter,juangould@lopez.com,534.360.8736x314,72293 Kevin Avenue,Portland,OR,85689,45.491425,-122.715759,UTILITY,A,ACTIVE,224672.32,140317.36,UR_CUSTOMERS,e7a00e77ae6e419ddeab2a7fcdbc0c46f59d92e1ad6a8d660d66a0d6e9124cfe,2026-03-20T07:54:07.310120,UNITED_RENTALS,TRUE,2026-03-20T07:54:07.310121,9999-12-31T00:00:00
CU-020751,Perez Engineering,Kimberly,May,joshuarodriguez@morales.biz,492-473-8681x337,818 Michael Fords Apt. 588,Minneapolis,MN,33147,44.971923,-93.309401,INFRASTRUCTURE,D,ACTIVE,16243.08,85971.57,UR_CUSTOMERS,24bcd826cf64ac38f8a4b495a639b0ef5f21b982cc7ea8390d33f85a9a264ed3,2026-03-20T07:54:07.310338,UNITED_RENTALS,TRUE,2026-03-20T07:54:07.310339,9999-12-31T00:00:00
CU-020752,Randolph Inc,James,Tucker,pwilliams@gordon.info,001-687-360-2874x90726,0391 Castillo Club,Richmond,VA,23259,37.501297,-77.481888,RESIDENTIAL,D,ACTIVE,12059.84,494579.44,UR_CUSTOMERS,94f57aee9f639cbe32fbdb190348794931c2c01b70987cb4ad4b5b2f9b3cd09b,2026-03-20T07:54:07.310541,UNITED_RENTALS,TRUE,2026-03-20T07:54:07.310542,9999-12-31T00:00:00
CU-020753,"Dixon, Sanchez and Lynch",Jeffrey,Wong,rebecca93@waters.com,481.546.9539x536,72486 Michelle Corner,Tulsa,OK,45152,36.128444,-96.035702,RESIDENTIAL,B,ACTIVE,196747.63,42790.74,UR_CUSTOMERS,78ac7b557b683624f57aecc82856982299131aea17800c831d0421d99059332b,2026-03-20T07:54:07.310787,UNITED_RENTALS,TRUE,2026-03-20T07:54:07.310787,9999-12-31T00:00:00
CU-020754,TX Power Co,Ryan,Preston,jerrywilliams@price.org,967-301-4128x044,83624 Parker Isle,Houston,TX,53282,29.818003,-95.382582,UTILITY,A,ACTIVE,252491.74,372502.31,UR_CUSTOMERS,0af5a56e0dd154d41e9c5c64984427a4c3705854586592a70ed3a40808743f7b,2026-03-20T07:54:07.311029,UNITED_RENTALS,TRUE,2026-03-20T07:54:07.311030,9999-12-31T00:00:00
CU-020755,Lewis Group,Amy,Hester,epark@pratt.info,260.863.9513x689,4169 Newman Mall Suite 337,Houston,TX,97669,29.814682,-95.444212,MINING,D,ACTIVE,21421.78,242017.16,UR_CUSTOMERS,ebfec2e38983b07eef473ad523dd3eb556e6d941024b7e7d732fa676e40fd662,2026-03-20T07:54:07.311235,UNITED_RENTALS,TRUE,2026-03-20T07:54:07.311235,9999-12-31T00:00:00
CU-020756,Butler-Miller,Michelle,Nelson,matthewchavez@crawford.org,458-536-1883x744,42445 Ian Village Suite 702,Dallas,TX,16300,32.732396,-96.840201,INDUSTRIAL,B,INACTIVE,84845.59,200755.59,UR_CUSTOMERS,80e2dfb145aaa7896643e04ecca6dfdee624ea2022a2c61f2c1a22b3acf3712c,2026-03-20T07:54:07.311533,UNITED_RENTALS,TRUE,2026-03-20T07:54:07.311533,9999-12-31T00:00:00
CU-020757,TX Electric Co,Valerie,Burnett,christineclarke@peters.com,001-603-576-3294x0380,1269 William Lane Suite 510,Dallas,TX,69183,32.750337,-96.788833,UTILITY,A,ACTIVE,409887.7,354963.57,UR_CUSTOMERS,3ca5dc345b902c919871a4cf2c1737cdc74f8af2b509ca7e235700a1d9a9ed05,2026-03-20T07:54:07.311776,UNITED_RENTALS,TRUE,2026-03-20T07:54:07.311777,9999-12-31T00:00:00
CU-020758,Chicago County,Robert,Castaneda,ahardin@charles-francis.com,+1-631-432-9402x759,16575 Flores Hollow Suite 328,Chicago,IL,09838,41.835382,-87.67899,GOVERNMENT,A,ACTIVE,109450.95,332617.34,UR_CUSTOMERS,75adfba02fae14b844d5367dca64f7d03774b40d385f3220e44edc1315a19706,2026-03-20T07:54:07.311979,UNITED_RENTALS,TRUE,2026-03-20T07:54:07.311979,9999-12-31T00:00:00
CU-020759,Kaufman Construction,Gina,Estrada,muellerphillip@ewing-mendoza.net,001-341-709-6006x616,76602 Carter Landing,Charlotte,NC,49863,35.297923,-80.886538,INFRASTRUCTURE,A,ACTIVE,499355.49,425755.25,UR_CUSTOMERS,c032a194f3e9f0d9b4eca591ccdab717bd19df20a0c9c7fd130cd4e9fc540074,2026-03-20T07:54:07.312235,UNITED_RENTALS,TRUE,2026-03-20T07:54:07.312236,9999-12-31T00:00:00
CU-020760,Burke Development,Jacqueline,Davis,carterjerry@kemp.info,775-554-6068x34260,824 Chapman Lane,Phoenix,AZ,95650,33.469114,-112.014602,CONSTRUCTION,B,ACTIVE,161836.14,209849.64,UR_CUSTOMERS,ba897322e5ba5a353a01a60fbbe62c0cb8b6f3e8fdbb0c224cbf097ef0f74ac9,2026-03-20T07:54:07.312516,UNITED_RENTALS,TRUE,2026-03-20T07:54:07.312517,9999-12-31T00:00:00
CU-020761,Williams Development,Janet,Wyatt,palmerkatherine@hawkins.com,463.848.7451,379 Michelle Estate,Richmond,VA,86347,37.560297,-77.449895,CONSTRUCTION,A,ACTIVE,484674.82,206735.83,UR_CUSTOMERS,eeb0684d2df319f89aea94f857402e413387bf36a775c272617c928dccdb3bf6,2026-03-20T07:54:07.312788,UNITED_RENTALS,TRUE,2026-03-20T07:54:07.312789,9999-12-31T00:00:00
CU-020762,"English, Clark and Johnson",Deborah,Carter,sherryjones@miller.com,001-855-879-9900x725,30636 Griffin Pine Apt. 715,Richmond,VA,14808,37.510739,-77.447327,EVENTS,C,INACTIVE,61855.03,314368.03,UR_CUSTOMERS,67e58239f9e0f9adddadba1047e177dfcca3e1e5bbc587913f4314a4f2b74e79,2026-03-20T07:54:07.313071,UNITED_RENTALS,TRUE,2026-03-20T07:54:07.313072,9999-12-31T00:00:00
CU-020763,Mitchell and Sons,Raymond,Gibson,mbarajas@ballard-douglas.com,001-722-749-6737x1967,120 Cook Skyway Apt. 289,St. Louis,MO,90645,38.549881,-90.180469,INDUSTRIAL,A,ACTIVE,332741.27,107757.22,UR_CUSTOMERS,df7a83e7c8b1e4e573fe22b00c9773dc5e8b15648452580c4c4ab1b35f23483f,2026-03-20T07:54:07.313306,UNITED_RENTALS,TRUE,2026-03-20T07:54:07.313307,9999-12-31T00:00:00
CU-020764,NC Electric Co,Joshua,Evans,nicholaschapman@duncan-blanchard.com,+1-966-874-8868x99690,141 Marcus Camp,Raleigh,NC,98265,35.738771,-78.568816,UTILITY,C,ACTIVE,21565.06,360904.25,UR_CUSTOMERS,65a222ee4d9f05d2d70c62ba75f2cf844e753663406c16f0249769ea43b89360,2026-03-20T07:54:07.313518,UNITED_RENTALS,TRUE,2026-03-20T07:54:07.313518,9999-12-31T00:00:00
CU-020765,San Diego Parks Dept,Jenny,Hanson,mcdanielkristy@owens-lopez.com,725.644.5278x610,287 Conway Motorway Suite 193,San Diego,CA,80579,32.666279,-117.13114,GOVERNMENT,C,ACTIVE,72713.34,45470.1,UR_CUSTOMERS,63d1f9acdfb301cd97052ff9e8fbc923991bbaa90b99befdcceea08016f477d8,2026-03-20T07:54:07.313739,UNITED_RENTALS,TRUE,2026-03-20T07:54:07.313739,9999-12-31T00:00:00
CU-020766,Martinez Development,Johnny,Yates,shanejackson@shepard.net,+1-791-208-5877x707,99392 Long Mission,Chicago,IL,80711,41.922961,-87.67755,CONSTRUCTION,C,ACTIVE,72199.88,199049.16,UR_CUSTOMERS,0beee74cb7833ed91264d7a81dc2e6753a569e03a08815771ce41415b61236db,2026-03-20T07:54:07.314019,UNITED_RENTALS,TRUE,2026-03-20T07:54:07.314020,9999-12-31T00:00:00
CU-020767,Holt-Torres,Erica,Foster,christopherhaas@jones-powell.biz,(278)561-6338x63813,624 Turner Ridge,San Diego,CA,33644,32.741518,-117.180738,INDUSTRIAL,C,ACTIVE,71433.49,59874.33,UR_CUSTOMERS,abe885a957cdeb7479a1d79825365c800e7dac91c9bb2a05462e744ea054f4d8,2026-03-20T07:54:07.314300,UNITED_RENTALS,TRUE,2026-03-20T07:54:07.314301,9999-12-31T00:00:00
CU-020768,CT Electric Co,Richard,Diaz,ashley70@walker-phillips.com,295-341-2176x208,934 Amanda Burg,Hartford,CT,88857,41.747455,-72.620776,UTILITY,D,ACTIVE,21442.52,462563.8,UR_CUSTOMERS,835bd751cadf602cc8353d95a7dcd0807eb7af1a064c5ad908db96351574bced,2026-03-20T07:54:07.314481,UNITED_RENTALS,TRUE,2026-03-20T07:54:07.314482,9999-12-31T00:00:00
CU-020769,Lawrence Builders,Mackenzie,Kelly,smorris@kelly.org,4016923315,1575 Neal Drive,St. Louis,MO,61078,38.671317,-90.131062,INFRASTRUCTURE,B,ACTIVE,134218.17,219102.15,UR_CUSTOMERS,fcf79a326f32dc31c0e1d3f352fe2d06a9b4d27a9cfbe41f7f1762ab32cc1a97,2026-03-20T07:54:07.314739,UNITED_RENTALS,TRUE,2026-03-20T07:54:07.314740,9999-12-31T00:00:00
CU-020770,Henderson Engineering,Robert,Singleton,timothyolsen@blevins.com,635.669.4201,6616 Nicole Ville Suite 064,Boston,MA,09063,42.32519,-71.138403,CONSTRUCTION,A,ACTIVE,266479.87,372716.44,UR_CUSTOMERS,bf54b2ff0166fbf707952b4d49e105dba357dbd4e43bd87601c11d0f71e59b66,2026-03-20T07:54:07.315010,UNITED_RENTALS,TRUE,2026-03-20T07:54:07.315011,9999-12-31T00:00:00
CU-020771,Lewis PLC,Kurt,Fields,qbarron@little.com,246.555.4612,672 Green Spring Apt. 198,Seattle,WA,81457,47.611218,-122.274688,EVENTS,C,ACTIVE,92140.59,45029.55,UR_CUSTOMERS,ca7681fac276cfbe009b7fb1d0a6f7fb63b0791127bce995f46612eaa8734511,2026-03-20T07:54:07.315224,UNITED_RENTALS,TRUE,2026-03-20T07:54:07.315225,9999-12-31T00:00:00
CU-020772,Thornton PLC,Rachael,Wilson,erin53@walter-davidson.com,362-586-0781x38475,74918 Smith Square Apt. 405,Columbus,OH,88531,40.022164,-82.94656,MINING,A,SUSPENDED,185066.71,261287.13,UR_CUSTOMERS,46f0814fc2ec4920b0dc65e987ed99ce13218b5320bb22a44dbd9da727f40e55,2026-03-20T07:54:07.315460,UNITED_RENTALS,TRUE,2026-03-20T07:54:07.315461,9999-12-31T00:00:00
CU-020773,Mack-Butler,Michael,Anderson,qjensen@newman.com,001-897-637-2530x31584,442 Hailey Glens,San Diego,CA,88681,32.661457,-117.128551,RESIDENTIAL,A,ACTIVE,451435.45,139834.16,UR_CUSTOMERS,85157ed7715b8a63ebc6557c796b22eaa454068e3edfd9aba541eff9f09155cf,2026-03-20T07:54:07.315745,UNITED_RENTALS,TRUE,2026-03-20T07:54:07.315746,9999-12-31T00:00:00
CU-020774,Smith Builders,Breanna,Martin,danielkelly@sosa.info,505.439.0034,2055 Mann Stream,Denver,CO,50645,39.679128,-105.064979,INFRASTRUCTURE,C,ACTIVE,69742.72,312641.11,UR_CUSTOMERS,2ba30467f35431a1381fc5ee2a7520b7a6bf8034dba66cde9f1f1b6d259fd2fd,2026-03-20T07:54:07.315968,UNITED_RENTALS,TRUE,2026-03-20T07:54:07.315969,9999-12-31T00:00:00
CU-020775,Fuentes Engineering,Pamela,Turner,ywatson@quinn-ramos.com,793.399.4310,8782 Erika Port Suite 728,San Francisco,CA,32253,37.846578,-122.385413,INFRASTRUCTURE,B,ACTIVE,68961.03,374727.07,UR_CUSTOMERS,5a0b016e0c3d3b32c49dff2b56f592692fd699c448d165ad5a402bc861af33f9,2026-03-20T07:54:07.316189,UNITED_RENTALS,TRUE,2026-03-20T07:54:07.316190,9999-12-31T00:00:00
CU-020776,Munoz Construction,April,Smith,hoffmananna@welch-chapman.net,460-974-5625x6703,875 Carson Center,Newark,NJ,76492,40.776828,-74.25149,CONSTRUCTION,D,ACTIVE,5942.18,374100.62,UR_CUSTOMERS,1d95471ad8ba38fa15730ac9d236f64aed36688c716d488a9590b3c95609cff3,2026-03-20T07:54:07.316440,UNITED_RENTALS,TRUE,2026-03-20T07:54:07.316441,9999-12-31T00:00:00
CU-020777,"Harrell, Beck and Johnson",Matthew,Jarvis,brandonmorales@pruitt.com,001-406-248-4773,4407 Cynthia Ports,San Francisco,CA,63911,37.772044,-122.495218,EVENTS,B,INACTIVE,146011.32,351321.35,UR_CUSTOMERS,25886398c799171d509511ffbb6a4a5cb1f5616abae2c7889a56bfc066348bbe,2026-03-20T07:54:07.316774,UNITED_RENTALS,TRUE,2026-03-20T07:54:07.316775,9999-12-31T00:00:00
CU-020778,Stout Ltd,Claudia,Chambers,jonesbrian@todd.com,+1-916-394-2616x664,9352 Peterson Lakes,Sacramento,CA,18219,38.653796,-121.441044,MINING,B,ACTIVE,186311.48,336995.74,UR_CUSTOMERS,51751407525f6f073278c907fc912b7efaadc9f01d3d5dc10898b4a21575b58a,2026-03-20T07:54:07.316997,UNITED_RENTALS,TRUE,2026-03-20T07:54:07.316998,9999-12-31T00:00:00
CU-020779,"Mann, Stephens and Rodriguez",Gail,Jacobson,alexandersmith@hughes.com,852-890-0741,08604 Angela Shore Apt. 167,Chicago,IL,18889,41.80617,-87.557001,INDUSTRIAL,D,ACTIVE,6534.45,365008.15,UR_CUSTOMERS,cec5d4f87c12077a9a630d14f4d9f690fdee319b1d9b28c7fa40304f67563206,2026-03-20T07:54:07.317322,UNITED_RENTALS,TRUE,2026-03-20T07:54:07.317323,9999-12-31T00:00:00
CU-020780,Lewis Builders,Melissa,Turner,valerie71@james.com,(273)277-8892x14181,90847 Jessica Shoal Apt. 705,Columbus,OH,51711,39.942585,-82.959837,INFRASTRUCTURE,D,ACTIVE,14456.86,132978.77,UR_CUSTOMERS,92a058e8cb3b087bf3af7d67c0dd750e4e6b85594cd22f6da9b5123d0ea109dc,2026-03-20T07:54:07.317505,UNITED_RENTALS,TRUE,2026-03-20T07:54:07.317506,9999-12-31T00:00:00
CU-020781,Nelson Contracting,Dana,Gregory,amber57@cole-smith.com,001-536-975-9479x1099,652 Kelli Plain Apt. 453,Los Angeles,CA,25876,34.123197,-118.193909,INFRASTRUCTURE,A,ACTIVE,427786.18,488087.56,UR_CUSTOMERS,9aebbd968475a85bdef3ef783580d118739675342ff637c6c9b22f28c42b93a1,2026-03-20T07:54:07.317719,UNITED_RENTALS,TRUE,2026-03-20T07:54:07.317720,9999-12-31T00:00:00
CU-020782,TX Electric Co,Joseph,Lewis,cheryl82@cobb.com,5268755475,163 Matthew Cove Suite 230,El Paso,TX,25726,31.725619,-106.515618,UTILITY,B,INACTIVE,88922.71,114959.9,UR_CUSTOMERS,42a19bd390afa54f36535522e8ee3a532cff091c1762a09427eda8a153576bad,2026-03-20T07:54:07.317880,UNITED_RENTALS,TRUE,2026-03-20T07:54:07.317881,9999-12-31T00:00:00
CU-020783,San Francisco Parks Dept,Megan,Bailey,christophersolis@holden.com,3803480886,8044 Brian Island,San Francisco,CA,89815,37.729162,-122.43297,GOVERNMENT,C,ACTIVE,16615.98,45448.51,UR_CUSTOMERS,c645a9a8b25010633ba7ce27fe658380b3a0fe8193dcd93a029bf549e368965d,2026-03-20T07:54:07.318064,UNITED_RENTALS,TRUE,2026-03-20T07:54:07.318065,9999-12-31T00:00:00
CU-020784,Livingston-Martinez,Cory,Wallace,ablack@schmidt.info,(263)952-1526x73711,8686 Barnes Street,Denver,CO,40758,39.784553,-104.95647,MINING,D,ACTIVE,5619.0,245027.74,UR_CUSTOMERS,5f269483af44392fc54bc379f0d5662c092fd0a8e8727f21c8378d9db14b4e61,2026-03-20T07:54:07.318355,UNITED_RENTALS,TRUE,2026-03-20T07:54:07.318356,9999-12-31T00:00:00
CU-020785,Garcia Builders,Thomas,Young,ronald95@fields.com,325-877-6899x77395,32370 Joseph Stream Apt. 950,El Paso,TX,89483,31.787115,-106.488032,INFRASTRUCTURE,C,ACTIVE,57757.58,204412.62,UR_CUSTOMERS,d6d56118ce5ad70e7e3624e61bfbf27d9a5143c44e2a1c0afb6c548b2da98a40,2026-03-20T07:54:07.318541,UNITED_RENTALS,TRUE,2026-03-20T07:54:07.318542,9999-12-31T00:00:00
CU-020786,Flynn-Cochran,Michael,Cowan,oliversonya@contreras.com,+1-547-572-5961x1595,62906 Amy Track Apt. 566,San Diego,CA,07522,32.640924,-117.10952,INDUSTRIAL,B,ACTIVE,142192.01,274891.04,UR_CUSTOMERS,395542078f81897ef25de89e73529cdbffb3f64470a91c37bb01127a79c42991,2026-03-20T07:54:07.318849,UNITED_RENTALS,TRUE,2026-03-20T07:54:07.318849,9999-12-31T00:00:00
CU-020787,Stanley Engineering,Latasha,Lee,bellchristopher@lewis.org,963.556.8087,2441 Ford Divide Apt. 874,New York,NY,32143,40.703464,-74.002865,INFRASTRUCTURE,B,ACTIVE,150867.8,466515.51,UR_CUSTOMERS,3ae5e7de9eaf4481afe3d978d7295c89f7b183d33f5e84a72712a162286b93c7,2026-03-20T07:54:07.319129,UNITED_RENTALS,TRUE,2026-03-20T07:54:07.319129,9999-12-31T00:00:00
CU-020788,VA Energy Co,Andrew,Russell,mturner@harris.com,670.792.9516x28908,262 Woods Ford Apt. 125,Richmond,VA,68817,37.494994,-77.358939,UTILITY,B,ACTIVE,69687.46,413024.4,UR_CUSTOMERS,d6188eae4692051d51f97f357330efc2969bc2aad53fd894f849ac2f20dd3ebd,2026-03-20T07:54:07.319359,UNITED_RENTALS,TRUE,2026-03-20T07:54:07.319360,9999-12-31T00:00:00
CU-020789,Davis Development,Ellen,Tapia,zlong@adams.com,+1-874-747-6522x469,9217 Jones Cove,Charlotte,NC,32946,35.149766,-80.881733,INFRASTRUCTURE,B,ACTIVE,170031.28,100189.97,UR_CUSTOMERS,d94450941834576898216456f1ba0bf817fff9dec4ceeb995600784819d389b1,2026-03-20T07:54:07.319561,UNITED_RENTALS,TRUE,2026-03-20T07:54:07.319562,9999-12-31T00:00:00
CU-020790,NY Water Co,Nathan,Sandoval,mark70@sims.com,645.380.7664x878,312 Graham Park,New York,NY,70726,40.758255,-73.965212,UTILITY,C,ACTIVE,11130.72,383639.27,UR_CUSTOMERS,1bf129868c178919b57d546d59959cc80c6ac9f709fef2f6e3552eb2001c2938,2026-03-20T07:54:07.319782,UNITED_RENTALS,TRUE,2026-03-20T07:54:07.319782,9999-12-31T00:00:00
CU-020791,Mejia Contracting,James,Obrien,danarusso@mora.com,788-616-0353x4176,41191 Destiny Highway Suite 391,Newark,NJ,82991,40.733455,-74.214304,INFRASTRUCTURE,D,ACTIVE,5560.73,159030.7,UR_CUSTOMERS,0ec6605e5e10868af096ad7e1cd188363fa9fb9579764fbb21bb83b6115f43dc,2026-03-20T07:54:07.319996,UNITED_RENTALS,TRUE,2026-03-20T07:54:07.319997,9999-12-31T00:00:00
CU-020792,Clayton PLC,Lori,Young,april48@smith.com,(277)315-6853,4794 Rhonda Alley Apt. 089,Portland,OR,96658,45.576853,-122.647208,EVENTS,D,ACTIVE,9978.62,54637.0,UR_CUSTOMERS,e85870b5561bbe6285c9794d77b95ca7e13e4f9e798934f9144ba5e1c76fccdc,2026-03-20T07:54:07.320250,UNITED_RENTALS,TRUE,2026-03-20T07:54:07.320251,9999-12-31T00:00:00
CU-020793,Moore Drilling,Ashlee,Williams,ggreen@williamson.com,8297376452,80238 Flores Fall Suite 008,San Diego,CA,01569,32.787196,-117.239436,OIL_AND_GAS,B,SUSPENDED,173890.01,199243.41,UR_CUSTOMERS,ee6b4e8aed0bb7a9547ea5ab8a0a372f450fd56209a2a48df941000cc444a58d,2026-03-20T07:54:07.320507,UNITED_RENTALS,TRUE,2026-03-20T07:54:07.320508,9999-12-31T00:00:00
CU-020794,Riley-Johnson,Misty,Roy,smithjohn@cook.info,+1-528-268-7220,08169 Sheila Ford Suite 662,Las Vegas,NV,15292,36.1794,-115.202049,MINING,A,ACTIVE,278162.32,442213.7,UR_CUSTOMERS,dba4a75d87e127889f3c20632dba6c531f8a959fe3e065708bb2e1bf018b2e23,2026-03-20T07:54:07.320749,UNITED_RENTALS,TRUE,2026-03-20T07:54:07.320750,9999-12-31T00:00:00
CU-020795,Adams-Bailey,Tiffany,Jones,griffinmary@jacobson.com,001-494-828-6358x349,987 Gilbert Keys,Phoenix,AZ,80324,33.44706,-112.025765,INDUSTRIAL,A,ACTIVE,468433.47,492569.64,UR_CUSTOMERS,fc5cbc1b0d25aac462d734cebdb9cfe1556f73c38f865996f525548cdcd5342a,2026-03-20T07:54:07.321054,UNITED_RENTALS,TRUE,2026-03-20T07:54:07.321055,9999-12-31T00:00:00
CU-020796,Brown and Sons,Kelsey,Francis,michaelsweeney@bailey.net,+1-734-963-8916x1905,02961 Ball Rapid Apt. 941,Kansas City,MO,56677,39.068038,-94.590148,MINING,B,ACTIVE,114951.63,301025.4,UR_CUSTOMERS,cbc8e8d2769ec162219fd3df26c62eae70703fbfaa754d0dc81027e855078029,2026-03-20T07:54:07.321338,UNITED_RENTALS,TRUE,2026-03-20T07:54:07.321338,9999-12-31T00:00:00
CU-020797,Mcdonald Engineering,Mark,Hopkins,lopezcaitlin@gilbert.com,681-918-9172x845,400 Robert Plaza Suite 580,Philadelphia,PA,65152,39.948301,-75.094625,INFRASTRUCTURE,D,ACTIVE,13211.78,487729.7,UR_CUSTOMERS,87bf737086aa17ef6ada4c86c79513bdbbe042c0a3d6beebf91d9404fa1887ef,2026-03-20T07:54:07.321606,UNITED_RENTALS,TRUE,2026-03-20T07:54:07.321607,9999-12-31T00:00:00
CU-020798,"Lopez, Smith and Brown",Dana,Johnson,fpham@berger.com,652.892.5556x808,15812 Omar Drives,Columbus,OH,36309,39.995429,-82.950255,EVENTS,A,ACTIVE,197287.44,150981.72,UR_CUSTOMERS,3bb6db03b69a99ff328cc0028d231bfd2c4d8b76fd8a05e8fa40b89362a78f0e,2026-03-20T07:54:07.321912,UNITED_RENTALS,TRUE,2026-03-20T07:54:07.321912,9999-12-31T00:00:00
CU-020799,"Lopez, Oliver and Zavala",Justin,Webb,smithteresa@wilson-schwartz.biz,+1-972-944-6095x7724,6308 Mathew Curve Apt. 910,Tulsa,OK,05344,36.080534,-96.055346,EVENTS,D,ACTIVE,12727.51,127344.68,UR_CUSTOMERS,d4daac602acdc8f612b780604734223fe3e2c3a24be762d091eaac1d6b18db82,2026-03-20T07:54:07.322209,UNITED_RENTALS,TRUE,2026-03-20T07:54:07.322210,9999-12-31T00:00:00
CU-020800,"Vazquez, Butler and Adams",Steve,Burton,wagnerlori@williams.com,805.497.5733,5755 Taylor Pass Suite 856,Tampa,FL,71359,27.94821,-82.429151,EVENTS,A,ACTIVE,401152.77,474511.45,UR_CUSTOMERS,1096b3c9e027c8114fb7404b09ac72066fb67acf1308bb38631b32ac1ca1adff,2026-03-20T07:54:07.322489,UNITED_RENTALS,TRUE,2026-03-20T07:54:07.322490,9999-12-31T00:00:00
CU-020801,TX Power Co,Michael,Hardy,rgill@woods.net,513.500.0255x4645,9852 Reid Pass Suite 470,Austin,TX,38072,30.237291,-97.81246,UTILITY,D,ACTIVE,6235.65,172042.62,UR_CUSTOMERS,348a56238c91335c83b2daf27000bb313af88b745aac0b6ba87d4333dc63fc71,2026-03-20T07:54:07.322716,UNITED_RENTALS,TRUE,2026-03-20T07:54:07.322717,9999-12-31T00:00:00
CU-020802,Meyers Development,Hannah,Collins,murphyjulie@hubbard.com,(795)711-8196x13875,29813 Nicole Rue Apt. 419,Los Angeles,CA,88022,34.044928,-118.235601,INFRASTRUCTURE,C,INACTIVE,82636.19,28503.13,UR_CUSTOMERS,c51d5ed7ffd19c8eaf50dcc9868a559eefc51f67a1477a3e5d6a2d6d17463d0b,2026-03-20T07:54:07.322928,UNITED_RENTALS,TRUE,2026-03-20T07:54:07.322929,9999-12-31T00:00:00
CU-020803,"Stevens, Nixon and Murray",Christopher,Meyer,reevesnicholas@bowers.biz,4489909859,3694 King Rapids,Pittsburgh,PA,27435,40.391139,-80.068099,RESIDENTIAL,A,ACTIVE,285453.77,420780.34,UR_CUSTOMERS,2bd4f658aed868c65ab1213fdeb1f13a256b97f0dfb93f2dbdc90ff00b9271ac,2026-03-20T07:54:07.323271,UNITED_RENTALS,TRUE,2026-03-20T07:54:07.323271,9999-12-31T00:00:00
CU-020804,"Torres, Castillo and Terry",Zachary,Aguilar,omiller@davis.info,(345)980-8431x9652,053 Dennis Manor,Boston,MA,03101,42.294333,-71.081239,INDUSTRIAL,A,ACTIVE,198451.04,273919.57,UR_CUSTOMERS,55fe545965e9ba69ad7c4c9af9444a593a8b66bb44126a168d911b83821d91af,2026-03-20T07:54:07.323575,UNITED_RENTALS,TRUE,2026-03-20T07:54:07.323575,9999-12-31T00:00:00
CU-020805,PA Gas Co,Mitchell,Terry,ievans@cooley.com,+1-358-576-9559x126,8373 Kimberly Square,Pittsburgh,PA,90912,40.509211,-80.007216,UTILITY,B,ACTIVE,68411.5,66099.35,UR_CUSTOMERS,87cc9aef73a41bb99c5588048b11be45698cb645c261ebcc3737aa731767a208,2026-03-20T07:54:07.323791,UNITED_RENTALS,TRUE,2026-03-20T07:54:07.323792,9999-12-31T00:00:00
CU-020806,Bailey LLC,Daniel,Doyle,mark23@cochran.net,4249557116,51492 Harris Park Apt. 231,Houston,TX,61406,29.765919,-95.404216,RESIDENTIAL,A,ACTIVE,121537.19,197551.07,UR_CUSTOMERS,ff508c848304b7d7e5034064d512c9bd13b8ca5cf3932ea87ccf5648cd63309f,2026-03-20T07:54:07.323983,UNITED_RENTALS,TRUE,2026-03-20T07:54:07.323984,9999-12-31T00:00:00
CU-020807,Houston School District,Jonathan,Orr,andersonjulia@rivers.info,(734)843-3460x2633,62987 Lisa Isle Apt. 151,Houston,TX,35757,29.778328,-95.340423,GOVERNMENT,A,ACTIVE,447979.69,388787.47,UR_CUSTOMERS,4ba793c612d1150cc91b261e1f8a2f5dd207322a3a9edc27a455fc0edbbffe58,2026-03-20T07:54:07.324167,UNITED_RENTALS,TRUE,2026-03-20T07:54:07.324168,9999-12-31T00:00:00
CU-020808,TX Electric Co,Erica,Frye,staceydickerson@wells.com,+1-768-650-4485x26023,24055 Brandon Lodge Apt. 139,Austin,TX,02729,30.200861,-97.663787,UTILITY,B,ACTIVE,180246.67,457490.73,UR_CUSTOMERS,8e800329980320e6a0bcabc5ca522240006fb71171433c83303f623b36693115,2026-03-20T07:54:07.324349,UNITED_RENTALS,TRUE,2026-03-20T07:54:07.324350,9999-12-31T00:00:00
CU-020809,Adams Ltd,Alyssa,Munoz,ocox@gonzalez.net,705.368.3355x5638,439 Phillips Turnpike,Raleigh,NC,51559,35.725885,-78.61416,MINING,A,ACTIVE,147722.85,76502.07,UR_CUSTOMERS,9829c8c4e7a783903f7406854c9d2cda92b19b94744b6cf716a309641ffffcc2,2026-03-20T07:54:07.324547,UNITED_RENTALS,TRUE,2026-03-20T07:54:07.324548,9999-12-31T00:00:00
CU-020810,"Castro, Williams and Reed",Michael,Dawson,margaretrandall@smith.com,(760)294-0447x5017,6558 Debbie Islands Suite 972,Las Vegas,NV,21971,36.218134,-115.135224,MINING,B,ACTIVE,165078.84,8087.31,UR_CUSTOMERS,740d0cd35c87a4f25672cf0bccf5b8c97bcbd3deb3a40a1ffa104c33ab1308f5,2026-03-20T07:54:07.324875,UNITED_RENTALS,TRUE,2026-03-20T07:54:07.324875,9999-12-31T00:00:00
CU-020811,WA Gas Co,James,Roberts,kingandrew@allen-brown.com,3693713635,202 Rodriguez Via Apt. 328,Seattle,WA,54392,47.535161,-122.310164,UTILITY,D,ACTIVE,11810.3,240032.98,UR_CUSTOMERS,3070b0a2e9f332eae8a26af05dcb409be2a809570c36e4100c35a72f9f728802,2026-03-20T07:54:07.325097,UNITED_RENTALS,TRUE,2026-03-20T07:54:07.325098,9999-12-31T00:00:00
CU-020812,"Chase, Bonilla and Martinez",Aaron,Wise,sarah42@green.com,(243)302-3200,78928 Joseph Freeway,Chicago,IL,44136,41.902887,-87.68001,RESIDENTIAL,B,INACTIVE,174701.36,473202.02,UR_CUSTOMERS,93402f8c3e41c0f0fb3a3ce397a02091941a8161a7c8b3b424aeda11d9015900,2026-03-20T07:54:07.325336,UNITED_RENTALS,TRUE,2026-03-20T07:54:07.325336,9999-12-31T00:00:00
CU-020813,Davidson Group,Ashley,Klein,matthewblake@morris.info,(929)748-4676x40897,1408 Aaron Mountain,Raleigh,NC,05710,35.853803,-78.693468,RESIDENTIAL,B,ACTIVE,196577.04,32774.38,UR_CUSTOMERS,50802315a4684224d69a1cfaebbdb9893e38c0857b77f632d719c33c724176df,2026-03-20T07:54:07.325672,UNITED_RENTALS,TRUE,2026-03-20T07:54:07.325674,9999-12-31T00:00:00
CU-020814,"Brown, Sanchez and Spears",Nicholas,Anderson,reneegriffith@henderson-franco.com,(917)936-2924x59897,243 Caleb Meadows,Philadelphia,PA,22282,39.912038,-75.207229,MINING,A,ACTIVE,430918.98,26458.83,UR_CUSTOMERS,49b1b170e6689ee4e801e09fb57becbcaf409d9543b93a7e24d49a953876750e,2026-03-20T07:54:07.326016,UNITED_RENTALS,TRUE,2026-03-20T07:54:07.326018,9999-12-31T00:00:00
CU-020815,Wheeler Pipeline,Gabriel,Frey,jamesle@gonzalez.com,001-323-659-0627x0940,24522 Johnathan Land Suite 708,Baltimore,MD,87708,39.282214,-76.595201,OIL_AND_GAS,B,ACTIVE,107671.83,218624.67,UR_CUSTOMERS,204a328a0900ea66d38d03d7520571355c1ac540022688968130385d01af965e,2026-03-20T07:54:07.326235,UNITED_RENTALS,TRUE,2026-03-20T07:54:07.326236,9999-12-31T00:00:00
CU-020816,PA Gas Co,Madison,Bradley,rebeccaterry@johnson-perry.com,001-593-937-4153x583,190 Allen Bypass Suite 587,Philadelphia,PA,47871,39.910434,-75.23483,UTILITY,B,ACTIVE,136052.24,98140.77,UR_CUSTOMERS,a6acf0152388a40599c380006f93efa35bc71afe9fa152eef01c1ecf2f8306cc,2026-03-20T07:54:07.326608,UNITED_RENTALS,TRUE,2026-03-20T07:54:07.326609,9999-12-31T00:00:00
CU-020817,Columbus Parks Dept,Ashley,Brown,michaelstout@walker.com,6076086186,747 Jackson River Apt. 483,Columbus,OH,97487,39.892003,-82.974661,GOVERNMENT,C,ACTIVE,65581.68,97433.98,UR_CUSTOMERS,9fcf88603f6ce4b55ba570d7562eb95a17e290e72b661dd26633c223dd4c15ba,2026-03-20T07:54:07.326813,UNITED_RENTALS,TRUE,2026-03-20T07:54:07.326814,9999-12-31T00:00:00
CU-020818,Finley-James,Michael,Hawkins,qduncan@ellis.com,001-625-325-4110x5562,6768 Kristi Port,Las Vegas,NV,35275,36.179721,-115.195459,MINING,B,ACTIVE,70909.85,165587.57,UR_CUSTOMERS,8251c138f2c185e934fd7458dea0ab325f0724229939b4e74fb7c1fde58e5374,2026-03-20T07:54:07.327053,UNITED_RENTALS,TRUE,2026-03-20T07:54:07.327054,9999-12-31T00:00:00
CU-020819,Stevenson PLC,Richard,Webb,jamesunderwood@skinner.com,001-620-265-4326x143,1524 Laura Cape,St. Louis,MO,80284,38.68798,-90.262232,MINING,C,INACTIVE,74716.37,498624.48,UR_CUSTOMERS,701c26f6eab68b8e5f4586a9e3d21e101695db5d0f27fdf3b925504607e8fbe8,2026-03-20T07:54:07.327251,UNITED_RENTALS,TRUE,2026-03-20T07:54:07.327251,9999-12-31T00:00:00
CU-020820,Rogers Group,Amanda,Santos,harveypatricia@allen-donaldson.com,001-222-852-6497x4787,644 William Road Apt. 070,Philadelphia,PA,60820,39.970587,-75.175782,EVENTS,B,ACTIVE,112337.74,136494.03,UR_CUSTOMERS,8ed996a823b9f52b4d3802abdbeba727ce9eadacd50ad98292ee7de2b7f3bff4,2026-03-20T07:54:07.327469,UNITED_RENTALS,TRUE,2026-03-20T07:54:07.327470,9999-12-31T00:00:00
CU-020821,"Miller, Williams and Jones",Benjamin,Taylor,alexandra05@obrien-phillips.com,618-374-9004,072 Gwendolyn Street,Sacramento,CA,38962,38.56251,-121.418195,INDUSTRIAL,C,INACTIVE,60917.48,66050.06,UR_CUSTOMERS,13ad48bb5e3a2cc14f3943710983cb10eae295b8d6632f8cd9a2597f9f0a14ed,2026-03-20T07:54:07.327715,UNITED_RENTALS,TRUE,2026-03-20T07:54:07.327716,9999-12-31T00:00:00
CU-020822,"Thompson, Johnson and Carroll",Jared,Marquez,qroberts@anderson.info,3437105503,506 Smith Meadows Suite 514,Raleigh,NC,15707,35.746237,-78.591187,RESIDENTIAL,B,ACTIVE,54658.3,334640.04,UR_CUSTOMERS,673f71d0e5ec0da7768dd6cdbb63f3ce0954e57ceff48b56606dd0d29b3559f0,2026-03-20T07:54:07.327946,UNITED_RENTALS,TRUE,2026-03-20T07:54:07.327947,9999-12-31T00:00:00
CU-020823,Baker Development,Jeremy,Pineda,richard95@adams.info,302.815.3861x1511,714 Karen Ridges,Raleigh,NC,25772,35.742299,-78.658282,INFRASTRUCTURE,A,ACTIVE,262092.09,294613.87,UR_CUSTOMERS,8e5fb4c1cbee1d2afca17c2f0ee7cd7ebb1362b835fd296729a1985c609ed04b,2026-03-20T07:54:07.328106,UNITED_RENTALS,TRUE,2026-03-20T07:54:07.328106,9999-12-31T00:00:00
CU-020824,Baker Energy,Austin,Garcia,arichmond@scott.com,(431)707-3712x207,452 House Plaza,Columbus,OH,68338,40.021311,-82.977117,OIL_AND_GAS,C,ACTIVE,20205.87,488302.28,UR_CUSTOMERS,80ba922c378237f578acb9aaf8a5dd7932e4efdf16525ec79378bdbdc1d639bf,2026-03-20T07:54:07.328331,UNITED_RENTALS,TRUE,2026-03-20T07:54:07.328331,9999-12-31T00:00:00
CU-020825,NJ Water Co,Samuel,Moody,icraig@cannon-hall.com,(301)409-9931x91400,192 Zachary Mission Suite 159,Newark,NJ,34172,40.75995,-74.249486,UTILITY,B,ACTIVE,174056.5,129886.15,UR_CUSTOMERS,5155c01137c03a4f6179bb81ac25535b1215bd82ea72b2494528701f76eedead,2026-03-20T07:54:07.328504,UNITED_RENTALS,TRUE,2026-03-20T07:54:07.328504,9999-12-31T00:00:00
CU-020826,"Hernandez, Kelly and Fields",Kenneth,Rivera,hernandezronald@thompson.biz,+1-496-964-8110x5129,3067 Jimenez Path,Newark,NJ,31116,40.797325,-74.095899,MINING,B,ACTIVE,52462.38,368219.48,UR_CUSTOMERS,dca19d4f1b645924d7186d79ad362d5156663b29a9ab32886f171558f5d46954,2026-03-20T07:54:07.328801,UNITED_RENTALS,TRUE,2026-03-20T07:54:07.328801,9999-12-31T00:00:00
CU-020827,"Cruz, Ellis and Jones",Trevor,Dixon,johnbrown@sparks.com,515.879.2082,62017 Brittany Islands Apt. 266,Portland,OR,08096,45.505844,-122.748969,INDUSTRIAL,A,ACTIVE,378430.26,267834.51,UR_CUSTOMERS,336ff6452c3e1a2c461d0996ef7b50db5633f50b181033548c6e6df4d1399db7,2026-03-20T07:54:07.329091,UNITED_RENTALS,TRUE,2026-03-20T07:54:07.329092,9999-12-31T00:00:00
CU-020828,Keith Contracting,Anna,Boyer,fparsons@spencer.com,+1-509-527-6736x086,950 Myers Lodge,Tampa,FL,84749,27.96412,-82.425186,INFRASTRUCTURE,D,ACTIVE,14519.17,495722.73,UR_CUSTOMERS,6e7012f163669db10cd5028d3108dee14dbad59670d2a8ff3739bce26967bbd5,2026-03-20T07:54:07.329278,UNITED_RENTALS,TRUE,2026-03-20T07:54:07.329279,9999-12-31T00:00:00
CU-020829,CA Energy Co,Wendy,Patterson,michael80@johnson.org,2837069250,4419 Hampton Vista Apt. 436,San Francisco,CA,09129,37.747594,-122.342645,UTILITY,B,ACTIVE,166289.92,331015.8,UR_CUSTOMERS,1723900295e1af8201885109bdb074cea4cd6fb54ae035f8af430e2aed07d833,2026-03-20T07:54:07.329471,UNITED_RENTALS,TRUE,2026-03-20T07:54:07.329471,9999-12-31T00:00:00
CU-020830,Williams-Smith,Hector,Reid,alexanderchristopher@farmer.com,001-349-983-6784x9032,9117 Gonzales Landing Apt. 043,Nashville,TN,65212,36.201882,-86.762318,INDUSTRIAL,B,INACTIVE,163207.83,213607.1,UR_CUSTOMERS,d866f039e4357f1cc88a9442bca0b9e261438092346d5237c9aee160e4d1114a,2026-03-20T07:54:07.329698,UNITED_RENTALS,TRUE,2026-03-20T07:54:07.329699,9999-12-31T00:00:00
CU-020831,Morgan Contracting,Monica,Rojas,cooksean@ayers.org,808-938-6039x03674,7535 Pamela Gateway Suite 743,Tulsa,OK,78941,36.139542,-96.068206,CONSTRUCTION,B,ACTIVE,109753.8,75145.12,UR_CUSTOMERS,600becb27db5d179d80656cd7bb7faa1b89a2d49dbc081128f973e8d9b20f18d,2026-03-20T07:54:07.329973,UNITED_RENTALS,TRUE,2026-03-20T07:54:07.329973,9999-12-31T00:00:00
CU-020832,Villa Petroleum,Tyler,Holmes,briangardner@johnson.com,303-820-8234,909 Bailey Squares,Phoenix,AZ,68691,33.528015,-112.098509,OIL_AND_GAS,B,ACTIVE,105754.99,213880.88,UR_CUSTOMERS,5bc88690779dd5e05d175ca17957af37782e435798e0c0440cb5c5271431c3b2,2026-03-20T07:54:07.330228,UNITED_RENTALS,TRUE,2026-03-20T07:54:07.330229,9999-12-31T00:00:00
CU-020833,"Roman, Gomez and Tanner",Raymond,Hart,qbeard@adams-greene.com,994.961.6222,1054 Gary Light,Charlotte,NC,03034,35.151806,-80.861981,EVENTS,C,ACTIVE,82395.02,433243.95,UR_CUSTOMERS,684ed4393a91ab693d2baab3d4670ebaa58afc3759ae2ae73b23d2b81d218b86,2026-03-20T07:54:07.330500,UNITED_RENTALS,TRUE,2026-03-20T07:54:07.330501,9999-12-31T00:00:00
CU-020834,Reese Engineering,Hector,Santos,vkelly@thomas.com,(588)364-9933x9745,38487 Miller Route,Nashville,TN,40311,36.188758,-86.781739,INFRASTRUCTURE,D,ACTIVE,14733.64,175190.44,UR_CUSTOMERS,789262cd04228a43ac3e8068245561297423c3f7754a55681d17504229948f40,2026-03-20T07:54:07.330725,UNITED_RENTALS,TRUE,2026-03-20T07:54:07.330725,9999-12-31T00:00:00
CU-020835,Scott-Dennis,Melanie,Caldwell,ymckee@brewer.net,475-237-9476x31834,49278 Moore Flats,Atlanta,GA,39220,33.753409,-84.370877,RESIDENTIAL,B,INACTIVE,130943.31,322475.44,UR_CUSTOMERS,3de5bbab044d36b2365f28bb6a83bdd783e542c52bbdffe93708c6ea9a16a5e0,2026-03-20T07:54:07.330986,UNITED_RENTALS,TRUE,2026-03-20T07:54:07.330987,9999-12-31T00:00:00
CU-020836,Ross Petroleum,Stephanie,Miller,clarkepriscilla@rodriguez.info,(908)496-0106x6589,56582 Angela Isle Suite 044,Columbus,OH,82552,39.990922,-82.925014,OIL_AND_GAS,D,ACTIVE,19903.0,326249.9,UR_CUSTOMERS,4c8eaf3b0cc08ffc72d5031596693fa60c06d1eff1367fd08866d27c2d8bc59e,2026-03-20T07:54:07.331173,UNITED_RENTALS,TRUE,2026-03-20T07:54:07.331174,9999-12-31T00:00:00
CU-020837,Rogers Engineering,Hannah,Ibarra,mlee@king.org,001-508-414-4986x02965,53070 Mcclain Union,Tulsa,OK,14185,36.090288,-96.052899,INFRASTRUCTURE,A,ACTIVE,488201.32,306988.85,UR_CUSTOMERS,55c4995aa5c8f54bcf44f28f041d5cc1cec386420bbfa5aec08cebdcfe9459dc,2026-03-20T07:54:07.331415,UNITED_RENTALS,TRUE,2026-03-20T07:54:07.331415,9999-12-31T00:00:00
CU-020838,"Williams, Carter and Rose",Tyler,Coleman,jonesbryan@hubbard.com,551-529-8294x541,814 Mullins Station Suite 250,Cincinnati,OH,60513,39.139793,-84.545386,EVENTS,B,ACTIVE,79397.87,198449.76,UR_CUSTOMERS,2031e74a71b6b3ff469f49cb4a39375d49944c1b4c538a931b4f2f90a8d7b6db,2026-03-20T07:54:07.331733,UNITED_RENTALS,TRUE,2026-03-20T07:54:07.331734,9999-12-31T00:00:00
CU-020839,Lang Petroleum,Kyle,Fox,brandongonzalez@mckenzie-brown.com,986.877.5500x535,367 Jeff Loaf,Tampa,FL,09408,27.906056,-82.427139,OIL_AND_GAS,A,ACTIVE,269604.78,235740.39,UR_CUSTOMERS,2a84edd657375d97b5351be5c24e164bf7d2a491d1f4e297b0724cdf33680848,2026-03-20T07:54:07.331958,UNITED_RENTALS,TRUE,2026-03-20T07:54:07.331958,9999-12-31T00:00:00
CU-020840,White-King,Juan,Carney,guerrajessica@gilbert.biz,001-914-482-4364x851,577 Brian Loaf Apt. 460,Hartford,CT,10990,41.739817,-72.610273,EVENTS,A,ACTIVE,482995.85,332781.6,UR_CUSTOMERS,d5abf03e91cd1fcd289f1c096cafbc36cd8ad3c1d615d554299ea5cef34d85f8,2026-03-20T07:54:07.332173,UNITED_RENTALS,TRUE,2026-03-20T07:54:07.332174,9999-12-31T00:00:00
CU-020841,OR Power Co,Travis,Scott,larsonkristopher@brown.com,(883)759-6278x38777,23471 Cooper Fields Suite 402,Portland,OR,70192,45.583365,-122.723982,UTILITY,A,SUSPENDED,224440.36,96678.37,UR_CUSTOMERS,db4bc2d6f7361b3850ef4f488cc4c4be16d583a58a09d6015e93b8223c4ac8c4,2026-03-20T07:54:07.332408,UNITED_RENTALS,TRUE,2026-03-20T07:54:07.332409,9999-12-31T00:00:00
CU-020842,"Casey, Barnes and Kelly",Lisa,Ingram,henry36@cox-white.com,001-745-740-3498x93975,4220 Kim Isle,Richmond,VA,34191,37.60029,-77.466272,INDUSTRIAL,A,ACTIVE,332808.92,228799.18,UR_CUSTOMERS,1a4bb778288e0ecfe82c92146a715b6658729a9d9875036d409cf581d1cdee31,2026-03-20T07:54:07.332995,UNITED_RENTALS,TRUE,2026-03-20T07:54:07.332996,9999-12-31T00:00:00
CU-020843,New York Parks Dept,Nicole,Simpson,thoward@harris.com,587-769-2704,715 Joseph Run,New York,NY,35433,40.7427,-73.963082,GOVERNMENT,C,ACTIVE,94693.62,496141.6,UR_CUSTOMERS,bc908104870e69610ae47a31bec6dd96a77f50b225b3afcd80fddcda5d647c16,2026-03-20T07:54:07.333198,UNITED_RENTALS,TRUE,2026-03-20T07:54:07.333199,9999-12-31T00:00:00
CU-020844,Walker Construction,David,Aguilar,proach@stewart.com,8292480468,3427 Kyle Valley Suite 115,Baltimore,MD,58884,39.216101,-76.560093,INFRASTRUCTURE,B,ACTIVE,180805.72,158429.29,UR_CUSTOMERS,24db83b1943e8fd521056d08892fc9fc285f308eab1bae6305aa61282409b489,2026-03-20T07:54:07.333426,UNITED_RENTALS,TRUE,2026-03-20T07:54:07.333427,9999-12-31T00:00:00
CU-020845,"Bryant, Castillo and Hahn",Christopher,Small,combsrichard@yang.biz,813.887.3140x3191,162 Francis Shore Suite 988,Tampa,FL,95263,28.005273,-82.524953,EVENTS,A,ACTIVE,338964.49,380423.82,UR_CUSTOMERS,00ee44fad97183eac1f289e353427b2291ef7903f6ec6b726366ee6e0c3a1d45,2026-03-20T07:54:07.333673,UNITED_RENTALS,TRUE,2026-03-20T07:54:07.333673,9999-12-31T00:00:00
CU-020846,"Day, Reynolds and Hobbs",Phillip,Walls,shawhenry@hudson-soto.com,(347)868-6707,48957 Matthew Plain Suite 235,Jacksonville,FL,20336,30.335696,-81.654031,EVENTS,B,ACTIVE,50503.34,149841.2,UR_CUSTOMERS,d92ed7764c28e096c44a8ab1f4cac9268f663de4f2708cf7a87589e4d995b0c5,2026-03-20T07:54:07.333939,UNITED_RENTALS,TRUE,2026-03-20T07:54:07.333939,9999-12-31T00:00:00
CU-020847,Baltimore Parks Dept,Carla,Brown,gloverjaime@walker.com,454-324-7115x582,517 Kimberly Alley,Baltimore,MD,59607,39.343705,-76.663625,GOVERNMENT,B,ACTIVE,181566.33,294553.26,UR_CUSTOMERS,60390d7d1b9e156c333eccd295cd5d87a97aa7d7e2c0d90713751deaf9e41531,2026-03-20T07:54:07.334113,UNITED_RENTALS,TRUE,2026-03-20T07:54:07.334114,9999-12-31T00:00:00
CU-020848,Graham Group,Denise,Hester,margaretwilson@leon.com,538-433-6425x50353,12546 Murphy Walks,Pittsburgh,PA,78588,40.501062,-80.066167,INDUSTRIAL,B,ACTIVE,145553.15,301258.34,UR_CUSTOMERS,fefc281e99e682cef7280322966dcd5603e31edd2f3aeac98199a24ef699f7fc,2026-03-20T07:54:07.335474,UNITED_RENTALS,TRUE,2026-03-20T07:54:07.335487,9999-12-31T00:00:00
CU-020849,Carter PLC,Elizabeth,Howard,oruiz@warner.com,(768)625-8320x143,3679 Samuel Meadows Apt. 644,Portland,OR,94788,45.526819,-122.628697,RESIDENTIAL,A,ACTIVE,146032.44,90540.81,UR_CUSTOMERS,784bcacee1645e756e22e8b102c00fa50c4ff8e4fcf472500892fd7d112542ca,2026-03-20T07:54:07.337350,UNITED_RENTALS,TRUE,2026-03-20T07:54:07.337376,9999-12-31T00:00:00
CU-020850,Parker Construction,Bethany,Walter,stanleysarah@walton.info,001-439-320-6042x94299,247 Krueger Row,Denver,CO,83167,39.745709,-105.06479,CONSTRUCTION,C,INACTIVE,31771.51,90029.37,UR_CUSTOMERS,d8110960807d3036324c7e4e146c1f6a95384db93a20a5c609355ea6375c7469,2026-03-20T07:54:07.337959,UNITED_RENTALS,TRUE,2026-03-20T07:54:07.337961,9999-12-31T00:00:00
CU-020851,Williams-Guzman,Timothy,Yoder,johnstonjoann@castillo.com,282.399.8399,59547 Miller Points Apt. 680,Seattle,WA,31628,47.600399,-122.353413,INDUSTRIAL,C,ACTIVE,74877.85,230038.43,UR_CUSTOMERS,9b2fba945d66e7e75b2edcad454f161e203adda74e3ec02fbb41386f993fc476,2026-03-20T07:54:07.338462,UNITED_RENTALS,TRUE,2026-03-20T07:54:07.338463,9999-12-31T00:00:00
CU-020852,Collins Inc,Adam,Compton,molly80@lara.com,333-760-5743x211,599 Becky Trace Suite 919,Miami,FL,50167,25.814566,-80.172453,INDUSTRIAL,B,ACTIVE,112880.55,449278.44,UR_CUSTOMERS,1eab40b7d77d4f5e8dcc2aba01970b6966853dbcba90dc31561a7c6536054bc7,2026-03-20T07:54:07.338677,UNITED_RENTALS,TRUE,2026-03-20T07:54:07.338678,9999-12-31T00:00:00
CU-020853,PA Water Co,Megan,Haney,guzmancarl@carter-henry.biz,892-205-9483x60901,53609 Carter Rest,Pittsburgh,PA,39741,40.419865,-80.03117,UTILITY,B,INACTIVE,53448.91,400032.34,UR_CUSTOMERS,f63373aa77dd34018a6e1d2ade3e0b034fce83f510dfecf3930d91396b4d4ee3,2026-03-20T07:54:07.338941,UNITED_RENTALS,TRUE,2026-03-20T07:54:07.338942,9999-12-31T00:00:00
CU-020854,Welch-Bird,Diana,Jacobson,dclark@horn.com,753-853-0532,8888 Michelle Hills,Phoenix,AZ,78611,33.379388,-112.132431,MINING,A,ACTIVE,227004.32,339228.67,UR_CUSTOMERS,e9e6809be7eb8538e63b166f89c4f6326b990678a28ceaca58793de9c30eb396,2026-03-20T07:54:07.339166,UNITED_RENTALS,TRUE,2026-03-20T07:54:07.339167,9999-12-31T00:00:00
CU-020855,UT Gas Co,Tyler,Baker,andrea55@jarvis-davis.biz,001-332-540-5741,91038 Heather Via Suite 770,Salt Lake City,UT,82351,40.789456,-111.859224,UTILITY,C,ACTIVE,48497.06,418950.35,UR_CUSTOMERS,a6595b7eebc03268e55870dd8a7cad85b11f28a148b70030543d38a699fc8fae,2026-03-20T07:54:07.339390,UNITED_RENTALS,TRUE,2026-03-20T07:54:07.339391,9999-12-31T00:00:00
CU-020856,Dillon Energy,Tracey,Moore,erica68@williams.com,(790)908-8925,803 Johnson Mission,Portland,OR,62300,45.559816,-122.614807,OIL_AND_GAS,C,ACTIVE,20397.25,188203.64,UR_CUSTOMERS,764719ccc5994e132dad83d0802fc74072a5c9cc9d121d0f4404f434b4d72e68,2026-03-20T07:54:07.340450,UNITED_RENTALS,TRUE,2026-03-20T07:54:07.340452,9999-12-31T00:00:00
CU-020857,Walton and Sons,Brett,Coffey,sbradley@stone-harris.com,648.278.1340x951,18136 Troy Bypass Apt. 048,Nashville,TN,47400,36.086688,-86.81439,RESIDENTIAL,A,INACTIVE,342502.75,82603.11,UR_CUSTOMERS,12bb11e379ef4fdc3df08d12c702259af51c14fadd5e2a29067044e40dacec07,2026-03-20T07:54:07.340672,UNITED_RENTALS,TRUE,2026-03-20T07:54:07.340673,9999-12-31T00:00:00
CU-020858,Sacramento School District,Kevin,Sandoval,evelynortega@schaefer.com,+1-652-355-3962x55614,987 Bryan Ville,Sacramento,CA,08176,38.589842,-121.499493,GOVERNMENT,C,ACTIVE,46690.26,208496.1,UR_CUSTOMERS,3e6337fc6dd13a9437793f973a8980e5472734521d92233923da266555cc4b0e,2026-03-20T07:54:07.340942,UNITED_RENTALS,TRUE,2026-03-20T07:54:07.340943,9999-12-31T00:00:00
CU-020859,"Lee, Anderson and Cook",Brianna,Rodriguez,grodriguez@robertson-young.com,001-309-265-2612x16694,12330 Robert Prairie,Atlanta,GA,50510,33.743139,-84.348626,INDUSTRIAL,B,ACTIVE,53050.59,288898.53,UR_CUSTOMERS,3f9de7bcf5048d5bc3c07eaf8d2d8c5d53510959d408a75fd71fde500b5abbb9,2026-03-20T07:54:07.341208,UNITED_RENTALS,TRUE,2026-03-20T07:54:07.341209,9999-12-31T00:00:00
CU-020860,Holden-Garrett,Peter,Marshall,jacobkelley@lindsey.com,243-944-6228,905 William Wall Apt. 595,Pittsburgh,PA,01472,40.448851,-79.964163,MINING,A,ACTIVE,243609.14,450235.72,UR_CUSTOMERS,0ee21fe4539ee68ca69f5c7b69f37fe8d96d879e1a88abde1c75935bb35ce6ed,2026-03-20T07:54:07.341703,UNITED_RENTALS,TRUE,2026-03-20T07:54:07.341703,9999-12-31T00:00:00
CU-020861,"Hines, Mora and Cordova",Evan,Davidson,zdaniels@rivera.info,(210)787-2741,7981 Morgan Course,Los Angeles,CA,72827,34.129831,-118.270683,INDUSTRIAL,B,ACTIVE,56424.34,136341.29,UR_CUSTOMERS,28314cf6c3e6bd5f511b96e22532d78efb49502e8b539b94b7c6ae0236ddb8ec,2026-03-20T07:54:07.341941,UNITED_RENTALS,TRUE,2026-03-20T07:54:07.341942,9999-12-31T00:00:00
CU-020862,Watkins-Robbins,Kristy,Jackson,oscott@taylor-davis.com,(284)424-8729,91726 Hampton Shoal,Richmond,VA,85417,37.510866,-77.441766,EVENTS,B,SUSPENDED,196512.39,455102.42,UR_CUSTOMERS,9e9e7d27dafd0733f32c602cc5a981784e388b0d206064162c368336f8c543cc,2026-03-20T07:54:07.342217,UNITED_RENTALS,TRUE,2026-03-20T07:54:07.342218,9999-12-31T00:00:00
CU-020863,Ball and Sons,Antonio,Garrett,hblack@rodriguez.biz,(553)203-0241,13146 Wall Ferry,Richmond,VA,11465,37.538308,-77.460875,MINING,A,ACTIVE,385664.92,202165.9,UR_CUSTOMERS,e767d42392fcf63d4bd5faeb6cea5bdd8636789d89c572b02ed84fd66f6a5830,2026-03-20T07:54:07.342495,UNITED_RENTALS,TRUE,2026-03-20T07:54:07.342495,9999-12-31T00:00:00
CU-020864,NC Energy Co,Julian,Marshall,rshaw@oconnell.com,+1-992-927-7026x04976,6964 Bryce Keys,Raleigh,NC,02521,35.718956,-78.594709,UTILITY,B,ACTIVE,61143.49,464993.79,UR_CUSTOMERS,70b606fab4abe10280ac68ed96123b8af9d665bd9f427c1ffad71841fdbad3d2,2026-03-20T07:54:07.343414,UNITED_RENTALS,TRUE,2026-03-20T07:54:07.343423,9999-12-31T00:00:00
CU-020865,Vazquez-Hartman,Christine,James,jackiemann@robinson.net,2077119475,01127 Jessica Divide,Boston,MA,17355,42.417937,-71.054572,INDUSTRIAL,A,SUSPENDED,425861.6,263777.44,UR_CUSTOMERS,0ba503a62ed40340b425f062777ce1080ee9d395628005b39ad80d7dab02a99c,2026-03-20T07:54:07.345029,UNITED_RENTALS,TRUE,2026-03-20T07:54:07.345031,9999-12-31T00:00:00
CU-020866,"Wood, Hudson and Walker",Deborah,Browning,kathrynmiller@hall-rodriguez.com,(769)374-4697x07119,57872 Brandi Flat,Phoenix,AZ,65344,33.381734,-112.153984,INDUSTRIAL,A,INACTIVE,463309.73,17998.43,UR_CUSTOMERS,ae5bd96a7bad862545e8ad97cb1fb241c40fbc20a1d5f23ddf49a7cf3ae273f2,2026-03-20T07:54:07.345309,UNITED_RENTALS,TRUE,2026-03-20T07:54:07.345309,9999-12-31T00:00:00
CU-020867,Morris LLC,Shari,Black,whitekevin@powell.com,288-246-9371x47875,711 Rice Roads Suite 400,El Paso,TX,20967,31.776292,-106.538427,INDUSTRIAL,A,INACTIVE,201504.22,174014.15,UR_CUSTOMERS,9758b15e9cd0e91b8b6067be5f004c13069778325efa6b79ea84a7d02643b548,2026-03-20T07:54:07.345512,UNITED_RENTALS,TRUE,2026-03-20T07:54:07.345513,9999-12-31T00:00:00
CU-020868,"Freeman, Green and Hicks",Jonathan,Hill,scottpetersen@price-krueger.com,986-971-1881x6182,7749 Kim Path,Sacramento,CA,97606,38.598847,-121.476906,RESIDENTIAL,B,INACTIVE,83866.1,330413.35,UR_CUSTOMERS,b48adf966000bee9548ea88e31c9f22f2f18f74292e9eadb78b04267e910734a,2026-03-20T07:54:07.345790,UNITED_RENTALS,TRUE,2026-03-20T07:54:07.345791,9999-12-31T00:00:00
CU-020869,Brooks-Martinez,Paula,Holt,dawnbowman@black.com,(975)241-3545x57970,0455 Anthony Brooks Apt. 731,Kansas City,MO,34866,39.063796,-94.596047,RESIDENTIAL,B,INACTIVE,142982.0,195210.78,UR_CUSTOMERS,06f05a249b55e452398a80cc0521b5f683775e3fed75f385a6e9a764fadad887,2026-03-20T07:54:07.346097,UNITED_RENTALS,TRUE,2026-03-20T07:54:07.346098,9999-12-31T00:00:00
CU-020870,Garcia Construction,Thomas,Nixon,danielwhite@spencer.com,6557525177,2642 Robinson Inlet Apt. 822,Raleigh,NC,03603,35.770592,-78.655648,CONSTRUCTION,A,ACTIVE,448040.46,486828.13,UR_CUSTOMERS,f75d8fc038e2c58ad96b4eccf94e1e33f4117628eeaafcac96110fa8ce3405b9,2026-03-20T07:54:07.346386,UNITED_RENTALS,TRUE,2026-03-20T07:54:07.346387,9999-12-31T00:00:00
CU-020871,Martinez LLC,Charles,Barnes,kwilliams@peterson-klein.com,001-248-276-0967x3725,19569 Kristina Circle,Cincinnati,OH,49585,39.153295,-84.509099,MINING,D,ACTIVE,18896.65,415274.65,UR_CUSTOMERS,dcc7715d077433044cbeffe6420d29d8937f980713ab8ed4fda70a857e2cc7ff,2026-03-20T07:54:07.346594,UNITED_RENTALS,TRUE,2026-03-20T07:54:07.346595,9999-12-31T00:00:00
CU-020872,"Smith, Chandler and Williams",Patricia,Price,nunezkayla@herman-meyer.com,+1-852-936-4941x10020,040 Thomas Ferry Apt. 517,New York,NY,41794,40.772932,-74.049784,MINING,B,ACTIVE,128964.78,208184.47,UR_CUSTOMERS,492392be05f0b1973599ca43abd77c512bb2b4fa62f56bb049c0138710343ed7,2026-03-20T07:54:07.347132,UNITED_RENTALS,TRUE,2026-03-20T07:54:07.347133,9999-12-31T00:00:00
CU-020873,Indianapolis School District,David,Bennett,pamelarussell@mills-gomez.com,934-922-0704x310,28749 Gaines Port,Indianapolis,IN,25729,39.81241,-86.181241,GOVERNMENT,A,ACTIVE,240215.5,114968.07,UR_CUSTOMERS,87b9bc0b1c100cc14f6c5f120990fd7400e46deb8f93fe2ab6b01f948c61ae7b,2026-03-20T07:54:07.347342,UNITED_RENTALS,TRUE,2026-03-20T07:54:07.347342,9999-12-31T00:00:00
CU-020874,Gross Builders,Tommy,Carter,fjohnson@rollins-vazquez.info,+1-487-538-8011x13052,2237 Rogers Groves,Pittsburgh,PA,38056,40.499184,-79.923122,CONSTRUCTION,D,ACTIVE,13868.77,424892.41,UR_CUSTOMERS,2d3ea81f6e5889a690e202650ac74c9043094a858743f46e3a924aeb06c1ad82,2026-03-20T07:54:07.347544,UNITED_RENTALS,TRUE,2026-03-20T07:54:07.347544,9999-12-31T00:00:00
CU-020875,"Pham, Sanders and Allen",Jacob,Ramirez,adunn@ramirez.com,(216)455-4279x33997,6169 Larry Skyway,Nashville,TN,50315,36.232279,-86.817853,MINING,B,ACTIVE,59415.07,499641.35,UR_CUSTOMERS,ee1d6cf349f4a002d2a14353080f3505523f16c2579fd2986d99e0497c0b85bc,2026-03-20T07:54:07.347769,UNITED_RENTALS,TRUE,2026-03-20T07:54:07.347770,9999-12-31T00:00:00
CU-020876,Jones Engineering,Eduardo,Bishop,pstanley@huerta.com,001-743-877-0296x70503,72464 Hendrix Valley,Cincinnati,OH,52565,39.087971,-84.559561,INFRASTRUCTURE,A,ACTIVE,298234.11,128818.47,UR_CUSTOMERS,0fdb63b7984194c1d830e1ed6b6e9d116b12380a7c30a77fda823e7c8fa8e8fb,2026-03-20T07:54:07.347995,UNITED_RENTALS,TRUE,2026-03-20T07:54:07.347996,9999-12-31T00:00:00
CU-020877,Tulsa County,Alec,Medina,monica19@johnson.com,(726)379-1117,9272 Richard Highway,Tulsa,OK,18800,36.221213,-95.931672,GOVERNMENT,A,ACTIVE,265138.49,468100.89,UR_CUSTOMERS,0f2162355a62958c316492842e79fc659a8c13dbd6fcd30c8655febbb3885ea0,2026-03-20T07:54:07.348965,UNITED_RENTALS,TRUE,2026-03-20T07:54:07.348966,9999-12-31T00:00:00
CU-020878,Seattle Parks Dept,Kathryn,Anderson,sandrawright@jones-ramos.info,(817)865-7224x5883,9833 Williams Flats,Seattle,WA,96587,47.597339,-122.386546,GOVERNMENT,C,ACTIVE,86298.54,88764.78,UR_CUSTOMERS,35ce72222f885cc5c3f252a34207cd30cf6f26de5333b8da13d1bf6fd5008314,2026-03-20T07:54:07.349169,UNITED_RENTALS,TRUE,2026-03-20T07:54:07.349170,9999-12-31T00:00:00
CU-020879,Kennedy and Sons,Philip,Reid,martha92@perry-sullivan.net,2802795653,27509 Heather Shoals,Seattle,WA,02566,47.642014,-122.28182,RESIDENTIAL,C,ACTIVE,83189.91,73442.92,UR_CUSTOMERS,5f2c26892ba96f2b2bf9c86c66787f1e077093b5ad91115f1b0a14284bad183e,2026-03-20T07:54:07.349367,UNITED_RENTALS,TRUE,2026-03-20T07:54:07.349367,9999-12-31T00:00:00
CU-020880,Ruiz-Smith,Eric,Johnson,shaunmiller@fleming.info,772-679-3922x6894,6293 Shelby Street,Philadelphia,PA,75750,40.017293,-75.129837,EVENTS,C,ACTIVE,89311.5,374121.53,UR_CUSTOMERS,71df8076c38419506f4c953d2c728af4d5a20b352cb6089eae588207a31d708f,2026-03-20T07:54:07.349588,UNITED_RENTALS,TRUE,2026-03-20T07:54:07.350104,9999-12-31T00:00:00
CU-020881,"Lewis, Walton and Johnson",Thomas,Yates,caseychristina@carr-garcia.biz,280-698-0988,336 Samuel Grove,Indianapolis,IN,40102,39.705229,-86.118577,RESIDENTIAL,B,ACTIVE,55435.52,28625.61,UR_CUSTOMERS,32dfba7ebe0fe3ddacd6330fb3b1b365b1c90d286bdee2a04ff8e1f73db22b04,2026-03-20T07:54:07.351475,UNITED_RENTALS,TRUE,2026-03-20T07:54:07.351482,9999-12-31T00:00:00
CU-020882,Chicago County,Mark,Martinez,qhoward@price.com,001-372-822-1553x250,97451 Janet Locks,Chicago,IL,44836,41.818969,-87.59934,GOVERNMENT,B,ACTIVE,181532.81,154809.94,UR_CUSTOMERS,4cae647c44ef53a3750868eaef1d2f9f35d80b8c9bc9cb3e5fa5c5c05dc988ae,2026-03-20T07:54:07.351969,UNITED_RENTALS,TRUE,2026-03-20T07:54:07.351970,9999-12-31T00:00:00
CU-020883,"Hinton, Harrington and Henderson",Amy,Thompson,martha51@gonzalez.biz,001-305-575-2966x4711,072 Jillian Crest,Atlanta,GA,76909,33.801113,-84.426364,MINING,C,ACTIVE,18784.06,91591.39,UR_CUSTOMERS,9d69c3abe4e0ed8aef6fc1f8c4b953cdadc32b537c1844154b42afad68488635,2026-03-20T07:54:07.352349,UNITED_RENTALS,TRUE,2026-03-20T07:54:07.352350,9999-12-31T00:00:00
CU-020884,"Miller, Baker and Ross",Sara,Dalton,bpineda@neal.com,(976)855-9991x9669,223 Hill Inlet,Denver,CO,75487,39.749801,-104.939389,RESIDENTIAL,A,ACTIVE,336229.21,216231.82,UR_CUSTOMERS,146f72b5bed2a3929f72086c5091e319f4e83fc747a65a6c9dff81486f6653e3,2026-03-20T07:54:07.352670,UNITED_RENTALS,TRUE,2026-03-20T07:54:07.352671,9999-12-31T00:00:00
CU-020885,Fletcher Builders,Laura,Bailey,abbottjimmy@smith.com,(949)916-2631,4222 Michaela Springs Suite 219,Tulsa,OK,63359,36.173665,-96.061077,CONSTRUCTION,C,ACTIVE,87658.23,115514.4,UR_CUSTOMERS,53b5e60e921c747529df24d9d34d8f81a00bcc4b731663a44da112cbe4f1503e,2026-03-20T07:54:07.352975,UNITED_RENTALS,TRUE,2026-03-20T07:54:07.352976,9999-12-31T00:00:00
CU-020886,Mcpherson Inc,Elizabeth,Russo,rangeljonathan@garcia.com,5295583850,1045 Jill Islands,Minneapolis,MN,11979,45.020594,-93.270876,MINING,B,ACTIVE,193362.31,140108.87,UR_CUSTOMERS,eb3323af88dbdead5830d2c1ad796ca3643dd89691e37af7bd0715a759db202a,2026-03-20T07:54:07.353177,UNITED_RENTALS,TRUE,2026-03-20T07:54:07.353178,9999-12-31T00:00:00
CU-020887,Stewart Group,Jessica,Rollins,wendy17@jacobs.com,(733)654-7154x3382,6892 Antonio Plains,Houston,TX,17927,29.826623,-95.338616,MINING,B,ACTIVE,67688.75,384144.78,UR_CUSTOMERS,c48ad4a24cf387f7f242cf9eebbba95bd9c5b22ff58744052dfdaea2385f9ff8,2026-03-20T07:54:07.353351,UNITED_RENTALS,TRUE,2026-03-20T07:54:07.353352,9999-12-31T00:00:00
CU-020888,"Potts, Vargas and Swanson",Matthew,Arnold,thompsonwilliam@reed-wilson.net,(691)798-1625x49931,651 Jay Path,San Francisco,CA,57336,37.798571,-122.387281,EVENTS,A,INACTIVE,293504.23,393820.57,UR_CUSTOMERS,529ffbd0ee089d71997daf90701660dd25837918b4d4528bab155b42c7c89e64,2026-03-20T07:54:07.353640,UNITED_RENTALS,TRUE,2026-03-20T07:54:07.353641,9999-12-31T00:00:00
CU-020889,Rodriguez Drilling,Jeffrey,Owens,melinda16@jordan.com,633-970-7367x127,9531 Daniel Turnpike,Pittsburgh,PA,69791,40.423563,-80.047468,OIL_AND_GAS,D,ACTIVE,9959.83,186046.41,UR_CUSTOMERS,764e56a3a6b10a60bf0efcc91ed4ebdb644b8eea1e48ff91f44b31dde1912b11,2026-03-20T07:54:07.353832,UNITED_RENTALS,TRUE,2026-03-20T07:54:07.353833,9999-12-31T00:00:00
CU-020890,Ochoa Petroleum,Brooke,Chase,chowell@archer.info,(304)318-6293,8758 Vaughn Overpass Suite 019,Tulsa,OK,19351,36.132445,-95.936525,OIL_AND_GAS,B,ACTIVE,64570.2,47285.63,UR_CUSTOMERS,44dc1d8f04caf2884d1bbffc85c96450e7e4d14800df73ee81e53c623054be81,2026-03-20T07:54:07.354092,UNITED_RENTALS,TRUE,2026-03-20T07:54:07.354093,9999-12-31T00:00:00
CU-020891,FL Gas Co,Danielle,Cooper,chavezmatthew@green.biz,443-884-0397,4576 Bonnie Corners Suite 250,Jacksonville,FL,81308,30.281055,-81.645837,UTILITY,C,ACTIVE,38774.99,397704.27,UR_CUSTOMERS,9b914687492b787638f11c54209d72a305bd02918e4682faf155888c4d6dc165,2026-03-20T07:54:07.354275,UNITED_RENTALS,TRUE,2026-03-20T07:54:07.354276,9999-12-31T00:00:00
CU-020892,Indianapolis City of,Michael,Gonzalez,robinsonmark@martin-campos.com,513.629.9678,8599 Monica Mountain,Indianapolis,IN,61598,39.714638,-86.152272,GOVERNMENT,A,INACTIVE,249415.12,196172.18,UR_CUSTOMERS,38012cff77cf495be91e7b804bf8f8336b3dd9c8047c422455f4e33a2ed21b90,2026-03-20T07:54:07.354529,UNITED_RENTALS,TRUE,2026-03-20T07:54:07.354529,9999-12-31T00:00:00
CU-020893,Ortiz Petroleum,William,Hunt,qpadilla@hernandez.com,376.336.6287,65359 Reed Fields Suite 506,Raleigh,NC,87726,35.737291,-78.61236,OIL_AND_GAS,A,ACTIVE,384264.23,355694.4,UR_CUSTOMERS,1d419bb17c6fcf48721f9a5561f106d7d893aa5ccbc4710b13f9967dd52f4ddb,2026-03-20T07:54:07.354762,UNITED_RENTALS,TRUE,2026-03-20T07:54:07.354763,9999-12-31T00:00:00
CU-020894,Carroll Engineering,Christina,Shaw,catherinemedina@casey.org,001-572-685-5417,49142 Michael Inlet,Phoenix,AZ,95162,33.430187,-112.006285,CONSTRUCTION,D,ACTIVE,10947.91,237743.77,UR_CUSTOMERS,f1d3744be248028861a97a1a4d47247e57fc975bf36b6c343ac11764fd4976fb,2026-03-20T07:54:07.354949,UNITED_RENTALS,TRUE,2026-03-20T07:54:07.354949,9999-12-31T00:00:00
CU-020895,Riley Group,Megan,Thomas,andreacrane@green-parker.com,(877)503-5476,7997 Jones Rue,Indianapolis,IN,00561,39.819974,-86.116815,EVENTS,D,ACTIVE,14554.31,312584.14,UR_CUSTOMERS,9b5c8c48b478045118ef80e089c86fb4b6010a004b56f3b85e74d6f92fd8f27f,2026-03-20T07:54:07.355171,UNITED_RENTALS,TRUE,2026-03-20T07:54:07.355171,9999-12-31T00:00:00
CU-020896,"Johnson, Padilla and Gomez",Lisa,Kent,andrew23@sampson-russell.com,001-404-711-7082x9220,390 Harry Spurs,Los Angeles,CA,47149,34.050302,-118.226908,INDUSTRIAL,C,ACTIVE,81878.04,280690.25,UR_CUSTOMERS,052fe70870a00ccce1af7c50f7f4b4d45323d6f522ba6b9c810b5ca763960a69,2026-03-20T07:54:07.355408,UNITED_RENTALS,TRUE,2026-03-20T07:54:07.355408,9999-12-31T00:00:00
CU-020897,Williams Development,Krista,Davis,rscott@thompson-armstrong.com,(752)937-8390x497,6844 Makayla Fort Apt. 338,Kansas City,MO,71808,39.036654,-94.601169,INFRASTRUCTURE,B,INACTIVE,124010.25,352633.11,UR_CUSTOMERS,122a3d6604a8f8101a9de8c85da44b58748a446de847c9a234464a54e3df7287,2026-03-20T07:54:07.355604,UNITED_RENTALS,TRUE,2026-03-20T07:54:07.355604,9999-12-31T00:00:00
CU-020898,Wilkerson-Delacruz,Matthew,Duncan,clarkkelly@conner.com,713-501-6064x4903,77334 Savannah Station Apt. 718,El Paso,TX,94835,31.750005,-106.428793,RESIDENTIAL,D,ACTIVE,8746.84,155368.66,UR_CUSTOMERS,f7f3143d3ac326306b78fc1352ae36fc2eb74439c9f5b4290e8e55d48af2c761,2026-03-20T07:54:07.355818,UNITED_RENTALS,TRUE,2026-03-20T07:54:07.355819,9999-12-31T00:00:00
CU-020899,Collier Inc,Connie,Schmidt,owenellen@ortega-carroll.com,286-478-1108,836 Browning Trail,San Antonio,TX,89072,29.47844,-98.542566,RESIDENTIAL,C,ACTIVE,55576.26,52293.72,UR_CUSTOMERS,c6f6e7af9dea28caed39e6fe62011baf4034172d9f0cd3d40f2428f6838d0fb9,2026-03-20T07:54:07.356036,UNITED_RENTALS,TRUE,2026-03-20T07:54:07.356036,9999-12-31T00:00:00
CU-020900,Salinas Ltd,Laura,Cole,john56@nelson-brown.com,+1-435-647-2863x996,238 Faulkner Divide,Sacramento,CA,08048,38.651383,-121.561668,MINING,B,ACTIVE,62308.94,18040.05,UR_CUSTOMERS,4130850d2b6b19a4df7f1da8cf6290af3f4dc46332ed50dad23960db06fd258c,2026-03-20T07:54:07.356231,UNITED_RENTALS,TRUE,2026-03-20T07:54:07.356232,9999-12-31T00:00:00
CU-020901,Perez Pipeline,Thomas,Cooper,greenalejandro@guzman.com,+1-357-228-6939x539,733 Samantha Ferry Suite 653,Richmond,VA,39231,37.581245,-77.420064,OIL_AND_GAS,A,ACTIVE,459118.74,291301.77,UR_CUSTOMERS,19e39e0322a2f797f464450d5364b78b78413e70d4e0ad44ec336bcbd53043cf,2026-03-20T07:54:07.356489,UNITED_RENTALS,TRUE,2026-03-20T07:54:07.356490,9999-12-31T00:00:00
CU-020902,Fernandez Pipeline,Brian,Thompson,barbara68@andrews.com,+1-655-620-1015,479 Adam Groves Apt. 518,Sacramento,CA,61611,38.562522,-121.510213,OIL_AND_GAS,B,ACTIVE,163653.88,36736.01,UR_CUSTOMERS,0a12baa8bdc2b508996fd3aca4a510f4e280b0ecaee414e369d456aa316dc0f5,2026-03-20T07:54:07.356858,UNITED_RENTALS,TRUE,2026-03-20T07:54:07.356859,9999-12-31T00:00:00
CU-020903,Smith Development,Jacob,Taylor,sharpshannon@gilbert-brown.com,001-549-983-9103x20410,102 Jackson Junctions,Portland,OR,59227,45.493673,-122.680022,INFRASTRUCTURE,B,ACTIVE,82280.96,84989.8,UR_CUSTOMERS,c06e924a8b14d95ee6c191ad3c7289590a3f598632713dc5d4f4cba5300d6b3f,2026-03-20T07:54:07.359151,UNITED_RENTALS,TRUE,2026-03-20T07:54:07.359160,9999-12-31T00:00:00
CU-020904,Murphy Development,Michael,Costa,ryanford@brown.com,802.425.1766,74621 Jason Lakes,Atlanta,GA,76143,33.785241,-84.445506,INFRASTRUCTURE,A,ACTIVE,149332.15,312414.49,UR_CUSTOMERS,0b835e05edac009bd4a0620ad9cbd58b0dacc92029564bd6b0a904e0b47afcee,2026-03-20T07:54:07.360540,UNITED_RENTALS,TRUE,2026-03-20T07:54:07.360543,9999-12-31T00:00:00
CU-020905,Zamora Engineering,Michael,Thompson,suzanne56@brown.org,001-959-809-9441x4753,8256 Hammond Knoll,Tulsa,OK,71725,36.194735,-95.999408,CONSTRUCTION,C,ACTIVE,48592.32,105656.99,UR_CUSTOMERS,ce5ea1c3447428b70c598eccd8be7ebd090d395073a0517fd7013768d94636f9,2026-03-20T07:54:07.360770,UNITED_RENTALS,TRUE,2026-03-20T07:54:07.360771,9999-12-31T00:00:00
CU-020906,Patterson Engineering,Larry,Jimenez,qsilva@rhodes-tucker.com,318-765-0679x96451,9256 Smith Well,Detroit,MI,22218,42.274524,-83.047686,INFRASTRUCTURE,C,ACTIVE,18303.32,226516.4,UR_CUSTOMERS,06fa1dd25a566bfab61425f146568ace38f74390c84a9e8b5900bc3c7986f859,2026-03-20T07:54:07.361105,UNITED_RENTALS,TRUE,2026-03-20T07:54:07.361107,9999-12-31T00:00:00
CU-020907,Coleman Contracting,Nicholas,Bishop,brandon80@barker-russell.com,001-963-782-8504x162,209 Henry Extensions,Columbus,OH,14906,39.936973,-82.921899,CONSTRUCTION,B,ACTIVE,52591.22,57405.65,UR_CUSTOMERS,d714d691fc2f648db22e9072dcbaff5932db5b33bf89a5f009c5c62ef00ee2c1,2026-03-20T07:54:07.361308,UNITED_RENTALS,TRUE,2026-03-20T07:54:07.361309,9999-12-31T00:00:00
CU-020908,Cannon and Sons,Ann,Thompson,joseph62@gray-nguyen.com,787-549-7151x2954,35849 Ryan Key Apt. 595,Houston,TX,19264,29.82061,-95.374615,EVENTS,C,ACTIVE,33958.83,340228.68,UR_CUSTOMERS,7d5cffc68913778b816cc530c94e7d4a8d502ea93d9d6def74390299c6e8642a,2026-03-20T07:54:07.361506,UNITED_RENTALS,TRUE,2026-03-20T07:54:07.361507,9999-12-31T00:00:00
CU-020909,Pierce Group,Denise,Morris,victoriaduncan@jones.info,+1-249-373-1114x96336,0459 Reid Cove,Denver,CO,81562,39.804423,-104.959819,MINING,B,ACTIVE,178749.8,305910.95,UR_CUSTOMERS,a4f97b2a585bc499148d8398c7fa389541aed3cecac938835872d4054ed5ead6,2026-03-20T07:54:07.361794,UNITED_RENTALS,TRUE,2026-03-20T07:54:07.361794,9999-12-31T00:00:00
CU-020910,"Chavez, Banks and Adams",Anthony,Bush,hrichardson@green.com,(494)821-0420x841,9078 Thompson Isle Apt. 541,Charlotte,NC,44356,35.162796,-80.80642,MINING,B,ACTIVE,139387.33,120678.7,UR_CUSTOMERS,a92cdbe433104df9e7d434c6a96ead31313402b159f3d292ff4ee44ec8def011,2026-03-20T07:54:07.362161,UNITED_RENTALS,TRUE,2026-03-20T07:54:07.362161,9999-12-31T00:00:00
CU-020911,Obrien PLC,Jamie,Wood,amalone@clayton-riley.biz,+1-506-816-9413x51284,9582 Ford Circle Suite 992,Salt Lake City,UT,18387,40.822792,-111.864533,INDUSTRIAL,B,ACTIVE,125222.66,453493.53,UR_CUSTOMERS,3d0ec3143fbef61dc51de8d8b2485ab41d168c0ffa6d88f4bc72e6e79032bc44,2026-03-20T07:54:07.362383,UNITED_RENTALS,TRUE,2026-03-20T07:54:07.362383,9999-12-31T00:00:00
CU-020912,Perry Construction,Mary,Rodriguez,paul49@graham.net,+1-627-761-0023x5120,157 Jane Rapid Suite 385,Columbus,OH,83701,39.89411,-82.962231,INFRASTRUCTURE,B,ACTIVE,108625.49,497306.69,UR_CUSTOMERS,e2c7d85da760fd166ba136393243938e0ecacb450cd1563b2339508e4708f23b,2026-03-20T07:54:07.363428,UNITED_RENTALS,TRUE,2026-03-20T07:54:07.363435,9999-12-31T00:00:00
CU-020913,"Henderson, Harris and Howard",Michelle,Neal,brittany13@fernandez.info,9187811133,31432 Miller Mills,Sacramento,CA,02133,38.585993,-121.550258,INDUSTRIAL,C,ACTIVE,43979.82,456214.37,UR_CUSTOMERS,076859712815cd216f119dbb09e12d11c769f481371dab47153d087ced4fdf43,2026-03-20T07:54:07.366825,UNITED_RENTALS,TRUE,2026-03-20T07:54:07.366828,9999-12-31T00:00:00
CU-020914,"Marshall, Blake and Garcia",Tracy,Washington,vallen@washington.net,001-613-522-0822x0448,97881 Gilmore Radial Suite 710,Raleigh,NC,38631,35.855847,-78.649742,EVENTS,C,ACTIVE,52043.19,469221.87,UR_CUSTOMERS,a800c3a7dda678ff004567a670800599468384dd9e271ce099805522925534c3,2026-03-20T07:54:07.367138,UNITED_RENTALS,TRUE,2026-03-20T07:54:07.367139,9999-12-31T00:00:00
CU-020915,Compton Drilling,Elizabeth,Peterson,smithkimberly@lopez.com,501.283.1377x4340,792 Mann Route Apt. 733,Tampa,FL,32735,27.896517,-82.431526,OIL_AND_GAS,D,ACTIVE,13852.52,18725.05,UR_CUSTOMERS,9fede0cf2079d237870ba989a94883e278e0bd33e24aa5d2fdbea855662ef493,2026-03-20T07:54:07.367418,UNITED_RENTALS,TRUE,2026-03-20T07:54:07.367419,9999-12-31T00:00:00
CU-020916,Dorsey Builders,Abigail,Hall,kathleenwilliams@johns.info,+1-268-854-6211x670,82124 Stephen Trail,Detroit,MI,86539,42.273286,-83.017783,INFRASTRUCTURE,B,ACTIVE,85903.15,23519.99,UR_CUSTOMERS,45490e50554c4344812bd80b06aa85b37f30a410df8de39c501a8de5a97271ff,2026-03-20T07:54:07.367728,UNITED_RENTALS,TRUE,2026-03-20T07:54:07.367729,9999-12-31T00:00:00
CU-020917,Reynolds-Ball,Daisy,Contreras,paulclayton@wilson.com,001-250-411-3449x6895,489 Kelly Skyway,El Paso,TX,95066,31.825865,-106.500025,INDUSTRIAL,C,ACTIVE,53673.65,220817.26,UR_CUSTOMERS,84de9ead2ce651a2618d493989efd5055a9ce64f5882fffbe925ff97c11e4ca4,2026-03-20T07:54:07.367992,UNITED_RENTALS,TRUE,2026-03-20T07:54:07.367992,9999-12-31T00:00:00
CU-020918,"Ramirez, Wheeler and Taylor",Kenneth,Kirby,robertsjohn@frey-shelton.info,(663)694-9046x514,5748 Lauren Streets Suite 252,Los Angeles,CA,92685,34.083743,-118.240222,EVENTS,C,ACTIVE,38382.89,129215.14,UR_CUSTOMERS,8db7344d3bdc528ca95a6cb5e2d2e0e53a862ecd12672b9ae2b808c40c015e4a,2026-03-20T07:54:07.368364,UNITED_RENTALS,TRUE,2026-03-20T07:54:07.368365,9999-12-31T00:00:00
CU-020919,"Avila, Ferguson and Robles",Kenneth,Stewart,dyercheryl@wright.info,+1-942-713-9136,393 Washington Curve Suite 154,Atlanta,GA,20372,33.672732,-84.403707,RESIDENTIAL,A,INACTIVE,117744.01,80972.17,UR_CUSTOMERS,cc68676c5957c3e27f594c1e737bd36803d8850e04081f47e876c1da2429d192,2026-03-20T07:54:07.368615,UNITED_RENTALS,TRUE,2026-03-20T07:54:07.368615,9999-12-31T00:00:00
CU-020920,Martin Engineering,Darrell,Cowan,moranmelissa@clark.info,(923)772-0741,0063 Jimmy Rapids,San Francisco,CA,73514,37.713726,-122.342336,INFRASTRUCTURE,B,ACTIVE,111598.08,302491.87,UR_CUSTOMERS,c50bb3a4dfa178163a9b324d3edce0fe45b0d7b99801f4c6fec293bd731149ed,2026-03-20T07:54:07.369415,UNITED_RENTALS,TRUE,2026-03-20T07:54:07.369416,9999-12-31T00:00:00
CU-020921,"Sims, Orr and Hurley",Jason,Blanchard,collinsmith@moon-lopez.info,(358)226-3218x945,998 Allison Courts Suite 281,Pittsburgh,PA,65632,40.487927,-80.073633,INDUSTRIAL,B,ACTIVE,58782.01,217409.43,UR_CUSTOMERS,8e321f5479af58608d00a3c61fda535820cad6020457d2de781e361cfed1b5b3,2026-03-20T07:54:07.369936,UNITED_RENTALS,TRUE,2026-03-20T07:54:07.369938,9999-12-31T00:00:00
CU-020922,MO Electric Co,Lisa,Page,justindeleon@jenkins.com,+1-495-253-4334x97197,93242 Rowe Views Apt. 091,St. Louis,MO,89720,38.649653,-90.145351,UTILITY,D,ACTIVE,7942.99,89956.03,UR_CUSTOMERS,417ce2dc7db55cb0856c834407020f2e95de4ffc88c24079714f6341fefd8498,2026-03-20T07:54:07.370132,UNITED_RENTALS,TRUE,2026-03-20T07:54:07.370132,9999-12-31T00:00:00
CU-020923,"Church, Stevens and Rodriguez",James,Anderson,adamblack@jimenez.info,839.307.1212x57989,41982 Hubbard Harbors,Richmond,VA,38627,37.514352,-77.397888,MINING,B,ACTIVE,81433.55,477604.26,UR_CUSTOMERS,af911b22f7ee9a50071d31229c7e6b09197356c65738d07642353c9bc3e2ea5d,2026-03-20T07:54:07.370440,UNITED_RENTALS,TRUE,2026-03-20T07:54:07.370441,9999-12-31T00:00:00
CU-020924,Curtis Builders,Michael,Key,lreyes@briggs.net,311.897.7895,0180 Nathan Hill Apt. 277,Austin,TX,51599,30.231056,-97.760848,CONSTRUCTION,B,ACTIVE,77348.97,429436.98,UR_CUSTOMERS,1f452bf6db30f872fea29d3d4ad8cf3a2c1cd2db7d48a43ecc93d2150fc2569b,2026-03-20T07:54:07.373830,UNITED_RENTALS,TRUE,2026-03-20T07:54:07.373834,9999-12-31T00:00:00
CU-020925,Wilson and Sons,Jeffrey,Price,megan51@bird.com,(368)657-4397x3847,163 Sara Coves Apt. 918,Houston,TX,21333,29.752708,-95.396063,EVENTS,A,ACTIVE,203548.0,181477.77,UR_CUSTOMERS,f2cad1a7a239f9bb04bcd3635d5c73842e216ca9e9c7b9d5074e0f8048f0bde3,2026-03-20T07:54:07.374075,UNITED_RENTALS,TRUE,2026-03-20T07:54:07.374076,9999-12-31T00:00:00
CU-020926,Lee Builders,James,Castaneda,markwilson@larson.com,001-931-602-6237x0506,522 Mark Vista,Los Angeles,CA,52053,33.975112,-118.221574,CONSTRUCTION,A,ACTIVE,399873.96,191589.75,UR_CUSTOMERS,db9ff9cca5ce5ed8381b9f3e12abf7100049568f78349b044ee7e67005fa8005,2026-03-20T07:54:07.374298,UNITED_RENTALS,TRUE,2026-03-20T07:54:07.374299,9999-12-31T00:00:00
CU-020927,Rogers Development,Lisa,Padilla,troy31@guzman-phillips.com,+1-603-865-3542x372,6226 Price Park Suite 790,Philadelphia,PA,36872,39.921479,-75.18556,CONSTRUCTION,B,ACTIVE,141566.21,338318.78,UR_CUSTOMERS,0e36d04f025e0320a7771a32499a294bbc70d011180eb4c0198f33d2a38e22e9,2026-03-20T07:54:07.374529,UNITED_RENTALS,TRUE,2026-03-20T07:54:07.374530,9999-12-31T00:00:00
CU-020928,Ballard Engineering,Wanda,Rogers,katelynphillips@holt.org,(842)254-9780x64371,8973 Daniel Cape,Indianapolis,IN,16604,39.732114,-86.222168,CONSTRUCTION,B,ACTIVE,148408.75,418989.99,UR_CUSTOMERS,5bc1703bbf22d5c3e4b25612bcd31b843b2284e00a08565b7966e747b4725a95,2026-03-20T07:54:07.376190,UNITED_RENTALS,TRUE,2026-03-20T07:54:07.376193,9999-12-31T00:00:00
CU-020929,Bailey Development,Meghan,Young,jacob11@fowler.com,201-550-4379x086,558 Ronald Islands Suite 875,Dallas,TX,80838,32.852192,-96.835608,CONSTRUCTION,B,ACTIVE,143912.74,433425.75,UR_CUSTOMERS,3b047b249af193d491c0672630825ffbac0b3ab51a09e23f1b54a4e2dc0f1aa2,2026-03-20T07:54:07.377997,UNITED_RENTALS,TRUE,2026-03-20T07:54:07.378057,9999-12-31T00:00:00
CU-020930,Cole Construction,Annette,Juarez,wgreen@carter.com,001-743-268-2756x8497,672 Hall Trace Apt. 580,Salt Lake City,UT,71716,40.808441,-111.879783,INFRASTRUCTURE,B,ACTIVE,177213.88,359349.31,UR_CUSTOMERS,58dc444e87079a644e19ff6ca1195d8b021533237f597cd1fbdd8f39f0794cd5,2026-03-20T07:54:07.380639,UNITED_RENTALS,TRUE,2026-03-20T07:54:07.380643,9999-12-31T00:00:00
CU-020931,Pittsburgh City of,Michele,Richmond,nathan19@shelton.com,(271)499-9275x23710,635 Laurie Points Suite 570,Pittsburgh,PA,48504,40.407135,-80.024169,GOVERNMENT,B,ACTIVE,61190.38,470975.13,UR_CUSTOMERS,d95fe79e883673918c39d84fc2ce1ee97d1d87444e5ea98e64e1f6c400463237,2026-03-20T07:54:07.380834,UNITED_RENTALS,TRUE,2026-03-20T07:54:07.380835,9999-12-31T00:00:00
CU-020932,Harris Construction,Herbert,Hart,nicholaswalker@smith.com,897-929-4103,069 Eric Stream Suite 011,Phoenix,AZ,60277,33.481749,-112.129714,CONSTRUCTION,B,ACTIVE,195906.47,454918.3,UR_CUSTOMERS,30ef0583461a8424fbe99f5a68d775747d6e991e3aacd85a3c8a67b140d393e2,2026-03-20T07:54:07.384318,UNITED_RENTALS,TRUE,2026-03-20T07:54:07.384326,9999-12-31T00:00:00
CU-020933,Wall Inc,Karen,Herring,djohnson@rice.info,001-808-477-3731,9274 House Corner Apt. 069,Phoenix,AZ,85935,33.467385,-112.086809,MINING,C,ACTIVE,30641.95,142624.05,UR_CUSTOMERS,3eec2bd4696ef548006ad08942c88d06b22381ff187c02483e9cedcd3d4a5fe4,2026-03-20T07:54:07.387895,UNITED_RENTALS,TRUE,2026-03-20T07:54:07.387903,9999-12-31T00:00:00
CU-020934,Ruiz-Williams,Brooke,Murray,palmerdavid@lowe.com,+1-206-210-8537,01022 Jenny Extension Suite 839,Newark,NJ,05984,40.814155,-74.241992,MINING,C,ACTIVE,70959.39,26027.2,UR_CUSTOMERS,57023f9a17fbc20b9ab72d2535d83c283d7317c7c1ba7f47e7c00b84329b7edd,2026-03-20T07:54:07.391184,UNITED_RENTALS,TRUE,2026-03-20T07:54:07.391192,9999-12-31T00:00:00
CU-020935,TX Energy Co,Lucas,Kirk,martineztammy@juarez.com,001-969-334-9106x7698,49411 Perez Fall,Houston,TX,73723,29.72821,-95.351728,UTILITY,B,ACTIVE,195046.0,458243.1,UR_CUSTOMERS,f6ff1ef3589501f782dcb9653692c6b691b8f1691b772772ea299d5e9b5b63ff,2026-03-20T07:54:07.393617,UNITED_RENTALS,TRUE,2026-03-20T07:54:07.393625,9999-12-31T00:00:00
CU-020936,Manning LLC,Daniel,James,rhondastark@hunter-hughes.biz,721.717.0254x496,42182 Bass Greens,Hartford,CT,83930,41.746834,-72.679107,RESIDENTIAL,C,ACTIVE,34773.72,49646.65,UR_CUSTOMERS,e1e5457a2e7dac55d032539a3e3b93e98ab1d148bb3dbbed8b0ce91a2a515324,2026-03-20T07:54:07.395233,UNITED_RENTALS,TRUE,2026-03-20T07:54:07.395237,9999-12-31T00:00:00
CU-020937,"Williams, Dominguez and Meza",Christine,Arellano,mcgrathgeorge@schmitt.com,(533)452-3175x48771,06139 Alexis Coves,Nashville,TN,69184,36.160409,-86.753073,EVENTS,B,ACTIVE,189033.18,402484.42,UR_CUSTOMERS,364667875e63bc38501d0621460c85314b33d57d151cc5ed52335ed1f12157ba,2026-03-20T07:54:07.396510,UNITED_RENTALS,TRUE,2026-03-20T07:54:07.396513,9999-12-31T00:00:00
CU-020938,Perry Drilling,Ronald,Dennis,hramirez@thompson.info,+1-807-539-0049,966 Camacho Throughway,Portland,OR,57778,45.471895,-122.662455,OIL_AND_GAS,B,ACTIVE,130976.67,256215.47,UR_CUSTOMERS,ec7680f0ffedc22ee699c780227cfbab78461c92ccea7ebbe3c001674e17574b,2026-03-20T07:54:07.396745,UNITED_RENTALS,TRUE,2026-03-20T07:54:07.396746,9999-12-31T00:00:00
CU-020939,Thompson Engineering,Nicholas,Chen,tdougherty@george.com,001-871-764-9545x844,1371 Gonzalez Expressway Suite 893,Austin,TX,83811,30.301506,-97.772314,INFRASTRUCTURE,C,ACTIVE,67092.98,54993.42,UR_CUSTOMERS,22c823d5be6536a3b3c6fc06d6245f6e722bea13a0875c40833f13a8aa3d7c76,2026-03-20T07:54:07.397025,UNITED_RENTALS,TRUE,2026-03-20T07:54:07.397026,9999-12-31T00:00:00
CU-020940,Boyd Group,Kayla,Thomas,lindasaunders@yu-scott.net,+1-242-274-9464x5403,143 Perry Throughway,Nashville,TN,74354,36.117563,-86.848184,MINING,A,ACTIVE,173087.05,354012.79,UR_CUSTOMERS,795c643cde55970ca4b00fdfcfe25eb6e8e20e5b9db3aabd8c07f7bbc4a50e10,2026-03-20T07:54:07.397288,UNITED_RENTALS,TRUE,2026-03-20T07:54:07.397289,9999-12-31T00:00:00
CU-020941,FL Energy Co,Kelly,Nolan,angelatran@taylor.com,733-656-6822x89657,039 Daniel Fort,Miami,FL,83804,25.718367,-80.218195,UTILITY,C,ACTIVE,74757.89,147651.75,UR_CUSTOMERS,87ccd13295160e6d1193103ec79a67f42c597e0c4d20562f0a94a0abe7508072,2026-03-20T07:54:07.397479,UNITED_RENTALS,TRUE,2026-03-20T07:54:07.397480,9999-12-31T00:00:00
CU-020942,Owens Pipeline,Randy,Sparks,mcculloughemily@arellano-garcia.com,311-758-1623,428 Daniel Plains,Tampa,FL,61141,27.899052,-82.432072,OIL_AND_GAS,B,ACTIVE,183966.01,199053.52,UR_CUSTOMERS,c612c1806233e08c7f24c3a44e721d52836a867847bbe60894827c0b4434989b,2026-03-20T07:54:07.397728,UNITED_RENTALS,TRUE,2026-03-20T07:54:07.397728,9999-12-31T00:00:00
CU-020943,Hutchinson Builders,Samantha,Morgan,bennettrachel@gilmore-diaz.com,692.615.1098x100,02773 Karen Springs,Philadelphia,PA,49662,39.925596,-75.1966,CONSTRUCTION,B,ACTIVE,61571.25,63913.24,UR_CUSTOMERS,5100894c915d0cb3facd33f4e8a95bd3d351ffbfd3897fb02532f50dc65ae140,2026-03-20T07:54:07.397978,UNITED_RENTALS,TRUE,2026-03-20T07:54:07.397978,9999-12-31T00:00:00
CU-020944,Rogers Construction,Ariel,Thomas,jfuller@flowers.com,(932)767-6311x4310,871 Rodriguez Vista,Charlotte,NC,24873,35.171853,-80.862967,CONSTRUCTION,B,ACTIVE,177982.76,187881.06,UR_CUSTOMERS,c77d0b1af7c038b8a3b93e9f7fc0531d4e0697e99d455157db97e04b419b654d,2026-03-20T07:54:07.398327,UNITED_RENTALS,TRUE,2026-03-20T07:54:07.398329,9999-12-31T00:00:00
CU-020945,Reynolds Development,Paula,Anderson,anthonybennett@cross-oneal.com,783.681.6742,8474 Angela Prairie,Detroit,MI,38881,42.361975,-83.018501,INFRASTRUCTURE,D,ACTIVE,10459.22,447102.94,UR_CUSTOMERS,730ca3606161994c6186077816d69b7fdf8a38ffc411c65f852f677a8696d542,2026-03-20T07:54:07.398641,UNITED_RENTALS,TRUE,2026-03-20T07:54:07.398642,9999-12-31T00:00:00
CU-020946,MN Power Co,Tracy,Rogers,kowen@torres.org,+1-298-622-4554,00149 Wilson Trace,Minneapolis,MN,62527,44.98358,-93.279995,UTILITY,C,ACTIVE,55628.39,257893.07,UR_CUSTOMERS,f8ab7ad2cb851ce6a6c5056612477ee30785c3ede0a080c649b3e3b5bc9cd5ab,2026-03-20T07:54:07.398899,UNITED_RENTALS,TRUE,2026-03-20T07:54:07.398900,9999-12-31T00:00:00
CU-020947,Boston Parks Dept,Sean,Morris,nathan90@reed.biz,(269)223-3953,553 Valencia Falls,Boston,MA,84334,42.305096,-71.134471,GOVERNMENT,B,ACTIVE,66391.86,371102.68,UR_CUSTOMERS,2ac500d662f1bea536f35c3b69ef60bfc2f2637e6aff20140a8121c41a5db5d3,2026-03-20T07:54:07.399138,UNITED_RENTALS,TRUE,2026-03-20T07:54:07.399139,9999-12-31T00:00:00
CU-020948,CO Gas Co,Mike,Steele,fkirby@francis.com,958-570-1311x1751,8362 Collier Roads,Denver,CO,23616,39.720718,-104.91141,UTILITY,C,INACTIVE,53763.31,408457.28,UR_CUSTOMERS,364e3194526de864030bd66df107a137a4be9441cb28250f1e3f793afd28a8f7,2026-03-20T07:54:07.399410,UNITED_RENTALS,TRUE,2026-03-20T07:54:07.399411,9999-12-31T00:00:00
CU-020949,Rogers LLC,Roy,Parker,angelablackwell@jones-frederick.com,493-958-9105x48256,643 Melissa Meadows,Las Vegas,NV,11307,36.116696,-115.20737,INDUSTRIAL,A,ACTIVE,313292.51,473103.08,UR_CUSTOMERS,625017cb02133a8a39f0bb2f62ec72bce029e301dbcb567be0a6c9734c416ade,2026-03-20T07:54:07.399635,UNITED_RENTALS,TRUE,2026-03-20T07:54:07.399636,9999-12-31T00:00:00
CU-020950,Saunders Energy,Aaron,Greene,sarahfisher@stanley.com,+1-277-851-5367x20975,912 Church Street Suite 859,Austin,TX,36583,30.23802,-97.780231,OIL_AND_GAS,A,ACTIVE,402146.98,481436.32,UR_CUSTOMERS,f029591f09cc457f701d960a6f4ada95ae2091da2aa944241f2747d74c24cdc6,2026-03-20T07:54:07.400049,UNITED_RENTALS,TRUE,2026-03-20T07:54:07.400051,9999-12-31T00:00:00
CU-020951,Miller-Mitchell,Ashley,Harris,millerpatrick@zimmerman.com,(321)780-6036x3235,91656 James Circle,San Diego,CA,58200,32.765098,-117.211626,MINING,B,ACTIVE,181188.49,382665.93,UR_CUSTOMERS,1db75a2e165959c202723223fdf8a32254324c8cc5af0bf14973455704b48307,2026-03-20T07:54:07.400368,UNITED_RENTALS,TRUE,2026-03-20T07:54:07.400368,9999-12-31T00:00:00
CU-020952,Navarro Contracting,John,Oliver,qmiller@dixon-maldonado.com,830-707-4577x7414,316 James Extensions,Philadelphia,PA,48589,39.956406,-75.19885,CONSTRUCTION,B,INACTIVE,78928.05,391921.34,UR_CUSTOMERS,1f3f9d86ae7039afbcdbcdddade1261869123f9a5912eb592d8c18e819ecc1a6,2026-03-20T07:54:07.400599,UNITED_RENTALS,TRUE,2026-03-20T07:54:07.400600,9999-12-31T00:00:00
CU-020953,Walker Engineering,Kristen,Oneal,vgonzalez@navarro-ford.net,(860)770-2507x6660,526 Stacy Manor,Miami,FL,67727,25.696608,-80.264858,CONSTRUCTION,A,ACTIVE,487213.18,93112.92,UR_CUSTOMERS,7040d5bd43b64bed0306a03c5e0e5dc4ff85df6523399cdc9f23233602e0c30a,2026-03-20T07:54:07.400828,UNITED_RENTALS,TRUE,2026-03-20T07:54:07.400829,9999-12-31T00:00:00
CU-020954,IL Water Co,Christina,Watson,derekhines@crawford-glenn.com,624-504-3968,600 Nicole Plaza Apt. 087,Chicago,IL,14352,41.859239,-87.657919,UTILITY,A,ACTIVE,461078.57,8572.48,UR_CUSTOMERS,0946fe24859d8c0c753ad7c083d9a3accbccfc89a300a1d8b61a7560e1712680,2026-03-20T07:54:07.401050,UNITED_RENTALS,TRUE,2026-03-20T07:54:07.401051,9999-12-31T00:00:00
CU-020955,San Francisco Parks Dept,Paul,Robinson,vargasjennifer@welch.com,299.338.1987x92165,5760 William Pike,San Francisco,CA,56998,37.714753,-122.475376,GOVERNMENT,B,ACTIVE,112910.95,309366.94,UR_CUSTOMERS,2c37ea072a3723202dd5835eebc07163e144aa041a57188f7892aa857b430180,2026-03-20T07:54:07.401301,UNITED_RENTALS,TRUE,2026-03-20T07:54:07.401301,9999-12-31T00:00:00
CU-020956,Marquez Energy,Gabriela,Flores,davidanderson@patton.org,928.516.6517,19749 Darrell Islands,Denver,CO,18539,39.773816,-104.995617,OIL_AND_GAS,A,ACTIVE,278898.83,51154.06,UR_CUSTOMERS,95dddcf3611bfe10f5736c9fb1e00514409c82f3e530d73daa0a549c3c91d326,2026-03-20T07:54:07.401580,UNITED_RENTALS,TRUE,2026-03-20T07:54:07.401581,9999-12-31T00:00:00
CU-020957,TX Water Co,Jennifer,Mcguire,brhodes@logan.com,+1-737-365-1182x566,91727 Katrina Glen Apt. 628,Dallas,TX,12690,32.807143,-96.784965,UTILITY,A,ACTIVE,266418.05,447439.7,UR_CUSTOMERS,ed7faebfaf0b9cca17ea2b8df1e63c76e6fcad6319d6ad130085b42edee03ef2,2026-03-20T07:54:07.401752,UNITED_RENTALS,TRUE,2026-03-20T07:54:07.401752,9999-12-31T00:00:00
CU-020958,Hartford Water District,Miranda,Hatfield,justinyoung@johnson-harris.biz,6746968757,544 Danny Vista Suite 398,Hartford,CT,86946,41.813047,-72.654298,GOVERNMENT,B,ACTIVE,199129.52,367124.31,UR_CUSTOMERS,981db1ad15e57f11fb06f3384f8fbbdebd52ad4dacd03e831cad4b453ad93732,2026-03-20T07:54:07.402046,UNITED_RENTALS,TRUE,2026-03-20T07:54:07.402048,9999-12-31T00:00:00
CU-020959,CA Electric Co,Gregory,Chang,rebecca88@mullen-ramirez.com,001-750-831-5134x65086,387 Carter Overpass Apt. 341,Sacramento,CA,22172,38.589724,-121.439559,UTILITY,B,ACTIVE,139474.68,387517.36,UR_CUSTOMERS,0ad94168af2e06a3ec8a0000ac83161690e520fc8c7ce00b62a2445557a3d2f4,2026-03-20T07:54:07.402251,UNITED_RENTALS,TRUE,2026-03-20T07:54:07.402252,9999-12-31T00:00:00
CU-020960,PA Water Co,Matthew,Allen,josephguerra@coleman.com,+1-597-566-5620x670,7774 Bradford Bypass,Pittsburgh,PA,96886,40.395032,-80.055394,UTILITY,A,ACTIVE,435765.05,383278.56,UR_CUSTOMERS,15755ff4737ec3346a3ce56dc1c9411ebb1ede0754c20261cb563ef1e877c9de,2026-03-20T07:54:07.402447,UNITED_RENTALS,TRUE,2026-03-20T07:54:07.402448,9999-12-31T00:00:00
CU-020961,NC Electric Co,Paula,Sutton,james71@ingram.com,9343093582,20310 Sanders Haven Suite 518,Charlotte,NC,35468,35.16262,-80.78666,UTILITY,A,ACTIVE,287252.85,21567.74,UR_CUSTOMERS,80ec0ac1cec977f12bef29f1fa93b99dd957da13018f00a9a144c85f1d7cf8bf,2026-03-20T07:54:07.402676,UNITED_RENTALS,TRUE,2026-03-20T07:54:07.402677,9999-12-31T00:00:00
CU-020962,Wells Builders,Krystal,Jimenez,gfox@bailey-mason.info,+1-657-897-1149x179,906 Lauren Route,Richmond,VA,94578,37.538148,-77.439135,CONSTRUCTION,A,ACTIVE,398238.65,279074.48,UR_CUSTOMERS,276f1faf735aa9ac2543b7bcda31369a0331db99661dc911aa7f3ee57cf077d5,2026-03-20T07:54:07.402897,UNITED_RENTALS,TRUE,2026-03-20T07:54:07.402898,9999-12-31T00:00:00
CU-020963,"Pratt, Davis and Ryan",Debra,Foley,stacygill@black.biz,+1-499-884-2003,30524 Colin Throughway Apt. 076,Las Vegas,NV,49511,36.157885,-115.172807,MINING,C,ACTIVE,14810.88,494401.61,UR_CUSTOMERS,220d528a45f8aca3f287323a13065745423d3ef826b6f760f31c5893dd30dfa6,2026-03-20T07:54:07.403223,UNITED_RENTALS,TRUE,2026-03-20T07:54:07.403224,9999-12-31T00:00:00
CU-020964,Anthony Development,Yesenia,Walker,gregory94@brooks.org,(810)984-9297x04538,29767 Hernandez Roads Apt. 545,Hartford,CT,53457,41.829303,-72.655149,CONSTRUCTION,B,ACTIVE,75665.72,145468.96,UR_CUSTOMERS,b9a360f1729672ac4ee0856afcf4b3d3701763f2625ccceba64441cce7111eaf,2026-03-20T07:54:07.403645,UNITED_RENTALS,TRUE,2026-03-20T07:54:07.403651,9999-12-31T00:00:00
CU-020965,WA Gas Co,Karen,Kaiser,vanessamartinez@gonzalez.com,+1-248-699-5312x00859,24170 Richard Glen,Seattle,WA,24529,47.661271,-122.340418,UTILITY,A,INACTIVE,203290.54,494185.41,UR_CUSTOMERS,1680f21869db3d0d4edc31315ebfd43fd518024dc1f7dd26b3f35ebcb0e98e6f,2026-03-20T07:54:07.404472,UNITED_RENTALS,TRUE,2026-03-20T07:54:07.404473,9999-12-31T00:00:00
CU-020966,Yates Ltd,John,Jones,lisa24@carter.info,689-476-2177,01727 Weaver Dale,Salt Lake City,UT,11105,40.821823,-111.864762,INDUSTRIAL,B,ACTIVE,147915.52,475611.8,UR_CUSTOMERS,1c5900ded3967df7bcc055ff64860ee21ca06c444fbe2a0d348f988fc3eb6912,2026-03-20T07:54:07.405208,UNITED_RENTALS,TRUE,2026-03-20T07:54:07.405209,9999-12-31T00:00:00
CU-020967,Erickson Contracting,Patricia,Leach,tracey79@young-walker.com,+1-904-396-1965x19662,7065 Maxwell Mews Apt. 378,San Francisco,CA,49264,37.731211,-122.464316,CONSTRUCTION,C,INACTIVE,81610.16,419594.77,UR_CUSTOMERS,04ee35d72acc02a4e8e161d8d09c02483a683fe2ce16a94795fb00250f4b981f,2026-03-20T07:54:07.406957,UNITED_RENTALS,TRUE,2026-03-20T07:54:07.406960,9999-12-31T00:00:00
CU-020968,"Potter, Ford and Lowe",Teresa,Martinez,johnstonashley@dickerson.org,476-970-7002,44527 Rush Alley Apt. 398,Columbus,OH,65640,39.9267,-83.01882,RESIDENTIAL,B,ACTIVE,110335.85,281460.86,UR_CUSTOMERS,0cb68ea6743bec5ed374274c641b57fe307e2925d0a4df2d1d5f426a66c2b632,2026-03-20T07:54:07.409112,UNITED_RENTALS,TRUE,2026-03-20T07:54:07.409122,9999-12-31T00:00:00
CU-020969,"Walsh, Williams and Huerta",Tammy,Henderson,martha49@hopkins.biz,+1-249-587-4932,68687 Deborah Ford,St. Louis,MO,62162,38.684501,-90.169187,RESIDENTIAL,B,ACTIVE,109847.03,106481.61,UR_CUSTOMERS,1deac5917070033cb7fab057c42a9fba6b19f73c6299d0bb9279a3f0f78f4b24,2026-03-20T07:54:07.409897,UNITED_RENTALS,TRUE,2026-03-20T07:54:07.409899,9999-12-31T00:00:00
CU-020970,Watson-Mcneil,Laura,Schmidt,mark65@smith.com,001-764-230-8132x2257,22664 Heather Landing Apt. 945,Sacramento,CA,48980,38.609474,-121.419,RESIDENTIAL,A,ACTIVE,154768.92,212184.95,UR_CUSTOMERS,ee7c791180c68ea196a47f1fb21e094257b47c841d468273ae8d97dc3edcf4c4,2026-03-20T07:54:07.410254,UNITED_RENTALS,TRUE,2026-03-20T07:54:07.410255,9999-12-31T00:00:00
CU-020971,Ponce Drilling,Deborah,Ramos,mitchellashley@bernard.com,476.603.8280x7100,864 Cristina Shoal Apt. 996,Newark,NJ,80796,40.724737,-74.117679,OIL_AND_GAS,D,ACTIVE,9548.7,480357.18,UR_CUSTOMERS,abb03ffc36b86b35a7d53ac1be676d0b6b03d89e064656320a14b12f893d8cb9,2026-03-20T07:54:07.410542,UNITED_RENTALS,TRUE,2026-03-20T07:54:07.410543,9999-12-31T00:00:00
CU-020972,Cincinnati County,Timothy,Sanchez,katelynsalazar@sanchez.com,376.988.3868x98258,681 Bailey Summit,Cincinnati,OH,19119,39.087749,-84.523883,GOVERNMENT,C,ACTIVE,56014.25,195665.96,UR_CUSTOMERS,513e27fd66433a03fed9ea4e5e8816ac05dfe2304ea4fe81db04a811a638179c,2026-03-20T07:54:07.410744,UNITED_RENTALS,TRUE,2026-03-20T07:54:07.410745,9999-12-31T00:00:00
CU-020973,Wright Development,Benjamin,Stokes,timothyproctor@oconnor.com,899-280-6849,42995 Amber Mountain,Las Vegas,NV,20681,36.154922,-115.062729,INFRASTRUCTURE,A,ACTIVE,466724.83,127619.44,UR_CUSTOMERS,a9ab857a7675420b96853a0527d61572da08f26c565744dda223962302d4dafa,2026-03-20T07:54:07.410964,UNITED_RENTALS,TRUE,2026-03-20T07:54:07.410965,9999-12-31T00:00:00
CU-020974,Bright Builders,Eric,Bates,flopez@cole.info,001-778-967-3971x8190,8993 Antonio Forge Suite 406,Pittsburgh,PA,21188,40.484508,-80.061283,INFRASTRUCTURE,A,ACTIVE,247058.87,353276.8,UR_CUSTOMERS,b75b240a0e517b1dd41c82683abd25a4700acff7e2519500191e0799c84138f4,2026-03-20T07:54:07.411170,UNITED_RENTALS,TRUE,2026-03-20T07:54:07.411172,9999-12-31T00:00:00
CU-020975,Taylor-Wilson,Jenna,Allen,tracey77@price.net,+1-549-419-8661,63572 Mcdonald Vista Apt. 985,Phoenix,AZ,62865,33.481632,-112.027027,MINING,A,INACTIVE,414234.28,56575.82,UR_CUSTOMERS,3b11ad865634b3ce438a92c5170efdbab663a2a2c7b9dc37b5297066b804619b,2026-03-20T07:54:07.412591,UNITED_RENTALS,TRUE,2026-03-20T07:54:07.412610,9999-12-31T00:00:00
CU-020976,Morton Ltd,Holly,Morris,marshallangela@mann.com,700.399.9866x92450,048 Adkins Key Suite 543,Charlotte,NC,38131,35.273889,-80.830258,INDUSTRIAL,C,ACTIVE,83736.29,374157.92,UR_CUSTOMERS,98debfccf5c827aef9f16af83d0de2e650c568654956b166479a1e3a34ae6b88,2026-03-20T07:54:07.413408,UNITED_RENTALS,TRUE,2026-03-20T07:54:07.413410,9999-12-31T00:00:00
CU-020977,Bean Energy,Marc,Esparza,christine61@brown.org,+1-577-222-2264x6153,70275 Melissa Mountains,Chicago,IL,55482,41.877346,-87.634589,OIL_AND_GAS,B,INACTIVE,143012.9,185157.99,UR_CUSTOMERS,2627d1c4721975c3802aace019243e6db7f8e457f6cb4dfca3eba0da4c646d5b,2026-03-20T07:54:07.413657,UNITED_RENTALS,TRUE,2026-03-20T07:54:07.413658,9999-12-31T00:00:00
CU-020978,"Ruiz, Orozco and Kim",Anna,Gates,princedaniel@allen-spencer.org,+1-301-768-1207x50006,593 Michelle Way Suite 455,Richmond,VA,57665,37.499192,-77.380103,INDUSTRIAL,A,ACTIVE,407952.26,262586.34,UR_CUSTOMERS,91aa3941ce2a83236de02d31c7ed38f86b5585ae234ade53ba917a9ffe06de0c,2026-03-20T07:54:07.413932,UNITED_RENTALS,TRUE,2026-03-20T07:54:07.413932,9999-12-31T00:00:00
CU-020979,White-White,Cody,Paul,joshua13@solis.com,769.293.3038x156,56951 Mary View Apt. 611,Phoenix,AZ,18874,33.41559,-112.131487,RESIDENTIAL,B,ACTIVE,169408.19,434657.41,UR_CUSTOMERS,c6185b7154184a26b216dccd6c9d2191cc3f9550f31898b2ac441ad15dd131fe,2026-03-20T07:54:07.414177,UNITED_RENTALS,TRUE,2026-03-20T07:54:07.414178,9999-12-31T00:00:00
CU-020980,"York, Carter and Bush",Wayne,Wilson,bcarey@bennett.net,(814)452-8789,28405 Charles Knolls,Houston,TX,06705,29.720278,-95.298054,MINING,B,ACTIVE,141117.95,130519.35,UR_CUSTOMERS,506a665da837885e164d573bf74d0b831b5b95c50b3f0fc7b78c895b72bf764d,2026-03-20T07:54:07.414454,UNITED_RENTALS,TRUE,2026-03-20T07:54:07.414455,9999-12-31T00:00:00
CU-020981,Flores Contracting,Michelle,Castro,julieduncan@delgado.com,001-685-689-6549x818,386 Branch Mount,Miami,FL,09595,25.763022,-80.213579,INFRASTRUCTURE,B,ACTIVE,193027.42,59194.81,UR_CUSTOMERS,7e737b781c59d90676f5908667ccaa243e4e35b4445134ba6c506be1b8ef0c5a,2026-03-20T07:54:07.414650,UNITED_RENTALS,TRUE,2026-03-20T07:54:07.414651,9999-12-31T00:00:00
CU-020982,"Townsend, Conway and May",Sheri,Mcdaniel,jon74@kennedy.com,3057609446,23506 Fuller Wall,Hartford,CT,49803,41.706975,-72.722706,INDUSTRIAL,A,INACTIVE,224662.55,421280.14,UR_CUSTOMERS,b33c330d5f3304d84dcd34dc61f9c5ab1347c6e036e2b6f9928de864cc0dd4c3,2026-03-20T07:54:07.414936,UNITED_RENTALS,TRUE,2026-03-20T07:54:07.414937,9999-12-31T00:00:00
CU-020983,Huff-Mathis,Maria,Johnson,christina85@watson.net,001-937-693-9194,2990 Mark Drives,Pittsburgh,PA,11333,40.474927,-80.059477,RESIDENTIAL,A,ACTIVE,200477.46,81834.04,UR_CUSTOMERS,a34e23769c5467d3cd8bc095a3d5a8b9115ebf3d834669046f9d727518608dc9,2026-03-20T07:54:07.415177,UNITED_RENTALS,TRUE,2026-03-20T07:54:07.415178,9999-12-31T00:00:00
CU-020984,Benson Builders,Katie,Knight,bmorton@martinez.com,814.824.3211x1902,77381 Stacy Turnpike,Dallas,TX,33180,32.840819,-96.847675,INFRASTRUCTURE,B,ACTIVE,120546.19,141039.32,UR_CUSTOMERS,3c8de6b208756f43de162f11fdd2048175abc333d9ac3770957f221cd9863f77,2026-03-20T07:54:07.415424,UNITED_RENTALS,TRUE,2026-03-20T07:54:07.415425,9999-12-31T00:00:00
CU-020985,Newark Parks Dept,Adrian,Escobar,connorbaker@wright.com,446.733.2874,6866 Julie Isle Apt. 005,Newark,NJ,73398,40.753013,-74.145265,GOVERNMENT,B,ACTIVE,175477.61,491915.17,UR_CUSTOMERS,ff477565cb7297d6eb1c19e5c4f68c554ab43332eee0ce2ac868485fd0df68a5,2026-03-20T07:54:07.415597,UNITED_RENTALS,TRUE,2026-03-20T07:54:07.415598,9999-12-31T00:00:00
CU-020986,Denver Water District,Barbara,Bailey,amymurphy@grimes-brown.com,343-685-7818x07794,1446 Davis Ranch,Denver,CO,86722,39.677667,-105.043818,GOVERNMENT,A,ACTIVE,149925.97,315702.26,UR_CUSTOMERS,40138a5639b29d3213c906faa6b41de911922dd56aed14273c195f39a47ff6c2,2026-03-20T07:54:07.415805,UNITED_RENTALS,TRUE,2026-03-20T07:54:07.415806,9999-12-31T00:00:00
CU-020987,Wheeler Contracting,Johnny,Gibson,smithmary@perry-thomas.biz,(868)885-4553x6377,959 Gary Forks Suite 423,Phoenix,AZ,74038,33.511966,-112.015086,CONSTRUCTION,B,ACTIVE,54107.86,291891.22,UR_CUSTOMERS,86d038041b632e22764a66c0431b29f0058f9cd79aeeea1105db018b34c0dacc,2026-03-20T07:54:07.416035,UNITED_RENTALS,TRUE,2026-03-20T07:54:07.416035,9999-12-31T00:00:00
CU-020988,Davenport and Sons,Jack,Patterson,william49@rodriguez.biz,(788)536-3580,51313 Jordan Via,Sacramento,CA,14823,38.58832,-121.50255,RESIDENTIAL,C,ACTIVE,23036.36,475683.0,UR_CUSTOMERS,e20ff50502f709de75c4cbc67a015e446eca51badcdd07b79101c0c6ae4f92cb,2026-03-20T07:54:07.416277,UNITED_RENTALS,TRUE,2026-03-20T07:54:07.416277,9999-12-31T00:00:00
CU-020989,Mosley-Martin,William,Wells,kristopher93@jackson-thompson.org,001-717-661-9682x2588,35740 Parker Harbor,Baltimore,MD,04119,39.313809,-76.550343,EVENTS,C,SUSPENDED,96653.52,145098.73,UR_CUSTOMERS,fe2d5b28d9b2ea53a57b64ec9cbcb7ec9a0887d1db02176b49046fa8bb5333f8,2026-03-20T07:54:07.416509,UNITED_RENTALS,TRUE,2026-03-20T07:54:07.416510,9999-12-31T00:00:00
CU-020990,Grimes Construction,James,Woods,fgarcia@russell-gonzales.org,001-706-318-3442,095 Cook Club,Philadelphia,PA,77181,39.982547,-75.205221,CONSTRUCTION,B,ACTIVE,193346.43,85079.98,UR_CUSTOMERS,513b0c4ee1ed50953ac52ccda41339cd80e92deddcaaf4fd65a113faa109b38b,2026-03-20T07:54:07.416721,UNITED_RENTALS,TRUE,2026-03-20T07:54:07.416721,9999-12-31T00:00:00
CU-020991,Hurst Drilling,Elaine,Roberts,sandra86@collins.com,661-670-6491,37520 Lori Light Apt. 461,Tampa,FL,50255,27.900323,-82.512314,OIL_AND_GAS,B,ACTIVE,145144.35,390294.76,UR_CUSTOMERS,8c0114bd5273177c9b76e590a8ba74a597d648fbef23e99eb616bfe822857006,2026-03-20T07:54:07.416903,UNITED_RENTALS,TRUE,2026-03-20T07:54:07.416904,9999-12-31T00:00:00
CU-020992,Cohen Builders,Kent,Jones,eperez@huang-holmes.com,001-391-734-1781x0907,145 Larry Knolls Apt. 495,Cincinnati,OH,43347,39.166792,-84.543261,CONSTRUCTION,B,ACTIVE,92001.78,312846.94,UR_CUSTOMERS,f48b7f46bb219061bd85b5b033ac38e0bd1a50eabf982814deb0472b96e0fa89,2026-03-20T07:54:07.417106,UNITED_RENTALS,TRUE,2026-03-20T07:54:07.417107,9999-12-31T00:00:00
CU-020993,Patel Builders,Jaime,Tucker,patrickjohnson@thompson-long.com,408.543.8816x84827,907 Kristin Stream,Kansas City,MO,50985,39.070764,-94.542112,INFRASTRUCTURE,A,ACTIVE,218388.34,94411.92,UR_CUSTOMERS,c117e4365f1896304c64868709783fb543b467f974511f4649efc131469f0357,2026-03-20T07:54:07.417343,UNITED_RENTALS,TRUE,2026-03-20T07:54:07.417344,9999-12-31T00:00:00
CU-020994,King-Smith,Andrew,Smith,greenjennifer@craig.com,418.473.3002x76327,3695 Jose Fords,Austin,TX,19656,30.233261,-97.782216,MINING,A,ACTIVE,148731.59,182887.21,UR_CUSTOMERS,886aad83e71ee26ceb048e47ab5ad99d0dfa9f4de73b556deda7998737edcfc5,2026-03-20T07:54:07.417582,UNITED_RENTALS,TRUE,2026-03-20T07:54:07.417583,9999-12-31T00:00:00
CU-020995,Rangel Petroleum,Paul,Williams,greenjesus@murphy.com,(554)793-0539x73451,2606 Jennifer Ridge Suite 274,Indianapolis,IN,01952,39.740057,-86.201495,OIL_AND_GAS,B,SUSPENDED,183994.68,178151.67,UR_CUSTOMERS,e2b2d7b803c8baa228034699107382da562204872a292b79ff528d41638a068a,2026-03-20T07:54:07.417795,UNITED_RENTALS,TRUE,2026-03-20T07:54:07.417795,9999-12-31T00:00:00
CU-020996,CO Energy Co,Jackie,Davis,dannyphelps@davis-jones.org,636-456-4025,06289 Gary Pike Suite 357,Denver,CO,80352,39.776661,-104.935078,UTILITY,B,ACTIVE,163750.47,35895.73,UR_CUSTOMERS,747e813eadc00883e74ba2c372f45f86681a63e7fc5173aefe7ab6e6b541874b,2026-03-20T07:54:07.418019,UNITED_RENTALS,TRUE,2026-03-20T07:54:07.418020,9999-12-31T00:00:00
CU-020997,"Lopez, Lucas and Flores",Ashley,Richardson,ericbrown@ramirez-tucker.com,+1-749-877-5655x128,367 Henderson Trail,Columbus,OH,60016,40.030469,-83.035039,MINING,B,ACTIVE,102413.41,433617.01,UR_CUSTOMERS,b2ce8274e72cd6d20504101d22de217de90636176756d52311e136dc5fe4a0a5,2026-03-20T07:54:07.418314,UNITED_RENTALS,TRUE,2026-03-20T07:54:07.418315,9999-12-31T00:00:00
CU-020998,NV Power Co,Brian,Miller,millerdavid@sanchez.net,953.642.1448x3545,683 Michael Landing,Las Vegas,NV,38033,36.211321,-115.089304,UTILITY,C,ACTIVE,87729.69,419441.31,UR_CUSTOMERS,00f4feee12d0539d3c09df4b2aad53f895fec210eb6143673630826d4d254e16,2026-03-20T07:54:07.418485,UNITED_RENTALS,TRUE,2026-03-20T07:54:07.418486,9999-12-31T00:00:00
CU-020999,Lewis Engineering,Cindy,Lee,hannah52@bell.com,+1-946-760-6899x24715,08010 Lori Estates Apt. 123,Richmond,VA,76801,37.483882,-77.382227,CONSTRUCTION,C,ACTIVE,26771.69,428273.08,UR_CUSTOMERS,d7dc534038720bbcba4dd6f88204966276eb357b6e484a77f693725d7e5df3fa,2026-03-20T07:54:07.418658,UNITED_RENTALS,TRUE,2026-03-20T07:54:07.418659,9999-12-31T00:00:00
