"SUMMARY_ID","MEMBER_ID","PLAN_YEAR","TOTAL_CLAIMS","PAID_CLAIMS","DENIED_CLAIMS","PENDING_CLAIMS","UNIQUE_PROVIDERS","UNIQUE_CLAIM_TYPES","TOTAL_BILLED_AMOUNT","TOTAL_ALLOWED_AMOUNT","TOTAL_PAID_AMOUNT","TOTAL_MEMBER_RESP","DENIAL_RATE","SLA_BREACH_COUNT","SLA_MET_COUNT","SLA_BREACH_RATE","AVG_PROCESSING_HOURS","MAX_PROCESSING_HOURS","P90_PROCESSING_HOURS","RISK_SCORE","PRIMARY_RISK_CATEGORY","ACTIVE_HCC_COUNT","CHRONIC_CONDITION_COUNT","FIRST_SERVICE_DATE","LAST_SERVICE_DATE","LAST_UPDATED_TS","_SOURCE_SYSTEM","_LOADED_AT"
"a328e2a6-7842-5dfe-9ab8-8423e89aba79","6d54a7d8-61ae-5e86-8657-7ba803357369","2026","12","9","2","0","12","3","20448.59","14339.93","12561.66","1980.12","0.1667","1","11","0.0833","13.09","46.34","17.26","0.5532","LOW","0","1","2025-09-29","2026-08-31","2026-09-15 10:31:41","RISK_ADJ_PIPELINE","2026-09-15 10:31:41"
"5e32c463-7953-544c-958d-d77fbf7b760e","6436775e-0280-5740-9bd0-b3289bb0be00","2026","9","6","3","0","8","4","6158.91","3226.26","2900.78","618.85","0.3333","1","8","0.1111","14.55","27.45","27.45","0.4759","LOW","0","1","2025-10-26","2026-07-31","2026-09-15 10:31:41","RISK_ADJ_PIPELINE","2026-09-15 10:31:41"
"339656d5-5daf-5b5e-981c-e63ac59e57bf","c12bba9c-a222-53ac-b68d-323dffebc22d","2026","35","25","3","2","32","4","73417.36","52756.65","25013.91","5303.38","0.0857","6","27","0.1818","20.03","90.03","47.43","6.88","CATASTROPHIC","2","1","2025-10-20","2026-09-13","2026-09-15 10:31:41","RISK_ADJ_PIPELINE","2026-09-15 10:31:41"
"93f93a56-efbe-5afe-b409-131152be4e86","115de450-dd31-5731-9d5b-eb7531f22f02","2026","14","9","2","2","13","4","11802.18","4326.31","3578.15","817.24","0.1429","3","9","0.25","22.88","75.97","47.67","1.4252","MODERATE","2","5","2025-09-17","2026-07-02","2026-09-15 10:31:41","RISK_ADJ_PIPELINE","2026-09-15 10:31:41"
"7f1231cc-8087-51d4-92c5-3b167f248b30","53fb3b06-6e51-5be5-b50e-2bdc4949d1f1","2026","6","4","0","2","6","2","39164.28","29454.61","6227.69","1296.72","0.0","2","2","0.5","44.51","89.46","89.46","0.6004","LOW","0","0","2025-09-25","2026-09-14","2026-09-15 10:31:41","RISK_ADJ_PIPELINE","2026-09-15 10:31:41"
"507d04c6-5d6c-5a5c-ade8-4e093138655a","c2fc80fe-dafe-5dcb-8972-6b2bd96830a4","2026","17","13","3","1","16","4","61304.83","48155.79","43800.85","6195.69","0.1765","2","14","0.125","22.85","87.49","70.54","2.3498","HIGH","4","5","2025-09-16","2026-08-18","2026-09-15 10:31:41","RISK_ADJ_PIPELINE","2026-09-15 10:31:41"
"1af61f3e-c5f0-514f-8d92-ff5a835e86ea","61d00697-7370-5cb0-9d4a-a64b521a1558","2026","12","7","2","0","12","4","17144.97","14165.81","11812.89","2137.92","0.1667","1","11","0.0833","17.28","68.1","22.05","2.0289","HIGH","1","2","2025-10-10","2026-09-12","2026-09-15 10:31:41","RISK_ADJ_PIPELINE","2026-09-15 10:31:41"
"ba969d02-41ad-5a27-bdd2-ce0e9e274f32","55b4872a-2bfc-5557-adac-c24e47b03ff4","2026","10","9","0","0","7","4","37518.51","28116.18","27280.29","5404.45","0.0","2","8","0.2","25.75","91.58","91.58","0.6921","LOW","0","1","2025-09-18","2026-09-03","2026-09-15 10:31:41","RISK_ADJ_PIPELINE","2026-09-15 10:31:41"
"367f0eea-f1e0-5be1-81b4-52b8e1c3f2cc","f5d50684-2cb4-576e-a0ba-938384bf2c92","2026","22","13","5","2","21","3","51753.34","41679.71","27556.88","5368.18","0.2273","0","20","0.0","10.6","23.31","23.24","2.9976","VERY_HIGH","1","0","2025-09-19","2026-09-05","2026-09-15 10:31:41","RISK_ADJ_PIPELINE","2026-09-15 10:31:41"
"29bf3d87-d168-575c-8bb7-b28308bee699","0b2ea14c-6c3f-56c6-bbe8-6421de4d28b3","2026","15","8","5","0","15","4","60366.92","42373.16","34147.33","5813.26","0.3333","3","12","0.2","22.72","92.82","55.27","2.3789","HIGH","2","1","2025-10-05","2026-08-25","2026-09-15 10:31:41","RISK_ADJ_PIPELINE","2026-09-15 10:31:41"
"3d39439e-b208-59a0-bfb7-dade491f4b1d","e880631b-2b32-59cd-a518-59bb98911421","2026","11","7","1","2","11","3","10643.68","7226.99","5512.13","947.69","0.0909","3","6","0.3333","29.71","79.63","79.63","0.5094","LOW","0","1","2025-10-17","2026-08-25","2026-09-15 10:31:41","RISK_ADJ_PIPELINE","2026-09-15 10:31:41"
"0fdb185b-9362-5eba-b1f1-24a556ea0d62","c83b169d-d0a0-5b9b-bf18-b90cb69d28b8","2026","13","9","3","0","11","4","22009.8","15467.39","13725.46","2515.17","0.2308","3","10","0.2308","22.37","90.15","77.96","1.9554","HIGH","2","1","2025-09-15","2026-08-24","2026-09-15 10:31:41","RISK_ADJ_PIPELINE","2026-09-15 10:31:41"
"0f2c6c52-8519-53b5-81b2-9dc3c028b8e2","b90cbe2e-b64c-5506-9cfa-9d34a63061bb","2026","17","13","2","1","16","3","49526.08","22603.82","20959.93","3609.08","0.1176","5","11","0.3125","31.7","93.63","84.7","2.2298","HIGH","2","3","2025-09-21","2026-08-22","2026-09-15 10:31:41","RISK_ADJ_PIPELINE","2026-09-15 10:31:41"
"ffc74820-7acc-572e-ad9f-00ad7d07726b","ef4fb091-a5ec-55ef-b343-bda712beb1f3","2026","9","4","4","1","9","3","16996.73","10702.6","8955.73","1631.6","0.4444","1","7","0.125","16.07","42.49","42.49","1.5616","MODERATE","2","0","2025-10-05","2026-09-01","2026-09-15 10:31:41","RISK_ADJ_PIPELINE","2026-09-15 10:31:41"
"d72e8cc9-2a81-51f2-bafd-bb7f7757fe8b","e342cc05-41dc-5a29-8a11-a8fba038e65f","2026","12","10","1","1","12","4","27664.31","20833.28","18145.54","2675.27","0.0833","1","10","0.0909","22.42","90.04","22.15","0.6849","LOW","0","2","2025-10-12","2026-08-15","2026-09-15 10:31:41","RISK_ADJ_PIPELINE","2026-09-15 10:31:41"
"ce1859a7-9af7-5f89-ab3d-01af583bc840","f5750f03-3de5-563f-b1d2-dd39d17144ad","2026","11","8","2","0","11","3","28061.76","19023.73","18038.28","3533.74","0.1818","0","11","0.0","13.19","20.81","19.9","1.3679","MODERATE","2","1","2025-10-14","2026-05-01","2026-09-15 10:31:41","RISK_ADJ_PIPELINE","2026-09-15 10:31:41"
"66c821f2-a964-5a0c-b750-2d67acfc055f","41d3ad9c-8785-5ddb-8ba8-83549280b938","2026","14","11","2","1","13","2","45122.06","28616.95","26245.69","3700.09","0.1429","2","11","0.1538","21.17","77.41","65.8","2.7028","HIGH","1","3","2026-01-15","2026-09-14","2026-09-15 10:31:41","RISK_ADJ_PIPELINE","2026-09-15 10:31:41"
"73662b6f-9fe5-51f3-9c24-ff43cc842b1a","4d07c3f8-f0d8-59a1-a400-18dc54a89d79","2026","13","11","1","1","13","3","105587.74","69106.27","53986.97","9309.59","0.0769","1","11","0.0833","16.91","61.29","21.8","1.1794","MODERATE","3","1","2025-09-26","2026-09-10","2026-09-15 10:31:41","RISK_ADJ_PIPELINE","2026-09-15 10:31:41"
"da6aba0a-4891-52c0-a750-def54f524d8d","cb901377-55af-5fff-a5fd-13be1eec5981","2026","6","4","2","0","6","3","2221.13","1250.95","1221.52","319.57","0.3333","2","4","0.3333","23.24","70.75","70.75","0.809","LOW","0","4","2025-09-26","2026-08-04","2026-09-15 10:31:41","RISK_ADJ_PIPELINE","2026-09-15 10:31:41"
"e37eb9d6-4de3-5470-ade6-a1116e62e55a","84daf3fb-c565-58e4-a778-68b10940dc11","2026","17","10","4","3","15","4","59462.69","39506.48","35438.82","5378.94","0.2353","4","10","0.2857","25.3","71.0","69.47","2.5658","HIGH","0","1","2025-09-17","2026-09-09","2026-09-15 10:31:41","RISK_ADJ_PIPELINE","2026-09-15 10:31:41"
"dd95503e-9925-52a6-b286-61cefc8520fb","907873d4-d181-504f-9bf2-ccb30334d4a6","2026","12","8","1","2","11","4","34143.21","22330.6","18422.77","3281.97","0.0833","3","7","0.3","23.1","55.04","55.04","1.7144","MODERATE","1","3","2025-11-11","2026-07-23","2026-09-15 10:31:41","RISK_ADJ_PIPELINE","2026-09-15 10:31:41"
"d795dc09-a326-5c4e-90cc-7a727644173d","219dbf70-e693-5ca5-8b25-adbbdc4f1d3e","2026","24","18","1","4","22","4","43885.48","19027.07","16195.71","3086.77","0.0417","5","15","0.25","24.95","91.42","86.62","3.669","VERY_HIGH","3","2","2025-10-09","2026-09-01","2026-09-15 10:31:41","RISK_ADJ_PIPELINE","2026-09-15 10:31:41"
"8a7116d6-034f-58c9-bdef-73b18f534154","346dfa41-af94-5d9a-9d3b-eaed0c076926","2026","15","8","2","0","14","4","53495.06","38141.93","17919.29","2845.85","0.1333","1","14","0.0667","14.32","68.83","21.74","0.9737","MODERATE","2","2","2025-10-02","2026-08-01","2026-09-15 10:31:41","RISK_ADJ_PIPELINE","2026-09-15 10:31:41"
"2f551414-bed1-5d68-a940-f676bdf787cc","f90aa018-7646-55da-9afc-2bfacadccba6","2026","12","8","2","0","11","4","50986.8","25875.03","18906.37","2575.87","0.1667","0","12","0.0","11.11","21.32","18.9","0.4872","LOW","0","3","2025-11-28","2026-08-29","2026-09-15 10:31:41","RISK_ADJ_PIPELINE","2026-09-15 10:31:41"
"b4ddd4a8-5bdb-5d74-8e29-c772343d4748","70be7113-313c-5b04-a11f-28aec3f8d3ad","2026","14","10","1","2","14","4","57998.96","40551.34","19571.29","3156.3","0.0714","3","9","0.25","24.25","89.55","51.27","1.3412","MODERATE","1","2","2025-11-27","2026-08-17","2026-09-15 10:31:41","RISK_ADJ_PIPELINE","2026-09-15 10:31:41"
"1eed3ffb-7630-598a-8e4e-81ba2942ab2b","f1881d09-9a22-59fa-9c6a-6936dd5f9e00","2026","23","19","1","2","19","3","8865.37","6482.37","5324.39","1298.32","0.0435","3","18","0.1429","20.63","80.63","31.82","3.4838","VERY_HIGH","3","3","2025-09-29","2026-08-23","2026-09-15 10:31:41","RISK_ADJ_PIPELINE","2026-09-15 10:31:41"
"552680c9-e974-5b36-82e5-fb1e29dfe073","42a02fb0-588d-5805-8865-4070f08a0b50","2026","17","10","4","1","15","3","80458.8","43908.66","24708.61","4976.07","0.2353","1","15","0.0625","19.71","94.17","23.39","2.5929","HIGH","1","2","2025-09-24","2026-09-12","2026-09-15 10:31:41","RISK_ADJ_PIPELINE","2026-09-15 10:31:41"
"9ea06868-9009-541c-983e-c8866cfb800e","96babb33-1e00-5ac7-9efb-897140eabbfc","2026","21","13","4","1","21","4","74571.72","44103.92","40076.0","6070.77","0.1905","2","18","0.1","17.03","84.9","54.08","3.6282","VERY_HIGH","1","0","2025-11-03","2026-08-23","2026-09-15 10:31:41","RISK_ADJ_PIPELINE","2026-09-15 10:31:41"
"e3c45032-ac83-53b8-9a73-3f0918a84404","028edf0d-4be0-5233-96a9-1d346887b542","2026","6","4","1","1","6","2","37692.8","25578.54","22652.39","4323.58","0.1667","0","5","0.0","14.81","22.42","22.42","0.3392","LOW","0","1","2025-11-06","2026-07-07","2026-09-15 10:31:41","RISK_ADJ_PIPELINE","2026-09-15 10:31:41"
"d46107d9-976b-5a64-8480-5244def3b34a","8c1b8fc1-6c0d-525c-aef6-8aab7a8a6917","2026","11","6","3","1","9","4","34523.7","15120.67","12891.62","2548.93","0.2727","0","10","0.0","9.47","14.77","14.77","1.0409","MODERATE","1","4","2025-09-27","2026-08-19","2026-09-15 10:31:41","RISK_ADJ_PIPELINE","2026-09-15 10:31:41"
"a7bf5b94-8f62-5fa2-ad24-a9fa85d5926b","35449807-e0b2-57bb-9cf0-74a87e3fdea1","2026","13","4","3","6","12","4","24283.36","17776.44","4538.39","881.36","0.2308","1","6","0.1429","24.52","95.54","95.54","1.1769","MODERATE","0","1","2025-09-24","2026-09-07","2026-09-15 10:31:41","RISK_ADJ_PIPELINE","2026-09-15 10:31:41"
"21a6ab94-c176-5715-83ae-69c5b64e6b89","ae57649f-cbff-56bd-b4a1-f49ece015413","2026","11","6","3","0","11","3","41869.92","19743.08","15009.62","2908.73","0.2727","1","10","0.0909","18.57","72.74","20.58","2.3871","HIGH","3","2","2025-09-15","2026-08-24","2026-09-15 10:31:41","RISK_ADJ_PIPELINE","2026-09-15 10:31:41"
"748899cd-3145-508a-945b-e298ae488c9a","37988aba-f23f-51ac-bdae-4e7b6644f2cc","2026","17","11","3","1","16","3","26710.14","18153.01","15281.17","3535.44","0.1765","4","12","0.25","28.23","78.22","77.47","1.1594","MODERATE","3","5","2025-10-13","2026-08-18","2026-09-15 10:31:41","RISK_ADJ_PIPELINE","2026-09-15 10:31:41"
"126946ff-4261-5b13-9887-8ea2385c3701","4f1ff5ae-aab8-5865-bb66-75f46d064714","2026","16","9","4","1","15","4","40051.7","8410.45","7096.87","1571.6","0.25","4","11","0.2667","28.89","91.14","86.83","3.0443","VERY_HIGH","3","0","2025-09-16","2026-09-13","2026-09-15 10:31:41","RISK_ADJ_PIPELINE","2026-09-15 10:31:41"
"0aa093de-1e8f-5237-b2b7-94d34157ea19","86549c54-3861-5e74-a34c-e502a47d6f8d","2026","21","14","2","2","20","4","90486.79","59727.92","27506.9","5795.47","0.0952","4","15","0.2105","26.93","94.6","93.02","3.9763","VERY_HIGH","1","4","2025-10-05","2026-08-30","2026-09-15 10:31:41","RISK_ADJ_PIPELINE","2026-09-15 10:31:41"
"8a35b446-3150-520e-bcf1-7e4d44a7fc28","9eff94c8-c786-5cf9-aa0d-783ea6c364c9","2026","21","15","1","2","19","4","15660.08","12524.23","9207.84","1950.3","0.0476","3","16","0.1579","24.72","92.59","91.03","3.3359","VERY_HIGH","2","5","2025-09-17","2026-07-26","2026-09-15 10:31:41","RISK_ADJ_PIPELINE","2026-09-15 10:31:41"
"014d1430-68ec-590c-86f1-d56c3aed00ab","06550c31-e278-56eb-9f91-c1ed16cc3d20","2026","27","17","3","4","24","4","32792.82","23913.13","18131.63","3017.42","0.1111","5","18","0.2174","19.69","58.14","49.87","5.494","CATASTROPHIC","3","4","2025-09-24","2026-09-09","2026-09-15 10:31:41","RISK_ADJ_PIPELINE","2026-09-15 10:31:41"
"e7df2ad4-f14b-5cc7-8904-bf6132af316a","122ffed5-5a54-52a0-8fdc-1f398015854d","2026","23","17","3","1","22","3","7998.15","4922.73","3759.02","1084.11","0.1304","4","18","0.1818","21.06","94.48","74.78","3.3855","VERY_HIGH","0","3","2025-10-02","2026-08-04","2026-09-15 10:31:41","RISK_ADJ_PIPELINE","2026-09-15 10:31:41"
"dcdf4a32-57c3-5024-b6fa-1d82ccf6ca66","d394c510-e098-5fd4-af68-b10213bb431c","2026","9","7","0","1","9","4","15028.99","9643.64","2150.06","598.72","0.0","1","7","0.125","18.45","76.68","76.68","1.5136","MODERATE","3","4","2025-10-22","2026-05-18","2026-09-15 10:31:41","RISK_ADJ_PIPELINE","2026-09-15 10:31:41"
"335bb23f-aafb-59ed-989e-da8f531429eb","5f8aa8a6-7d84-5ab2-8726-db515c27da75","2026","28","21","3","1","27","4","56636.41","39532.27","36213.67","5545.78","0.1071","3","24","0.1111","18.88","69.05","49.11","8.4444","CATASTROPHIC","0","4","2025-09-25","2026-09-01","2026-09-15 10:31:41","RISK_ADJ_PIPELINE","2026-09-15 10:31:41"
"8d9d7810-1075-5afd-a6c8-97a73c4c626c","7f485621-9b3f-583e-9d5c-7785149770d2","2026","28","19","2","2","27","4","99713.34","66172.96","60730.4","9974.21","0.0714","3","23","0.1154","21.19","94.11","80.51","8.0978","CATASTROPHIC","0","3","2025-10-03","2026-09-13","2026-09-15 10:31:41","RISK_ADJ_PIPELINE","2026-09-15 10:31:41"
"a5c88447-7941-5b56-a490-7f031e019deb","e3d8e3c2-6acb-5ed9-b456-17625463d458","2026","20","12","3","1","19","4","32532.26","22035.5","3534.47","839.29","0.15","2","17","0.1053","16.37","41.24","26.55","3.1084","VERY_HIGH","3","3","2025-09-25","2026-08-30","2026-09-15 10:31:41","RISK_ADJ_PIPELINE","2026-09-15 10:31:41"
"f402e5f7-bf3a-5a46-b60e-b1e9b2727f03","b3984c93-17ad-5e1d-9e95-77d2b7210dc7","2026","16","11","1","1","16","4","63184.69","44429.89","31823.28","5390.11","0.0625","3","12","0.2","22.59","89.29","73.19","2.7432","HIGH","1","1","2025-10-07","2026-07-18","2026-09-15 10:31:41","RISK_ADJ_PIPELINE","2026-09-15 10:31:41"
"90728685-40c2-5186-b742-ebb61e701fac","716cd179-095e-58f2-b9f5-595ebb002db0","2026","9","8","0","1","9","4","10512.89","8254.94","7613.85","1592.01","0.0","1","7","0.125","21.55","53.02","53.02","1.3862","MODERATE","0","0","2025-10-01","2026-09-06","2026-09-15 10:31:41","RISK_ADJ_PIPELINE","2026-09-15 10:31:41"
"b5325ce0-564d-5399-9da7-da57590e5784","000491fc-edaf-5cd3-8cc0-f5df1ce6d6ca","2026","7","3","1","2","7","2","15363.89","11389.09","1011.72","282.53","0.1429","2","3","0.4","26.17","52.63","52.63","0.4273","LOW","0","0","2025-11-02","2026-09-13","2026-09-15 10:31:41","RISK_ADJ_PIPELINE","2026-09-15 10:31:41"
"47fc6225-ee6d-5a53-bfbc-97dc1ce0eea3","857ef1c2-eee6-51c8-aa73-b48f53b8dc29","2026","8","5","2","0","8","4","28451.21","11534.16","10512.87","2188.27","0.25","3","5","0.375","29.18","70.56","70.56","0.4045","LOW","0","1","2025-09-20","2026-05-17","2026-09-15 10:31:41","RISK_ADJ_PIPELINE","2026-09-15 10:31:41"
"9cde5cd2-c8e5-5219-bece-2141bf921200","b79d858c-70a5-5b87-84a1-df8eb2d25043","2026","16","11","2","2","16","4","85116.85","53165.22","26370.05","4453.13","0.125","2","12","0.1429","18.97","88.58","73.66","0.9972","MODERATE","1","2","2025-09-22","2026-08-29","2026-09-15 10:31:41","RISK_ADJ_PIPELINE","2026-09-15 10:31:41"
"c4c33daf-1fc2-5e9e-9896-4dbde80eaf65","004d694e-d6e4-5d18-8272-ee17a402581b","2026","7","6","1","0","7","3","20780.48","11788.92","10310.05","2188.69","0.1429","1","6","0.1429","17.94","69.68","69.68","0.8722","LOW","0","3","2025-12-20","2026-08-04","2026-09-15 10:31:41","RISK_ADJ_PIPELINE","2026-09-15 10:31:41"
"a44a8fbc-1520-56f2-9fe9-7279ba49c9d2","a372b43f-adb0-54a0-ba75-d9fe60c97dd1","2026","24","21","0","1","23","4","121277.95","86934.22","66540.92","10350.38","0.0","2","21","0.087","14.15","38.66","23.49","2.8617","VERY_HIGH","1","2","2025-10-02","2026-08-15","2026-09-15 10:31:41","RISK_ADJ_PIPELINE","2026-09-15 10:31:41"
"4df5dff7-4be8-5f38-ad15-3fa9f1e9fd15","a7f4176e-61fc-5573-89c2-0c1619e11a06","2026","10","7","1","0","10","3","28914.2","23427.53","18304.37","3959.28","0.1","2","8","0.2","14.3","34.54","34.54","0.8575","LOW","0","1","2025-11-06","2026-09-04","2026-09-15 10:31:41","RISK_ADJ_PIPELINE","2026-09-15 10:31:41"
"e86592cc-300f-512d-b434-711f26abcb5f","c854a153-6850-5db3-8a0b-e323d9e6e3fb","2026","9","7","2","0","9","4","27753.31","13722.86","11976.04","1960.23","0.2222","0","9","0.0","9.21","20.05","20.05","0.522","LOW","0","0","2025-10-23","2026-09-12","2026-09-15 10:31:41","RISK_ADJ_PIPELINE","2026-09-15 10:31:41"
"f3b857c3-64ee-5c58-ade0-60559cfa7ae1","565a036b-1d7a-54df-b060-9a2ecdce1efb","2026","16","9","6","1","15","4","90523.92","33466.17","20606.37","4312.02","0.375","0","15","0.0","10.97","18.4","16.66","1.3742","MODERATE","3","3","2025-10-27","2026-08-13","2026-09-15 10:31:41","RISK_ADJ_PIPELINE","2026-09-15 10:31:41"
"c93eeaf5-c881-58c3-9999-a57c3b7bc0a6","d9518d91-dd2c-59cc-9cd9-b24267cb6977","2026","19","8","2","4","18","4","74566.21","48104.71","39431.68","7089.09","0.1053","0","15","0.0","10.86","23.22","23.14","2.8865","VERY_HIGH","0","0","2025-09-21","2026-09-11","2026-09-15 10:31:41","RISK_ADJ_PIPELINE","2026-09-15 10:31:41"
"3715f94f-f691-5d92-8b29-b59ebe27d828","19a91f15-6266-56ef-961d-d35ae201b3f7","2026","18","11","0","5","17","4","55190.86","40259.87","28660.46","5322.58","0.0","3","10","0.2308","21.85","83.62","50.96","1.8764","HIGH","1","0","2025-10-06","2026-07-11","2026-09-15 10:31:41","RISK_ADJ_PIPELINE","2026-09-15 10:31:41"
"44dd4bdc-e8dd-5f18-b058-5d86cf006b55","ecb85a4a-e4e2-5544-ad48-70080f6d6f2d","2026","15","7","4","1","14","4","35191.38","11652.23","9731.05","1907.31","0.2667","0","14","0.0","11.94","23.42","22.12","3.4774","VERY_HIGH","1","1","2025-11-02","2026-09-02","2026-09-15 10:31:41","RISK_ADJ_PIPELINE","2026-09-15 10:31:41"
"92304400-2d21-54db-940c-4f9895aa8106","ca41f404-b658-52a0-a13e-ac962f950a23","2026","17","15","0","0","16","4","56131.48","39943.6","31406.9","4169.74","0.0","1","16","0.0588","15.84","80.13","23.44","2.415","HIGH","1","0","2025-10-12","2026-08-07","2026-09-15 10:31:41","RISK_ADJ_PIPELINE","2026-09-15 10:31:41"
"3f739515-9f3a-5a56-a78a-88bbb93ae0a6","7f9de888-2a1d-539a-bd73-451000f20184","2026","1","1","0","0","1","1","495.07","340.08","325.0","82.02","0.0","0","1","0.0","4.7","4.7","4.7","0.3567","LOW","0","2","2026-05-27","2026-05-27","2026-09-15 10:31:41","RISK_ADJ_PIPELINE","2026-09-15 10:31:41"
"f6ce0dca-4543-5176-8583-30d88daa817c","e4b0dbd3-26ba-5607-9a46-bf0ccfa6dc1b","2026","13","10","0","1","13","3","10108.28","6382.33","2031.99","587.48","0.0","3","9","0.25","22.35","66.03","39.16","0.7217","LOW","0","0","2025-10-28","2026-07-31","2026-09-15 10:31:41","RISK_ADJ_PIPELINE","2026-09-15 10:31:41"
"0d058d17-2030-5c0b-abe5-109a3d4b0920","a1db887b-9742-5253-a01a-3e61d2b3e94e","2026","8","7","0","0","8","3","55870.76","36046.64","33181.07","5194.01","0.0","0","8","0.0","13.06","18.4","18.4","1.3739","MODERATE","0","3","2025-09-19","2026-08-30","2026-09-15 10:31:41","RISK_ADJ_PIPELINE","2026-09-15 10:31:41"
"7c19a338-b2b8-57af-bdd2-11b57f3349fe","a75ce269-4212-5c20-a6aa-dff836335d32","2026","9","7","1","0","9","4","24432.43","17581.43","15849.98","3026.57","0.1111","2","7","0.2222","30.24","90.68","90.68","1.3806","MODERATE","0","0","2025-11-15","2026-09-14","2026-09-15 10:31:41","RISK_ADJ_PIPELINE","2026-09-15 10:31:41"
"cb21cda7-fcd3-5391-9675-14c5254f73f1","ebc39276-1d73-53a6-9c2f-3b7e36cf775e","2026","17","13","4","0","16","3","33064.34","21275.44","19773.61","2859.55","0.2353","3","14","0.1765","13.68","57.77","27.82","3.0664","VERY_HIGH","0","1","2025-11-09","2026-08-24","2026-09-15 10:31:41","RISK_ADJ_PIPELINE","2026-09-15 10:31:41"
"a4c1f814-0def-5ceb-a3f4-94298f828564","0b59a203-2de1-5066-88aa-bac8cc29e78e","2026","14","11","1","1","14","3","94987.11","56561.21","53451.79","9362.04","0.0714","2","11","0.1538","15.34","48.79","32.07","2.2486","HIGH","1","2","2025-09-27","2026-07-26","2026-09-15 10:31:41","RISK_ADJ_PIPELINE","2026-09-15 10:31:41"
"bc1a55dd-a64b-53b1-a2ba-04e28c94e572","4d3563d1-2ba2-5734-992d-e1a1a704bf99","2026","14","11","0","2","13","2","36887.4","25284.39","22791.62","3143.64","0.0","2","10","0.1667","25.08","93.96","80.2","2.432","HIGH","1","1","2025-09-28","2026-08-08","2026-09-15 10:31:41","RISK_ADJ_PIPELINE","2026-09-15 10:31:41"
"f4ac3ca1-7bfa-5f72-8399-982741c9c48d","2063e183-3f61-5891-b067-4fe69852ecb4","2026","4","3","1","0","4","2","39969.23","19447.17","16741.59","3318.0","0.25","1","3","0.25","20.73","41.4","41.4","0.7484","LOW","0","2","2025-09-29","2026-03-07","2026-09-15 10:31:41","RISK_ADJ_PIPELINE","2026-09-15 10:31:41"
"c95638fb-a7f8-5fef-8552-6e01058a17ca","fbe3e21a-316b-56d2-838b-94934a0d8ed5","2026","12","9","1","1","11","4","39840.96","31836.32","29023.16","5362.65","0.0833","2","9","0.1818","20.13","61.15","58.83","0.7296","LOW","0","4","2025-09-29","2026-05-27","2026-09-15 10:31:41","RISK_ADJ_PIPELINE","2026-09-15 10:31:41"
"2ae8cf80-603f-592b-8606-538b62095bd1","d6fea16b-85c6-5c02-b331-ee0fac996aae","2026","10","7","1","2","10","3","41691.6","34385.03","31535.91","4735.41","0.1","0","8","0.0","16.89","22.92","22.92","0.8337","LOW","0","2","2025-11-12","2026-08-26","2026-09-15 10:31:41","RISK_ADJ_PIPELINE","2026-09-15 10:31:41"
"74432651-0374-517f-87b1-741df0c89b31","5e9d7dae-e391-5cb3-bae4-6ca1f2ea7268","2026","10","8","0","2","9","3","4009.3","2728.18","1746.31","490.07","0.0","0","8","0.0","11.66","20.19","20.19","1.5208","MODERATE","4","5","2025-10-04","2026-08-13","2026-09-15 10:31:41","RISK_ADJ_PIPELINE","2026-09-15 10:31:41"
"64281009-c9ff-535e-8564-132b5c5298a2","0ae6fb1b-f3b3-50a7-aee2-add473e9e29c","2026","9","6","3","0","8","3","28773.93","18046.1","16081.14","3276.22","0.3333","1","8","0.1111","14.1","32.31","32.31","1.8348","HIGH","1","0","2025-12-08","2026-07-18","2026-09-15 10:31:41","RISK_ADJ_PIPELINE","2026-09-15 10:31:41"
"99dab356-3453-5a5d-b54a-022e8603f44e","906fbcf5-d227-573f-80bf-8d825892252c","2026","10","8","0","1","8","3","41574.98","25246.25","22136.36","4335.11","0.0","2","7","0.2222","16.59","46.79","46.79","1.366","MODERATE","1","4","2025-10-25","2026-09-13","2026-09-15 10:31:41","RISK_ADJ_PIPELINE","2026-09-15 10:31:41"
"ce83256a-6489-51f2-802f-dc3b7ac614fb","5cf2c367-26e4-5223-b232-063aebfc655a","2026","15","11","2","1","15","4","24002.77","17634.0","15037.83","2625.62","0.1333","3","11","0.2143","26.38","90.63","84.96","2.5095","HIGH","1","1","2025-09-21","2026-09-04","2026-09-15 10:31:41","RISK_ADJ_PIPELINE","2026-09-15 10:31:41"
"138629e1-e846-5ee0-88f9-1c4051b357a2","a6e4d9fb-cfe4-58f0-b614-c9a264b6785e","2026","18","9","4","2","15","3","81705.07","25585.57","2806.56","672.67","0.2222","4","12","0.25","24.35","61.69","60.67","2.2787","HIGH","1","2","2025-09-29","2026-08-26","2026-09-15 10:31:41","RISK_ADJ_PIPELINE","2026-09-15 10:31:41"
"935d46f2-9ecd-5e7f-8e63-1895a9292613","12d77dc3-fdd5-5f06-a146-ca9739bb3aed","2026","7","4","1","1","7","3","2566.41","1691.92","952.04","234.42","0.1429","1","5","0.1667","11.98","40.4","40.4","1.5384","MODERATE","3","0","2025-10-05","2026-08-09","2026-09-15 10:31:41","RISK_ADJ_PIPELINE","2026-09-15 10:31:41"
"37d1b047-6968-51f6-a544-b2a48bc8e15c","bdef52d9-f5a7-5266-bdf3-c7410773f605","2026","7","5","1","1","7","3","3111.19","1944.28","1574.12","460.87","0.1429","0","6","0.0","16.42","22.91","22.91","0.8183","LOW","0","2","2025-09-28","2026-09-07","2026-09-15 10:31:41","RISK_ADJ_PIPELINE","2026-09-15 10:31:41"
"fc07fd4c-d323-5375-b41c-e0d54e40b8a1","2c8694cf-5d95-5d0c-82be-cf4ae1945776","2026","6","5","1","0","6","3","37900.72","29787.52","27352.24","4522.81","0.1667","2","4","0.3333","29.52","86.73","86.73","0.8928","LOW","0","4","2025-11-14","2026-08-08","2026-09-15 10:31:41","RISK_ADJ_PIPELINE","2026-09-15 10:31:41"
"0526e489-e3ad-57e0-b75b-db34cdc0f69c","a45af6f0-2c85-5ff6-b3ff-03449a6258be","2026","6","3","1","1","6","1","3252.8","1813.33","1070.87","291.23","0.1667","1","4","0.2","26.48","68.53","68.53","0.8671","LOW","0","2","2025-10-08","2026-05-03","2026-09-15 10:31:41","RISK_ADJ_PIPELINE","2026-09-15 10:31:41"
"9d9b52fe-3183-5ece-9777-8273cda05580","18d0c908-c568-54e9-8744-2e47cfbd9425","2026","19","12","3","2","18","4","74458.1","53880.58","32792.1","4938.57","0.1579","3","14","0.1765","17.59","62.39","28.88","1.9947","HIGH","1","5","2025-10-17","2026-08-16","2026-09-15 10:31:41","RISK_ADJ_PIPELINE","2026-09-15 10:31:41"
"cb45152e-ace1-5334-a9ff-c39b6e002201","751f7d2c-8ac8-5816-bd74-202026e5f5b7","2026","9","5","0","2","9","4","30183.0","23403.97","20609.52","3283.54","0.0","0","7","0.0","12.23","22.44","22.44","0.4998","LOW","0","1","2025-10-21","2026-08-01","2026-09-15 10:31:41","RISK_ADJ_PIPELINE","2026-09-15 10:31:41"
"ca428bea-122b-5e30-bad2-a83b244f9cbb","9c6240f3-ebc8-5818-93a3-b5f8870a50eb","2026","30","20","6","0","27","4","77963.14","50369.44","31671.6","5652.18","0.2","7","23","0.2333","22.62","67.89","58.27","6.6267","CATASTROPHIC","2","0","2025-10-03","2026-09-09","2026-09-15 10:31:41","RISK_ADJ_PIPELINE","2026-09-15 10:31:41"
"24929551-0e69-5a1c-98e3-6d08c63d3d97","3d182a4f-99b0-5342-a22e-546ec3e7df02","2026","8","4","3","0","8","3","15168.72","8691.73","8232.34","1388.19","0.375","2","6","0.25","20.77","56.49","56.49","1.2693","MODERATE","1","1","2025-09-21","2026-09-05","2026-09-15 10:31:41","RISK_ADJ_PIPELINE","2026-09-15 10:31:41"
"f9ef4924-534e-50ce-be1e-c1cc95debea5","7124048e-6eec-569a-9a15-1406eab2c785","2026","14","7","3","4","13","4","17902.42","13321.07","10991.46","2549.24","0.2143","0","10","0.0","11.45","23.35","23.35","2.4933","HIGH","2","1","2025-10-23","2026-08-23","2026-09-15 10:31:41","RISK_ADJ_PIPELINE","2026-09-15 10:31:41"
"271d5606-efc1-5a78-9b53-65f76c163933","8930c0ab-7ee4-53e7-8afb-cbf9694f78e9","2026","6","6","0","0","6","3","2149.31","1524.58","1384.36","461.49","0.0","0","6","0.0","12.03","21.58","21.58","0.7968","LOW","0","0","2025-11-12","2026-08-25","2026-09-15 10:31:41","RISK_ADJ_PIPELINE","2026-09-15 10:31:41"
"93b1bf3a-6fd7-521d-a308-84a8474ef4b9","abb8d90e-0380-5d6f-a1e6-99d8a26b8538","2026","19","15","2","1","19","3","68348.41","40895.73","37426.57","7040.0","0.1053","3","15","0.1667","18.5","51.57","35.87","3.5828","VERY_HIGH","2","1","2025-09-27","2026-08-19","2026-09-15 10:31:41","RISK_ADJ_PIPELINE","2026-09-15 10:31:41"
"6e6e3597-7e63-57ac-b5ed-0b0e5db627d8","26410ac3-e5a7-59b4-a00b-7ccb9ab7ab96","2026","37","25","9","1","35","4","151737.78","88712.11","69181.89","11342.77","0.2432","3","33","0.0833","18.09","90.98","22.59","7.8298","CATASTROPHIC","1","0","2025-09-26","2026-09-10","2026-09-15 10:31:41","RISK_ADJ_PIPELINE","2026-09-15 10:31:41"
"43239f1d-63f2-5334-9299-f4e16b853c8c","53223a8d-9002-5b57-847c-4dc20043668c","2026","9","6","0","2","9","3","22918.25","14868.48","9447.62","1615.5","0.0","1","6","0.1429","15.46","43.09","43.09","1.1232","MODERATE","3","2","2025-12-03","2026-08-17","2026-09-15 10:31:41","RISK_ADJ_PIPELINE","2026-09-15 10:31:41"
"fc468717-2646-5f02-ab23-7bc3d11ce33f","aed17a52-4b9b-515d-bcf7-0ee6aed0dd14","2026","11","6","4","1","11","3","4073.58","2115.66","1676.19","473.34","0.3636","0","10","0.0","12.98","20.94","20.94","2.7406","HIGH","1","3","2025-12-03","2026-07-12","2026-09-15 10:31:41","RISK_ADJ_PIPELINE","2026-09-15 10:31:41"
"e73dfadc-f4fe-5f1a-b69b-3f2c26491977","b3550055-0140-5adb-beee-5b19fbba2963","2026","24","18","1","3","22","4","89003.34","63279.36","53947.2","8576.46","0.0417","7","14","0.3333","24.82","70.45","61.22","3.0426","VERY_HIGH","1","1","2025-09-27","2026-09-10","2026-09-15 10:31:41","RISK_ADJ_PIPELINE","2026-09-15 10:31:41"
"f0c717b9-a9c3-5f63-b3c9-6ce19658a61d","1e1a8f3a-838b-579b-a713-b90115838556","2026","32","22","5","3","31","4","160474.61","93984.85","80056.0","14754.15","0.1562","2","27","0.069","12.51","71.82","20.73","4.3106","CATASTROPHIC","2","5","2025-09-26","2026-09-09","2026-09-15 10:31:41","RISK_ADJ_PIPELINE","2026-09-15 10:31:41"
"809b178d-3ce3-5a1f-b3b2-f6bd5d6cdb55","b202df8e-342c-57ec-907c-25d669dfcbf4","2026","30","20","6","4","26","4","62501.16","47738.27","41401.4","7049.01","0.2","1","25","0.0385","15.44","95.6","21.76","6.0835","CATASTROPHIC","4","1","2025-09-23","2026-09-06","2026-09-15 10:31:41","RISK_ADJ_PIPELINE","2026-09-15 10:31:41"
"10b9d8ec-546b-557e-a543-7b037ac8e658","ba2349c2-eb8c-5d05-afcb-b4586a503af2","2026","10","8","0","2","10","3","4307.14","3220.1","2385.82","576.97","0.0","3","5","0.375","41.68","91.9","91.9","1.7248","MODERATE","0","2","2025-10-26","2026-08-12","2026-09-15 10:31:41","RISK_ADJ_PIPELINE","2026-09-15 10:31:41"
"e6fd7a4e-d21b-594d-b9e9-84997d0ecbb9","f9a8a686-54a3-5a15-9b30-fde5cb202d0b","2026","10","6","0","1","10","2","16380.96","11363.48","9434.31","1563.31","0.0","0","9","0.0","13.77","22.38","22.38","1.2747","MODERATE","1","1","2025-09-21","2026-08-02","2026-09-15 10:31:41","RISK_ADJ_PIPELINE","2026-09-15 10:31:41"
"87a9bd56-ae1b-5fe5-ada8-a60b126fe6a0","3886b639-dc98-5cbb-a1a0-c098f17f7f09","2026","23","19","0","3","23","4","92082.49","58192.99","41012.01","7642.72","0.0","3","17","0.15","19.55","90.32","63.18","3.5051","VERY_HIGH","2","4","2025-11-23","2026-09-07","2026-09-15 10:31:41","RISK_ADJ_PIPELINE","2026-09-15 10:31:41"
"3ef4de1d-e4fb-56f7-bba4-80bcd3dc33e1","c75cad5e-bb81-5f54-a795-0b3ff4dc3a92","2026","8","4","2","1","8","1","4221.53","2045.66","1187.64","299.63","0.25","0","7","0.0","7.07","13.27","13.27","0.4569","LOW","0","3","2025-10-28","2026-08-10","2026-09-15 10:31:41","RISK_ADJ_PIPELINE","2026-09-15 10:31:41"
"165be759-6cc0-536a-b0ac-fc5d8812de16","f601bf29-eee1-5cad-86a3-37fc20ce842a","2026","15","9","3","1","14","3","62961.74","45670.35","41009.66","7022.02","0.2","3","11","0.2143","19.91","71.45","58.88","1.107","MODERATE","3","3","2025-10-08","2026-09-05","2026-09-15 10:31:41","RISK_ADJ_PIPELINE","2026-09-15 10:31:41"
"e86fea87-9f89-54e6-80f2-51cc9444f9f9","ddd8d663-0fe8-579e-9106-a50b1fbe9186","2026","13","10","2","0","13","4","33759.68","25355.4","23731.91","4121.74","0.1538","2","11","0.1538","19.19","74.04","32.1","2.6391","HIGH","1","3","2025-10-10","2026-09-12","2026-09-15 10:31:41","RISK_ADJ_PIPELINE","2026-09-15 10:31:41"
"2be2573d-14ce-570a-be96-a3890640dbd0","4f097454-6330-56a9-b841-69391db9d816","2026","24","15","4","3","23","3","60365.9","29235.68","10362.22","2203.64","0.1667","4","17","0.1905","20.99","90.06","44.81","3.6088","VERY_HIGH","2","2","2025-09-24","2026-08-27","2026-09-15 10:31:41","RISK_ADJ_PIPELINE","2026-09-15 10:31:41"
"de5a6943-1fef-5d3b-9e36-d3074b8e7892","9eeb858a-762c-5974-851b-d69e4c36474a","2026","30","21","6","2","27","4","130740.49","96150.67","88362.36","13017.57","0.2","7","21","0.25","23.89","78.51","71.31","6.9245","CATASTROPHIC","2","0","2025-10-05","2026-09-04","2026-09-15 10:31:41","RISK_ADJ_PIPELINE","2026-09-15 10:31:41"
"277cf491-7aff-5976-854e-e66e7d82466a","1b97807c-70f1-5e9b-a5ef-2710162566a9","2026","8","4","1","2","8","3","34300.98","21051.66","15537.48","2943.73","0.125","0","6","0.0","11.64","22.18","22.18","0.3446","LOW","0","5","2025-10-24","2026-06-11","2026-09-15 10:31:41","RISK_ADJ_PIPELINE","2026-09-15 10:31:41"
"b5a75f0c-c7c1-59cc-bbb0-c7d7da2eefa8","edc6793f-928b-578b-a0fc-bbaa87caadf2","2026","7","2","2","1","7","3","2993.53","1478.03","584.77","169.88","0.2857","1","5","0.1667","21.41","73.01","73.01","0.8931","LOW","0","1","2025-09-21","2026-07-27","2026-09-15 10:31:41","RISK_ADJ_PIPELINE","2026-09-15 10:31:41"
"67c4ab2b-5b27-5e3f-ad5d-7c08c72af301","820e53e8-2334-5805-b619-50b587a92f80","2026","15","8","5","0","15","3","52209.65","32843.25","30671.33","5006.23","0.3333","2","13","0.1333","19.02","94.65","38.34","2.4339","HIGH","4","1","2025-10-01","2026-09-14","2026-09-15 10:31:41","RISK_ADJ_PIPELINE","2026-09-15 10:31:41"
"f3421844-93b5-5f4c-acee-f8890aca4401","c70d8853-25a7-5083-8248-fd5b307881e6","2026","6","4","1","1","6","2","16266.68","10318.81","8548.46","1811.17","0.1667","2","3","0.4","27.97","59.09","59.09","0.5311","LOW","0","2","2025-09-20","2026-08-14","2026-09-15 10:31:41","RISK_ADJ_PIPELINE","2026-09-15 10:31:41"
"5379159f-44ed-5c6c-a618-a0d4d9dffd3b","68772d9f-e5e8-5061-bc96-db583b80fbe1","2026","10","6","2","2","10","4","23774.58","1887.95","1581.53","424.74","0.2","0","8","0.0","10.78","19.07","19.07","1.7498","MODERATE","3","3","2025-11-10","2026-08-21","2026-09-15 10:31:41","RISK_ADJ_PIPELINE","2026-09-15 10:31:41"
"3aa8b061-939b-5273-bd26-f9beb5838ca8","cf91c62c-b9c9-5306-a675-927a9e592199","2026","30","19","4","2","28","4","88782.42","49185.7","32604.46","6181.17","0.1333","4","24","0.1429","19.57","95.64","67.02","7.5189","CATASTROPHIC","2","5","2025-10-06","2026-09-10","2026-09-15 10:31:41","RISK_ADJ_PIPELINE","2026-09-15 10:31:41"
"528bbeef-2847-5f8a-a6ef-e2898f480b7d","ad63bd4c-3483-5efe-a435-a7a74ebc8eb0","2026","4","3","0","1","4","2","1750.96","1278.71","806.96","229.99","0.0","2","1","0.6667","66.66","94.79","94.79","0.4516","LOW","0","1","2025-09-18","2026-08-10","2026-09-15 10:31:41","RISK_ADJ_PIPELINE","2026-09-15 10:31:41"
"552ce52f-8a43-5207-97ad-dbb6f96d2d07","4ee69858-e827-5d90-8987-7479f79b988a","2026","20","12","1","7","20","4","55254.85","32694.24","16988.18","3481.59","0.05","2","11","0.1538","25.14","90.17","87.72","2.445","HIGH","0","3","2025-10-14","2026-07-20","2026-09-15 10:31:41","RISK_ADJ_PIPELINE","2026-09-15 10:31:41"
"22fb70d2-5948-5535-8dae-223432313c6a","b0617966-ced5-54a2-b229-9e90c095e007","2026","6","4","1","0","6","3","6288.03","4508.11","1289.23","278.32","0.1667","2","4","0.3333","33.12","87.68","87.68","0.8644","LOW","0","2","2025-10-05","2026-08-19","2026-09-15 10:31:41","RISK_ADJ_PIPELINE","2026-09-15 10:31:41"
"b99f24ac-5643-5535-8d91-e206ea76e4e7","8c1de09a-5ac2-5a2d-8cf8-b7e05adbb5d6","2026","11","5","4","1","11","2","4426.41","2295.93","1456.22","325.18","0.3636","0","10","0.0","10.21","19.75","19.75","1.3967","MODERATE","2","1","2025-11-26","2026-09-01","2026-09-15 10:31:41","RISK_ADJ_PIPELINE","2026-09-15 10:31:41"
"f47391de-ed51-52c1-bc36-07bb0b6cd3a5","be4e7914-ed74-529e-97b8-be3d3040f3af","2026","11","7","2","0","11","3","6535.7","3931.45","1607.42","440.51","0.1818","4","7","0.3636","34.08","81.12","80.9","1.3405","MODERATE","1","1","2025-11-16","2026-08-24","2026-09-15 10:31:41","RISK_ADJ_PIPELINE","2026-09-15 10:31:41"
"5c65fa9c-ae0f-55be-82c2-1214209ed427","dc0cbcec-bfea-508b-a86c-943c0442ca80","2026","10","6","2","1","10","3","41072.59","15204.8","12804.53","2409.4","0.2","2","7","0.2222","18.62","56.19","56.19","0.5331","LOW","0","4","2025-09-26","2026-08-25","2026-09-15 10:31:41","RISK_ADJ_PIPELINE","2026-09-15 10:31:41"
"1afe0d1a-4d85-517c-82fb-af7f9972ede1","ce07dac3-fe72-578c-8cf5-56de537be954","2026","18","7","4","3","18","4","42071.38","13420.74","1859.71","469.96","0.2222","1","14","0.0667","17.44","83.3","23.08","1.2455","MODERATE","2","0","2025-09-15","2026-09-08","2026-09-15 10:31:41","RISK_ADJ_PIPELINE","2026-09-15 10:31:41"
"8d8b02eb-00ed-5723-9011-60106d8c9cc0","593afaf3-0e4a-5129-af65-b96a5df40756","2026","9","4","1","2","9","3","20912.61","16853.07","1556.32","347.58","0.1111","0","7","0.0","14.32","21.88","21.88","0.7651","LOW","0","5","2025-10-10","2026-09-05","2026-09-15 10:31:41","RISK_ADJ_PIPELINE","2026-09-15 10:31:41"
"ac07fe9d-48cf-59ff-b026-e03764a8d648","5f08a5ad-056e-5320-a28f-dd22c619fc2f","2026","21","12","2","4","21","3","69966.88","53547.81","47481.67","7819.11","0.0952","3","14","0.1765","22.86","69.17","57.2","3.5055","VERY_HIGH","1","1","2025-10-08","2026-09-10","2026-09-15 10:31:41","RISK_ADJ_PIPELINE","2026-09-15 10:31:41"
"f19c04c6-191b-5cec-9913-6c3fe449cd02","f0b6a2b3-40c9-5d76-b52a-8f79e882fdd0","2026","7","7","0","0","7","4","17090.42","10161.42","9608.71","1626.35","0.0","0","7","0.0","10.94","21.19","21.19","0.8777","LOW","0","0","2025-09-23","2026-08-19","2026-09-15 10:31:41","RISK_ADJ_PIPELINE","2026-09-15 10:31:41"
"055c7c99-d8c0-5d9a-89d7-0efc96713824","12350844-69f7-580d-977a-ed53b70fba71","2026","15","11","2","1","13","3","27928.06","16213.56","13804.36","3140.76","0.1333","3","11","0.2143","22.42","91.67","62.88","2.5689","HIGH","1","0","2025-10-19","2026-09-06","2026-09-15 10:31:41","RISK_ADJ_PIPELINE","2026-09-15 10:31:41"
"172529a4-0d63-5da0-9b3f-f0798e354440","5ecffa80-373b-5948-b5c3-e56419b2d59d","2026","7","4","2","0","7","3","19232.0","15815.43","15586.39","1811.45","0.2857","1","6","0.1429","21.94","82.23","82.23","0.4702","LOW","0","0","2025-09-19","2026-04-14","2026-09-15 10:31:41","RISK_ADJ_PIPELINE","2026-09-15 10:31:41"
"7fea4ea6-1f90-5502-81e6-d468a17edb77","c33580ca-d994-5b3c-b9ce-7b5e7613a2d9","2026","6","4","2","0","6","3","14559.06","8630.65","8013.66","1156.92","0.3333","0","6","0.0","7.55","21.34","21.34","0.8247","LOW","0","1","2026-01-28","2026-07-23","2026-09-15 10:31:41","RISK_ADJ_PIPELINE","2026-09-15 10:31:41"
"0f84c68a-47ab-535b-aa2a-e42304a7693d","ba9f522c-3f7d-54fd-8f04-76ca362c55e0","2026","20","17","1","2","19","4","10511.17","7318.81","6251.63","1458.91","0.05","1","17","0.0556","13.88","37.71","23.02","1.9032","HIGH","2","5","2025-09-16","2026-08-19","2026-09-15 10:31:41","RISK_ADJ_PIPELINE","2026-09-15 10:31:41"
"4ac22628-e71a-56bb-b352-807af0e32e0d","5233bf95-2158-5456-8c0c-2f51048660c7","2026","12","10","1","1","11","3","54963.01","35428.3","23158.6","4928.32","0.0833","3","8","0.2727","25.89","79.35","56.29","1.7069","MODERATE","1","0","2025-11-23","2026-09-12","2026-09-15 10:31:41","RISK_ADJ_PIPELINE","2026-09-15 10:31:41"
"2889746d-53cb-55a6-8166-d3133519db4b","998dce76-0007-56c8-8357-cec99b79d1be","2026","17","9","5","1","17","3","87114.91","37394.99","27186.17","5553.07","0.2941","0","16","0.0","10.91","21.15","17.77","2.0955","HIGH","1","4","2025-10-02","2026-09-04","2026-09-15 10:31:41","RISK_ADJ_PIPELINE","2026-09-15 10:31:41"
"50ea7522-3d08-536c-9667-7b08c93068c3","5ecbd07b-e656-57fd-a0aa-0da31a6c2644","2026","6","4","1","1","6","3","16690.41","12026.35","1189.59","393.08","0.1667","0","5","0.0","7.0","14.48","14.48","0.9358","MODERATE","3","3","2025-10-17","2026-09-13","2026-09-15 10:31:41","RISK_ADJ_PIPELINE","2026-09-15 10:31:41"
"e6ce189a-6642-5a04-8d4c-a1257fc1bd89","f004db7a-ea7b-5b0f-ae1f-e0a0ff16ff53","2026","13","11","2","0","13","4","31644.15","24881.86","23140.47","3789.98","0.1538","2","11","0.1538","15.08","44.11","32.45","2.6345","HIGH","3","1","2025-11-23","2026-09-05","2026-09-15 10:31:41","RISK_ADJ_PIPELINE","2026-09-15 10:31:41"
"e0761f1f-6628-5e45-b2e4-343039d4a52c","232d34bd-63c0-5c94-9c2e-e7eb52ff2f1f","2026","12","8","0","3","12","3","30278.69","20919.93","8168.85","1510.81","0.0","2","7","0.2222","20.75","48.08","48.08","2.6225","HIGH","1","3","2025-11-20","2026-08-27","2026-09-15 10:31:41","RISK_ADJ_PIPELINE","2026-09-15 10:31:41"
"6b2f1cd0-5148-521e-993e-e24640ba7247","9e924225-e132-5e7b-acf0-615a60a4cc74","2026","7","5","0","1","7","2","25915.94","16570.07","14591.02","2626.9","0.0","0","6","0.0","12.93","22.52","22.52","1.5505","MODERATE","0","1","2025-09-26","2026-06-04","2026-09-15 10:31:41","RISK_ADJ_PIPELINE","2026-09-15 10:31:41"
"2e2d1513-86b1-5d07-ae82-e22a4c0c10bf","a02f3012-c040-5360-8806-b6a342d3917d","2026","7","6","1","0","7","4","6737.54","4194.65","3710.07","802.02","0.1429","2","5","0.2857","35.22","95.24","95.24","1.3518","MODERATE","3","4","2025-11-01","2026-08-29","2026-09-15 10:31:41","RISK_ADJ_PIPELINE","2026-09-15 10:31:41"
"5c4d0676-0acc-5306-9b51-02b835571826","317ae849-ce01-5a48-ad54-bdc3c504cfdd","2026","6","4","1","1","6","2","1790.08","1051.92","552.44","193.54","0.1667","2","3","0.4","37.19","88.59","88.59","1.7747","MODERATE","1","4","2025-11-12","2026-09-02","2026-09-15 10:31:41","RISK_ADJ_PIPELINE","2026-09-15 10:31:41"
"1dab2076-2233-5426-871e-8e408209930a","4042105d-ee01-5dfe-8b68-ca4fd110f3d2","2026","16","13","0","2","16","4","49168.86","34701.31","30575.2","5214.84","0.0","2","12","0.1429","13.93","59.71","53.25","0.5952","LOW","0","1","2025-09-22","2026-08-01","2026-09-15 10:31:41","RISK_ADJ_PIPELINE","2026-09-15 10:31:41"
"6683444e-2508-5bbb-a4da-ca0f09c064f2","48036596-3264-5bcb-bf1a-3c3797d64d35","2026","13","8","3","2","13","3","95955.88","49050.85","37485.22","5688.76","0.2308","5","6","0.4545","32.78","73.07","64.88","0.475","LOW","0","4","2025-10-11","2026-09-11","2026-09-15 10:31:41","RISK_ADJ_PIPELINE","2026-09-15 10:31:41"
"8c775005-fd2c-5d57-8036-e584ca84414e","7b030fbf-ad66-55cf-bfdf-bab60cccb3ea","2026","26","17","3","3","26","4","34424.93","25038.13","21077.37","4073.08","0.1154","5","18","0.2174","24.03","94.24","76.84","2.9085","VERY_HIGH","1","0","2025-09-30","2026-08-15","2026-09-15 10:31:41","RISK_ADJ_PIPELINE","2026-09-15 10:31:41"
"fe907b31-12cd-57d3-9dae-c1f0dedb7874","f6d44ff0-6b00-56c1-8fba-3537454016d4","2026","25","17","3","4","23","3","88728.4","55279.71","50454.1","8946.41","0.12","3","18","0.1429","16.05","75.98","35.69","2.9678","VERY_HIGH","0","2","2025-10-19","2026-09-09","2026-09-15 10:31:41","RISK_ADJ_PIPELINE","2026-09-15 10:31:41"
"61b124fb-0708-56af-8e6f-516f4f61b286","f3428e4e-be8a-5ef6-a601-9bb6f2d6a09c","2026","12","7","1","1","12","3","14901.6","2650.97","1295.36","346.45","0.0833","4","7","0.3636","28.87","81.91","79.61","1.552","MODERATE","2","1","2026-01-17","2026-06-28","2026-09-15 10:31:41","RISK_ADJ_PIPELINE","2026-09-15 10:31:41"
"340c6b84-3b24-5727-9f69-2cbfc4d6d875","1b060c1f-416a-5752-b69f-6236ba700e9c","2026","7","3","2","0","7","2","2444.04","1153.62","643.52","221.82","0.2857","1","6","0.1429","13.75","43.99","43.99","1.4677","MODERATE","2","0","2025-12-02","2026-08-31","2026-09-15 10:31:41","RISK_ADJ_PIPELINE","2026-09-15 10:31:41"
"f965324f-fa5a-511d-8c50-49c3c3bdba42","45b2e1e2-e730-5ac0-98dc-2658c40ced2e","2026","18","13","5","0","18","4","102635.3","49842.96","48293.14","6490.58","0.2778","2","16","0.1111","16.1","46.0","33.11","2.5912","HIGH","1","1","2025-10-02","2026-09-09","2026-09-15 10:31:41","RISK_ADJ_PIPELINE","2026-09-15 10:31:41"
"752bf1c3-c926-569a-ad51-eeda2662242d","fd038f44-2503-5a2b-887e-8787422864ed","2026","5","5","0","0","5","2","23882.12","15334.21","14781.4","2887.38","0.0","1","4","0.2","23.04","72.28","72.28","1.0969","MODERATE","1","0","2025-12-31","2026-07-26","2026-09-15 10:31:41","RISK_ADJ_PIPELINE","2026-09-15 10:31:41"
"3a9b04c9-b323-5501-9a0b-f8aeeb9cb343","ed398add-a458-5b63-a68d-d716d6a6fc45","2026","13","6","4","2","13","4","21215.76","14118.6","12776.44","2691.73","0.3077","0","11","0.0","12.33","21.94","20.58","2.1366","HIGH","2","1","2025-10-20","2026-09-09","2026-09-15 10:31:41","RISK_ADJ_PIPELINE","2026-09-15 10:31:41"
"65f5e8e6-8afd-57f9-a524-b9d704a66463","2d28a99e-bc42-5776-b176-cc87e16105d5","2026","24","13","3","4","23","4","75281.6","41342.24","22626.88","4352.04","0.125","2","18","0.1","16.59","65.62","63.8","3.2699","VERY_HIGH","0","2","2025-09-20","2026-07-31","2026-09-15 10:31:41","RISK_ADJ_PIPELINE","2026-09-15 10:31:41"
"55c229c1-d607-5fda-9a4e-992715e34070","affc4e02-90c1-59fa-af88-366ec8394b95","2026","12","7","1","3","12","4","63428.75","43996.95","38899.7","7305.41","0.0833","1","8","0.1111","14.52","38.86","38.86","0.961","MODERATE","1","4","2025-10-03","2026-09-08","2026-09-15 10:31:41","RISK_ADJ_PIPELINE","2026-09-15 10:31:41"
"dbecb281-f933-5d84-828e-284b77f2b7aa","d4d57264-217c-57a8-9567-14cb44dc1fa0","2026","19","13","2","1","19","4","26334.54","19669.84","6323.32","1492.77","0.1053","5","13","0.2778","23.7","74.27","69.4","2.8401","VERY_HIGH","1","3","2025-10-06","2026-09-12","2026-09-15 10:31:41","RISK_ADJ_PIPELINE","2026-09-15 10:31:41"
"0560a547-c718-5f3c-806c-578d832d95d9","fe138909-9ded-5edb-b713-84038fe8fff1","2026","12","10","0","1","12","4","34093.07","22699.56","16012.91","2201.73","0.0","1","10","0.0909","21.04","91.77","23.44","1.071","MODERATE","1","1","2025-09-21","2026-07-17","2026-09-15 10:31:41","RISK_ADJ_PIPELINE","2026-09-15 10:31:41"
"b1e53199-df83-5dbb-bac8-59669d97f5b8","036219aa-8757-5294-9894-ba329117361b","2026","8","5","0","2","8","3","70631.99","44122.3","13229.11","1622.35","0.0","2","4","0.3333","21.49","68.77","68.77","1.1626","MODERATE","0","2","2025-09-17","2026-05-03","2026-09-15 10:31:41","RISK_ADJ_PIPELINE","2026-09-15 10:31:41"
"6413f06b-71d1-51e7-b6a3-aa8c3e4f632a","ece9251d-429d-5736-8829-f0f434457d54","2026","7","3","2","1","7","2","2251.94","1224.36","733.79","116.98","0.2857","1","5","0.1667","21.5","61.26","61.26","1.5268","MODERATE","2","0","2025-10-18","2026-05-23","2026-09-15 10:31:41","RISK_ADJ_PIPELINE","2026-09-15 10:31:41"
"bce67840-a867-5051-bbb2-f7362b5db729","49ec2233-203a-5d98-91a1-c0b452beb3b0","2026","12","9","1","1","12","4","34298.08","23843.27","7605.25","1493.45","0.0833","2","9","0.1818","25.91","94.41","66.21","2.4775","HIGH","2","0","2025-09-20","2026-09-13","2026-09-15 10:31:41","RISK_ADJ_PIPELINE","2026-09-15 10:31:41"
"8cb5db7d-d47e-5077-88aa-93a0de89cbee","40d60bb8-a824-50ec-9929-da61defe391f","2026","18","13","2","1","17","4","35661.21","29828.87","22438.22","4962.55","0.1111","0","17","0.0","9.97","21.81","19.02","2.8148","VERY_HIGH","0","2","2025-10-05","2026-09-07","2026-09-15 10:31:41","RISK_ADJ_PIPELINE","2026-09-15 10:31:41"
"bb6e85b2-0744-57e4-b5c8-7aee7a1e8acd","bc129faf-d528-58cc-abd6-9fa60d9da503","2026","5","4","1","0","5","4","24303.15","14620.22","14071.05","2919.35","0.2","2","3","0.4","37.95","88.87","88.87","0.5418","LOW","0","1","2025-10-30","2026-07-09","2026-09-15 10:31:41","RISK_ADJ_PIPELINE","2026-09-15 10:31:41"
"07a1dcec-a0c9-5d10-81c9-d65b94eb9bec","cc627a16-3b47-5c3a-9cf4-42f60c7c3597","2026","8","8","0","0","8","3","18492.84","15272.77","13872.72","2721.41","0.0","0","8","0.0","12.69","21.42","21.42","0.8845","LOW","0","0","2025-12-31","2026-08-28","2026-09-15 10:31:41","RISK_ADJ_PIPELINE","2026-09-15 10:31:41"
"fd8aa9a0-a1ab-5e9f-b2c5-04d37ffd45c1","bfb68551-2040-5724-aea8-79ec0559d2ba","2026","10","8","2","0","10","3","44738.37","15356.45","14909.62","2126.74","0.2","2","8","0.2","19.16","78.61","78.61","1.0792","MODERATE","0","1","2025-09-16","2026-09-09","2026-09-15 10:31:41","RISK_ADJ_PIPELINE","2026-09-15 10:31:41"
"af04d174-71f9-5c4c-a776-4d69aa7cc698","57c09db7-788a-58de-b6bf-1150bb51f3ee","2026","8","7","1","0","8","3","16958.57","9619.67","8653.59","1908.25","0.125","0","8","0.0","10.61","21.15","21.15","0.8123","LOW","0","1","2025-10-08","2026-09-10","2026-09-15 10:31:41","RISK_ADJ_PIPELINE","2026-09-15 10:31:41"
"bc95b020-b61d-5cdd-9e1d-19d3f2bbf1d2","e9747ef5-7905-5b20-a912-47a2d3942ed4","2026","4","3","0","1","4","1","2087.81","1714.14","965.15","248.78","0.0","0","3","0.0","9.4","14.33","14.33","1.7059","MODERATE","1","1","2026-01-26","2026-04-29","2026-09-15 10:31:41","RISK_ADJ_PIPELINE","2026-09-15 10:31:41"
"c612dddf-49ba-5208-a649-d6fe9b52b8a3","bfd7dfb3-bf0e-5175-8b30-7dc70421895c","2026","21","10","3","6","20","3","71040.0","34060.89","18594.93","3781.13","0.1429","0","15","0.0","15.75","23.44","21.1","3.8796","VERY_HIGH","1","2","2025-11-21","2026-09-11","2026-09-15 10:31:41","RISK_ADJ_PIPELINE","2026-09-15 10:31:41"
"a4000ede-40ba-5677-bef4-448c581513a7","e863ce01-2e72-5f5b-ac74-36d2b2dde854","2026","16","11","1","3","15","4","53243.45","38873.3","35012.87","6124.49","0.0625","4","9","0.3077","31.06","90.98","83.6","2.3073","HIGH","1","1","2025-09-15","2026-08-07","2026-09-15 10:31:41","RISK_ADJ_PIPELINE","2026-09-15 10:31:41"
"1c25064b-b923-5f87-a2d2-f54d19498e6b","9e581156-8c87-5460-a2b5-d4edcafae610","2026","10","5","2","2","8","3","66183.84","14590.7","2275.22","517.73","0.2","0","8","0.0","9.81","21.81","21.81","2.7443","HIGH","1","4","2025-10-11","2026-09-14","2026-09-15 10:31:41","RISK_ADJ_PIPELINE","2026-09-15 10:31:41"
"f3c118c3-d83e-515f-8798-68835d982263","44ca6161-280f-54a5-bc75-42d463772cef","2026","25","14","4","4","23","4","70921.35","54293.09","22841.4","4539.84","0.16","4","17","0.1905","21.34","79.35","53.45","2.9056","VERY_HIGH","2","0","2025-10-07","2026-09-10","2026-09-15 10:31:41","RISK_ADJ_PIPELINE","2026-09-15 10:31:41"
"46edfb8a-93b2-5802-8cac-2b93d4d1f821","cf84d224-2036-5faa-ac3e-e5d53bef5390","2026","12","8","3","1","12","3","53696.87","37397.87","26452.4","5060.17","0.25","1","10","0.0909","13.05","50.37","22.19","0.9924","MODERATE","3","3","2025-09-18","2026-05-09","2026-09-15 10:31:41","RISK_ADJ_PIPELINE","2026-09-15 10:31:41"
"4d9e437b-909b-5bf2-8dec-725d09a019b1","aef8b86c-8cae-5ad0-9818-a3148c1d7668","2026","10","6","2","0","9","3","8354.33","1615.06","1297.39","388.07","0.2","1","9","0.1","13.58","28.02","28.02","0.8259","LOW","0","3","2025-11-08","2026-09-08","2026-09-15 10:31:41","RISK_ADJ_PIPELINE","2026-09-15 10:31:41"
"180e1f0d-936f-5ce8-a151-c966588f38c9","6fc27bea-496f-5afb-8a53-611eedacac4d","2026","10","8","0","1","10","3","66410.4","43563.52","38961.74","5054.4","0.0","2","7","0.2222","21.48","84.87","84.87","1.4962","MODERATE","1","3","2025-10-12","2026-09-04","2026-09-15 10:31:41","RISK_ADJ_PIPELINE","2026-09-15 10:31:41"
"e45e5d4d-69b8-5911-842f-95a0974533cc","0c725323-2267-544e-81be-b89cd667df35","2026","7","6","0","1","7","3","37771.8","27298.45","17174.15","2921.18","0.0","3","3","0.5","40.69","78.91","78.91","0.5978","LOW","0","3","2025-12-29","2026-07-24","2026-09-15 10:31:41","RISK_ADJ_PIPELINE","2026-09-15 10:31:41"
"2fc6b68a-fee3-5651-8d08-1445ae226b6f","36c8bd7d-630b-58d0-8bc0-c87dc9e3eb32","2026","7","5","0","1","7","3","21047.83","16043.44","950.83","328.37","0.0","0","6","0.0","12.22","21.92","21.92","1.3178","MODERATE","1","3","2025-11-15","2026-09-12","2026-09-15 10:31:41","RISK_ADJ_PIPELINE","2026-09-15 10:31:41"
"d681421c-0a30-5e32-b99c-7d88b392c22b","5d7132bf-9729-52df-9d58-594d6b7b8eda","2026","12","7","3","1","11","3","15585.49","9796.71","8181.56","1509.15","0.25","0","11","0.0","13.81","22.39","20.72","2.4899","HIGH","1","0","2025-09-17","2026-07-21","2026-09-15 10:31:41","RISK_ADJ_PIPELINE","2026-09-15 10:31:41"
"673c3b38-093c-5688-a834-9a0797e8def0","bf135965-11d0-54c4-922a-810fd7a2d6a3","2026","23","15","3","3","21","3","52088.32","36194.36","15143.6","3151.81","0.1304","2","18","0.1","13.86","59.74","39.1","3.3288","VERY_HIGH","3","3","2025-09-18","2026-08-25","2026-09-15 10:31:41","RISK_ADJ_PIPELINE","2026-09-15 10:31:41"
"9ac634e1-7c78-59e9-b441-424f9d21b32c","9d4d451d-259c-542e-ab59-3d8dd843b6d9","2026","20","15","1","3","18","3","18996.74","12535.53","7329.7","1480.02","0.05","3","14","0.1765","16.37","63.27","51.55","3.47","VERY_HIGH","1","4","2025-09-29","2026-09-07","2026-09-15 10:31:41","RISK_ADJ_PIPELINE","2026-09-15 10:31:41"
"b8b88aee-4ab3-58ae-9b05-fdc76d4477cf","191d8d7e-0f17-5f8a-b3f6-687251d58836","2026","14","9","1","3","14","4","43879.76","35486.07","14184.76","2740.72","0.0714","2","9","0.1818","19.27","84.19","27.51","0.9792","MODERATE","1","1","2025-09-15","2026-09-10","2026-09-15 10:31:41","RISK_ADJ_PIPELINE","2026-09-15 10:31:41"
"049243fd-d0e2-5219-a773-3eb45fd01560","13f8cd2a-36e0-5932-b3bf-3077e1bb09e2","2026","10","7","1","1","10","3","4180.55","2768.99","1937.82","508.08","0.1","0","9","0.0","7.79","22.38","22.38","1.309","MODERATE","1","0","2025-09-22","2026-09-12","2026-09-15 10:31:41","RISK_ADJ_PIPELINE","2026-09-15 10:31:41"
"5f2e2148-db3b-5194-b0a9-cb16792d8233","6304c887-72dd-5dc4-95e8-a1e8d543dc77","2026","12","7","3","1","12","3","30616.49","23621.35","20299.22","3908.85","0.25","1","10","0.0909","14.21","28.61","19.23","1.2683","MODERATE","1","2","2025-10-16","2026-07-19","2026-09-15 10:31:41","RISK_ADJ_PIPELINE","2026-09-15 10:31:41"
"a1ca88f1-d174-5f0b-acf6-4fc3ef5bf746","c7a518c3-1612-52b4-831f-3ddbf5f8e08f","2026","22","15","5","1","22","4","52466.41","33567.28","27663.8","5435.3","0.2273","0","21","0.0","12.96","22.43","21.77","2.9243","VERY_HIGH","2","1","2025-09-16","2026-08-26","2026-09-15 10:31:41","RISK_ADJ_PIPELINE","2026-09-15 10:31:41"
"5c7e980b-6ce2-5e2e-b1c6-190139f42e36","c9d1dfc9-3fa9-5789-a2e2-89b4a10a0d86","2026","7","5","0","1","7","4","17170.67","14334.29","1735.6","404.03","0.0","1","5","0.1667","18.89","77.8","77.8","1.0887","MODERATE","2","2","2025-11-08","2026-07-22","2026-09-15 10:31:41","RISK_ADJ_PIPELINE","2026-09-15 10:31:41"
"53f09a18-55b6-5a83-a8ac-b3104e48623f","dd1bca2e-b2f0-5c71-80b8-915acd623232","2026","1","1","0","0","1","1","142.08","88.19","77.0","47.58","0.0","1","0","1.0","52.0","52.0","52.0","0.3872","LOW","0","3","2026-05-09","2026-05-09","2026-09-15 10:31:41","RISK_ADJ_PIPELINE","2026-09-15 10:31:41"
"78f4fb15-f69e-511f-91ad-27fed0d11eef","0a3798cb-b9a4-5579-9d3b-bda81fe905da","2026","14","8","2","3","11","4","68663.32","43752.43","15043.47","2511.29","0.1429","1","10","0.0909","16.52","34.06","23.45","2.3613","HIGH","2","4","2025-10-01","2026-09-12","2026-09-15 10:31:41","RISK_ADJ_PIPELINE","2026-09-15 10:31:41"
"0f214d7a-b701-5b58-9e4f-21bd8e607afe","a959878b-59bc-5a56-b99d-629cc3bd3f62","2026","11","8","0","3","11","3","20283.29","15420.87","6530.86","1259.92","0.0","0","8","0.0","11.76","21.93","21.93","0.4675","LOW","0","0","2025-10-15","2026-07-22","2026-09-15 10:31:41","RISK_ADJ_PIPELINE","2026-09-15 10:31:41"
"a2e4d13f-aad1-5003-9d09-4f34db4d8a9c","66e1e01f-df55-5f06-b161-20827d73e604","2026","11","8","1","1","11","3","3578.1","2456.27","1687.12","424.68","0.0909","1","9","0.1","19.29","59.89","59.89","0.3409","LOW","0","2","2025-09-24","2026-08-23","2026-09-15 10:31:41","RISK_ADJ_PIPELINE","2026-09-15 10:31:41"
"463b04c4-3b4b-5e09-9071-71d5ba098d71","683340a4-d1de-5786-a29c-f5e0084c6efb","2026","9","6","1","1","9","2","3160.43","1781.68","904.62","320.97","0.1111","1","7","0.125","22.04","80.63","80.63","1.478","MODERATE","2","1","2025-09-15","2026-08-29","2026-09-15 10:31:41","RISK_ADJ_PIPELINE","2026-09-15 10:31:41"
"731da16c-b84c-5d39-84ef-6ea7a0398a07","44a2206b-9b0d-509f-924c-1ed2199b5cf9","2026","14","12","1","0","14","4","53243.4","34760.94","26389.06","5405.3","0.0714","5","9","0.3571","28.49","91.82","59.11","2.7482","HIGH","0","1","2025-09-30","2026-07-24","2026-09-15 10:31:41","RISK_ADJ_PIPELINE","2026-09-15 10:31:41"
"fd5d3f79-c0b9-5c8a-80a1-37c961541c08","c456a649-0b1b-5165-952e-7d48bb40c212","2026","8","5","1","2","8","4","42971.65","25335.65","12460.15","2270.75","0.125","0","6","0.0","10.38","19.55","19.55","0.3423","LOW","0","0","2025-09-15","2026-07-15","2026-09-15 10:31:41","RISK_ADJ_PIPELINE","2026-09-15 10:31:41"
"524c228a-013b-53bb-b9b6-994857e5cf0a","81157985-c861-5370-86b5-19a5a7e8af99","2026","3","1","1","0","3","2","731.0","494.8","179.81","86.96","0.3333","0","3","0.0","12.24","19.76","19.76","0.3519","LOW","0","3","2026-01-03","2026-09-14","2026-09-15 10:31:41","RISK_ADJ_PIPELINE","2026-09-15 10:31:41"
"d4b980eb-78cb-5001-8050-f29def38d5e4","c125a20f-3b52-54d0-93e5-7775ff81b84c","2026","10","7","1","1","10","4","40420.17","32684.96","28474.65","5804.56","0.1","2","7","0.2222","26.71","88.13","88.13","1.5673","MODERATE","1","2","2025-10-29","2026-08-13","2026-09-15 10:31:41","RISK_ADJ_PIPELINE","2026-09-15 10:31:41"
"2032b2a7-1569-573f-b9da-029149657819","35599560-835b-5040-a38e-046a80f1b2a3","2026","8","5","0","1","8","4","38156.37","26066.48","14870.21","2441.3","0.0","1","6","0.1429","23.16","79.11","79.11","1.7564","MODERATE","1","1","2025-11-13","2026-08-25","2026-09-15 10:31:41","RISK_ADJ_PIPELINE","2026-09-15 10:31:41"
"14e8aa1d-b083-5549-b381-58d01c8ece4d","21184b79-1deb-5635-b376-f3c737052a56","2026","6","4","1","0","6","3","16300.18","1948.87","1503.4","263.74","0.1667","0","6","0.0","15.24","21.18","21.18","0.5157","LOW","0","2","2025-10-01","2026-07-26","2026-09-15 10:31:41","RISK_ADJ_PIPELINE","2026-09-15 10:31:41"
"c9cdfae7-85ba-560c-b627-02569a993765","56c829c4-9c1a-5cd4-a91a-0a027118ea51","2026","15","10","2","1","14","4","28113.08","20842.72","14646.04","2844.8","0.1333","2","12","0.1429","20.25","88.36","66.57","1.6314","MODERATE","0","2","2025-10-10","2026-08-20","2026-09-15 10:31:41","RISK_ADJ_PIPELINE","2026-09-15 10:31:41"
"ef508cec-ee2d-5518-bfbc-7ea40f912dbc","0ad2e249-9272-5aaa-bed4-4497ce264dc2","2026","10","5","3","1","9","4","14946.59","9884.71","8537.26","1569.87","0.3","1","8","0.1111","18.91","76.62","76.62","1.3352","MODERATE","1","0","2025-10-28","2026-08-02","2026-09-15 10:31:41","RISK_ADJ_PIPELINE","2026-09-15 10:31:41"
"f3cd5ee5-211e-5b8b-932b-0c055db5fc8b","7291566a-82d8-57c2-8e66-bc4ee50ab9a9","2026","8","7","1","0","7","2","10991.22","8888.33","7977.87","1744.4","0.125","3","5","0.375","34.57","91.18","91.18","1.2407","MODERATE","1","1","2025-10-24","2026-05-19","2026-09-15 10:31:41","RISK_ADJ_PIPELINE","2026-09-15 10:31:41"
"63701ab2-a433-520b-bc13-4542b0ab0be3","fad85c99-2ace-5840-be24-c0edce6fd04c","2026","11","7","3","1","11","4","21696.39","1984.08","1749.69","497.44","0.2727","2","8","0.2","20.94","85.23","85.23","0.3944","LOW","0","3","2025-10-22","2026-09-04","2026-09-15 10:31:41","RISK_ADJ_PIPELINE","2026-09-15 10:31:41"
"488aec51-df41-5f34-ab55-9feda5d60f31","a1d5fafa-7d8f-5f9f-9635-ed80a1af614a","2026","17","16","0","1","17","3","53802.29","41668.36","38489.13","7016.02","0.0","4","12","0.25","28.64","84.66","81.03","1.8559","HIGH","1","3","2025-09-23","2026-09-07","2026-09-15 10:31:41","RISK_ADJ_PIPELINE","2026-09-15 10:31:41"
"3a0f051c-7b72-5e1d-a98b-ced1788e9642","b0cff5c2-3fa4-546f-948d-fd37e3312c99","2026","16","15","1","0","15","4","40719.59","30821.32","29961.8","5148.44","0.0625","2","14","0.125","17.61","54.24","34.54","2.0645","HIGH","2","0","2025-10-02","2026-09-10","2026-09-15 10:31:41","RISK_ADJ_PIPELINE","2026-09-15 10:31:41"
"60ac11c9-9cf3-5879-ad1f-b5690efdd61c","3b7b1661-b872-5599-b7ee-2f9488ebdf57","2026","19","13","4","2","19","4","30039.62","22325.55","19797.33","3333.94","0.2105","1","16","0.0588","14.88","46.31","21.35","1.9303","HIGH","2","3","2025-09-29","2026-08-29","2026-09-15 10:31:41","RISK_ADJ_PIPELINE","2026-09-15 10:31:41"
"4f1a242b-20b7-59eb-9ffd-32f36f08e455","4e6107e5-6435-5bfc-a95e-294a5842d21c","2026","16","10","0","4","15","3","80839.57","56004.82","24978.11","4817.71","0.0","2","10","0.1667","23.89","93.43","64.08","2.3437","HIGH","2","1","2025-10-17","2026-09-11","2026-09-15 10:31:41","RISK_ADJ_PIPELINE","2026-09-15 10:31:41"
"c42cb744-e0fc-54cd-b733-82d17cc8b80f","04cf725d-ceb2-5212-ba75-1205e6f79e1b","2026","8","6","2","0","8","3","26335.56","15178.74","13354.69","2138.28","0.25","1","7","0.125","15.53","27.17","27.17","1.0833","MODERATE","2","5","2025-09-24","2026-08-23","2026-09-15 10:31:41","RISK_ADJ_PIPELINE","2026-09-15 10:31:41"
"5016e81c-8976-52b1-8c0b-b1034f8cd2b8","07f17a70-0f34-58d1-b812-c7793276acf0","2026","6","4","2","0","6","3","20163.74","1171.01","1027.62","306.56","0.3333","1","5","0.1667","21.0","82.84","82.84","1.3955","MODERATE","0","0","2025-11-27","2026-06-27","2026-09-15 10:31:41","RISK_ADJ_PIPELINE","2026-09-15 10:31:41"
"255f5c85-600a-5b8c-8ab1-dc9fb52baddd","e8b2f6c7-77e0-5f07-a2b5-93a980ce459c","2026","19","9","3","3","18","4","67734.51","17118.62","14676.9","2076.37","0.1579","3","13","0.1875","22.19","84.39","53.88","2.3975","HIGH","0","0","2025-09-21","2026-09-12","2026-09-15 10:31:41","RISK_ADJ_PIPELINE","2026-09-15 10:31:41"
"65f1e92b-d23a-5feb-bead-efd4f21a5531","c736b786-92cb-5005-b3bb-72da43f26d07","2026","9","7","1","0","9","2","4184.54","2809.18","2092.4","496.16","0.1111","2","7","0.2222","21.66","85.53","85.53","1.2556","MODERATE","2","0","2025-09-20","2026-09-04","2026-09-15 10:31:41","RISK_ADJ_PIPELINE","2026-09-15 10:31:41"
"6a5333dd-f464-5cea-af4c-1ca283e6cab2","9a489f19-8ad8-53ee-b316-d73f015e6615","2026","20","11","5","4","20","3","84203.01","42162.58","37468.27","6488.8","0.25","3","13","0.1875","21.54","95.17","87.14","2.7661","HIGH","3","4","2025-09-23","2026-08-05","2026-09-15 10:31:41","RISK_ADJ_PIPELINE","2026-09-15 10:31:41"
"ae872291-1de8-5066-ba28-9f4142db7f0d","a0cec4b9-1fa5-561b-8cd4-d90cb2afb702","2026","4","2","0","2","4","3","20052.75","15192.19","13650.5","2471.26","0.0","1","1","0.5","33.88","52.72","52.72","0.7042","LOW","0","1","2025-09-29","2025-10-28","2026-09-15 10:31:41","RISK_ADJ_PIPELINE","2026-09-15 10:31:41"
"2cde545b-1291-5028-afaa-5127eb4e10f3","c3098cc2-9db7-5146-a7e7-9f60b889924e","2026","17","13","3","1","17","4","33185.73","15522.52","14723.09","2666.66","0.1765","6","10","0.375","36.61","94.0","88.88","1.9199","HIGH","2","3","2025-09-18","2026-08-24","2026-09-15 10:31:41","RISK_ADJ_PIPELINE","2026-09-15 10:31:41"
"d27d7f68-1061-59a5-8100-7cf9a0dddf27","ad82e8f6-41d6-575a-9133-a06bc6d49747","2026","26","19","2","2","24","4","127260.58","98635.39","66173.81","10613.06","0.0769","4","20","0.1667","18.45","81.42","31.63","4.1465","CATASTROPHIC","0","1","2025-09-15","2026-09-07","2026-09-15 10:31:41","RISK_ADJ_PIPELINE","2026-09-15 10:31:41"
"5fbbeec5-6587-5129-9b48-f5dd5bb9a677","ff6f3127-fed5-5b42-ae6a-9c8d65c2ecc0","2026","4","3","1","0","4","2","2240.31","1157.39","1033.87","156.43","0.25","1","3","0.25","26.91","61.4","61.4","0.5544","LOW","0","3","2025-10-09","2026-08-19","2026-09-15 10:31:41","RISK_ADJ_PIPELINE","2026-09-15 10:31:41"
"d6bf2700-8153-569d-bd52-333b6daec395","ed470c0a-96f8-5a23-853c-503f8ab15c44","2026","24","15","4","3","24","4","71003.86","49985.43","29993.78","5377.65","0.1667","2","19","0.0952","18.96","88.04","19.89","7.8223","CATASTROPHIC","2","0","2025-12-07","2026-09-11","2026-09-15 10:31:41","RISK_ADJ_PIPELINE","2026-09-15 10:31:41"
"15288602-4ade-5028-9b1b-3100fc89746b","2ce1de10-42c7-5209-b4e5-ad9db5569a61","2026","10","5","1","2","9","2","3978.8","2582.95","1153.19","353.4","0.1","0","8","0.0","9.62","20.65","20.65","0.5471","LOW","0","1","2025-10-10","2026-08-27","2026-09-15 10:31:41","RISK_ADJ_PIPELINE","2026-09-15 10:31:41"
"37f0efe7-c8c1-5271-bea7-0f18b4169200","ffea3d64-a0c0-5cb0-893b-628ab530e3b0","2026","9","6","2","1","9","2","63491.19","36550.74","34563.62","6594.07","0.2222","2","6","0.25","24.38","76.74","76.74","1.4877","MODERATE","2","2","2025-10-18","2026-07-27","2026-09-15 10:31:41","RISK_ADJ_PIPELINE","2026-09-15 10:31:41"
"88a53314-960d-56ae-800d-339356505870","a9c3663c-8b0f-5bbd-9581-5ad7fcb6b796","2026","8","7","1","0","8","3","6593.13","4156.11","3909.02","790.87","0.125","0","8","0.0","10.59","22.62","22.62","0.3573","LOW","0","5","2025-12-01","2026-08-09","2026-09-15 10:31:41","RISK_ADJ_PIPELINE","2026-09-15 10:31:41"
"0af775df-3518-5412-a498-258689dcf9ed","e28efe46-209d-5aec-8ece-cfa023ec3b4b","2026","10","6","3","1","10","3","56634.54","25508.58","23984.43","3223.32","0.3","2","7","0.2222","21.76","73.07","73.07","0.3211","LOW","0","1","2026-01-24","2026-09-10","2026-09-15 10:31:41","RISK_ADJ_PIPELINE","2026-09-15 10:31:41"
"adb7a75f-233f-50cf-8381-593756feee7c","09a99878-42b8-5cff-be87-b8c324bbd370","2026","9","7","1","0","9","2","9500.36","5626.41","1713.68","436.15","0.1111","1","8","0.1111","21.79","85.29","85.29","0.4847","LOW","0","1","2026-01-02","2026-09-07","2026-09-15 10:31:41","RISK_ADJ_PIPELINE","2026-09-15 10:31:41"
"96148501-4c4f-5f9d-b792-ffd4335cb59d","38dc78e8-1f9c-51e5-bbae-80ff772825d0","2026","16","9","4","3","15","3","62275.54","43718.06","39268.78","7892.02","0.25","1","12","0.0769","15.57","65.98","23.18","3.3245","VERY_HIGH","1","1","2025-09-24","2026-08-22","2026-09-15 10:31:41","RISK_ADJ_PIPELINE","2026-09-15 10:31:41"
"1dda08d1-3db8-5ab0-99ef-3e1ecb06aa65","57884302-a31e-5aac-942e-24c7eedb45ef","2026","12","9","2","1","12","3","42779.2","22269.23","19687.36","3147.34","0.1667","1","10","0.0909","12.54","36.24","22.09","1.5304","MODERATE","1","5","2025-10-01","2026-09-13","2026-09-15 10:31:41","RISK_ADJ_PIPELINE","2026-09-15 10:31:41"
"9ae2c581-9982-5e16-8f53-2b3dde0621a3","801efa9d-d70d-5e16-abbe-c7be295d5620","2026","13","11","1","1","13","3","21716.42","15029.01","12636.84","2967.22","0.0769","3","9","0.25","22.02","73.31","59.75","2.1714","HIGH","1","5","2025-11-15","2026-09-13","2026-09-15 10:31:41","RISK_ADJ_PIPELINE","2026-09-15 10:31:41"
"eee0d72c-418f-52ed-ae17-00db5db2f277","4cae93fe-4c70-55ee-be1e-9669afb39e41","2026","9","4","1","1","9","3","19105.39","13162.37","5078.19","847.1","0.1111","2","6","0.25","29.43","88.35","88.35","1.1908","MODERATE","2","1","2025-12-30","2026-08-30","2026-09-15 10:31:41","RISK_ADJ_PIPELINE","2026-09-15 10:31:41"
"c164b087-3603-5c2c-897f-f1610666f893","cce96618-b3f0-50d9-9dce-a4c729091e3a","2026","6","4","2","0","6","3","19056.57","4281.14","3727.44","720.94","0.3333","1","5","0.1667","19.26","69.36","69.36","0.8813","LOW","0","0","2025-10-16","2026-08-24","2026-09-15 10:31:41","RISK_ADJ_PIPELINE","2026-09-15 10:31:41"
"1d102711-e9ad-5135-977b-f3b1d31cd1c4","3eeb0f24-dc41-590e-a478-d1b5ef326294","2026","30","16","4","5","27","4","55251.33","29708.97","18908.91","3210.76","0.1333","2","23","0.08","18.02","90.91","22.5","7.5485","CATASTROPHIC","1","0","2025-09-29","2026-09-09","2026-09-15 10:31:41","RISK_ADJ_PIPELINE","2026-09-15 10:31:41"
"e136bf79-862f-5f1f-965b-a753149fff76","22ed7eed-c183-5e19-bb4a-fe28e3995c3b","2026","17","12","2","2","17","3","62958.06","45732.79","42891.26","6520.6","0.1176","2","13","0.1333","19.67","74.87","58.25","3.4654","VERY_HIGH","3","1","2025-10-10","2026-08-24","2026-09-15 10:31:41","RISK_ADJ_PIPELINE","2026-09-15 10:31:41"
"afbd39e3-918a-5663-a71a-b508cd61af4c","1a8453a4-49d1-5fd6-9fb1-7aeec4ec6f1f","2026","3","3","0","0","3","2","1737.84","1296.69","1197.51","227.5","0.0","1","2","0.3333","21.85","33.27","33.27","0.8011","LOW","0","2","2025-10-21","2026-05-26","2026-09-15 10:31:41","RISK_ADJ_PIPELINE","2026-09-15 10:31:41"
"c26e1d72-0121-58c1-8779-7c0309fdb4dd","b20445e2-675b-53f6-9463-ec8faa476862","2026","14","10","1","1","13","4","49518.11","28871.54","8380.2","1347.92","0.0714","3","10","0.2308","18.21","63.71","51.49","2.6898","HIGH","0","1","2025-11-04","2026-08-29","2026-09-15 10:31:41","RISK_ADJ_PIPELINE","2026-09-15 10:31:41"
"6a6090ea-880b-5753-b0e8-c13eb8addbad","351231a7-2945-5a31-a244-bc93206dc416","2026","13","7","2","2","12","2","39286.23","18884.57","16049.68","2249.06","0.1538","2","9","0.1818","21.06","74.23","63.87","1.1239","MODERATE","1","2","2025-09-18","2026-09-14","2026-09-15 10:31:41","RISK_ADJ_PIPELINE","2026-09-15 10:31:41"
"2c25446d-609f-5cb5-adfc-b701a0e0c80d","28cfe9f0-a3a5-56ab-aca9-24c6324012f9","2026","9","7","1","0","9","3","3753.86","2438.28","1694.95","337.59","0.1111","1","8","0.1111","18.68","92.11","92.11","0.8949","LOW","0","1","2025-10-31","2026-08-21","2026-09-15 10:31:41","RISK_ADJ_PIPELINE","2026-09-15 10:31:41"
"a7a10909-82fa-5a60-b586-4f406a4c2882","8762f0d9-ebaa-5e56-ba2e-9896eca7d195","2026","6","5","0","0","6","3","43854.03","30081.66","26969.93","3917.88","0.0","0","6","0.0","12.37","20.11","20.11","1.7941","MODERATE","1","2","2025-09-25","2026-08-22","2026-09-15 10:31:41","RISK_ADJ_PIPELINE","2026-09-15 10:31:41"
"b88c5cb7-e034-53e5-b904-cf5a22aa4679","5d7fc68e-cd1f-5286-9a4c-86c8d8687381","2026","8","6","1","0","8","3","4514.04","2897.39","2366.33","532.06","0.125","0","8","0.0","13.9","23.43","23.43","0.5399","LOW","0","4","2025-09-20","2026-08-11","2026-09-15 10:31:41","RISK_ADJ_PIPELINE","2026-09-15 10:31:41"
"62e299b3-297a-5430-a18f-597a12b54484","73fd43af-1a45-57b3-9a91-076aa3acf9cb","2026","14","9","2","1","14","4","41131.44","34094.27","24194.97","4807.89","0.1429","1","12","0.0769","16.94","82.33","23.35","1.1941","MODERATE","1","1","2025-10-18","2026-08-19","2026-09-15 10:31:41","RISK_ADJ_PIPELINE","2026-09-15 10:31:41"
"9c9d7fa3-5187-54eb-9d43-7c77384c8bb7","f942b2ad-b251-580a-bdba-ceb344af88ba","2026","21","14","2","4","18","3","94367.92","50808.12","35275.57","5975.31","0.0952","3","14","0.1765","18.99","90.86","50.36","2.9565","VERY_HIGH","2","2","2025-09-19","2026-09-07","2026-09-15 10:31:41","RISK_ADJ_PIPELINE","2026-09-15 10:31:41"
"bd861896-97c2-5ec8-8d10-8c336e3d7792","486f6186-c2b8-5efb-aa2d-020f44f43623","2026","14","9","3","1","13","4","24218.97","19632.66","18996.99","2494.87","0.2143","3","10","0.2308","21.65","71.75","57.91","2.5697","HIGH","2","1","2025-09-17","2026-09-12","2026-09-15 10:31:41","RISK_ADJ_PIPELINE","2026-09-15 10:31:41"
"e40fabda-7a21-5086-b8c0-0c9da564cadc","ab024ce7-ab65-5831-8812-48732aedb0ec","2026","14","9","0","4","14","3","47755.09","37324.43","2137.58","484.85","0.0","4","6","0.4","33.77","94.36","94.36","1.1987","MODERATE","4","2","2025-09-25","2026-09-12","2026-09-15 10:31:41","RISK_ADJ_PIPELINE","2026-09-15 10:31:41"
"c0de424e-550d-5d54-9045-b54562b85e2f","241274b6-2b30-5f7d-a9bc-b2eba5d007ee","2026","14","10","2","1","14","4","40736.58","31432.04","29714.45","5873.66","0.1429","0","13","0.0","14.9","23.49","23.41","0.9075","MODERATE","1","4","2025-09-19","2026-08-02","2026-09-15 10:31:41","RISK_ADJ_PIPELINE","2026-09-15 10:31:41"
"1e4f2d4b-7bf3-5ccc-accc-8655bc51914c","e1284f79-be2f-5f5b-aa66-884c17509489","2026","15","9","2","1","15","4","28427.01","3569.97","2130.69","597.61","0.1333","2","12","0.1429","19.94","65.52","64.67","2.5125","HIGH","1","1","2025-09-18","2026-08-21","2026-09-15 10:31:41","RISK_ADJ_PIPELINE","2026-09-15 10:31:41"
"09575fbe-81c9-5b9e-a97a-fcbf64210b16","94d45987-bea5-5a9d-892a-a7baeb927b00","2026","8","3","1","3","8","3","16057.39","11092.35","6155.35","1133.83","0.125","0","5","0.0","11.42","20.24","20.24","1.0235","MODERATE","1","0","2025-10-03","2026-05-15","2026-09-15 10:31:41","RISK_ADJ_PIPELINE","2026-09-15 10:31:41"
"4782fdee-04cc-588e-8317-380001470799","b6c0a266-de8f-54cb-b967-edecf5b9b3fe","2026","13","11","1","1","13","4","10873.04","6522.39","5838.89","1499.85","0.0769","2","10","0.1667","20.92","71.84","39.43","1.9353","HIGH","1","1","2025-09-29","2026-07-24","2026-09-15 10:31:41","RISK_ADJ_PIPELINE","2026-09-15 10:31:41"
"570c8d83-dcdd-5bbe-9bc2-c0bdc570753f","08ddec8d-5946-5486-82dd-ca79afc8ad88","2026","13","4","6","3","12","4","27669.16","9970.03","5763.4","1278.81","0.4615","1","9","0.1","22.94","91.17","91.17","1.5186","MODERATE","2","4","2025-10-03","2026-09-07","2026-09-15 10:31:41","RISK_ADJ_PIPELINE","2026-09-15 10:31:41"
"d6b88d06-c941-5384-a618-3dff57553ac1","615b4240-dac7-5769-ba12-93a836b1070f","2026","22","15","1","3","21","4","41890.34","23558.8","10281.42","2157.34","0.0455","1","18","0.0526","13.11","58.02","20.44","2.8794","VERY_HIGH","2","1","2025-09-16","2026-08-02","2026-09-15 10:31:41","RISK_ADJ_PIPELINE","2026-09-15 10:31:41"
"c73de39f-73dd-5fa3-94df-59fa19be4d83","7dcfeada-00fe-5043-aa41-a868f13eb28e","2026","24","18","3","1","23","4","43988.03","15839.99","9088.81","1895.31","0.125","2","21","0.087","13.81","67.37","22.52","3.8533","VERY_HIGH","2","1","2025-09-17","2026-08-27","2026-09-15 10:31:41","RISK_ADJ_PIPELINE","2026-09-15 10:31:41"
"9f56e084-5b57-5e1d-bcc9-e2979b97177c","81dab765-4b43-5f4c-b5d4-c2f2cb7a0a33","2026","5","3","2","0","5","3","18920.44","364.12","343.26","95.91","0.4","1","4","0.2","22.1","86.01","86.01","0.7672","LOW","0","0","2025-09-25","2026-09-02","2026-09-15 10:31:41","RISK_ADJ_PIPELINE","2026-09-15 10:31:41"
"84be809c-ab56-53dc-8352-134a085d400e","011c4ffc-4c9a-5e5b-9ecb-1f801a2a40c2","2026","8","6","0","1","8","3","12306.72","8868.79","7016.25","1441.75","0.0","1","6","0.1429","18.94","80.09","80.09","1.0351","MODERATE","2","2","2025-10-03","2026-08-02","2026-09-15 10:31:41","RISK_ADJ_PIPELINE","2026-09-15 10:31:41"
"3e70e404-82e1-548b-8351-d632bd2f1033","61410dee-e035-5824-8e77-2484502f6cd6","2026","9","4","0","5","9","3","34513.41","26661.47","12461.82","1920.28","0.0","0","4","0.0","10.83","20.25","20.25","1.4935","MODERATE","1","2","2025-12-09","2026-07-19","2026-09-15 10:31:41","RISK_ADJ_PIPELINE","2026-09-15 10:31:41"
"adf1cfbe-e844-56ef-af1b-80fdd4b789e8","43288a81-fb49-5c74-872b-3cdaf8e39ae4","2026","6","3","0","3","6","2","2553.52","1843.53","918.96","218.05","0.0","1","2","0.3333","36.73","89.33","89.33","0.5502","LOW","0","5","2025-10-24","2026-02-09","2026-09-15 10:31:41","RISK_ADJ_PIPELINE","2026-09-15 10:31:41"
"df1dd840-cea4-55fb-8d56-8dce8c456509","89d4cf0c-fe94-548e-a7ef-7a16c67aaf49","2026","8","6","1","1","8","3","26204.91","17671.04","16190.86","2651.66","0.125","2","5","0.2857","24.99","76.5","76.5","0.5483","LOW","0","1","2025-10-12","2026-08-13","2026-09-15 10:31:41","RISK_ADJ_PIPELINE","2026-09-15 10:31:41"
"c64c8127-66d8-5120-bbae-b6ecd2ace0b0","9bfeaafe-3243-59a8-89a6-b5ee74be164e","2026","9","6","2","0","9","3","18588.77","14660.57","12957.72","2762.62","0.2222","1","8","0.1111","17.71","62.77","62.77","0.6692","LOW","0","3","2025-09-21","2026-07-01","2026-09-15 10:31:41","RISK_ADJ_PIPELINE","2026-09-15 10:31:41"
"ae96e7c6-fbf5-5196-8e3c-5c9d9567129e","5b5d2b6c-d541-5da2-b174-0d6812432fc6","2026","12","7","3","1","12","3","46854.13","34000.28","15408.68","2551.71","0.25","1","10","0.0909","19.31","89.38","19.97","2.2815","HIGH","1","2","2025-10-05","2026-09-11","2026-09-15 10:31:41","RISK_ADJ_PIPELINE","2026-09-15 10:31:41"
"ca68a7a5-96d1-5678-9d66-429cedcb48bd","b434a270-c6fc-501f-8d22-1758e749084d","2026","11","6","4","1","10","3","7275.32","3955.33","3186.07","741.52","0.3636","1","9","0.1","17.04","52.69","52.69","0.7694","LOW","0","1","2025-09-30","2026-08-07","2026-09-15 10:31:41","RISK_ADJ_PIPELINE","2026-09-15 10:31:41"
"2811c0a6-1285-5da3-83ba-d641cb27d9a0","607e3cf6-3a53-5652-995f-50205695a085","2026","17","11","3","3","17","4","38673.13","28883.42","14584.13","3073.53","0.1765","1","13","0.0714","16.75","54.77","21.0","2.3001","HIGH","1","4","2025-09-26","2026-09-04","2026-09-15 10:31:41","RISK_ADJ_PIPELINE","2026-09-15 10:31:41"
"93600978-beae-56da-9196-fc0a1bbd9b21","8d0665e9-780d-518f-841f-46f0ea54bda3","2026","10","7","0","2","10","3","36411.37","21739.24","7244.27","1431.35","0.0","0","8","0.0","11.79","21.06","21.06","0.9784","MODERATE","1","2","2025-09-16","2026-06-12","2026-09-15 10:31:41","RISK_ADJ_PIPELINE","2026-09-15 10:31:41"
"721ebc2b-c9b3-5968-9ad3-2a6a34220493","c383de29-b347-5dcc-8fba-293bcfa9c1d9","2026","4","3","1","0","4","2","1532.94","873.97","782.24","177.26","0.25","0","4","0.0","13.89","22.56","22.56","0.875","LOW","0","4","2025-09-28","2026-08-12","2026-09-15 10:31:41","RISK_ADJ_PIPELINE","2026-09-15 10:31:41"
"0e4f51e2-a9db-5fa6-88db-0e9a5f75c250","b9e84286-b618-5dd8-b261-03d28a0fd6c4","2026","6","5","1","0","6","3","34808.67","8299.92","7808.62","1138.18","0.1667","0","6","0.0","10.03","21.15","21.15","0.5352","LOW","0","0","2025-09-15","2026-08-08","2026-09-15 10:31:41","RISK_ADJ_PIPELINE","2026-09-15 10:31:41"
"f825a4a9-1e49-5f4f-b30b-ab6181a327f4","9d409aca-87e4-56a5-854b-fd5101930e9c","2026","23","14","2","4","21","4","75018.48","53227.4","45468.23","8745.44","0.087","2","17","0.1053","17.69","58.53","31.94","3.3647","VERY_HIGH","2","4","2025-11-01","2026-09-14","2026-09-15 10:31:41","RISK_ADJ_PIPELINE","2026-09-15 10:31:41"
"160b6aec-14cd-586a-a53d-520ed07e5478","f63db9ad-71b4-5c8c-9493-84f6c365ea9e","2026","9","5","1","3","8","3","20696.54","16076.14","1258.7","338.6","0.1111","3","3","0.5","26.14","42.61","42.61","1.5428","MODERATE","2","2","2025-09-21","2026-09-14","2026-09-15 10:31:41","RISK_ADJ_PIPELINE","2026-09-15 10:31:41"
"09f0bd3d-416f-520d-b4f4-e763cdb22b7e","b67e1e0b-ddf2-5601-aa05-d0b442811030","2026","14","10","3","0","13","4","31745.61","22356.31","20539.0","4088.05","0.2143","1","13","0.0714","15.92","45.19","23.46","1.9731","HIGH","0","0","2025-09-17","2026-08-12","2026-09-15 10:31:41","RISK_ADJ_PIPELINE","2026-09-15 10:31:41"
"3099988b-16cf-59a2-bf49-9c9066b5de89","3141a6b1-4e7a-5533-b1cb-8b7e29415e0a","2026","24","16","3","3","21","4","54098.58","36468.18","23705.6","5135.02","0.125","4","17","0.1905","27.41","91.75","80.98","3.5634","VERY_HIGH","1","4","2025-10-19","2026-09-03","2026-09-15 10:31:41","RISK_ADJ_PIPELINE","2026-09-15 10:31:41"
"ec8baabe-13d6-5a7a-a340-d7419e9a3ae3","d4b9fd06-7d6c-5d77-b149-1c3bea25daf8","2026","8","3","1","3","8","4","16706.06","10422.36","366.63","146.09","0.125","0","5","0.0","13.13","22.84","22.84","1.7808","MODERATE","0","1","2025-10-08","2026-09-05","2026-09-15 10:31:41","RISK_ADJ_PIPELINE","2026-09-15 10:31:41"
"c5529382-5c82-55db-b630-f928e67b93ca","d8c63b66-c624-5ddb-bfdd-618564c9a78e","2026","30","19","4","5","28","4","27066.02","10270.68","5489.98","1310.29","0.1333","2","23","0.08","16.12","71.99","21.53","7.0153","CATASTROPHIC","2","1","2025-09-15","2026-09-02","2026-09-15 10:31:41","RISK_ADJ_PIPELINE","2026-09-15 10:31:41"
"a027dced-d271-532e-8716-c96d56a78aca","93f39979-3159-5909-b86d-ae68cb3d95ae","2026","11","8","0","0","10","3","60227.23","47469.17","38997.06","6562.21","0.0","1","10","0.0909","17.2","53.51","21.85","0.9067","MODERATE","4","1","2025-10-11","2026-09-07","2026-09-15 10:31:41","RISK_ADJ_PIPELINE","2026-09-15 10:31:41"
"d2d8e1be-a252-50cb-998e-29085dec58e9","19d3868e-6ca3-5521-80b9-cc13133a7631","2026","26","20","3","1","24","4","68404.34","41352.85","37751.32","7579.84","0.1154","3","22","0.12","19.31","90.15","59.57","2.9061","VERY_HIGH","0","0","2025-11-04","2026-09-06","2026-09-15 10:31:41","RISK_ADJ_PIPELINE","2026-09-15 10:31:41"
"10ee97e3-004f-5a76-b2a3-4de0354c8575","8cd998c1-0c16-589f-8f46-2699f6f20c6e","2026","9","7","1","0","9","3","7944.34","4652.67","4195.12","699.09","0.1111","2","7","0.2222","19.47","75.65","75.65","0.771","LOW","0","3","2025-11-19","2026-07-19","2026-09-15 10:31:41","RISK_ADJ_PIPELINE","2026-09-15 10:31:41"
"5eaa36f0-5da6-55a1-8949-8fbda77f0f26","8adc3ede-7fed-5323-9f6b-80e7c6d86be5","2026","9","5","1","1","8","3","39953.12","19283.74","16750.08","2838.02","0.1111","1","7","0.125","15.55","48.4","48.4","0.6551","LOW","0","0","2025-09-19","2026-05-12","2026-09-15 10:31:41","RISK_ADJ_PIPELINE","2026-09-15 10:31:41"
"dae3ec09-5aac-531f-a7dc-71cda633e3d0","27238909-2d5a-53e4-a4ef-2d4c4b817315","2026","11","6","2","2","11","3","26455.69","18506.74","16976.03","2964.11","0.1818","1","8","0.1111","14.25","53.28","53.28","2.0109","HIGH","2","0","2025-09-26","2026-08-17","2026-09-15 10:31:41","RISK_ADJ_PIPELINE","2026-09-15 10:31:41"
"77dbc786-33bb-5593-ad1b-1485e9d71a6a","b4006b12-643b-5dda-a6bf-3a675a57b0b0","2026","12","9","2","1","12","4","43465.27","26347.24","23174.61","4241.74","0.1667","2","9","0.1818","21.48","95.31","38.1","1.1841","MODERATE","1","3","2025-10-08","2026-08-14","2026-09-15 10:31:41","RISK_ADJ_PIPELINE","2026-09-15 10:31:41"
"53e81a85-a9f0-5f34-9700-56ac503400d5","81d08022-3ad1-56cc-a146-68df0153bd15","2026","6","5","0","1","6","4","11781.53","9043.85","8617.18","1654.83","0.0","0","5","0.0","8.07","14.31","14.31","0.7352","LOW","0","2","2025-10-10","2026-09-04","2026-09-15 10:31:41","RISK_ADJ_PIPELINE","2026-09-15 10:31:41"
"6651f1fb-d8a7-55a0-a0d1-13db44813e10","fc8dbb3d-34f0-5106-8b52-c32a0c26e729","2026","9","3","2","1","8","3","12958.78","9250.02","7475.47","987.12","0.2222","0","8","0.0","14.73","21.71","21.71","1.3203","MODERATE","3","0","2025-10-18","2026-08-20","2026-09-15 10:31:41","RISK_ADJ_PIPELINE","2026-09-15 10:31:41"
"cd749f4f-b36c-5b21-9de1-9fa9ad01b459","4be8bbe4-c2c0-5440-9799-c7d8932577f1","2026","9","4","2","1","9","3","42344.13","31355.46","11283.84","2035.13","0.2222","2","6","0.25","24.89","69.45","69.45","1.4809","MODERATE","1","3","2025-10-03","2026-08-05","2026-09-15 10:31:41","RISK_ADJ_PIPELINE","2026-09-15 10:31:41"
"abdcb81b-956e-5b6c-97bc-c50f183454aa","342f879e-45ee-5b8a-bcc2-f14f4e0d8b44","2026","10","9","1","0","10","4","26763.56","21878.85","20846.81","3778.46","0.1","2","8","0.2","19.85","61.31","61.31","0.391","LOW","0","1","2025-10-05","2026-08-29","2026-09-15 10:31:41","RISK_ADJ_PIPELINE","2026-09-15 10:31:41"
"e8901d49-25fa-5162-9b85-ace9589e36aa","0e910517-b1e2-5b82-9359-c750de6b2385","2026","6","5","0","0","6","3","23507.92","19202.01","18139.47","2858.53","0.0","0","6","0.0","8.51","18.56","18.56","0.8982","LOW","0","1","2025-11-01","2026-06-10","2026-09-15 10:31:41","RISK_ADJ_PIPELINE","2026-09-15 10:31:41"
"bd0fc6a8-ee86-558c-8716-39ee4f6f5e3c","2f33b344-fe2f-58ee-b3e3-7accfc02c479","2026","5","3","2","0","5","2","1501.37","387.46","368.05","75.84","0.4","1","4","0.2","32.02","95.17","95.17","0.3152","LOW","0","2","2025-10-19","2025-12-22","2026-09-15 10:31:41","RISK_ADJ_PIPELINE","2026-09-15 10:31:41"
"32153d25-e3e1-5cb0-be19-139959936e29","bdf819f3-dc80-51c9-83ea-9d7ad6cf00cf","2026","9","8","0","0","9","3","17392.49","11539.52","9953.44","1783.2","0.0","3","6","0.3333","16.94","46.32","46.32","1.7461","MODERATE","1","0","2025-09-30","2026-07-03","2026-09-15 10:31:41","RISK_ADJ_PIPELINE","2026-09-15 10:31:41"
"3e111ad1-c2a8-55d3-ac90-42bba6a9b495","cc8ad30c-fe59-5009-b6fd-9b0f19826a77","2026","14","11","0","3","13","3","42379.54","29273.66","23236.47","4671.06","0.0","3","8","0.2727","23.88","59.19","40.4","2.2562","HIGH","2","3","2025-09-17","2026-09-01","2026-09-15 10:31:41","RISK_ADJ_PIPELINE","2026-09-15 10:31:41"
"f90c9d6f-76aa-5d85-97ff-2de383e96297","f46f0060-55ba-5fe3-94ce-7001ade60fb4","2026","19","10","3","5","19","3","55685.88","39770.24","13285.7","1886.01","0.1579","6","8","0.4286","30.96","90.69","79.31","1.5818","MODERATE","3","0","2025-09-25","2026-09-13","2026-09-15 10:31:41","RISK_ADJ_PIPELINE","2026-09-15 10:31:41"
"36b29c67-dd5c-542b-93da-45bc277bdac5","6f9ed9ac-e3b2-5463-84ae-04c166b9e77d","2026","10","6","3","1","9","4","18368.27","11388.91","10017.99","1961.54","0.3","2","7","0.2222","18.84","48.95","48.95","1.6267","MODERATE","1","2","2025-10-24","2026-08-04","2026-09-15 10:31:41","RISK_ADJ_PIPELINE","2026-09-15 10:31:41"
"4c5b82b8-c8f4-515c-a555-3d8860dd3caf","e36b3549-499c-5b6a-9a12-854eefe88e75","2026","14","12","1","0","13","4","76641.41","50801.14","40302.22","7953.44","0.0714","6","8","0.4286","33.64","89.41","77.78","1.0873","MODERATE","3","2","2025-09-15","2026-08-24","2026-09-15 10:31:41","RISK_ADJ_PIPELINE","2026-09-15 10:31:41"
"40f67996-c2a4-53bd-b015-5150ff8c4757","6240686f-0ad4-52f6-9861-a25753fd7078","2026","12","7","2","2","12","3","24766.57","20055.46","16096.22","2697.09","0.1667","3","7","0.3","30.84","91.67","91.67","1.8709","HIGH","1","3","2025-09-20","2026-08-21","2026-09-15 10:31:41","RISK_ADJ_PIPELINE","2026-09-15 10:31:41"
"d4f73875-caca-54e8-95f3-b7e18662a9a9","f8f38675-ad28-5599-ae7b-b285ebae5467","2026","13","8","2","1","13","3","10367.9","6290.86","5146.39","943.78","0.1538","2","10","0.1667","19.15","67.5","45.98","1.2486","MODERATE","1","0","2025-09-23","2026-09-07","2026-09-15 10:31:41","RISK_ADJ_PIPELINE","2026-09-15 10:31:41"
"4517dfce-1e26-5349-a207-56f3b862c090","6439e907-3691-504d-8df4-08cc4aad37e2","2026","33","30","2","1","31","4","98991.99","51607.01","46694.14","9165.08","0.0606","7","25","0.2188","22.77","92.35","58.81","8.0751","CATASTROPHIC","1","1","2025-09-19","2026-09-11","2026-09-15 10:31:41","RISK_ADJ_PIPELINE","2026-09-15 10:31:41"
"e54a7ba7-590c-5e4d-8e0e-fd6c5265a4d4","86dadb43-ec5d-55cf-9b35-302c60cafaf7","2026","7","6","0","0","6","3","16197.92","13785.86","1673.31","409.21","0.0","2","5","0.2857","27.64","95.32","95.32","0.9882","MODERATE","2","4","2025-09-18","2026-05-30","2026-09-15 10:31:41","RISK_ADJ_PIPELINE","2026-09-15 10:31:41"
"3d376135-48d0-5c65-b53f-b0091e9f9bac","04adafa9-a6d1-56ed-93de-b5a0971347fb","2026","1","0","0","1","1","1","553.12","407.12","0","0","0.0","0","0","0.0","","","","0.8361","LOW","0","0","2026-08-10","2026-08-10","2026-09-15 10:31:41","RISK_ADJ_PIPELINE","2026-09-15 10:31:41"
"64d9b58c-0b66-5dcf-8ad1-f6dc89901e4d","1c54ac5b-d162-52fc-b33f-8b47b39d1ff4","2026","6","1","3","1","6","3","21058.09","7062.02","95.76","28.8","0.5","1","4","0.2","18.21","42.65","42.65","1.7452","MODERATE","1","3","2026-03-22","2026-07-10","2026-09-15 10:31:41","RISK_ADJ_PIPELINE","2026-09-15 10:31:41"
"4c2676be-5994-5ae9-b21f-34e126523cb5","2a3c507c-dba8-55d8-919a-97bdeda7b1c7","2026","10","7","1","1","10","3","31214.56","26510.02","23533.42","5067.09","0.1","1","8","0.1111","18.95","68.55","68.55","1.4589","MODERATE","4","5","2025-09-18","2026-08-29","2026-09-15 10:31:41","RISK_ADJ_PIPELINE","2026-09-15 10:31:41"
"5ffd0afd-14d4-575a-916c-1e7ad37abdb3","b2a548df-5599-5d53-9aa2-b79976937a28","2026","16","14","1","1","16","4","59020.56","45584.39","40876.45","7453.89","0.0625","2","13","0.1333","19.53","91.21","45.73","2.7317","HIGH","2","4","2025-10-21","2026-09-10","2026-09-15 10:31:41","RISK_ADJ_PIPELINE","2026-09-15 10:31:41"
"7f9a7826-5166-5406-86c2-d59acb2eb7cb","9a379faa-695c-59fd-b730-b84bbfd238ac","2026","5","2","0","2","5","3","17955.95","14124.51","13267.51","1853.55","0.0","0","3","0.0","11.72","15.42","15.42","0.7736","LOW","0","1","2025-11-10","2026-03-24","2026-09-15 10:31:41","RISK_ADJ_PIPELINE","2026-09-15 10:31:41"
"401e7be7-8a40-5ca5-a917-3e8c960bc4cc","6f85d0e4-711b-56a7-b1fe-73dbfd5e3cc9","2026","8","3","2","3","8","3","28454.77","6591.61","1229.9","268.78","0.25","1","4","0.2","28.06","87.38","87.38","0.8963","LOW","0","1","2025-11-17","2026-08-17","2026-09-15 10:31:41","RISK_ADJ_PIPELINE","2026-09-15 10:31:41"
"17f1a136-7800-5972-b1cb-c86dcf1ab43c","8daf3252-980f-591c-ade1-e304ae538c4f","2026","19","14","3","0","19","4","54589.62","32844.15","29627.27","5585.0","0.1579","1","18","0.0526","17.87","70.08","22.91","2.9873","VERY_HIGH","2","5","2025-09-28","2026-08-30","2026-09-15 10:31:41","RISK_ADJ_PIPELINE","2026-09-15 10:31:41"
"55fc72d9-a7a2-5bea-adae-25cd22b87fa0","29a0652a-6f7c-5b39-aaba-6037a5dcf080","2026","12","6","0","3","12","4","36188.28","25389.8","1604.19","339.5","0.0","3","6","0.3333","28.85","77.08","77.08","0.9832","MODERATE","3","2","2025-10-01","2026-08-26","2026-09-15 10:31:41","RISK_ADJ_PIPELINE","2026-09-15 10:31:41"
"8b03d985-4329-5aca-9da0-34f4666ae9ab","0ddf0de4-236a-50d4-8ddf-88cc24825201","2026","5","2","2","0","5","3","16380.28","12574.25","260.36","74.65","0.4","0","5","0.0","10.65","20.71","20.71","0.5673","LOW","0","0","2025-10-18","2026-08-19","2026-09-15 10:31:41","RISK_ADJ_PIPELINE","2026-09-15 10:31:41"
"2f5432cd-8ff0-53f5-910e-e149870c6ff6","e316d472-e66e-51c6-bc3c-5602474db497","2026","31","20","5","5","29","4","67033.82","49815.86","44903.16","7858.54","0.1613","3","23","0.1154","20.31","95.35","57.11","7.4025","CATASTROPHIC","1","2","2025-09-25","2026-09-08","2026-09-15 10:31:41","RISK_ADJ_PIPELINE","2026-09-15 10:31:41"
"09a12e9e-8a6d-5cd4-9a0a-e0e20b730f36","26695a55-975c-537c-a8b7-43430ee8ef88","2026","14","9","2","1","14","4","69027.91","55742.87","53629.19","7965.44","0.1429","1","12","0.0769","17.91","86.7","23.24","1.1702","MODERATE","1","2","2025-09-15","2026-08-19","2026-09-15 10:31:41","RISK_ADJ_PIPELINE","2026-09-15 10:31:41"
"b3e718ef-501d-574f-8c19-e0e02e2da106","36129fb0-41bc-542d-8424-b4ba3e796ad7","2026","10","6","2","1","10","4","26967.97","8995.66","1688.99","446.31","0.2","1","8","0.1111","19.51","61.06","61.06","1.6905","MODERATE","1","1","2025-11-07","2026-09-03","2026-09-15 10:31:41","RISK_ADJ_PIPELINE","2026-09-15 10:31:41"
"de86838f-9341-538f-9347-ae5924c5ca38","b2d39901-e11a-552f-839b-3aa374b09d51","2026","6","5","0","0","6","3","21777.33","13159.53","12446.95","2633.64","0.0","0","6","0.0","15.95","22.63","22.63","1.5169","MODERATE","1","2","2025-10-16","2026-05-25","2026-09-15 10:31:41","RISK_ADJ_PIPELINE","2026-09-15 10:31:41"
"3dde2e61-0a83-5d09-8bd2-f6b0adc3b079","b6d44965-61dc-5ea3-b4b9-090e5943c693","2026","11","8","2","1","11","3","11519.67","7995.87","7026.66","1559.55","0.1818","1","9","0.1","18.94","65.49","65.49","1.7572","MODERATE","1","3","2025-10-15","2026-08-14","2026-09-15 10:31:41","RISK_ADJ_PIPELINE","2026-09-15 10:31:41"
"a768aa48-eebc-5722-8e77-67f1f27b4b2f","b9c31731-88d3-538f-a5a9-f89bd5a63394","2026","18","16","1","1","18","3","54449.25","38380.19","33701.93","6959.85","0.0556","1","16","0.0588","14.81","34.87","22.79","1.9186","HIGH","2","1","2025-09-20","2026-09-02","2026-09-15 10:31:41","RISK_ADJ_PIPELINE","2026-09-15 10:31:41"
"8a6d72ba-187b-584a-aa3f-e90dc57e907f","4561dca1-f657-521e-9183-f0c57a88e4c1","2026","23","13","5","2","22","4","61784.1","15174.03","13439.18","2169.89","0.2174","4","17","0.1905","21.93","93.51","42.78","2.8519","VERY_HIGH","3","4","2025-09-25","2026-09-02","2026-09-15 10:31:41","RISK_ADJ_PIPELINE","2026-09-15 10:31:41"
"06c492fe-7860-54cc-97d4-5d36d0b7187c","d799e74c-cd7f-5cef-b81e-c23e5dad3811","2026","9","5","3","0","9","3","11700.75","9270.12","7983.43","1461.13","0.3333","2","7","0.2222","26.12","91.81","91.81","0.6469","LOW","0","5","2025-09-23","2026-08-08","2026-09-15 10:31:41","RISK_ADJ_PIPELINE","2026-09-15 10:31:41"
"97b08e7b-c985-50a2-b500-0ec2e5971254","20d7a6e1-f2b0-564b-96f4-47d1ea59827a","2026","10","7","2","0","10","4","16619.5","3334.27","1392.41","373.78","0.2","2","8","0.2","18.73","52.88","52.88","1.0928","MODERATE","1","2","2025-09-30","2026-09-07","2026-09-15 10:31:41","RISK_ADJ_PIPELINE","2026-09-15 10:31:41"
"193246a0-3d85-530f-b98f-3e4f8be6dfcb","0d730868-98c7-5f41-9667-7d5928995762","2026","17","10","2","3","17","4","21855.94","13508.87","11620.02","2393.73","0.1176","1","13","0.0714","20.09","95.66","23.27","2.0259","HIGH","3","0","2025-09-18","2026-09-02","2026-09-15 10:31:41","RISK_ADJ_PIPELINE","2026-09-15 10:31:41"
"3dfe5ac1-3c50-53c0-920c-990f33b013f2","0cb76ea8-d5e3-59b5-a5b1-773163c6fc94","2026","11","9","0","1","11","3","12914.66","10877.93","10058.1","1682.46","0.0","1","9","0.1","19.13","61.46","61.46","1.2273","MODERATE","1","2","2025-09-27","2026-08-13","2026-09-15 10:31:41","RISK_ADJ_PIPELINE","2026-09-15 10:31:41"
"913b498a-2f08-5444-8c47-db38b4d0cbb6","35b32433-4b82-5e03-9366-76fa22a65963","2026","18","11","3","2","18","3","62070.38","44761.12","15871.3","3267.46","0.1667","2","14","0.125","19.56","73.46","69.63","2.6303","HIGH","2","2","2025-09-29","2026-09-01","2026-09-15 10:31:41","RISK_ADJ_PIPELINE","2026-09-15 10:31:41"
"54fcdd7f-5786-504f-99f8-f49eac1f5970","5eb96027-f279-5625-a4aa-f91e2dee0dd2","2026","14","10","2","0","12","4","52052.57","23151.26","20525.62","3238.5","0.1429","0","14","0.0","10.2","23.35","20.29","1.8177","HIGH","2","0","2025-11-30","2026-08-17","2026-09-15 10:31:41","RISK_ADJ_PIPELINE","2026-09-15 10:31:41"
"17cd2381-23c4-560c-8ab4-f03d02d0b685","4ae571b2-b1df-5bb5-ab73-b5a4186e9e85","2026","11","6","2","2","11","4","50266.39","28867.07","12899.25","2746.6","0.1818","0","9","0.0","9.5","21.01","21.01","1.5088","MODERATE","3","1","2025-10-17","2026-09-14","2026-09-15 10:31:41","RISK_ADJ_PIPELINE","2026-09-15 10:31:41"
"24ad80d4-afd4-5341-825d-47721befca50","50f1c511-129c-5f4b-aea1-7d677f30c608","2026","11","8","2","0","11","3","45252.82","31788.05","25247.93","4240.43","0.1818","1","10","0.0909","16.21","67.14","19.52","1.4833","MODERATE","1","0","2025-09-28","2026-08-26","2026-09-15 10:31:41","RISK_ADJ_PIPELINE","2026-09-15 10:31:41"
"76e3fdae-91df-58e2-9e34-af48ab8a3f86","9fbb4324-b341-5c07-b569-756c7189b559","2026","14","9","2","3","14","4","46984.15","30874.83","22237.42","4121.03","0.1429","1","10","0.0909","18.36","70.19","22.98","2.6083","HIGH","1","2","2025-09-25","2026-09-09","2026-09-15 10:31:41","RISK_ADJ_PIPELINE","2026-09-15 10:31:41"
"c8d80429-dcee-509d-ac3b-692aad579481","7afd2b74-2a3e-5a4d-9aa1-b20965d32210","2026","9","9","0","0","9","3","69277.47","46555.84","43155.03","7554.29","0.0","1","8","0.1111","17.31","46.3","46.3","0.9828","MODERATE","3","1","2025-10-22","2026-07-21","2026-09-15 10:31:41","RISK_ADJ_PIPELINE","2026-09-15 10:31:41"
"d0975de9-231b-57b4-88e7-e18294a1a997","26ef6702-b578-52df-84f6-79414d8481f8","2026","16","12","3","1","16","4","68165.53","46160.94","41021.82","7740.45","0.1875","3","12","0.2","22.43","75.09","64.98","1.5871","MODERATE","1","5","2025-09-25","2026-07-21","2026-09-15 10:31:41","RISK_ADJ_PIPELINE","2026-09-15 10:31:41"
"8e48e7db-54c6-5abf-a275-be5718fe2026","4012b74a-a09b-5199-b300-1b8422df8204","2026","9","4","1","2","9","3","22094.88","16670.25","1133.98","245.05","0.1111","2","5","0.2857","28.49","77.61","77.61","1.5718","MODERATE","2","1","2025-09-19","2026-09-11","2026-09-15 10:31:41","RISK_ADJ_PIPELINE","2026-09-15 10:31:41"
"d1f14a8d-001c-5637-8ee9-5041fa044e00","aac4fede-17ba-5604-8512-dd92fa9f2133","2026","19","13","3","2","18","4","14312.06","8972.02","5843.39","1372.68","0.1579","2","15","0.1176","16.91","29.67","28.99","1.7922","MODERATE","2","3","2025-09-21","2026-07-30","2026-09-15 10:31:41","RISK_ADJ_PIPELINE","2026-09-15 10:31:41"
"5217cf09-39ef-54cb-a396-2c573921b7b7","fe760f02-c0b7-56c4-a698-b8a1de767e74","2026","12","7","2","1","11","3","19946.91","12773.8","11045.05","2391.4","0.1667","0","11","0.0","12.43","22.25","20.82","1.2271","MODERATE","3","2","2025-10-14","2026-09-03","2026-09-15 10:31:41","RISK_ADJ_PIPELINE","2026-09-15 10:31:41"
"02bf2aed-f61e-59e2-a89a-77f303dbab7f","7daae7d0-553a-50d1-87ab-1f98f9d67801","2026","6","5","0","1","6","4","36008.3","30205.66","28225.9","5084.23","0.0","0","5","0.0","13.86","20.91","20.91","0.4285","LOW","0","4","2025-11-25","2026-09-04","2026-09-15 10:31:41","RISK_ADJ_PIPELINE","2026-09-15 10:31:41"
"0864755c-50fa-5614-85a2-8c5ca1688838","7420e7c3-5dfb-51eb-b6ef-6541210766f9","2026","8","5","1","2","8","2","2628.17","1844.41","1418.67","393.48","0.125","1","5","0.1667","19.47","73.74","73.74","1.6573","MODERATE","2","5","2025-12-11","2026-09-03","2026-09-15 10:31:41","RISK_ADJ_PIPELINE","2026-09-15 10:31:41"
"bc63d871-426a-5b11-b647-9e48288130a7","360e2818-252f-53c0-b1e2-e2ddf483e83d","2026","4","3","1","0","4","3","14967.35","12710.04","11543.11","2572.83","0.25","0","4","0.0","7.79","14.44","14.44","1.1855","MODERATE","2","3","2025-11-30","2026-05-06","2026-09-15 10:31:41","RISK_ADJ_PIPELINE","2026-09-15 10:31:41"
"32465771-ddd9-5ada-b40f-a16fd74cf3ea","37c56bc4-b1f9-55a1-aa17-17f7976f453e","2026","13","8","1","1","13","4","28482.6","20041.31","16901.25","3262.74","0.0769","1","11","0.0833","12.72","32.04","22.78","1.3079","MODERATE","3","2","2026-01-26","2026-08-30","2026-09-15 10:31:41","RISK_ADJ_PIPELINE","2026-09-15 10:31:41"
"01d9c199-bf16-50e6-be70-3d9c84aa3c86","31d4daf0-ffd2-5dcc-9ff2-40815eebb8b6","2026","6","4","1","0","6","3","21779.23","17250.77","2330.48","513.1","0.1667","1","5","0.1667","21.65","65.4","65.4","0.3506","LOW","0","2","2025-12-22","2026-04-28","2026-09-15 10:31:41","RISK_ADJ_PIPELINE","2026-09-15 10:31:41"
"a67ceb7c-48ee-5613-8f4b-9b37ada4d7bc","1b9b4c42-db87-5628-8f5b-9d3c6451d37a","2026","13","10","1","1","12","3","4474.54","2917.4","2260.76","625.38","0.0769","2","10","0.1667","18.74","57.43","52.79","1.4105","MODERATE","1","1","2025-09-25","2026-08-29","2026-09-15 10:31:41","RISK_ADJ_PIPELINE","2026-09-15 10:31:41"
"874788c6-247c-5524-b46c-e276f96ef024","2c160147-c4a5-5a95-8d82-d22523783f72","2026","12","8","3","0","12","3","4739.41","2681.17","2141.73","597.88","0.25","2","10","0.1667","21.04","63.05","55.25","0.8857","LOW","0","3","2025-10-04","2026-08-01","2026-09-15 10:31:41","RISK_ADJ_PIPELINE","2026-09-15 10:31:41"
"1e015b1f-3751-5527-b1b0-55345adb36ac","14c78a95-b5b0-57d8-8f50-1ccdb73c6f0f","2026","6","3","2","1","6","2","55579.98","23129.74","21207.59","3633.48","0.3333","0","5","0.0","13.06","22.99","22.99","0.6027","LOW","0","1","2025-09-17","2026-09-09","2026-09-15 10:31:41","RISK_ADJ_PIPELINE","2026-09-15 10:31:41"
"6a57d2f4-0cbe-5545-a418-bf6174156591","9a5b085e-a8dc-5227-9b97-aa46d195864e","2026","15","8","5","1","15","4","35810.38","7134.18","6144.69","1234.8","0.3333","3","11","0.2143","18.82","52.04","42.6","2.5616","HIGH","0","0","2025-09-23","2026-09-09","2026-09-15 10:31:41","RISK_ADJ_PIPELINE","2026-09-15 10:31:41"
"369a1b1e-132b-5d97-b15f-acfaec3b0e66","6add84e8-fd4d-5a2b-9646-4dd55c13c3d0","2026","18","13","1","2","18","3","55277.31","39165.77","35908.75","6613.94","0.0556","2","14","0.125","16.52","60.43","42.19","3.0168","VERY_HIGH","1","3","2025-10-06","2026-09-08","2026-09-15 10:31:41","RISK_ADJ_PIPELINE","2026-09-15 10:31:41"
"5cbb344b-1ac4-51c5-9819-d0bfdd8e292a","70fc8d35-efaf-5fd4-aa60-e3a53868bd34","2026","29","20","5","2","26","4","63489.94","36380.57","16199.05","2547.45","0.1724","2","25","0.0741","17.99","86.15","23.24","7.7664","CATASTROPHIC","2","2","2025-09-20","2026-09-10","2026-09-15 10:31:41","RISK_ADJ_PIPELINE","2026-09-15 10:31:41"
"5064580e-b979-552d-b455-3093bc53574d","f94c63fe-a36c-5fd5-908c-f845b34773f0","2026","13","12","0","1","12","3","42487.27","31272.73","29271.51","4108.56","0.0","1","11","0.0833","18.14","91.28","20.65","0.9833","MODERATE","2","1","2025-10-01","2026-08-05","2026-09-15 10:31:41","RISK_ADJ_PIPELINE","2026-09-15 10:31:41"
"242c6a04-3353-57f8-aefb-a9ccdbb0184a","096bf2e7-6183-5d8b-bc7c-06aa5723fdf3","2026","11","9","1","0","11","3","15673.6","11200.88","10392.67","1841.6","0.0909","2","9","0.1818","27.58","82.96","79.17","0.5673","LOW","0","1","2025-10-12","2026-09-10","2026-09-15 10:31:41","RISK_ADJ_PIPELINE","2026-09-15 10:31:41"
"a6583a7c-6be4-59d9-b91b-de89e58dc929","15216f6d-ce36-53a1-85cb-9b8e5abe5791","2026","13","8","1","2","13","3","32667.29","22869.29","9302.43","1673.04","0.0769","2","9","0.1818","20.92","75.37","24.84","1.884","HIGH","1","2","2025-11-07","2026-09-09","2026-09-15 10:31:41","RISK_ADJ_PIPELINE","2026-09-15 10:31:41"
"3c0bdba4-993e-5648-ac00-ff49462dadb0","e976b6e6-e369-5585-ac5c-b6ea6832f467","2026","17","14","2","1","17","4","32089.86","19939.14","17574.13","3691.64","0.1176","2","14","0.125","15.55","56.25","26.05","2.5686","HIGH","1","0","2025-10-04","2026-06-20","2026-09-15 10:31:41","RISK_ADJ_PIPELINE","2026-09-15 10:31:41"
"c88459a3-f078-5861-b0b6-6c766d4faf7b","22cd0748-2534-5f51-b012-f519421f30ca","2026","14","10","1","1","14","4","54647.48","35550.46","32594.95","6197.97","0.0714","2","11","0.1538","22.5","87.47","67.99","1.9063","HIGH","2","3","2025-09-25","2026-09-09","2026-09-15 10:31:41","RISK_ADJ_PIPELINE","2026-09-15 10:31:41"
"ce98e343-9b4d-59e6-a23e-184c63ee1f2c","d1d39754-2d50-584c-b3d7-0a1aba9ede8f","2026","18","13","3","1","17","3","6876.8","3743.91","3016.0","854.99","0.1667","3","14","0.1765","19.29","66.28","55.92","1.0694","MODERATE","0","4","2025-10-15","2026-09-13","2026-09-15 10:31:41","RISK_ADJ_PIPELINE","2026-09-15 10:31:41"
"062d3bcf-0a2a-5ef6-8e77-23ae47e7f428","86667886-7c08-5ae4-b585-9d975e0d14f5","2026","12","9","2","1","12","3","24753.22","16182.07","15339.7","2963.59","0.1667","3","8","0.2727","22.93","85.05","54.14","2.5131","HIGH","2","2","2025-09-27","2026-07-18","2026-09-15 10:31:41","RISK_ADJ_PIPELINE","2026-09-15 10:31:41"
"6a7c17b8-cd0f-5c86-9a4d-c09369410d3c","02a84b7a-ed12-5f8a-88b8-fee053fd6685","2026","14","10","1","1","13","4","16473.35","12241.43","11273.67","2197.26","0.0714","1","12","0.0769","13.57","27.82","21.52","2.2948","HIGH","1","1","2025-10-05","2026-08-12","2026-09-15 10:31:41","RISK_ADJ_PIPELINE","2026-09-15 10:31:41"
"10e7d972-c286-5587-88aa-79e0ed634fbc","6b23a49a-ee4d-57a1-b09b-dabe2db87ebe","2026","16","10","4","1","16","2","56338.82","27071.24","17684.87","2815.77","0.25","3","12","0.2","18.17","78.55","62.16","2.596","HIGH","3","2","2025-09-15","2026-08-26","2026-09-15 10:31:41","RISK_ADJ_PIPELINE","2026-09-15 10:31:41"
"0db198d0-388a-5c8d-8cd8-c296330027fb","b201d118-0909-59f4-af23-a4a0e3faacee","2026","12","8","2","2","10","4","22317.85","16540.7","14304.22","3023.6","0.1667","0","10","0.0","12.35","21.95","21.95","1.0572","MODERATE","2","2","2025-10-23","2026-09-13","2026-09-15 10:31:41","RISK_ADJ_PIPELINE","2026-09-15 10:31:41"
"3cadd9f7-e21e-563b-a1c8-e1702f7fb2ea","1bb4f038-9773-5081-9860-f5fd99b6ea3b","2026","15","9","3","3","15","4","47425.13","31778.11","28139.23","4909.89","0.2","0","12","0.0","14.2","22.7","22.66","3.3254","VERY_HIGH","1","3","2025-09-24","2026-07-27","2026-09-15 10:31:41","RISK_ADJ_PIPELINE","2026-09-15 10:31:41"
"7ab970ec-33ac-5395-b156-3d01283a8c27","79ece8ca-7a66-5112-ab9e-f909d641f979","2026","21","18","2","1","19","4","84759.15","41699.79","37714.95","6905.8","0.0952","6","14","0.3","26.29","94.23","82.49","3.3684","VERY_HIGH","1","2","2025-09-21","2026-09-08","2026-09-15 10:31:41","RISK_ADJ_PIPELINE","2026-09-15 10:31:41"
"ed8d5ccf-8ccd-5ace-8b19-b07a037f7b30","09577b7f-88c8-5544-8715-a362c23dd105","2026","3","2","0","1","3","1","1665.75","1006.83","538.99","121.92","0.0","1","1","0.5","33.34","58.75","58.75","0.3874","LOW","0","0","2026-04-03","2026-09-06","2026-09-15 10:31:41","RISK_ADJ_PIPELINE","2026-09-15 10:31:41"
"7c63e39a-3737-5a58-ad08-7400401bb5d2","2d5fcc6d-2077-5c5e-99ae-51b8375cc0ba","2026","11","7","1","3","10","4","19800.28","12196.34","2815.33","482.13","0.0909","1","7","0.125","18.05","41.34","41.34","1.6443","MODERATE","1","3","2025-10-04","2026-08-09","2026-09-15 10:31:41","RISK_ADJ_PIPELINE","2026-09-15 10:31:41"
"c9a09dcc-c427-58f6-ab2c-b829fac4e575","656b8f88-6eb7-547b-b766-676e43baff4b","2026","14","8","2","4","13","4","58586.41","38478.86","20022.43","3336.16","0.1429","1","9","0.1","16.3","47.39","47.39","2.3205","HIGH","0","3","2025-09-25","2026-09-12","2026-09-15 10:31:41","RISK_ADJ_PIPELINE","2026-09-15 10:31:41"
"d3dc7e46-8a41-5373-bf10-1d522d22b7d3","42240d01-87f5-5680-bc56-97ee2af36816","2026","7","6","1","0","7","2","3437.25","2403.42","2167.47","505.78","0.1429","2","5","0.2857","33.62","94.98","94.98","2.783","HIGH","1","3","2025-10-09","2026-06-07","2026-09-15 10:31:41","RISK_ADJ_PIPELINE","2026-09-15 10:31:41"
"3d0f3449-becc-5d81-98e4-14a456f24fe6","aa13a7df-87dc-50ce-9697-4dc204525374","2026","7","5","0","1","6","3","25370.0","19364.87","9554.78","1960.63","0.0","1","5","0.1667","26.91","94.53","94.53","1.3736","MODERATE","0","3","2025-09-24","2026-06-22","2026-09-15 10:31:41","RISK_ADJ_PIPELINE","2026-09-15 10:31:41"
"f0936bef-a043-5e70-b42c-25e37d6d787e","eaa30ec7-8215-52db-9ee4-c8439c2f91a9","2026","10","8","0","2","9","4","23344.23","16770.52","14884.82","2870.02","0.0","1","7","0.125","18.46","65.39","65.39","1.3099","MODERATE","1","0","2025-10-31","2026-08-22","2026-09-15 10:31:41","RISK_ADJ_PIPELINE","2026-09-15 10:31:41"
"a12b42fa-2269-5892-8d7f-772bccb5b3f2","1a725175-c177-53ea-920b-3632c607b840","2026","3","3","0","0","3","2","4250.57","3192.88","2960.83","470.49","0.0","0","3","0.0","14.22","21.68","21.68","0.8366","LOW","0","4","2025-10-03","2026-07-15","2026-09-15 10:31:41","RISK_ADJ_PIPELINE","2026-09-15 10:31:41"
"dce30aee-9d20-552f-b9b7-9a9c7ac113b3","b8e0b467-bffe-5ce7-bf9c-3ced202b6276","2026","15","10","1","3","15","4","85609.98","50548.56","45367.31","6986.72","0.0667","4","8","0.3333","20.07","44.94","35.43","2.2499","HIGH","0","4","2025-11-19","2026-09-09","2026-09-15 10:31:41","RISK_ADJ_PIPELINE","2026-09-15 10:31:41"
"a3b05b37-9743-595f-8fb9-4af031f626cc","8300245f-4a3e-50a5-b475-50b4c2cc7bf7","2026","11","11","0","0","11","4","26635.43","20677.06","17842.58","3251.09","0.0","1","10","0.0909","13.24","25.99","18.22","1.8852","HIGH","2","4","2025-11-16","2026-06-28","2026-09-15 10:31:41","RISK_ADJ_PIPELINE","2026-09-15 10:31:41"
"1275336f-f4e3-526d-b378-b8df9bea6aac","0362851a-49be-54d6-8893-b1904c60d557","2026","13","10","2","0","13","4","27525.01","15843.79","13603.54","2725.39","0.1538","3","10","0.2308","25.97","91.37","47.05","0.8172","LOW","0","1","2025-09-15","2026-08-09","2026-09-15 10:31:41","RISK_ADJ_PIPELINE","2026-09-15 10:31:41"
"ff9f40fe-ad47-5cf3-b6a7-c27464a4e295","e41a32c6-cce0-551f-9c4b-291cd542e559","2026","21","14","4","0","19","4","112116.53","78442.65","68379.69","11004.44","0.1905","0","21","0.0","13.14","22.11","21.33","3.0177","VERY_HIGH","2","1","2025-09-21","2026-08-15","2026-09-15 10:31:41","RISK_ADJ_PIPELINE","2026-09-15 10:31:41"
"1e64c65f-c710-55bc-8a22-fc8c09cb42e5","cf6c062d-9bef-5493-aaac-da1208e74d2f","2026","12","7","0","5","12","3","37829.98","25605.44","2162.96","645.73","0.0","1","6","0.1429","20.38","87.64","87.64","0.9589","MODERATE","1","3","2025-10-10","2026-09-11","2026-09-15 10:31:41","RISK_ADJ_PIPELINE","2026-09-15 10:31:41"
"06c62fab-44eb-5f0c-91ac-89ce26bbd7c1","92308702-08a8-5198-9a57-04019acb83ff","2026","17","10","1","3","17","4","59099.95","43465.07","24278.97","3348.41","0.0588","2","12","0.1429","18.34","54.94","25.06","2.3375","HIGH","2","5","2025-10-09","2026-09-13","2026-09-15 10:31:41","RISK_ADJ_PIPELINE","2026-09-15 10:31:41"
"ad535dae-cb89-5e3c-b5a9-57210025cf42","2eac4af5-c5a6-557e-be79-72f5b474d13b","2026","19","14","1","3","19","4","52100.86","34697.6","30616.04","5283.24","0.0526","0","16","0.0","13.36","23.36","23.29","2.6305","HIGH","1","4","2025-10-25","2026-08-13","2026-09-15 10:31:41","RISK_ADJ_PIPELINE","2026-09-15 10:31:41"
"045098b4-5a09-502e-9fc3-8a7420d81589","926a327c-2144-55ee-a263-4bc750e8e95f","2026","10","8","1","1","9","4","46009.6","22554.84","21051.28","2915.65","0.1","0","9","0.0","10.05","22.65","22.65","0.9039","MODERATE","2","0","2025-11-03","2026-07-12","2026-09-15 10:31:41","RISK_ADJ_PIPELINE","2026-09-15 10:31:41"
"4fc8f29a-4a85-5673-af48-389acdcb0467","b03ee333-5b06-5198-9001-1ee3411ef3d2","2026","3","1","1","0","3","2","1212.77","550.7","281.37","53.55","0.3333","1","2","0.3333","23.17","51.42","51.42","0.9084","MODERATE","1","3","2026-01-21","2026-07-19","2026-09-15 10:31:41","RISK_ADJ_PIPELINE","2026-09-15 10:31:41"
"a05a9763-12a0-5185-a2c8-5f5f5fb63db7","0f6a0cf9-a12c-56ff-8064-9948e527b26a","2026","9","6","1","1","8","4","26919.44","19164.69","16120.57","3353.48","0.1111","3","5","0.375","31.6","94.6","94.6","1.6829","MODERATE","1","0","2025-10-11","2026-08-07","2026-09-15 10:31:41","RISK_ADJ_PIPELINE","2026-09-15 10:31:41"
"14e9c9e2-6c47-581b-9bda-4b14dab72e63","e49f15d5-a035-50cf-b557-3e5448eacec5","2026","25","18","3","3","23","4","130805.5","75547.34","56883.8","9546.07","0.12","0","22","0.0","13.14","21.57","20.61","3.2883","VERY_HIGH","2","1","2025-10-08","2026-08-26","2026-09-15 10:31:41","RISK_ADJ_PIPELINE","2026-09-15 10:31:41"
"b0d242f3-1658-50c1-a0ec-a437b44f67dc","ae0044d6-82f9-5c12-baa6-d4b4ad1ea598","2026","10","5","3","2","10","3","13816.57","7508.22","1337.63","280.91","0.3","2","6","0.25","22.69","66.09","66.09","0.45","LOW","0","3","2025-12-26","2026-09-07","2026-09-15 10:31:41","RISK_ADJ_PIPELINE","2026-09-15 10:31:41"
"4928531b-dd40-5846-a14d-54a02c3b3534","ab986358-4056-5c22-8774-c4c1a6118461","2026","19","14","5","0","19","4","48884.19","17344.07","15934.35","2753.2","0.2632","3","16","0.1579","20.08","93.07","57.36","3.5435","VERY_HIGH","0","1","2025-09-25","2026-07-13","2026-09-15 10:31:41","RISK_ADJ_PIPELINE","2026-09-15 10:31:41"
"f00ba65b-f43c-5c2c-ae22-1a37ff70e953","07028a4e-3ea0-5c5a-9a28-f5368e77977d","2026","10","8","1","1","9","4","8622.24","6871.12","6234.05","1368.81","0.1","2","7","0.2222","19.1","51.23","51.23","2.2111","HIGH","1","2","2025-09-16","2026-08-17","2026-09-15 10:31:41","RISK_ADJ_PIPELINE","2026-09-15 10:31:41"
"826cb7de-f39c-554f-9d60-d385d56d1fa3","bf20967e-0b01-5ffa-9be5-d4c0db083a1c","2026","14","11","0","2","13","4","70285.18","48538.13","19496.99","4123.11","0.0","0","12","0.0","10.4","19.29","18.86","2.4374","HIGH","1","0","2025-10-08","2026-08-31","2026-09-15 10:31:41","RISK_ADJ_PIPELINE","2026-09-15 10:31:41"
"752653b4-e077-51c8-b9d9-ad34c6798f6c","1e7c2bcf-fffc-50e2-84c9-8ee13ad5757c","2026","8","5","2","1","8","3","20103.75","13057.72","1025.44","245.43","0.25","0","7","0.0","14.31","21.06","21.06","1.7732","MODERATE","1","1","2025-11-03","2026-05-27","2026-09-15 10:31:41","RISK_ADJ_PIPELINE","2026-09-15 10:31:41"
"be1db795-a99b-5715-9a77-5f5ec6509929","5f548c82-2d57-5cab-9e5f-958705fed456","2026","16","13","2","1","15","4","59121.08","27394.78","25848.32","3504.0","0.125","0","15","0.0","12.71","19.43","18.52","2.7631","HIGH","0","1","2025-09-23","2026-09-10","2026-09-15 10:31:41","RISK_ADJ_PIPELINE","2026-09-15 10:31:41"
"0d899639-7cfc-5b15-9f68-14eab8e02f15","f2bcb780-09b1-5f24-b267-062f1407d35e","2026","29","22","2","3","26","4","65387.72","44304.51","40581.33","6161.9","0.069","5","21","0.1923","18.47","82.8","54.32","5.6327","CATASTROPHIC","3","2","2025-10-18","2026-09-06","2026-09-15 10:31:41","RISK_ADJ_PIPELINE","2026-09-15 10:31:41"
"cdc12091-b663-5690-aa5e-1796e17f7108","35ab1e21-00a9-5030-9b9e-a6bb4d98e052","2026","7","5","1","0","7","3","49520.35","21103.23","14134.75","2223.91","0.1429","1","6","0.1429","13.42","24.59","24.59","0.4571","LOW","0","4","2025-09-15","2026-08-12","2026-09-15 10:31:41","RISK_ADJ_PIPELINE","2026-09-15 10:31:41"
"fa2e83cc-0530-57f6-b110-e9c31c2fa093","05d23696-424b-588a-8bf0-146a87e5fca9","2026","7","5","2","0","7","3","44831.61","18387.93","17920.63","2730.47","0.2857","1","6","0.1429","28.19","92.82","92.82","0.4138","LOW","0","2","2025-09-20","2026-08-30","2026-09-15 10:31:41","RISK_ADJ_PIPELINE","2026-09-15 10:31:41"
"e6d15953-4e46-56cf-ae4f-5984cb07a734","ba7af555-2b9c-57b8-b462-5753a6409b64","2026","14","9","2","3","14","4","20769.76","2964.36","2230.39","542.92","0.1429","2","9","0.1818","19.72","53.22","28.99","1.979","HIGH","2","2","2025-09-21","2026-08-26","2026-09-15 10:31:41","RISK_ADJ_PIPELINE","2026-09-15 10:31:41"
"c35f6999-7cca-5b1a-a188-6765262b7eac","07d628fe-83a2-56d4-a0dd-098b7e813d43","2026","19","12","5","2","18","4","45001.11","29752.71","25354.76","4586.51","0.2632","3","14","0.1765","18.75","47.75","42.92","3.2489","VERY_HIGH","3","2","2025-09-21","2026-09-11","2026-09-15 10:31:41","RISK_ADJ_PIPELINE","2026-09-15 10:31:41"
"216b8006-faa2-5141-9735-7b530b3030a1","ffc96338-7da4-57ea-a134-6855a0cdf152","2026","8","6","2","0","8","3","30587.87","11928.4","11562.56","1906.48","0.25","1","7","0.125","16.16","34.93","34.93","1.2232","MODERATE","1","0","2025-12-02","2026-09-12","2026-09-15 10:31:41","RISK_ADJ_PIPELINE","2026-09-15 10:31:41"
"d0e3924c-3a79-593c-bb8f-d5afbfd7b5ff","d48ac5ac-bd0b-5ed0-b47e-536f1778ba25","2026","16","9","2","1","16","4","59154.98","34374.64","28556.91","4752.96","0.125","2","13","0.1333","16.25","67.18","46.29","1.9379","HIGH","1","5","2025-09-19","2026-09-09","2026-09-15 10:31:41","RISK_ADJ_PIPELINE","2026-09-15 10:31:41"
"51af11de-4df3-566d-a483-c409b5629448","285c5e88-202c-5819-8e3a-9fe628b52d7d","2026","18","12","3","1","18","4","58730.67","33521.83","31414.48","5436.96","0.1667","1","16","0.0588","16.44","95.54","23.03","2.2687","HIGH","2","1","2025-09-26","2026-09-02","2026-09-15 10:31:41","RISK_ADJ_PIPELINE","2026-09-15 10:31:41"
"87c666bf-5fda-5325-b3d5-3d2bc46b9956","0c14065a-c65e-5e91-8f4b-fc16fdc947af","2026","19","11","6","1","19","3","36357.56","22516.36","19876.41","3634.47","0.3158","0","18","0.0","15.5","23.2","21.34","3.7154","VERY_HIGH","1","0","2025-11-13","2026-09-11","2026-09-15 10:31:41","RISK_ADJ_PIPELINE","2026-09-15 10:31:41"
"377ac9ac-ed4e-534f-9837-3e4ef1d280e2","ada9c7ae-de76-5975-8048-cfd8b93aff41","2026","23","16","6","0","22","4","72288.64","49593.7","44608.45","7871.09","0.2609","6","17","0.2609","23.61","89.2","58.84","2.9119","VERY_HIGH","1","0","2025-10-06","2026-09-03","2026-09-15 10:31:41","RISK_ADJ_PIPELINE","2026-09-15 10:31:41"
"9386622d-c456-58e2-8092-02c4099beef4","18db5d41-d198-5fb6-b3c2-056165a7bb02","2026","11","7","2","1","11","3","44863.13","19973.75","18489.35","2671.22","0.1818","2","8","0.2","20.85","74.58","74.58","1.7906","MODERATE","3","4","2025-10-22","2026-09-12","2026-09-15 10:31:41","RISK_ADJ_PIPELINE","2026-09-15 10:31:41"
"67177e55-d5a4-50be-8cc1-57b7ea2948d9","e277bd77-3c7e-54dd-a7b7-17b6027d5f3e","2026","5","5","0","0","5","3","1697.95","1222.76","1169.54","317.71","0.0","0","5","0.0","11.55","19.54","19.54","0.5395","LOW","0","0","2025-10-16","2026-03-08","2026-09-15 10:31:41","RISK_ADJ_PIPELINE","2026-09-15 10:31:41"
"34410097-10a0-55ae-ac14-e08c90ae4845","4dd923bb-cf47-5e77-b40c-6ed3bc9fbf1e","2026","12","8","4","0","12","3","19645.16","7933.22","7508.31","1466.21","0.3333","1","11","0.0833","15.28","58.46","19.08","2.7108","HIGH","1","0","2025-10-14","2026-07-15","2026-09-15 10:31:41","RISK_ADJ_PIPELINE","2026-09-15 10:31:41"
"14e6d890-acf3-552c-a75a-2713a0d5c34e","012afb9c-b88e-505f-a853-2cc2431a56a6","2026","14","7","3","3","13","4","49694.45","26441.68","17944.23","2861.39","0.2143","1","10","0.0909","18.67","74.68","22.46","0.7476","LOW","0","3","2025-09-19","2026-07-30","2026-09-15 10:31:41","RISK_ADJ_PIPELINE","2026-09-15 10:31:41"
"710974b5-6268-5aac-a261-d613d42f8864","a215833a-d123-5126-9de4-475fea86217e","2026","8","5","1","1","8","4","5927.03","3914.66","3314.6","740.73","0.125","2","5","0.2857","27.9","74.23","74.23","0.5149","LOW","0","2","2025-09-23","2026-08-26","2026-09-15 10:31:41","RISK_ADJ_PIPELINE","2026-09-15 10:31:41"
"06a378cc-c18a-5ed7-b189-976d48788dc9","5f0bd972-5f8b-56be-a284-ba1088b2ac12","2026","8","4","1","1","8","3","2132.0","1208.4","712.05","230.63","0.125","2","5","0.2857","23.73","69.71","69.71","0.9822","MODERATE","1","3","2025-09-24","2026-09-14","2026-09-15 10:31:41","RISK_ADJ_PIPELINE","2026-09-15 10:31:41"
"42b7be2b-31aa-5b2e-8942-c235a4192fc3","16d28c51-5c35-5297-a3ad-7d4f4ff9f9f9","2026","16","10","5","0","16","3","26165.37","17192.83","16229.3","2955.77","0.3125","2","14","0.125","16.99","57.4","42.09","1.745","MODERATE","3","1","2025-09-23","2026-09-04","2026-09-15 10:31:41","RISK_ADJ_PIPELINE","2026-09-15 10:31:41"
"ff4dbef5-9d54-5fc9-b207-670cdca38713","e6ff7b4e-8e3c-50e8-9f86-063f9e331275","2026","10","7","1","1","10","4","51074.26","37209.47","12501.79","2270.36","0.1","1","8","0.1111","18.79","86.35","86.35","2.5913","HIGH","1","4","2025-10-19","2026-09-13","2026-09-15 10:31:41","RISK_ADJ_PIPELINE","2026-09-15 10:31:41"
"7e7d930f-feae-5f36-af69-ca86a9602578","47532974-3c0e-5bbc-8c34-c09b46dc13aa","2026","12","10","0","2","12","4","23907.16","20073.41","18092.61","2473.68","0.0","1","9","0.1","15.45","61.55","61.55","1.4287","MODERATE","1","3","2025-10-26","2026-08-27","2026-09-15 10:31:41","RISK_ADJ_PIPELINE","2026-09-15 10:31:41"
"23ae6ca2-cedd-51cb-95b2-2fc0d8de4b84","e0a3d52a-b5ab-57b4-b496-f3f005191d98","2026","31","18","8","2","28","3","32328.72","11868.23","3762.28","1082.31","0.2581","2","27","0.069","15.4","44.58","22.89","5.9968","CATASTROPHIC","3","2","2025-09-19","2026-08-28","2026-09-15 10:31:41","RISK_ADJ_PIPELINE","2026-09-15 10:31:41"
"9d773188-4475-5253-9631-d56026905077","b5569d66-4a40-5754-bb39-e1cdd4d90bf8","2026","8","5","2","1","8","2","29034.73","20824.75","17127.88","3650.11","0.25","0","7","0.0","18.45","21.67","21.67","1.0274","MODERATE","1","2","2025-10-03","2026-09-12","2026-09-15 10:31:41","RISK_ADJ_PIPELINE","2026-09-15 10:31:41"
"5081c3eb-61f4-5af8-b60c-c92e3fc736f4","9fe5108f-2546-52ff-a58b-3d28530a5306","2026","5","3","2","0","5","1","2807.84","1272.76","1230.04","258.06","0.4","0","5","0.0","12.99","20.64","20.64","0.8175","LOW","0","2","2025-10-05","2026-04-12","2026-09-15 10:31:41","RISK_ADJ_PIPELINE","2026-09-15 10:31:41"
"e7d9dfba-8408-5274-800b-69e429adaf6e","30cb8fc8-5d85-561c-bc61-4975fd95b61a","2026","7","7","0","0","7","3","2249.67","1577.2","1426.24","449.21","0.0","0","7","0.0","10.38","22.1","22.1","1.3328","MODERATE","2","3","2025-11-12","2026-08-30","2026-09-15 10:31:41","RISK_ADJ_PIPELINE","2026-09-15 10:31:41"
"ebacb694-22c9-53c1-bb85-a0e75014b546","8d1537eb-6819-5059-aa20-681a50228a25","2026","21","12","4","1","19","4","49239.4","30574.79","14640.11","2314.7","0.1905","2","18","0.1","14.65","87.53","28.81","3.2618","VERY_HIGH","1","3","2025-09-16","2026-09-09","2026-09-15 10:31:41","RISK_ADJ_PIPELINE","2026-09-15 10:31:41"
"ec9151c6-2736-5f16-bdee-8ccde3a8ed0a","b25a81e9-3df2-5376-a54d-b5ff59ef7eaf","2026","7","5","1","1","7","2","37168.71","15983.28","14196.92","2864.27","0.1429","0","6","0.0","12.15","22.88","22.88","0.6633","LOW","0","0","2025-10-31","2026-08-08","2026-09-15 10:31:41","RISK_ADJ_PIPELINE","2026-09-15 10:31:41"
"1ebb06bf-2b59-5dab-ab95-6cba3db7120e","52408bc2-aed9-512a-bdc3-b9dbb7b9984c","2026","20","13","5","1","20","4","53981.06","32494.37","12093.28","2236.89","0.25","2","17","0.1053","19.63","75.15","45.27","3.5902","VERY_HIGH","3","2","2025-09-17","2026-08-01","2026-09-15 10:31:41","RISK_ADJ_PIPELINE","2026-09-15 10:31:41"
"d741a8fa-4516-55f3-abce-8b5aa9231377","9d2fac7c-82d5-5ade-a583-a7416c63a876","2026","11","8","2","1","11","4","48825.83","29209.08","22586.64","3998.01","0.1818","2","8","0.2","16.56","50.66","50.66","1.1595","MODERATE","1","2","2025-09-30","2026-09-04","2026-09-15 10:31:41","RISK_ADJ_PIPELINE","2026-09-15 10:31:41"
"39d28bc9-67d7-57d5-95a0-f1958ffbc83b","de04261d-767e-5cc9-acb6-9d11f13b7367","2026","5","5","0","0","5","2","1636.68","1145.13","1110.02","326.6","0.0","0","5","0.0","7.04","19.01","19.01","0.3514","LOW","0","3","2025-10-03","2026-09-09","2026-09-15 10:31:41","RISK_ADJ_PIPELINE","2026-09-15 10:31:41"
"2146031b-0ffc-5ae7-be2d-090965029791","509d9234-93e9-5d40-9fb6-7a1d9fc9b7aa","2026","16","13","2","0","15","3","49006.24","29625.01","28210.73","4747.19","0.125","5","11","0.3125","29.92","84.05","73.1","3.3679","VERY_HIGH","0","0","2025-10-08","2026-08-17","2026-09-15 10:31:41","RISK_ADJ_PIPELINE","2026-09-15 10:31:41"
"8a065fa1-bb68-59c4-a4eb-39c8f5947d9b","d2ba203a-3153-5507-aeaa-df20372b0f03","2026","10","6","2","0","10","3","37655.32","16723.79","14240.75","2227.91","0.2","2","8","0.2","18.68","59.81","59.81","1.4942","MODERATE","1","4","2025-09-25","2026-08-15","2026-09-15 10:31:41","RISK_ADJ_PIPELINE","2026-09-15 10:31:41"
"3c9d111c-653a-58e8-82f5-15100cbc4316","c196079e-05f0-544f-ad8d-7acab24080f6","2026","2","2","0","0","2","2","790.71","498.94","464.21","137.48","0.0","1","1","0.5","25.86","49.06","49.06","0.7994","LOW","0","1","2026-04-09","2026-08-02","2026-09-15 10:31:41","RISK_ADJ_PIPELINE","2026-09-15 10:31:41"
"f6391663-1daa-5404-8ceb-b75b029d605c","135625ab-50a4-58e7-89a2-f9974b34ba2a","2026","14","8","0","2","11","4","29064.48","19065.95","16886.1","2927.03","0.0","0","12","0.0","12.47","20.38","19.01","2.6975","HIGH","0","4","2025-11-07","2026-08-30","2026-09-15 10:31:41","RISK_ADJ_PIPELINE","2026-09-15 10:31:41"
"75a7153e-d67f-5ced-ac85-8bd68de243ab","841fb799-3f85-5a78-9c41-1778b632812e","2026","13","9","4","0","13","4","44975.34","34313.12","32174.88","4732.04","0.3077","0","13","0.0","7.85","19.89","15.43","1.7435","MODERATE","4","3","2025-09-27","2026-09-06","2026-09-15 10:31:41","RISK_ADJ_PIPELINE","2026-09-15 10:31:41"
"157321bf-5f85-5c13-a746-27f8f083102c","631f8a09-abf1-5dd7-9d30-2eb315ebb554","2026","19","12","4","1","19","4","18472.02","3893.19","2866.65","876.19","0.2105","4","14","0.2222","22.15","93.21","48.77","1.2558","MODERATE","1","3","2025-09-15","2026-09-07","2026-09-15 10:31:41","RISK_ADJ_PIPELINE","2026-09-15 10:31:41"
"573d54ec-a5fa-53e3-8ce1-da6ae65ac545","f0207641-214c-5a10-9867-eb009bb0dd71","2026","7","5","0","0","7","4","39786.64","27510.11","13846.74","2208.3","0.0","2","5","0.2857","23.65","76.62","76.62","0.4749","LOW","0","3","2025-10-09","2026-06-09","2026-09-15 10:31:41","RISK_ADJ_PIPELINE","2026-09-15 10:31:41"
"5ec42ddf-cbfe-5da6-8803-ae55f7470dff","85be463d-37b6-52ff-9b35-c9a8f049f304","2026","12","7","3","1","11","3","48157.87","33966.43","31642.16","5794.41","0.25","2","9","0.1818","23.75","89.45","60.71","2.1483","HIGH","1","4","2025-10-02","2026-08-30","2026-09-15 10:31:41","RISK_ADJ_PIPELINE","2026-09-15 10:31:41"
"de36da35-51d6-58d2-8d7f-38677cd2c938","0e006462-be00-53aa-a3c3-277c288be47d","2026","5","3","1","1","5","4","9251.71","7862.33","7340.85","1130.32","0.2","1","3","0.25","18.63","52.74","52.74","0.7826","LOW","0","0","2025-10-22","2026-07-14","2026-09-15 10:31:41","RISK_ADJ_PIPELINE","2026-09-15 10:31:41"
"bf1d30ab-2a15-5556-9a99-d507077f550e","14ace281-9d0d-53f9-a4ac-efc83175ee69","2026","9","8","0","1","9","3","41470.48","33205.37","27305.85","3745.19","0.0","2","6","0.25","24.16","68.39","68.39","1.2378","MODERATE","1","2","2025-10-19","2026-08-05","2026-09-15 10:31:41","RISK_ADJ_PIPELINE","2026-09-15 10:31:41"
"7f25f2e0-2657-5534-9839-6a7a188a15ce","3ae01ada-e342-5837-a591-f85984ee796a","2026","22","13","4","4","22","4","54377.06","30598.83","3982.38","987.92","0.1818","1","17","0.0556","13.06","43.95","21.05","3.0173","VERY_HIGH","1","3","2025-10-15","2026-08-21","2026-09-15 10:31:41","RISK_ADJ_PIPELINE","2026-09-15 10:31:41"
"5d4686f8-31e7-5d14-98f6-50a371f4e2b6","028e8d6d-f4fd-5928-8078-0ddce5411843","2026","5","3","1","1","5","3","7606.26","5293.42","4484.25","677.98","0.2","0","4","0.0","9.55","16.49","16.49","0.645","LOW","0","1","2025-09-25","2026-06-21","2026-09-15 10:31:41","RISK_ADJ_PIPELINE","2026-09-15 10:31:41"
"d3a45263-68b9-5325-a4a8-ab528b0fe60d","10191280-853a-5903-9d99-ee4122006520","2026","15","11","1","3","13","4","34003.09","22088.68","19348.22","3434.48","0.0667","1","11","0.0833","17.09","79.44","21.32","2.4951","HIGH","2","3","2025-10-16","2026-08-18","2026-09-15 10:31:41","RISK_ADJ_PIPELINE","2026-09-15 10:31:41"
"847af5ec-3c6e-5304-b5fc-b385b5998efe","5fb479a5-2947-5c1d-9634-a53f31d6e67d","2026","8","5","1","0","8","4","44099.86","27692.5","11064.09","1821.49","0.125","2","6","0.25","19.72","54.97","54.97","0.6899","LOW","0","1","2025-09-28","2026-07-06","2026-09-15 10:31:41","RISK_ADJ_PIPELINE","2026-09-15 10:31:41"
"10f69aa6-70df-5cf7-a65d-edbdf3e1f92e","96e6ee7b-85e2-5356-a1b6-3c5a78906163","2026","6","5","0","0","5","3","35960.88","27233.98","25695.82","3809.84","0.0","1","5","0.1667","17.62","53.43","53.43","1.609","MODERATE","3","4","2025-10-03","2026-07-09","2026-09-15 10:31:41","RISK_ADJ_PIPELINE","2026-09-15 10:31:41"
"0893ebe3-b088-5f07-8043-a763300afd08","352e063f-422e-5c86-87ce-1eed97375bf8","2026","9","5","3","1","9","3","39870.07","22040.26","19493.35","2834.78","0.3333","0","8","0.0","14.44","22.21","22.21","0.5093","LOW","0","2","2025-10-06","2026-07-25","2026-09-15 10:31:41","RISK_ADJ_PIPELINE","2026-09-15 10:31:41"
"8ca2864f-8a5c-520d-b570-fef6cc283e1f","56b48bc5-491b-53c3-b152-182e03424ef8","2026","12","8","2","2","12","3","45503.58","33720.08","15848.71","3129.32","0.1667","3","7","0.3","28.2","88.47","88.47","2.5068","HIGH","1","4","2025-09-30","2026-08-31","2026-09-15 10:31:41","RISK_ADJ_PIPELINE","2026-09-15 10:31:41"
"f8800ab3-54d3-53ee-8175-e19d20b6468d","971099f5-1c20-5908-ab38-8524e30da104","2026","11","6","1","4","11","3","3227.05","2250.44","1039.05","337.52","0.0909","1","6","0.1429","24.53","86.47","86.47","0.9517","MODERATE","1","0","2025-09-29","2026-09-03","2026-09-15 10:31:41","RISK_ADJ_PIPELINE","2026-09-15 10:31:41"
"df1e808f-ecea-589e-adec-9a2aa8a61de6","3000ed4b-3678-5d09-b22d-29f507f48769","2026","15","12","2","1","14","4","13105.88","8331.07","7152.1","1618.26","0.1333","3","11","0.2143","22.38","86.66","69.83","2.3281","HIGH","0","1","2025-09-19","2026-08-20","2026-09-15 10:31:41","RISK_ADJ_PIPELINE","2026-09-15 10:31:41"
"88e68107-3943-5ed3-812e-d5ef4bec2ded","277c6e6b-5ce5-5ff4-8473-34dcf917f00a","2026","31","19","4","5","26","4","61605.44","24649.71","21193.95","3514.45","0.129","4","22","0.1538","20.78","92.66","31.85","6.8934","CATASTROPHIC","2","2","2025-09-25","2026-08-24","2026-09-15 10:31:41","RISK_ADJ_PIPELINE","2026-09-15 10:31:41"
"700d893c-d243-54a7-9fc6-e4a90d44b18e","2461522f-326b-5c56-8169-c53dcafe94ca","2026","5","1","2","1","5","2","22007.53","7417.3","442.65","107.38","0.4","2","2","0.5","43.57","85.51","85.51","1.7218","MODERATE","1","1","2025-09-22","2026-06-19","2026-09-15 10:31:41","RISK_ADJ_PIPELINE","2026-09-15 10:31:41"
"cb7377f9-1812-509e-9260-20796605ad5b","fdcbd70c-04c0-530e-afd8-92c54b899efe","2026","13","8","1","3","12","4","46797.75","30169.81","14883.38","2759.33","0.0769","0","10","0.0","9.63","22.5","22.5","1.4987","MODERATE","0","3","2025-09-20","2026-07-21","2026-09-15 10:31:41","RISK_ADJ_PIPELINE","2026-09-15 10:31:41"
"bf8e1b7a-3ee3-567c-a3b4-7fea78face3e","68768ba7-b598-53d3-9ef7-358cb9ae34e3","2026","5","5","0","0","4","2","9190.06","5407.3","5267.46","1065.44","0.0","0","5","0.0","12.42","16.29","16.29","0.707","LOW","0","3","2025-09-30","2026-06-14","2026-09-15 10:31:41","RISK_ADJ_PIPELINE","2026-09-15 10:31:41"
"b2c41f25-125f-5e3b-9f7a-cabca88fa6ff","dc5f844a-398e-5fa6-8178-3d1ec371a13b","2026","1","1","0","0","1","1","410.07","312.66","283.54","82.83","0.0","0","1","0.0","20.67","20.67","20.67","0.5408","LOW","0","1","2026-01-15","2026-01-15","2026-09-15 10:31:41","RISK_ADJ_PIPELINE","2026-09-15 10:31:41"
"d43b4a16-86a0-5e5e-b147-5db7da69b04e","f9a7a723-eb91-5395-92f2-c51f831c763e","2026","4","3","1","0","4","2","9794.49","713.01","663.43","163.83","0.25","0","4","0.0","13.41","20.42","20.42","0.5508","LOW","0","1","2025-11-14","2026-08-09","2026-09-15 10:31:41","RISK_ADJ_PIPELINE","2026-09-15 10:31:41"
"2484d079-6594-50a7-b5ef-5fcd81e8bfe2","8e180c16-a1f8-5bb0-9acb-98047edfecfb","2026","2","2","0","0","2","2","944.52","743.33","668.02","210.55","0.0","0","2","0.0","6.13","10.47","10.47","0.5163","LOW","0","5","2026-03-01","2026-06-30","2026-09-15 10:31:41","RISK_ADJ_PIPELINE","2026-09-15 10:31:41"
"365959ba-f014-5e21-b82c-35da9f6f60ff","6e0ef986-0aed-5f72-bfbe-c9673b01892d","2026","11","8","2","1","11","4","4655.48","2851.04","1885.47","514.45","0.1818","3","7","0.3","28.21","90.14","90.14","0.9394","MODERATE","3","1","2025-10-01","2026-07-30","2026-09-15 10:31:41","RISK_ADJ_PIPELINE","2026-09-15 10:31:41"
"d1753c65-c6a7-553a-ab5e-9e8a7e6932d2","12fd95a4-c506-5ecf-b105-7944340d677c","2026","29","18","6","4","27","4","100541.44","64342.14","47568.76","8732.43","0.2069","7","18","0.28","22.96","77.57","67.51","4.2736","CATASTROPHIC","0","0","2025-09-16","2026-08-27","2026-09-15 10:31:41","RISK_ADJ_PIPELINE","2026-09-15 10:31:41"
"405c41d0-2fd3-5415-b24c-652f1838ea96","1fa7d21b-88db-5799-a53e-a269a43ffc10","2026","5","3","1","1","5","3","2007.31","1286.36","802.49","240.68","0.2","2","2","0.5","38.21","69.11","69.11","1.3534","MODERATE","2","0","2025-10-09","2026-07-12","2026-09-15 10:31:41","RISK_ADJ_PIPELINE","2026-09-15 10:31:41"
"70ba9d02-7e15-503f-8aae-2bebb69396b2","e20952b8-da6e-59b6-b05b-9b76d965e0bb","2026","7","5","0","1","7","3","16667.55","13262.07","11894.69","1989.42","0.0","0","6","0.0","10.1","17.89","17.89","0.6892","LOW","0","4","2025-09-22","2026-08-11","2026-09-15 10:31:41","RISK_ADJ_PIPELINE","2026-09-15 10:31:41"
"8e2b30ce-0e1f-5860-9fcd-c96521af8ebf","d211118b-4d75-57f7-84da-0b529e85b843","2026","17","12","4","0","16","4","120019.09","52121.92","35697.84","6263.71","0.2353","3","14","0.1765","22.5","88.04","69.24","2.5805","HIGH","2","3","2025-09-24","2026-09-11","2026-09-15 10:31:41","RISK_ADJ_PIPELINE","2026-09-15 10:31:41"
"03f9c773-5973-54f4-8997-a01253805471","f8c9bf81-fa75-5cc0-ad23-c08e7aae2711","2026","5","3","1","1","5","3","13744.78","8887.01","8318.48","1380.73","0.2","2","2","0.5","29.57","55.4","55.4","0.6418","LOW","0","3","2025-09-18","2026-08-19","2026-09-15 10:31:41","RISK_ADJ_PIPELINE","2026-09-15 10:31:41"
"21dfc877-0800-584d-aa0e-62c3ec962bd4","466d0ff7-7a9f-569f-85e9-23ad138db6ee","2026","3","3","0","0","3","1","1046.47","739.63","727.03","142.57","0.0","0","3","0.0","8.54","15.03","15.03","0.6764","LOW","0","0","2026-03-08","2026-06-10","2026-09-15 10:31:41","RISK_ADJ_PIPELINE","2026-09-15 10:31:41"
"b3d55dba-39c2-5dc1-95b1-eabb3893efeb","40ed3083-5753-5027-b327-85d4e6776c37","2026","21","13","3","3","21","4","24128.32","15137.95","12292.48","2378.1","0.1429","1","17","0.0556","14.65","32.06","20.51","2.9234","VERY_HIGH","2","1","2025-09-16","2026-08-17","2026-09-15 10:31:41","RISK_ADJ_PIPELINE","2026-09-15 10:31:41"
"375ac16d-5819-529b-bf40-c0e1453a6de8","86f54230-4615-56e4-bd2f-88e836246cfa","2026","7","4","2","1","7","3","2513.6","1372.16","933.7","283.63","0.2857","3","3","0.5","22.53","43.87","43.87","0.854","LOW","0","0","2025-09-25","2026-06-22","2026-09-15 10:31:41","RISK_ADJ_PIPELINE","2026-09-15 10:31:41"
"f884e6ab-f25e-5a7e-aa31-6fd2774a6c96","bdaf226f-1dd1-56f0-bf46-e2ddc496cf53","2026","4","3","0","0","4","3","9910.31","5572.67","5269.74","958.75","0.0","1","3","0.25","31.93","94.33","94.33","0.3013","LOW","0","5","2026-02-16","2026-09-06","2026-09-15 10:31:41","RISK_ADJ_PIPELINE","2026-09-15 10:31:41"
"9a13892f-1285-5d1f-8b69-905c0af3e466","6e97f279-1f91-5bd3-bbb6-2f95fb6c9607","2026","11","10","1","0","11","2","4152.62","2373.11","2200.0","605.34","0.0909","2","9","0.1818","15.01","49.1","39.2","1.3849","MODERATE","4","2","2025-09-27","2026-05-03","2026-09-15 10:31:41","RISK_ADJ_PIPELINE","2026-09-15 10:31:41"
"2a31fc20-b366-58dc-a61b-46d8b9c09f94","aaacc338-9256-5b78-ad6c-e96cb140b75e","2026","4","2","1","0","4","3","19131.71","14619.82","12510.48","1909.88","0.25","0","4","0.0","7.24","11.31","11.31","0.5096","LOW","0","1","2025-12-05","2026-02-27","2026-09-15 10:31:41","RISK_ADJ_PIPELINE","2026-09-15 10:31:41"
"00d7397d-0e1f-5a7f-a5c1-f249f3b45e4a","1725ee27-17da-521c-a5cf-a07df4f0ac4a","2026","16","12","2","0","15","4","56562.0","31610.34","29794.85","4221.5","0.125","5","11","0.3125","26.99","79.92","72.76","2.2768","HIGH","2","0","2025-10-07","2026-08-29","2026-09-15 10:31:41","RISK_ADJ_PIPELINE","2026-09-15 10:31:41"
"dee8db45-3502-5451-b8a0-8a2570c57fe5","0ed308aa-5664-51e3-82ad-3655df200074","2026","8","5","1","2","8","4","35131.59","22159.33","18930.28","4120.22","0.125","0","6","0.0","10.01","14.26","14.26","0.8287","LOW","0","4","2025-09-18","2026-08-10","2026-09-15 10:31:41","RISK_ADJ_PIPELINE","2026-09-15 10:31:41"
"cbc303a0-ffa2-5218-8014-5c0d8d2870a7","d31dddc0-98b8-53f8-913d-e2bd1c3a0e2e","2026","8","5","1","2","8","4","16052.06","9376.61","8625.13","1101.92","0.125","2","4","0.3333","19.22","62.13","62.13","0.4271","LOW","0","3","2025-09-25","2026-08-12","2026-09-15 10:31:41","RISK_ADJ_PIPELINE","2026-09-15 10:31:41"
"513e37a0-be57-5455-adbe-64df927d49fe","c315aa67-7f95-5cb0-9cd9-d0a9688a24bf","2026","17","13","0","2","15","3","53281.1","38793.75","13443.1","2833.66","0.0","3","12","0.2","23.13","91.51","85.48","1.828","HIGH","2","2","2025-10-18","2026-09-06","2026-09-15 10:31:41","RISK_ADJ_PIPELINE","2026-09-15 10:31:41"
"c5aa115a-9c7b-54b8-b429-a868bfd2dac0","504d027f-75ca-532d-8d2c-ab2f16973676","2026","5","3","1","0","5","3","22488.72","17394.53","2798.99","486.1","0.2","0","5","0.0","11.61","19.21","19.21","0.5389","LOW","0","1","2025-12-12","2026-07-21","2026-09-15 10:31:41","RISK_ADJ_PIPELINE","2026-09-15 10:31:41"
"97cac114-e0a0-55a4-84dd-1c6ac8ed20a1","a26768f7-24c0-5509-b926-cb3e6fd42286","2026","11","8","2","1","11","3","59619.46","30260.02","28461.26","4173.64","0.1818","2","8","0.2","21.0","78.22","78.22","2.6852","HIGH","2","2","2025-11-11","2026-08-28","2026-09-15 10:31:41","RISK_ADJ_PIPELINE","2026-09-15 10:31:41"
"ee21f59f-8d4e-595f-a43b-05ce3f295cc6","865f3c98-5c98-515b-ba31-eb8b1b48ce46","2026","10","9","1","0","9","3","38077.7","27526.48","24807.27","5352.39","0.1","3","7","0.3","22.48","75.48","75.48","0.6662","LOW","0","3","2025-09-22","2026-09-09","2026-09-15 10:31:41","RISK_ADJ_PIPELINE","2026-09-15 10:31:41"
"a4c4c72d-1a2d-5d72-8966-6ba84b0a5f93","3fc65276-dff0-548e-91ad-5411668751f6","2026","7","6","0","0","7","1","3641.83","2444.28","1920.29","430.44","0.0","1","6","0.1429","19.61","64.97","64.97","0.7632","LOW","0","2","2025-12-03","2026-07-08","2026-09-15 10:31:41","RISK_ADJ_PIPELINE","2026-09-15 10:31:41"
"1aa9b17d-f2b4-5c28-a2e9-fdd11eb23c02","8e4cce00-67a0-5061-ae41-a7ee03876ca8","2026","17","10","2","3","16","4","15416.69","8333.11","5742.54","1329.13","0.1176","0","14","0.0","12.54","23.07","22.62","2.6774","HIGH","2","3","2025-09-17","2026-08-22","2026-09-15 10:31:41","RISK_ADJ_PIPELINE","2026-09-15 10:31:41"
"6c6c8c8d-0bf7-5ecb-bcfd-7f5ecba59322","330b9530-a928-5914-a280-bd22a9161559","2026","22","14","5","2","21","3","119858.25","67518.71","53106.48","8960.24","0.2273","1","19","0.05","13.8","92.61","17.14","3.3578","VERY_HIGH","1","1","2025-10-04","2026-08-23","2026-09-15 10:31:41","RISK_ADJ_PIPELINE","2026-09-15 10:31:41"
"f765116b-713d-5c03-9bab-ff1857cbe0a9","752f59d0-b162-55de-a310-3a34989561a0","2026","7","5","1","1","7","4","17503.89","13794.69","12914.71","2639.91","0.1429","0","6","0.0","13.99","19.53","19.53","0.8619","LOW","0","3","2025-10-06","2026-06-21","2026-09-15 10:31:41","RISK_ADJ_PIPELINE","2026-09-15 10:31:41"
"eea221bb-4b66-594f-9a9b-efa171533d76","5971d9a7-8092-5dff-8d9b-0222a5f664af","2026","9","7","2","0","9","4","61367.8","34399.26","31495.74","6305.71","0.2222","2","7","0.2222","17.96","38.03","38.03","1.6475","MODERATE","1","2","2025-10-12","2026-08-05","2026-09-15 10:31:41","RISK_ADJ_PIPELINE","2026-09-15 10:31:41"
"46e7ec24-f749-5608-ba53-d5a7188505c3","af50b6bf-caed-5d4a-a83f-b5401e0f6128","2026","19","14","1","3","18","4","16869.25","12049.86","10477.2","2208.76","0.0526","5","11","0.3125","23.01","90.53","72.29","1.9446","HIGH","1","0","2025-09-15","2026-08-29","2026-09-15 10:31:41","RISK_ADJ_PIPELINE","2026-09-15 10:31:41"
"a798e520-4624-50cf-a929-b0080c8c9c31","2bb5b028-188a-5484-bd3d-d4b01edb47e6","2026","19","12","2","3","17","4","30029.19","17128.26","14292.24","2785.51","0.1053","3","13","0.1875","19.54","75.11","47.82","3.4025","VERY_HIGH","1","2","2025-09-18","2026-08-06","2026-09-15 10:31:41","RISK_ADJ_PIPELINE","2026-09-15 10:31:41"
"2a563615-0a8b-5694-a553-cb95302095da","348e8cb5-bd5d-56f2-8760-780a521d3b1e","2026","13","12","0","1","13","3","11325.04","8255.0","7267.96","1310.37","0.0","4","8","0.3333","31.64","90.81","86.15","1.2937","MODERATE","2","2","2025-10-04","2026-09-01","2026-09-15 10:31:41","RISK_ADJ_PIPELINE","2026-09-15 10:31:41"
"79d6550b-677b-5af5-ac89-fbdd909f06fb","7817c910-b503-5678-9948-2890fc2ce3aa","2026","11","9","0","1","11","3","47078.76","30618.41","27490.31","6015.57","0.0","0","10","0.0","8.38","23.3","23.3","1.6384","MODERATE","2","4","2025-09-25","2026-08-23","2026-09-15 10:31:41","RISK_ADJ_PIPELINE","2026-09-15 10:31:41"
"98f22d96-89b2-5a90-b1d7-362f2fe39ba3","9e514f14-4c34-5031-b52c-9165150d2dec","2026","10","5","1","1","10","3","3532.58","2198.67","1027.84","337.45","0.1","0","9","0.0","12.27","20.36","20.36","1.7632","MODERATE","1","0","2025-10-27","2026-08-22","2026-09-15 10:31:41","RISK_ADJ_PIPELINE","2026-09-15 10:31:41"
"060e6f23-e5b8-53cf-9ff2-08e9e8cb294f","3803dd0d-0d3c-5a84-8238-1dfebc8b7af4","2026","1","0","0","1","1","1","298.45","218.55","0","0","0.0","0","0","0.0","","","","0.371","LOW","0","3","2026-03-01","2026-03-01","2026-09-15 10:31:41","RISK_ADJ_PIPELINE","2026-09-15 10:31:41"
"6fd51c91-9f79-5571-b325-6b00c2b78409","e3ccddd6-1a5b-56d4-840f-ef2052084e63","2026","10","6","1","3","9","2","11525.12","7127.12","5650.21","1175.51","0.1","0","7","0.0","10.58","17.58","17.58","0.8043","LOW","0","2","2025-10-04","2026-08-22","2026-09-15 10:31:41","RISK_ADJ_PIPELINE","2026-09-15 10:31:41"
"1e0dcb50-6dfd-58b8-9d37-b4f7ac05d0b8","d1986e90-d126-5753-88b5-edac95f0cf3a","2026","21","11","5","3","20","4","107889.03","54909.64","32816.33","4905.31","0.2381","4","14","0.2222","29.44","94.97","81.36","3.0496","VERY_HIGH","1","4","2025-10-03","2026-08-30","2026-09-15 10:31:41","RISK_ADJ_PIPELINE","2026-09-15 10:31:41"
"74e3bda7-d85e-5c26-a5e6-672845dc5977","5e954994-e759-5f08-8e20-336a3d20d279","2026","10","7","1","2","10","3","10817.84","5339.21","4499.14","981.71","0.1","2","6","0.25","24.55","69.17","69.17","0.607","LOW","0","3","2025-10-27","2026-08-01","2026-09-15 10:31:41","RISK_ADJ_PIPELINE","2026-09-15 10:31:41"
"07452df6-3943-5811-9a43-b1725e0f3791","c63ad05f-f168-59f5-b2a6-227861081ffc","2026","26","18","4","2","24","4","34297.06","17095.96","14853.95","3211.52","0.1538","5","19","0.2083","24.1","80.45","72.63","3.1001","VERY_HIGH","4","3","2025-09-28","2026-09-13","2026-09-15 10:31:41","RISK_ADJ_PIPELINE","2026-09-15 10:31:41"
"9c7f633c-444f-595a-8a75-4df3d7eff945","625ceee1-3127-58f4-9612-dc1221063676","2026","8","5","1","2","8","4","13910.44","11169.79","10538.25","2188.84","0.125","2","4","0.3333","25.6","78.3","78.3","0.4003","LOW","0","1","2025-12-18","2026-08-14","2026-09-15 10:31:41","RISK_ADJ_PIPELINE","2026-09-15 10:31:41"
"cd2b27e3-fad2-5d9c-920d-ce995cab05f0","8abda363-5e83-5d66-a777-d1455588f3ba","2026","6","3","2","1","6","3","2369.04","1253.85","890.18","227.42","0.3333","1","4","0.2","26.01","73.61","73.61","0.3065","LOW","0","2","2026-02-10","2026-07-08","2026-09-15 10:31:41","RISK_ADJ_PIPELINE","2026-09-15 10:31:41"
"bcc82ded-95da-51af-b240-a519726d76fa","88122566-caea-57f4-84cf-e17c4453a61f","2026","12","8","1","0","12","3","20226.51","9604.64","7616.86","1705.86","0.0833","2","10","0.1667","20.74","80.28","48.38","0.9421","MODERATE","2","2","2025-09-26","2026-09-07","2026-09-15 10:31:41","RISK_ADJ_PIPELINE","2026-09-15 10:31:41"
"5c4b78f5-1425-5001-9389-096d7f176a3a","0c376032-0765-5b16-9de2-32785ad0ef6d","2026","19","14","2","1","18","4","120917.56","86497.49","53772.64","10898.32","0.1053","5","13","0.2778","26.23","90.55","88.98","2.6299","HIGH","1","3","2025-09-21","2026-08-31","2026-09-15 10:31:41","RISK_ADJ_PIPELINE","2026-09-15 10:31:41"
"ce7123f9-7c5a-52fe-864f-64606194e20d","9a8d97e0-708f-5303-bbd4-9aa7f9b14c59","2026","8","6","1","1","8","4","34762.82","25705.92","21709.79","4412.97","0.125","1","6","0.1429","14.42","28.93","28.93","0.4937","LOW","0","4","2025-11-22","2026-05-15","2026-09-15 10:31:41","RISK_ADJ_PIPELINE","2026-09-15 10:31:41"
"fd57ce14-b062-5ed5-a947-559cfe78ff00","15dcda04-3bbf-5b70-a302-cff2f6787829","2026","6","5","0","1","6","3","5090.47","4239.23","3293.63","558.26","0.0","2","3","0.4","27.28","53.49","53.49","0.4022","LOW","0","3","2025-12-14","2026-09-05","2026-09-15 10:31:41","RISK_ADJ_PIPELINE","2026-09-15 10:31:41"
"35a8b8e0-436b-57a4-8919-df91bf0deefa","0a5bc919-e77c-52ef-be32-1ff7c7492ada","2026","7","4","1","1","7","2","3343.39","1894.34","1231.75","327.48","0.1429","2","4","0.3333","20.94","48.83","48.83","2.0125","HIGH","1","2","2025-09-24","2026-09-10","2026-09-15 10:31:41","RISK_ADJ_PIPELINE","2026-09-15 10:31:41"
"c6b0a16d-f14d-56c5-b1a3-e96098b245fb","9d5e0ea7-102e-5d8d-8375-5088643340ed","2026","13","12","0","1","12","4","44454.84","29927.83","26609.22","4118.36","0.0","1","11","0.0833","14.99","39.03","20.04","1.0827","MODERATE","1","2","2025-09-15","2026-08-24","2026-09-15 10:31:41","RISK_ADJ_PIPELINE","2026-09-15 10:31:41"
"82c82c1a-b82b-536e-a1b6-5ce3967d1171","f38d8206-ee1f-5915-98cf-de4b90317b0b","2026","14","11","2","1","12","4","44053.51","22238.37","20404.42","4163.98","0.1429","2","11","0.1538","20.24","88.23","73.37","2.1544","HIGH","2","1","2025-10-13","2026-08-19","2026-09-15 10:31:41","RISK_ADJ_PIPELINE","2026-09-15 10:31:41"
"4cfbcfbb-9318-51c0-9e21-107888008495","336144bb-3a6e-5917-94dc-f770e93f85f0","2026","16","10","4","1","16","4","54916.93","21020.75","18883.77","3639.34","0.25","0","15","0.0","13.92","23.15","22.8","2.759","HIGH","1","1","2025-09-30","2026-08-31","2026-09-15 10:31:41","RISK_ADJ_PIPELINE","2026-09-15 10:31:41"
"e5e80f96-34c3-558e-acca-fdcbd5966b93","a3c30e05-b39e-5fe7-b2ea-6833c1fadd9a","2026","9","6","2","0","9","2","3844.31","2163.99","1946.4","435.05","0.2222","3","6","0.3333","30.44","71.56","71.56","0.9028","MODERATE","2","1","2025-10-04","2026-08-22","2026-09-15 10:31:41","RISK_ADJ_PIPELINE","2026-09-15 10:31:41"
"56f8a8ee-d7ba-56b7-a9f1-94db81dcb006","817adfa4-1003-5f95-b84b-86b962dbd7c9","2026","8","4","1","2","8","2","4579.28","2598.42","1792.66","387.87","0.125","1","5","0.1667","21.26","93.63","93.63","0.708","LOW","0","1","2025-09-29","2026-05-19","2026-09-15 10:31:41","RISK_ADJ_PIPELINE","2026-09-15 10:31:41"
"8cb0c89c-0bd1-55ff-bf90-32640df86b0d","b9ccfc6d-ce7a-56df-ad59-93aff0cbe1cb","2026","9","7","1","1","9","3","40089.5","33960.84","31718.31","3982.77","0.1111","0","8","0.0","13.19","23.14","23.14","0.6107","LOW","0","5","2025-10-23","2026-08-11","2026-09-15 10:31:41","RISK_ADJ_PIPELINE","2026-09-15 10:31:41"
"d412cbb6-7fcc-53f1-98f4-83a6c47ea8f6","a9a87f5e-78c3-59cc-b18d-0353de0d9fec","2026","17","12","4","0","14","4","60021.31","19042.96","18404.61","3586.72","0.2353","1","16","0.0588","16.44","73.1","21.63","2.4788","HIGH","1","1","2025-09-30","2026-09-13","2026-09-15 10:31:41","RISK_ADJ_PIPELINE","2026-09-15 10:31:41"
"d78b2938-14a4-58c4-b0df-86ac8cc731c1","62b0bf92-7e9d-5a24-8ef5-8cf97b00ba47","2026","13","7","4","0","13","3","68946.19","38467.94","18656.82","2741.66","0.3077","3","10","0.2308","14.8","31.43","29.77","2.4855","HIGH","0","2","2025-09-30","2026-09-14","2026-09-15 10:31:41","RISK_ADJ_PIPELINE","2026-09-15 10:31:41"
"352832dd-0d2e-50e9-9bc0-c17623d41cef","e21236b4-edeb-5e76-9f82-7b99e310448f","2026","7","6","1","0","7","4","12564.45","10361.91","9458.9","1748.16","0.1429","0","7","0.0","12.41","22.29","22.29","0.8272","LOW","0","5","2026-02-04","2026-05-31","2026-09-15 10:31:41","RISK_ADJ_PIPELINE","2026-09-15 10:31:41"
"5c405e18-966c-5428-aa87-6f7023a928d1","486be5e6-8218-56e0-afa9-acb97bcb17d3","2026","25","15","4","4","23","4","89722.19","61594.72","55505.73","9282.5","0.16","4","17","0.1905","19.07","61.3","59.76","3.9042","VERY_HIGH","1","3","2025-11-02","2026-08-28","2026-09-15 10:31:41","RISK_ADJ_PIPELINE","2026-09-15 10:31:41"
"185b9e5d-b5a6-5cfb-9a58-9f6c6bae7d91","e1a75bab-5a53-51e8-8f90-80552679d144","2026","23","18","1","2","21","4","38252.72","27136.76","24618.77","4362.72","0.0435","6","15","0.2857","19.84","61.85","48.19","3.6551","VERY_HIGH","2","5","2025-09-27","2026-07-29","2026-09-15 10:31:41","RISK_ADJ_PIPELINE","2026-09-15 10:31:41"
"d11b864a-1c09-519b-9f93-eac40a62da3d","247a712e-580d-534b-ace4-1004cb216284","2026","7","6","0","0","7","4","16187.53","12616.23","11545.62","2347.79","0.0","3","4","0.4286","40.51","94.99","94.99","0.702","LOW","0","3","2025-10-18","2026-08-22","2026-09-15 10:31:41","RISK_ADJ_PIPELINE","2026-09-15 10:31:41"
"d3a6508b-3e4d-54a1-8784-78a4a8a85646","129d298c-8bd4-5508-9413-c200c4e42ac2","2026","27","19","4","1","26","4","109090.15","48052.86","44756.02","6449.18","0.1481","3","23","0.1154","18.15","74.07","31.29","4.029","CATASTROPHIC","2","0","2025-10-01","2026-09-12","2026-09-15 10:31:41","RISK_ADJ_PIPELINE","2026-09-15 10:31:41"
"182e2df4-1a6e-5ab4-9708-cb3ef13efd84","81fef492-ef30-55d0-8ab4-d89a625575e9","2026","5","3","1","1","5","3","40204.74","11867.3","10516.93","1675.88","0.2","0","4","0.0","16.7","21.81","21.81","1.4923","MODERATE","3","2","2025-11-28","2026-06-07","2026-09-15 10:31:41","RISK_ADJ_PIPELINE","2026-09-15 10:31:41"
"92c002b7-e76a-5b41-b345-00bd5dc58b88","95e6e945-0edd-552e-8cb1-407dfeb18cc5","2026","10","7","3","0","8","2","4440.2","2244.02","2053.98","523.2","0.3","3","7","0.3","30.0","92.67","92.67","2.6135","HIGH","0","1","2025-10-04","2026-08-17","2026-09-15 10:31:41","RISK_ADJ_PIPELINE","2026-09-15 10:31:41"
"b1310a39-fd9b-5c4c-b699-48f6fa2e1428","f5d55b86-814d-5aeb-a40d-b5c63a3cf28b","2026","7","6","1","0","7","3","54753.59","36037.57","32609.3","5362.91","0.1429","1","6","0.1429","17.72","67.96","67.96","0.5364","LOW","0","3","2025-10-11","2026-08-02","2026-09-15 10:31:41","RISK_ADJ_PIPELINE","2026-09-15 10:31:41"
"04b01d1e-be4a-5e4e-9290-29bcb3ca352c","ce395547-71d8-51c4-8ec3-952e2c1baf89","2026","12","4","4","2","12","4","12236.83","8230.88","6655.42","1064.58","0.3333","4","6","0.4","29.78","82.55","82.55","1.113","MODERATE","2","4","2025-09-28","2026-08-08","2026-09-15 10:31:41","RISK_ADJ_PIPELINE","2026-09-15 10:31:41"
"8e6f9565-c0b0-5941-8bc9-73cd6d0a6862","91dfdca9-8200-5c6d-b4cf-f426f6190666","2026","16","12","1","2","16","4","59787.99","43461.92","38477.89","7129.45","0.0625","4","10","0.2857","24.01","81.04","77.64","1.3757","MODERATE","0","1","2025-10-06","2026-08-27","2026-09-15 10:31:41","RISK_ADJ_PIPELINE","2026-09-15 10:31:41"
"c2a6ed40-72b1-502d-bafa-7235d45b8150","e2440cb3-c704-5a84-b685-014ebcdd8f29","2026","13","8","4","1","12","3","32866.22","11656.4","10930.72","1585.2","0.3077","1","11","0.0833","20.65","95.78","22.96","2.674","HIGH","1","2","2025-10-19","2026-09-07","2026-09-15 10:31:41","RISK_ADJ_PIPELINE","2026-09-15 10:31:41"
"92324791-5cf9-5666-8de4-5ac67e1beab3","bd53446c-5804-5868-9b0e-717f049d7ebd","2026","21","13","2","4","20","4","95000.77","54549.95","27641.7","5636.57","0.0952","2","15","0.1176","15.14","70.31","26.35","2.4112","HIGH","3","2","2025-09-18","2026-09-14","2026-09-15 10:31:41","RISK_ADJ_PIPELINE","2026-09-15 10:31:41"
"eef35b07-63e3-51e2-a98c-97bc8b88aa39","d0c889ad-3950-5bd3-9e4c-aabf977ffa4b","2026","7","4","1","1","7","2","30078.65","24164.24","22610.24","4013.56","0.1429","1","5","0.1667","20.82","82.3","82.3","1.6251","MODERATE","1","3","2025-10-12","2026-09-07","2026-09-15 10:31:41","RISK_ADJ_PIPELINE","2026-09-15 10:31:41"
"7882bced-3087-58ee-a9b1-6c41fda045b9","b58122b4-5343-5297-b248-37c9415508e4","2026","14","8","4","2","13","4","28083.98","18247.31","15831.14","2811.98","0.2857","2","10","0.1667","16.92","63.68","59.19","3.8517","VERY_HIGH","2","3","2025-10-29","2026-08-17","2026-09-15 10:31:41","RISK_ADJ_PIPELINE","2026-09-15 10:31:41"
"0d0590f1-0b2e-531a-87da-5e9837ceeccb","d4b0baf5-597a-5750-a12c-23dea9e5db3b","2026","20","14","5","0","18","4","56437.07","15785.76","15190.96","2190.9","0.25","0","20","0.0","13.6","23.41","22.56","3.2221","VERY_HIGH","0","3","2025-10-14","2026-09-09","2026-09-15 10:31:41","RISK_ADJ_PIPELINE","2026-09-15 10:31:41"
"3d492652-f389-5df4-b31c-62dfc89d51cb","b6fc7d91-d3ba-5987-8fb1-8a364cd97d6b","2026","18","17","0","1","17","3","34082.49","23676.44","21032.71","4184.37","0.0","5","12","0.2941","24.29","88.07","75.13","2.0442","HIGH","1","1","2025-10-07","2026-09-10","2026-09-15 10:31:41","RISK_ADJ_PIPELINE","2026-09-15 10:31:41"
"3b4eee9c-1276-532c-b15e-fb78a11685ec","cc88fa7b-736d-59c6-9627-36550d48a8b4","2026","22","12","1","4","22","3","11154.28","7959.03","5347.05","1077.84","0.0455","5","13","0.2778","27.26","93.98","91.43","3.1826","VERY_HIGH","1","1","2025-09-21","2026-07-09","2026-09-15 10:31:41","RISK_ADJ_PIPELINE","2026-09-15 10:31:41"
"b4aa2b23-50df-51c1-b6ad-957c39114d18","f9289f13-bf7d-5808-b652-bd8131c1f7b9","2026","9","5","2","0","9","3","50041.9","17884.56","16539.77","2930.25","0.2222","0","9","0.0","12.34","21.18","21.18","1.0028","MODERATE","1","1","2025-10-07","2026-08-29","2026-09-15 10:31:41","RISK_ADJ_PIPELINE","2026-09-15 10:31:41"
"573a5084-6156-5f25-b1f9-6addeb169427","b04a8834-1b47-5674-a84a-1a16e847f548","2026","1","1","0","0","1","1","253.04","175.29","154.19","34.52","0.0","0","1","0.0","15.49","15.49","15.49","0.6249","LOW","0","0","2025-11-29","2025-11-29","2026-09-15 10:31:41","RISK_ADJ_PIPELINE","2026-09-15 10:31:41"
"87b03513-f2aa-5135-9744-9cd66c8796a0","f53f3a42-647a-51c6-ad94-a0dd4e9797a7","2026","17","12","2","1","16","4","56539.46","40400.75","24716.65","5129.8","0.1176","2","14","0.125","15.37","43.37","39.85","2.3726","HIGH","1","4","2025-11-05","2026-08-31","2026-09-15 10:31:41","RISK_ADJ_PIPELINE","2026-09-15 10:31:41"
"cfe97cd0-8ee0-5ce1-bad0-b9af30f504bd","2326f2b8-b13a-5597-8f58-0fea1f68ef2f","2026","12","9","2","0","12","3","12925.74","8766.69","7612.47","1613.8","0.1667","2","10","0.1667","19.22","78.19","58.04","2.636","HIGH","2","2","2025-09-21","2026-09-09","2026-09-15 10:31:41","RISK_ADJ_PIPELINE","2026-09-15 10:31:41"
"498f0bec-f15f-55d7-b01c-4d3aa28d16ef","2292bca5-124e-5614-99a6-c92448f95218","2026","4","2","2","0","4","2","2418.55","669.07","612.08","132.61","0.5","3","1","0.75","55.68","89.82","89.82","0.4047","LOW","0","2","2026-06-27","2026-08-23","2026-09-15 10:31:41","RISK_ADJ_PIPELINE","2026-09-15 10:31:41"
"71495f40-3265-5ebb-bbe7-92ba60e0a645","4a42911a-2b10-5756-a51f-a61244420cea","2026","10","7","0","2","10","3","17294.59","10980.1","9636.28","1479.94","0.0","1","7","0.125","18.01","80.12","80.12","0.3655","LOW","0","3","2025-11-05","2026-07-15","2026-09-15 10:31:41","RISK_ADJ_PIPELINE","2026-09-15 10:31:41"
"e13a9bea-ed9a-5b52-a20d-b6f60c812977","f91f6584-00af-5542-899e-7c4a35305ffc","2026","22","11","6","4","22","4","20489.67","11879.86","9881.43","1459.21","0.2727","2","16","0.1111","18.13","84.4","41.89","3.1529","VERY_HIGH","1","1","2025-09-15","2026-09-14","2026-09-15 10:31:41","RISK_ADJ_PIPELINE","2026-09-15 10:31:41"
"f9fcf92c-a628-57cb-aaf1-3f73394eb94c","d60b954c-4ad1-5c06-b99a-cabfe1a095a6","2026","14","8","4","1","13","4","36899.79","28599.73","25230.04","4344.54","0.2857","1","12","0.0769","13.7","29.74","22.07","1.798","MODERATE","0","2","2025-10-03","2026-08-24","2026-09-15 10:31:41","RISK_ADJ_PIPELINE","2026-09-15 10:31:41"
"06643aa7-7da1-5bfe-9b7e-5ad5e7ef088a","df09aeb7-46b3-5813-a587-6bc147e5b7c8","2026","30","21","1","4","28","4","104757.47","76118.62","52001.01","9264.52","0.0333","5","21","0.1923","18.22","80.52","42.26","5.8447","CATASTROPHIC","1","3","2025-11-02","2026-09-06","2026-09-15 10:31:41","RISK_ADJ_PIPELINE","2026-09-15 10:31:41"
"1cbcbfaa-72f3-5d9b-9cd4-339500b2a181","c543102a-534d-5ff2-a13b-15045ea0f81e","2026","26","22","2","2","22","4","30254.01","6501.29","5210.01","1431.0","0.0769","3","21","0.125","14.94","72.9","35.96","6.5921","CATASTROPHIC","2","3","2025-10-01","2026-09-03","2026-09-15 10:31:41","RISK_ADJ_PIPELINE","2026-09-15 10:31:41"
"3c9d7ef9-b308-5d94-9399-ec6632b5b437","cc9ec89a-1aef-5166-8f2f-86903ab0d396","2026","7","5","1","1","7","3","2976.32","1774.45","1381.11","281.49","0.1429","1","5","0.1667","22.73","66.89","66.89","0.5414","LOW","0","0","2025-10-15","2026-08-28","2026-09-15 10:31:41","RISK_ADJ_PIPELINE","2026-09-15 10:31:41"
"72769e68-380b-5af5-a185-9710aaecac1f","0025c8a9-b69f-5c74-b5e6-deb7b1242ec5","2026","7","5","1","0","7","2","3036.9","2029.43","1349.31","315.17","0.1429","0","7","0.0","9.18","20.64","20.64","1.0591","MODERATE","3","2","2025-10-04","2026-09-02","2026-09-15 10:31:41","RISK_ADJ_PIPELINE","2026-09-15 10:31:41"
"a7925e71-e9d3-5959-a5ca-16cc401fe7cb","1413140e-954c-5de3-9a1d-5ed45856cc26","2026","13","10","0","1","11","3","38182.02","29213.87","23107.12","3730.74","0.0","1","11","0.0833","16.81","94.7","20.3","2.531","HIGH","2","0","2025-10-14","2026-08-23","2026-09-15 10:31:41","RISK_ADJ_PIPELINE","2026-09-15 10:31:41"
"a97ab978-1e4c-562b-baf1-30315d6fb14b","96e5e5e8-bb3c-5dba-8156-ea35d4315f3a","2026","10","7","1","1","10","4","25987.85","2579.97","1955.09","446.85","0.1","0","9","0.0","11.43","20.87","20.87","0.8415","LOW","0","4","2025-09-16","2026-08-02","2026-09-15 10:31:41","RISK_ADJ_PIPELINE","2026-09-15 10:31:41"
"cf706a4c-199d-5aaa-b2b1-abb88908e278","0583efbd-d42b-5630-b218-14e67a664dd4","2026","16","9","3","3","15","4","24183.36","17523.97","16291.04","3239.02","0.1875","0","13","0.0","10.68","23.41","19.39","2.0224","HIGH","3","2","2025-09-26","2026-08-23","2026-09-15 10:31:41","RISK_ADJ_PIPELINE","2026-09-15 10:31:41"
"729982fb-a6b1-5b47-b7c3-0af9d3533915","42473961-3749-5867-9ba2-fa8a8c5b1ce5","2026","11","9","2","0","10","3","36657.79","23219.47","22402.47","3747.63","0.1818","0","11","0.0","13.81","21.08","20.24","1.6883","MODERATE","0","0","2025-09-25","2026-09-07","2026-09-15 10:31:41","RISK_ADJ_PIPELINE","2026-09-15 10:31:41"
"eeb5a6d9-0f1b-5681-9225-6245169cf4d6","fdc76efd-e3f4-5eb3-bc75-25d93cf03a52","2026","16","13","1","1","16","4","73559.16","53139.66","29669.45","4838.6","0.0625","4","11","0.2667","26.95","84.11","73.03","2.2902","HIGH","2","5","2025-10-26","2026-09-13","2026-09-15 10:31:41","RISK_ADJ_PIPELINE","2026-09-15 10:31:41"
"e0f3e8ed-5b3f-57df-b837-aa5fcf43db57","4eb41dbd-8b35-55cf-9bdf-bec06bd99ad9","2026","8","5","2","0","8","2","20961.29","2301.71","1751.14","407.64","0.25","1","7","0.125","17.01","43.24","43.24","1.406","MODERATE","0","1","2025-11-09","2026-08-10","2026-09-15 10:31:41","RISK_ADJ_PIPELINE","2026-09-15 10:31:41"
"8cf881bb-f4ff-58b9-986f-e529d3c81f30","f34a88f2-248d-5617-b542-8804ac3c411e","2026","17","12","2","1","17","3","45854.79","32594.56","28404.71","5181.3","0.1176","3","13","0.1875","21.54","71.0","65.07","2.7122","HIGH","1","0","2025-09-22","2026-09-12","2026-09-15 10:31:41","RISK_ADJ_PIPELINE","2026-09-15 10:31:41"
"c7c62232-6b1c-52d5-8074-74518ff27b46","dffb9e63-96af-5e68-8ecd-b530d511b0fc","2026","32","22","5","2","30","4","91310.78","65523.15","61181.24","8950.83","0.1562","5","25","0.1667","20.72","95.25","59.9","4.4613","CATASTROPHIC","3","3","2025-09-15","2026-09-03","2026-09-15 10:31:41","RISK_ADJ_PIPELINE","2026-09-15 10:31:41"
"9fe1d271-8fd1-5d38-bda4-be20694d41f9","6aa522cd-f81a-5188-9e46-6f8aa1bb63d5","2026","17","14","3","0","16","4","16965.25","13190.81","12384.26","2589.2","0.1765","2","15","0.1176","17.41","68.3","41.78","3.2985","VERY_HIGH","1","0","2025-09-23","2026-09-14","2026-09-15 10:31:41","RISK_ADJ_PIPELINE","2026-09-15 10:31:41"
"bf84c63e-a7e0-57d0-82ad-5fdc3e9102a2","91f02ed5-2883-5ab3-8267-ca56c25b4e9d","2026","15","13","0","2","15","3","93237.13","69947.38","63303.71","10710.77","0.0","1","12","0.0769","13.88","59.95","19.84","2.7515","HIGH","1","1","2025-10-02","2026-09-11","2026-09-15 10:31:41","RISK_ADJ_PIPELINE","2026-09-15 10:31:41"
"373c69b0-f280-5993-b005-eff8698818f4","a511b5e5-e689-5e1b-98f1-94b870848604","2026","6","2","2","0","6","2","5717.2","777.82","454.55","131.47","0.3333","1","5","0.1667","14.09","25.82","25.82","1.6543","MODERATE","1","1","2026-01-05","2026-08-30","2026-09-15 10:31:41","RISK_ADJ_PIPELINE","2026-09-15 10:31:41"
"4aa1629d-a63b-5cf8-bcfc-ad6666a32568","3c42f42a-1c22-599b-8c7e-6c2b8e5c6057","2026","12","7","4","1","12","3","13806.74","2325.7","1985.32","483.24","0.3333","3","8","0.2727","26.91","89.58","66.13","2.1218","HIGH","1","0","2025-09-15","2026-08-03","2026-09-15 10:31:41","RISK_ADJ_PIPELINE","2026-09-15 10:31:41"
"726c951e-3352-5d53-ba0e-0d46c03c429f","47253747-7b83-5c27-a86d-24786645d160","2026","10","4","5","1","10","2","61594.84","16983.21","15957.13","3256.98","0.5","1","8","0.1111","21.1","75.28","75.28","1.2595","MODERATE","1","1","2025-11-03","2026-08-28","2026-09-15 10:31:41","RISK_ADJ_PIPELINE","2026-09-15 10:31:41"
"13b51eae-cf17-5ce6-bd74-4776126c0d78","8b0704e8-f648-5614-9e76-14bc3727cc68","2026","8","6","2","0","8","4","46031.45","34554.18","31957.07","4877.2","0.25","0","8","0.0","10.63","22.96","22.96","1.0793","MODERATE","0","1","2025-10-02","2026-07-02","2026-09-15 10:31:41","RISK_ADJ_PIPELINE","2026-09-15 10:31:41"
"cfe64e01-5a54-58e8-bc71-21a7fe661800","cc64fbe3-629d-5af3-b3fb-03ff1faad415","2026","33","22","4","4","32","4","50974.17","36365.15","18420.37","3417.58","0.1212","4","25","0.1379","18.91","95.86","57.91","6.525","CATASTROPHIC","1","2","2025-09-26","2026-08-27","2026-09-15 10:31:41","RISK_ADJ_PIPELINE","2026-09-15 10:31:41"
"f8479bb1-15bc-5fc2-8c75-60ef61a4ab24","b594d563-5701-561f-ad63-c85bf7dbff73","2026","8","4","2","1","7","2","21923.9","17993.52","16808.89","2026.73","0.25","2","5","0.2857","26.31","82.99","82.99","0.8819","LOW","0","0","2025-10-25","2026-05-01","2026-09-15 10:31:41","RISK_ADJ_PIPELINE","2026-09-15 10:31:41"
"7c538505-55bc-5730-93af-b57048a99ffc","7068d69b-40cb-54f8-b64a-c3e49d3e4c8f","2026","27","21","5","0","26","4","47749.85","31020.5","27546.7","5568.33","0.1852","3","24","0.1111","14.87","89.13","31.91","3.9346","VERY_HIGH","0","3","2025-09-21","2026-09-13","2026-09-15 10:31:41","RISK_ADJ_PIPELINE","2026-09-15 10:31:41"
"a9894970-7b81-573c-9bcf-c5ce9a58929a","36d58bba-ff23-5160-92fc-d0e1e37dfc18","2026","8","5","2","1","8","3","18841.04","15396.92","14504.11","2566.98","0.25","1","6","0.1429","21.7","95.91","95.91","0.4523","LOW","0","0","2025-11-05","2026-08-26","2026-09-15 10:31:41","RISK_ADJ_PIPELINE","2026-09-15 10:31:41"
"92700afc-67cb-519c-a922-eb8337607f85","610aecc2-0bef-5dcf-bae0-16c514447731","2026","15","13","1","1","15","3","79857.53","56264.74","42318.0","7471.52","0.0667","3","11","0.2143","24.31","84.96","57.46","1.9039","HIGH","1","1","2025-11-01","2026-08-30","2026-09-15 10:31:41","RISK_ADJ_PIPELINE","2026-09-15 10:31:41"
"953cc5a5-02a6-56ad-99db-edf1173a7cc0","a116b0d0-61d5-5404-be2d-e1718c393c09","2026","20","11","3","5","17","4","40766.37","30992.83","26058.38","5730.94","0.15","3","12","0.2","18.59","83.47","31.2","3.8773","VERY_HIGH","2","3","2025-09-16","2026-09-08","2026-09-15 10:31:41","RISK_ADJ_PIPELINE","2026-09-15 10:31:41"
"1a2f94ac-a3ee-5f6d-b7f7-8ef2a1887bda","00ea21c0-fe90-53b8-8c70-ab85ed56d4a1","2026","17","10","1","4","17","2","58981.09","46241.05","41067.3","7076.86","0.0588","6","7","0.4615","31.23","92.9","86.99","2.6379","HIGH","2","4","2025-09-29","2026-09-14","2026-09-15 10:31:41","RISK_ADJ_PIPELINE","2026-09-15 10:31:41"
"6a7c6050-f385-5185-a3b5-abb4023c1362","0f20e473-aa27-521d-85ab-35d7f57e3da3","2026","20","13","4","0","20","4","100143.26","68262.21","52252.16","8700.5","0.2","2","18","0.1","15.57","61.2","50.39","3.1693","VERY_HIGH","2","5","2025-11-21","2026-09-09","2026-09-15 10:31:41","RISK_ADJ_PIPELINE","2026-09-15 10:31:41"
"6ed7e16e-f6f9-54a6-8ec2-471e52f3d6fc","bc995327-1a56-5eea-9920-1051d31805b8","2026","9","5","2","0","9","3","17535.97","14111.73","13133.64","2501.94","0.2222","1","8","0.1111","22.57","86.9","86.9","1.3842","MODERATE","1","1","2025-10-03","2026-09-08","2026-09-15 10:31:41","RISK_ADJ_PIPELINE","2026-09-15 10:31:41"
"2c7fdd0f-2cd8-5f4a-b2fd-11b31d5c42ec","5fde46c9-29c8-55fc-a4a0-ecb2289107ee","2026","8","5","0","1","8","3","34781.79","23884.36","20721.4","3878.97","0.0","1","6","0.1429","22.26","66.88","66.88","0.7208","LOW","0","4","2025-09-21","2026-09-02","2026-09-15 10:31:41","RISK_ADJ_PIPELINE","2026-09-15 10:31:41"
"bf77bd84-874f-5d56-b52b-b8e973bd0330","1a41600c-d8c9-5040-b358-10576c51f620","2026","23","14","3","1","23","3","87200.82","54797.74","27154.67","5322.57","0.1304","3","19","0.1364","18.02","69.92","25.79","3.1031","VERY_HIGH","1","4","2025-09-20","2026-09-08","2026-09-15 10:31:41","RISK_ADJ_PIPELINE","2026-09-15 10:31:41"
"b8d9d687-947a-5a9c-b390-43b06333bf59","f360bbd3-c605-5496-99fe-7a12f7d2cc8b","2026","9","5","0","2","9","3","16167.82","9393.31","7594.74","1796.59","0.0","2","5","0.2857","22.92","48.2","48.2","1.7752","MODERATE","2","3","2025-09-20","2026-09-14","2026-09-15 10:31:41","RISK_ADJ_PIPELINE","2026-09-15 10:31:41"
"fe33ea68-c57e-5989-994b-3860a1163aa9","ed4bf3f3-769e-58b2-8051-2ba1b201f3f1","2026","10","6","1","0","10","3","31472.66","20487.45","4975.34","777.52","0.1","1","9","0.1","13.65","39.4","39.4","0.6332","LOW","0","0","2025-10-06","2026-09-05","2026-09-15 10:31:41","RISK_ADJ_PIPELINE","2026-09-15 10:31:41"
"982c09ac-01f5-5481-9a5e-b7569cf490e6","2af16746-ee33-536e-a00e-20df9cc185ca","2026","1","1","0","0","1","1","123.31","69.38","62.16","51.49","0.0","0","1","0.0","2.02","2.02","2.02","0.8314","LOW","0","2","2026-02-04","2026-02-04","2026-09-15 10:31:41","RISK_ADJ_PIPELINE","2026-09-15 10:31:41"
"006b5139-7cc1-5d6b-a2ce-f345e06b4c59","91c41442-8693-5572-bd6d-777217d3fff3","2026","15","11","2","1","15","3","45406.04","26519.28","3473.91","844.92","0.1333","3","11","0.2143","20.08","80.99","36.69","2.2807","HIGH","3","3","2025-10-01","2026-09-12","2026-09-15 10:31:41","RISK_ADJ_PIPELINE","2026-09-15 10:31:41"
"4d1581e8-dad4-5b57-9b78-a5efa7675e5b","0569b55a-d3f6-5357-a62c-dc8e67e4c8e9","2026","6","3","1","2","6","3","51313.79","23545.5","12035.28","2797.84","0.1667","1","3","0.25","34.64","92.08","92.08","1.2802","MODERATE","0","1","2025-10-08","2026-08-25","2026-09-15 10:31:41","RISK_ADJ_PIPELINE","2026-09-15 10:31:41"
"ee32633c-b73b-57a8-a809-4e0189cabb19","dfc59b80-f856-5ba4-bf20-bf76dc15ec75","2026","21","16","1","2","20","4","57539.69","40549.71","31523.75","5627.93","0.0476","2","17","0.1053","16.93","61.12","43.78","3.6491","VERY_HIGH","2","0","2025-10-10","2026-08-10","2026-09-15 10:31:41","RISK_ADJ_PIPELINE","2026-09-15 10:31:41"
"247aa274-847d-5873-a138-30389209d484","73b1810a-9d21-5862-ac30-1b31f7e87fcd","2026","9","6","1","2","9","3","11383.24","9447.61","8008.4","1054.16","0.1111","2","5","0.2857","34.09","89.45","89.45","1.4362","MODERATE","0","0","2025-10-13","2026-08-16","2026-09-15 10:31:41","RISK_ADJ_PIPELINE","2026-09-15 10:31:41"
"1cc90d20-dae8-540d-ba8f-60edb2eeebb7","cedb8412-7d11-51ba-8978-23544598aed0","2026","12","8","2","2","12","2","5246.95","3295.69","2180.6","582.79","0.1667","1","9","0.1","18.01","93.65","93.65","0.9345","MODERATE","1","4","2025-10-15","2026-09-08","2026-09-15 10:31:41","RISK_ADJ_PIPELINE","2026-09-15 10:31:41"
"510205dd-eb14-5ece-a077-91312ddbcabf","83d52ac3-7158-5065-bfa5-6dc678441a67","2026","14","10","2","0","13","3","49653.19","20579.78","5024.56","1088.6","0.1429","0","14","0.0","10.97","22.02","20.82","2.3392","HIGH","0","3","2025-09-26","2026-09-10","2026-09-15 10:31:41","RISK_ADJ_PIPELINE","2026-09-15 10:31:41"
"dcb2a3fd-8417-5767-9fba-3a22e9ca2313","851f6690-78d3-5381-94de-e6de56789e9d","2026","13","9","2","2","12","4","34884.27","7577.1","6610.88","1481.05","0.1538","0","11","0.0","14.87","23.41","21.87","0.9874","MODERATE","2","1","2025-09-21","2026-08-28","2026-09-15 10:31:41","RISK_ADJ_PIPELINE","2026-09-15 10:31:41"
"86ff0470-e98e-5d1f-a4e2-4ea06a7ff449","d7932dd7-f550-5a5a-a5b7-cbe089bb5168","2026","8","6","1","1","8","2","28033.25","20235.14","1135.45","351.3","0.125","0","7","0.0","14.23","23.45","23.45","2.1453","HIGH","1","2","2025-09-27","2026-09-10","2026-09-15 10:31:41","RISK_ADJ_PIPELINE","2026-09-15 10:31:41"
"65ea93eb-1785-54f7-8712-6d3c40c5a5c5","1aaf4343-3f74-506e-ae4e-423e6f70f111","2026","15","10","0","2","15","4","86870.19","64080.05","58663.61","9089.71","0.0","1","12","0.0769","15.8","63.38","22.13","2.6497","HIGH","3","3","2025-09-16","2026-08-21","2026-09-15 10:31:41","RISK_ADJ_PIPELINE","2026-09-15 10:31:41"
"9bece534-8102-5dc1-a347-b3b3e77feb39","8007f055-bc60-5204-9663-edb465b197cb","2026","19","12","3","2","18","4","76275.9","45191.59","40897.05","6181.33","0.1579","3","14","0.1765","20.85","87.96","35.25","3.1813","VERY_HIGH","0","4","2025-09-19","2026-08-16","2026-09-15 10:31:41","RISK_ADJ_PIPELINE","2026-09-15 10:31:41"
"7a8889f7-a96b-55cb-b667-509b43184e78","5dc9120c-6ac6-5abe-af41-ea142e8d035a","2026","7","4","2","0","7","4","14416.46","10273.01","8791.83","1963.58","0.2857","2","5","0.2857","22.55","77.84","77.84","0.3174","LOW","0","1","2025-10-16","2026-07-26","2026-09-15 10:31:41","RISK_ADJ_PIPELINE","2026-09-15 10:31:41"
"17a0d435-9e8c-548d-9e02-b34b6c7ea6c5","2cff55b5-c43e-5d82-a976-980a4a02bfab","2026","5","4","0","0","5","3","1828.13","1229.85","798.07","182.53","0.0","1","4","0.2","19.17","44.11","44.11","0.5214","LOW","0","2","2026-02-14","2026-08-17","2026-09-15 10:31:41","RISK_ADJ_PIPELINE","2026-09-15 10:31:41"
"10f2d160-0748-5535-8b65-ec2b4ec8806b","913d644d-ac92-53b6-9b6c-2f69c1fa09b8","2026","11","5","2","2","11","3","20327.41","13393.86","11085.83","2497.57","0.1818","1","8","0.1111","17.29","37.82","37.82","0.5503","LOW","0","2","2025-11-27","2026-08-06","2026-09-15 10:31:41","RISK_ADJ_PIPELINE","2026-09-15 10:31:41"
"2f1bfd56-6cd3-50a9-af98-0f259629c729","a99954c0-2a9b-56d8-88a3-6295f85934e8","2026","11","10","0","0","11","3","32513.77","23233.84","22454.5","4325.99","0.0","1","10","0.0909","15.89","58.8","17.25","0.6852","LOW","0","1","2025-11-28","2026-05-30","2026-09-15 10:31:41","RISK_ADJ_PIPELINE","2026-09-15 10:31:41"
"20d1d986-33f6-51ed-91b4-f64537c8abe8","98785ac9-a60d-5a28-a3c5-2f66f085c7ef","2026","7","7","0","0","7","4","40318.48","26247.77","23648.5","3924.91","0.0","2","5","0.2857","27.48","82.07","82.07","0.7295","LOW","0","2","2025-10-31","2026-07-22","2026-09-15 10:31:41","RISK_ADJ_PIPELINE","2026-09-15 10:31:41"
"1615e9d7-7c67-5e21-928a-1eb588649e0c","5c4bf546-f6e9-5b87-9c18-5e2f76ac3676","2026","18","12","4","2","18","4","26739.06","20425.33","18011.42","2888.12","0.2222","2","14","0.125","23.89","95.89","94.91","3.5781","VERY_HIGH","0","1","2025-09-15","2026-09-11","2026-09-15 10:31:41","RISK_ADJ_PIPELINE","2026-09-15 10:31:41"
"9cc019fa-9ea0-5681-b552-852b74541899","21f941b1-286c-5f88-9899-09e4d635b9e3","2026","20","10","3","5","19","4","85778.85","52223.32","41902.83","6761.28","0.15","2","13","0.1333","19.5","87.9","34.81","0.9296","MODERATE","3","3","2025-09-28","2026-08-26","2026-09-15 10:31:41","RISK_ADJ_PIPELINE","2026-09-15 10:31:41"
"186590b4-06db-50f1-a820-41f58094d8cc","66fe3da0-d452-5ed9-81e7-b1a696cb7b47","2026","19","14","2","2","16","3","28910.75","20703.0","18081.63","3377.09","0.1053","5","12","0.2941","20.3","61.49","51.09","2.9591","VERY_HIGH","1","0","2025-09-23","2026-08-27","2026-09-15 10:31:41","RISK_ADJ_PIPELINE","2026-09-15 10:31:41"
"1e444560-8daa-5ae7-9832-31e1ad6f5d02","0a592fc9-2c10-54ee-92fa-4682e00279e8","2026","8","5","2","0","8","4","12165.36","7812.43","7353.52","1282.89","0.25","1","7","0.125","18.04","78.74","78.74","0.5579","LOW","0","1","2025-09-23","2026-09-10","2026-09-15 10:31:41","RISK_ADJ_PIPELINE","2026-09-15 10:31:41"
"6afeb148-dca4-5240-a1c7-7077895cf706","f29f23e4-e150-5351-a12f-685ea3bb7db7","2026","13","11","1","0","13","4","6736.07","4482.09","3922.09","748.83","0.0769","3","10","0.2308","27.7","82.08","68.62","1.5101","MODERATE","1","0","2025-09-21","2026-07-14","2026-09-15 10:31:41","RISK_ADJ_PIPELINE","2026-09-15 10:31:41"
"9a895bd5-0010-5db4-924f-6bf157d11478","e618e838-a571-581e-839c-5c24209c8d7a","2026","17","8","5","3","15","3","29049.19","16044.27","13239.31","2663.19","0.2941","2","12","0.1429","18.35","60.22","49.82","1.9936","HIGH","1","0","2025-09-17","2026-09-01","2026-09-15 10:31:41","RISK_ADJ_PIPELINE","2026-09-15 10:31:41"
"c32c1335-af73-590d-a0f9-132729b43779","bf834a28-e742-5079-b641-6fde0e64ed19","2026","11","10","1","0","11","2","79078.92","54690.1","51895.93","8310.77","0.0909","0","11","0.0","13.09","22.71","22.22","2.5887","HIGH","0","0","2025-10-04","2026-06-23","2026-09-15 10:31:41","RISK_ADJ_PIPELINE","2026-09-15 10:31:41"
"81a437f1-f573-5093-82a1-018c411d93c6","376e4570-2473-5e2d-beee-893a5045374b","2026","13","10","1","2","12","4","36897.88","26079.9","24957.1","4285.3","0.0769","2","9","0.1818","21.57","80.01","53.25","2.0742","HIGH","1","1","2025-09-20","2026-07-18","2026-09-15 10:31:41","RISK_ADJ_PIPELINE","2026-09-15 10:31:41"
"4323be6f-5aee-5eb3-8812-f856e7b4b1b1","b3caa1b3-102a-5738-a449-a07308838ff7","2026","22","17","2","1","18","4","65848.06","36863.83","32698.65","6838.41","0.0909","5","16","0.2381","22.67","90.49","54.13","3.5115","VERY_HIGH","2","1","2025-10-01","2026-08-26","2026-09-15 10:31:41","RISK_ADJ_PIPELINE","2026-09-15 10:31:41"
"4fffd0e6-7d8b-5b39-9f2c-353ae159520b","64b216c9-8a7f-5889-b97a-3e9c2e70fdc0","2026","10","7","0","1","10","3","21644.32","15282.37","12439.84","2629.6","0.0","1","8","0.1111","15.84","76.21","76.21","0.628","LOW","0","3","2025-11-23","2026-06-13","2026-09-15 10:31:41","RISK_ADJ_PIPELINE","2026-09-15 10:31:41"
"fbdf1374-74fc-5efc-a7c7-e0343bcaab22","da32a83b-c173-51e7-a57b-6033edfb8398","2026","7","6","1","0","7","2","2660.23","1314.44","1210.26","317.04","0.1429","2","5","0.2857","26.99","81.75","81.75","1.4433","MODERATE","1","0","2026-02-14","2026-08-05","2026-09-15 10:31:41","RISK_ADJ_PIPELINE","2026-09-15 10:31:41"
"51fbce2e-8732-5e34-98e6-016dd730bab5","c53784dd-e7d0-561b-9e5c-ab5546c5376f","2026","7","2","1","2","7","3","6712.46","4457.15","1324.67","341.37","0.1429","0","5","0.0","12.13","21.42","21.42","0.3453","LOW","0","2","2025-09-30","2026-09-03","2026-09-15 10:31:41","RISK_ADJ_PIPELINE","2026-09-15 10:31:41"
"9f92b9b6-85db-5d7b-9bd9-1f5176269525","c8c62815-5ad4-5a74-be07-010bd984a122","2026","3","3","0","0","3","3","6201.43","3686.19","3481.66","537.72","0.0","2","1","0.6667","57.43","92.4","92.4","0.6166","LOW","0","0","2025-10-24","2026-07-25","2026-09-15 10:31:41","RISK_ADJ_PIPELINE","2026-09-15 10:31:41"
"ec485752-6569-51d8-b432-bcc63791fc13","21e7cb6e-55e4-5b86-b227-2e9ace7601a6","2026","17","10","4","1","17","4","49325.62","28395.72","23579.67","4005.3","0.2353","4","12","0.25","23.53","75.4","55.73","2.3769","HIGH","2","1","2025-09-22","2026-08-22","2026-09-15 10:31:41","RISK_ADJ_PIPELINE","2026-09-15 10:31:41"
"68ad49a5-921f-51ce-8840-aa4841f2bad2","0e4a1da6-46df-5f35-907f-e15ceae62c85","2026","13","7","2","1","13","3","5744.01","3838.03","2255.97","564.61","0.1538","2","10","0.1667","21.29","52.49","35.17","1.0851","MODERATE","1","0","2025-10-06","2026-05-23","2026-09-15 10:31:41","RISK_ADJ_PIPELINE","2026-09-15 10:31:41"
"d41c33a3-002d-5a53-b5a9-d21b91dd3fcc","2f18921b-fcdd-534a-8524-7291037363e5","2026","27","20","4","1","25","4","72572.64","26001.89","23632.74","3460.51","0.1481","2","24","0.0769","15.14","81.3","21.68","4.0727","CATASTROPHIC","2","0","2025-09-19","2026-08-29","2026-09-15 10:31:41","RISK_ADJ_PIPELINE","2026-09-15 10:31:41"
"0acc5395-b1d2-5fa8-9757-05c64000ad03","62c0a437-524f-519b-beee-df1c7536b1af","2026","16","11","3","0","15","3","49981.26","35155.7","32080.62","5662.26","0.1875","3","13","0.1875","23.69","75.39","64.1","0.9083","MODERATE","1","5","2025-09-18","2026-08-29","2026-09-15 10:31:41","RISK_ADJ_PIPELINE","2026-09-15 10:31:41"
"af607fe9-9123-5740-9fbc-5672e0604769","5b48104e-315e-5fd9-8a1e-83893d4e0fd0","2026","15","12","0","3","14","4","15744.87","10034.4","8702.69","1875.62","0.0","1","11","0.0833","14.74","64.76","23.25","1.6049","MODERATE","3","2","2025-10-10","2026-08-28","2026-09-15 10:31:41","RISK_ADJ_PIPELINE","2026-09-15 10:31:41"
"728102ee-3077-5860-8820-41352a1f0019","9bd6883f-d9ce-5d14-994f-ed1e38fa9ba0","2026","14","9","1","3","14","4","27613.72","20222.91","18803.63","3727.01","0.0714","0","11","0.0","11.99","22.92","22.01","1.9344","HIGH","1","0","2025-10-14","2026-07-16","2026-09-15 10:31:41","RISK_ADJ_PIPELINE","2026-09-15 10:31:41"
"52d640bd-6cc3-5a3f-b49d-c2db2fc46a12","0971238c-7834-51a8-ba07-c4328ceff628","2026","15","5","5","4","15","3","21454.99","10383.66","561.31","161.77","0.3333","2","9","0.1818","23.33","87.03","45.53","0.7263","LOW","0","3","2025-09-16","2026-06-28","2026-09-15 10:31:41","RISK_ADJ_PIPELINE","2026-09-15 10:31:41"
"0e0e7376-3d12-5246-a820-36b11824e7d7","dd01fd4c-5104-5a63-810a-e250bc79d1ea","2026","20","16","3","0","19","4","21779.2","4067.15","3382.2","1002.66","0.15","4","16","0.2","19.22","90.03","49.55","3.9649","VERY_HIGH","3","1","2025-11-12","2026-07-08","2026-09-15 10:31:41","RISK_ADJ_PIPELINE","2026-09-15 10:31:41"
"0880fa21-8399-5960-93e8-6d753c5747f0","60b7d10a-f59e-55e1-8224-8ca2599a758c","2026","10","7","1","2","10","2","4753.66","3203.14","2397.39","548.75","0.1","1","7","0.125","21.99","83.46","83.46","1.3672","MODERATE","1","1","2025-10-31","2026-08-15","2026-09-15 10:31:41","RISK_ADJ_PIPELINE","2026-09-15 10:31:41"
"3fad4a8c-b543-5b69-bc9b-c17e38b4134e","65758c21-db75-5d9b-8012-87cf596ea9af","2026","19","11","4","1","19","3","29278.02","15489.21","13685.77","2927.36","0.2105","3","15","0.1667","19.85","73.82","62.07","3.4057","VERY_HIGH","2","3","2025-10-15","2026-08-25","2026-09-15 10:31:41","RISK_ADJ_PIPELINE","2026-09-15 10:31:41"
"cd9c28b0-c846-5c6c-84ba-c93f6ce041ef","dd35986a-77b1-5a8e-b0ca-78361fed9d15","2026","11","9","2","0","9","4","19729.52","7660.27","7384.2","1627.92","0.1818","3","8","0.2727","24.59","63.37","53.14","0.9901","MODERATE","1","1","2025-10-06","2026-08-06","2026-09-15 10:31:41","RISK_ADJ_PIPELINE","2026-09-15 10:31:41"
"42e7cfe2-c9b3-528d-bc49-0361d73806fa","ec6b8209-0c6e-5d45-934e-dc0bde10c818","2026","7","5","1","0","7","4","14148.43","7828.67","6977.15","1219.94","0.1429","3","4","0.4286","38.85","82.72","82.72","1.1804","MODERATE","1","2","2025-11-09","2026-08-27","2026-09-15 10:31:41","RISK_ADJ_PIPELINE","2026-09-15 10:31:41"
"2ad12043-0f2b-51c9-ad2a-0e8ff855a383","9004a9bc-0723-594d-ae7c-385bf24d8720","2026","9","5","2","1","9","3","30914.39","9303.47","7450.56","1374.75","0.2222","3","5","0.375","24.91","83.58","83.58","0.5409","LOW","0","1","2025-10-11","2026-08-20","2026-09-15 10:31:41","RISK_ADJ_PIPELINE","2026-09-15 10:31:41"
"44ccaf3b-98a5-5598-a9ba-f8f632c9b434","431bbe6c-461e-5681-9e09-8e622f70e5cf","2026","32","22","4","2","27","3","111891.25","77250.56","53288.21","9384.15","0.125","2","28","0.0667","10.65","60.85","17.35","8.0973","CATASTROPHIC","1","2","2025-09-28","2026-09-13","2026-09-15 10:31:41","RISK_ADJ_PIPELINE","2026-09-15 10:31:41"
"92665820-254b-5786-bc9d-5e2ca47dd8e5","4ac018ca-b5b6-5765-878b-56b1d5fec177","2026","14","8","2","2","14","3","3949.12","2517.63","1683.64","400.35","0.1429","4","8","0.3333","30.52","79.69","78.84","2.5016","HIGH","2","3","2025-11-10","2026-08-22","2026-09-15 10:31:41","RISK_ADJ_PIPELINE","2026-09-15 10:31:41"
"e6a5379d-0151-5bf7-a049-c27548de8036","e1960db5-318e-5876-acf5-7965dd8275df","2026","7","5","2","0","7","3","1924.83","835.83","780.94","310.14","0.2857","2","5","0.2857","23.46","72.97","72.97","0.9887","MODERATE","1","4","2025-11-28","2026-07-24","2026-09-15 10:31:41","RISK_ADJ_PIPELINE","2026-09-15 10:31:41"
"ffbd9b21-a2ae-588e-8c8d-fa8eafc04b3f","cfbaa49f-4824-5d4e-9496-bbebc4589aa8","2026","23","14","3","3","22","4","28446.34","19216.1","14511.08","2434.28","0.1304","4","16","0.2","21.9","84.56","79.43","3.2129","VERY_HIGH","2","5","2025-10-10","2026-08-04","2026-09-15 10:31:41","RISK_ADJ_PIPELINE","2026-09-15 10:31:41"
"1948d89f-e9a3-505f-878c-58699ceb6c72","61b95a33-c0b7-548d-adbf-6cf330a4d389","2026","6","4","2","0","6","2","2913.25","1359.21","1260.78","314.12","0.3333","1","5","0.1667","18.28","41.79","41.79","0.6698","LOW","0","1","2025-09-17","2026-07-01","2026-09-15 10:31:41","RISK_ADJ_PIPELINE","2026-09-15 10:31:41"
"645abd7b-2085-5f24-8851-4a06c590cfb3","4ff4922d-7619-5a37-858c-b713a9cbc033","2026","17","11","1","3","17","4","40229.8","30640.54","27915.18","5227.45","0.0588","0","14","0.0","11.45","22.25","17.97","1.9779","HIGH","2","0","2025-10-03","2026-09-14","2026-09-15 10:31:41","RISK_ADJ_PIPELINE","2026-09-15 10:31:41"
"36835d0f-ce86-5333-a0ea-7211d88e9180","ec8329c8-1e9f-5216-8f2a-e40212251ddb","2026","5","4","0","1","5","3","14239.94","12261.66","1065.91","258.65","0.0","1","3","0.25","23.19","46.66","46.66","1.345","MODERATE","1","0","2026-02-18","2026-05-18","2026-09-15 10:31:41","RISK_ADJ_PIPELINE","2026-09-15 10:31:41"
"8258e10d-c54b-5cce-b9d2-9d3cd1d1f994","abc4e43d-0b8b-56b5-be14-6a7f8f1da13f","2026","13","7","3","2","12","4","57362.2","21759.36","1493.11","457.05","0.2308","2","9","0.1818","15.19","54.46","43.89","1.6997","MODERATE","2","1","2025-10-19","2026-09-03","2026-09-15 10:31:41","RISK_ADJ_PIPELINE","2026-09-15 10:31:41"
"f0c82e61-ee18-5e11-9d3c-b4c2dc47e737","30de0fcc-259f-5e72-9063-0f4b24a09f21","2026","24","15","7","1","22","4","21311.52","4455.99","3565.43","974.42","0.2917","4","19","0.1739","21.2","95.83","73.34","3.9826","VERY_HIGH","1","1","2025-09-24","2026-09-09","2026-09-15 10:31:41","RISK_ADJ_PIPELINE","2026-09-15 10:31:41"
"8a283247-1d20-56f8-a98a-9b0cd6ed8093","675f61e6-2184-5986-ad67-e2b41c0c099f","2026","13","13","0","0","13","3","53837.75","36976.92","32447.53","6299.63","0.0","1","12","0.0769","13.84","28.4","23.33","2.359","HIGH","1","1","2025-12-17","2026-07-10","2026-09-15 10:31:41","RISK_ADJ_PIPELINE","2026-09-15 10:31:41"
"9afbcd31-421d-5070-89e8-7363128d2ece","b6f85d54-4343-549a-b185-94e9a8679ca4","2026","9","9","0","0","9","3","4092.7","2951.49","2825.87","656.59","0.0","1","8","0.1111","17.67","66.93","66.93","1.6186","MODERATE","0","5","2025-09-20","2026-07-25","2026-09-15 10:31:41","RISK_ADJ_PIPELINE","2026-09-15 10:31:41"
"a9018424-51b6-56b9-913d-a7e79c8f29dd","9c3d924e-3911-5a7f-ae70-37794e0fe9d5","2026","18","8","6","3","17","4","69614.81","18327.72","16123.57","3297.09","0.3333","2","13","0.1333","20.03","87.72","87.18","1.9793","HIGH","2","3","2025-11-03","2026-09-03","2026-09-15 10:31:41","RISK_ADJ_PIPELINE","2026-09-15 10:31:41"
"1feb7732-abd0-5c87-b48a-92def400f7dc","a1050fe3-1edd-5af4-a0c5-859ce6ec9902","2026","2","2","0","0","2","2","17751.77","15049.69","14095.55","2434.44","0.0","1","1","0.5","31.88","58.5","58.5","0.5409","LOW","0","1","2026-01-25","2026-08-07","2026-09-15 10:31:41","RISK_ADJ_PIPELINE","2026-09-15 10:31:41"
"9daca759-c5e6-5c89-8eed-0771f7cb3c5a","1a53716b-daea-5669-8f3e-8da519696044","2026","20","12","6","2","19","3","86827.52","31551.03","2491.42","670.33","0.3","2","16","0.1111","15.32","64.67","40.04","3.476","VERY_HIGH","1","5","2025-09-23","2026-08-29","2026-09-15 10:31:41","RISK_ADJ_PIPELINE","2026-09-15 10:31:41"
"08e80d2f-2a0f-57c2-b0b7-ab08367269d4","670a4474-c566-51fe-a9e5-5cc7429ade1f","2026","14","11","2","0","13","4","25866.33","17226.39","16934.59","2703.15","0.1429","2","12","0.1429","20.34","73.96","67.34","1.7418","MODERATE","3","2","2025-09-17","2026-08-12","2026-09-15 10:31:41","RISK_ADJ_PIPELINE","2026-09-15 10:31:41"
"a2583792-637c-5b10-8993-58d648b42779","5e77c2ef-f32a-5226-aaf9-222833329fe7","2026","6","5","0","0","6","4","34487.48","21948.7","17047.03","3125.11","0.0","0","6","0.0","10.73","22.13","22.13","0.4477","LOW","0","3","2025-12-04","2026-09-10","2026-09-15 10:31:41","RISK_ADJ_PIPELINE","2026-09-15 10:31:41"
"1253b5f4-cffb-5b27-ba40-a0d7951d7c70","7dcf625a-535b-500c-b08c-99b7b387dc01","2026","14","12","1","0","13","3","38340.5","29622.47","25140.32","4344.92","0.0714","3","11","0.2143","22.86","74.56","59.17","1.0219","MODERATE","2","0","2025-10-03","2026-08-31","2026-09-15 10:31:41","RISK_ADJ_PIPELINE","2026-09-15 10:31:41"
"6913fef0-18cd-56ac-8319-02c1009344a7","0d5b2355-b7f3-572e-98f5-7a7b19606d28","2026","10","5","3","2","10","3","17110.48","11324.13","7295.85","1198.41","0.3","0","8","0.0","11.33","23.33","23.33","0.9803","MODERATE","1","2","2025-11-16","2026-08-15","2026-09-15 10:31:41","RISK_ADJ_PIPELINE","2026-09-15 10:31:41"
"d723d123-3bf9-5a23-8bdf-84b8c1754fa0","1db14f7b-ce5a-5474-9ecb-30e6b436aa7c","2026","8","5","2","0","8","3","31073.93","20669.64","18758.38","3071.38","0.25","2","6","0.25","24.64","82.14","82.14","0.9407","MODERATE","2","5","2025-10-02","2026-06-11","2026-09-15 10:31:41","RISK_ADJ_PIPELINE","2026-09-15 10:31:41"
"75d91f56-4153-5168-a6e3-83ba0b4870d8","736cf289-39a4-509f-8afc-907f932f6244","2026","15","8","4","3","15","3","33764.84","23942.68","8422.17","1227.43","0.2667","3","9","0.25","23.4","87.84","52.42","2.6637","HIGH","1","1","2025-10-22","2026-09-05","2026-09-15 10:31:41","RISK_ADJ_PIPELINE","2026-09-15 10:31:41"
"eea25a8f-d6f2-5414-9991-a26afcf1c44c","bbe0193e-dd26-513d-8e41-e1ffc5d614d4","2026","3","2","0","0","3","2","22204.54","14801.86","3031.01","639.34","0.0","1","2","0.3333","27.81","46.89","46.89","0.8413","LOW","0","3","2025-09-18","2026-02-07","2026-09-15 10:31:41","RISK_ADJ_PIPELINE","2026-09-15 10:31:41"
"1609d919-53bb-5cec-813a-43a9312e4fce","18c8a4ab-f0e6-5bf8-a065-cd9991933149","2026","21","11","5","3","20","3","45041.52","26653.86","24384.39","4166.73","0.2381","3","15","0.1667","18.93","73.42","58.57","1.9271","HIGH","3","0","2025-10-15","2026-08-20","2026-09-15 10:31:41","RISK_ADJ_PIPELINE","2026-09-15 10:31:41"
"909608d3-b807-556e-ad6d-18147601fc70","dee346f5-e8ce-509b-ae32-37a3c8692320","2026","10","9","1","0","9","3","43453.58","30646.55","28444.44","4358.21","0.1","2","8","0.2","15.87","55.07","55.07","1.1861","MODERATE","2","0","2026-01-17","2026-08-29","2026-09-15 10:31:41","RISK_ADJ_PIPELINE","2026-09-15 10:31:41"
"a0990046-8d23-51ef-8481-4b8a56b417ac","48b8a521-c2d6-54a1-93ee-170a98c8abbe","2026","13","10","2","0","12","3","34109.29","25093.01","21813.81","4623.29","0.1538","4","9","0.3077","26.33","75.12","57.19","2.3569","HIGH","0","0","2025-10-15","2026-08-07","2026-09-15 10:31:41","RISK_ADJ_PIPELINE","2026-09-15 10:31:41"
"c8ecf756-0f53-5b8e-b524-f482c5efc88c","b59310d2-3ef3-555e-8b67-122f550c9844","2026","9","6","1","2","7","3","29381.2","24197.76","22239.86","3789.05","0.1111","1","6","0.1429","11.04","27.39","27.39","1.4655","MODERATE","1","3","2025-09-23","2026-09-05","2026-09-15 10:31:41","RISK_ADJ_PIPELINE","2026-09-15 10:31:41"
"f0c7b3a4-2ccc-5067-b465-6c2521a906a5","d01abc63-1e16-5a4e-b34a-0ec9e97c6ab3","2026","13","6","3","2","13","4","22226.9","12933.34","11056.49","2224.61","0.2308","1","10","0.0909","13.97","34.75","20.76","1.1582","MODERATE","2","3","2025-10-01","2026-08-09","2026-09-15 10:31:41","RISK_ADJ_PIPELINE","2026-09-15 10:31:41"
"2c982266-7baf-5bb8-84b3-e89697aa436f","8f4035a7-23e7-5f71-bed1-c4dc807e7239","2026","7","3","1","1","7","3","12342.16","8923.76","950.1","215.19","0.1429","1","5","0.1667","20.33","47.39","47.39","0.4302","LOW","0","2","2025-09-29","2026-08-18","2026-09-15 10:31:41","RISK_ADJ_PIPELINE","2026-09-15 10:31:41"
"6a42ba61-0816-5571-860c-406b976d8509","56feddcb-3d36-54ea-bdea-3a616fb7924e","2026","11","9","1","1","11","3","60589.48","43333.79","41545.79","6653.72","0.0909","3","7","0.3","25.14","76.8","76.8","1.9723","HIGH","1","1","2025-10-04","2026-08-29","2026-09-15 10:31:41","RISK_ADJ_PIPELINE","2026-09-15 10:31:41"
"020e5075-ca79-5f1f-8405-a752d957319b","847042dc-6515-529f-a7fa-61c8d1d312e9","2026","18","9","1","3","18","3","25127.95","18112.69","2730.74","682.3","0.0556","1","14","0.0667","13.79","59.28","22.27","2.8633","VERY_HIGH","1","3","2025-09-21","2026-09-10","2026-09-15 10:31:41","RISK_ADJ_PIPELINE","2026-09-15 10:31:41"
"15708358-4ad5-5374-be7e-de8aa45ab942","65739c52-ca7b-580f-8211-9ab2439882d1","2026","27","17","8","0","24","4","85127.51","35684.2","33308.04","5830.4","0.2963","3","24","0.1111","14.29","50.74","35.42","3.2916","VERY_HIGH","3","2","2025-09-15","2026-09-13","2026-09-15 10:31:41","RISK_ADJ_PIPELINE","2026-09-15 10:31:41"
"67d54552-7203-5d38-83c1-891b8d8f4352","be860f3a-e441-57c6-be2f-134e922ff517","2026","14","6","4","3","14","4","20823.03","3122.27","1531.68","372.61","0.2857","2","9","0.1818","16.6","62.08","28.61","1.4147","MODERATE","2","0","2025-09-17","2026-09-08","2026-09-15 10:31:41","RISK_ADJ_PIPELINE","2026-09-15 10:31:41"
"11bae91c-9853-5f41-ae2a-2b603410f24c","2d7ee211-eecd-558d-9a8b-cbd023234a96","2026","16","7","2","6","16","2","64141.73","46510.84","28753.73","4141.94","0.125","1","9","0.1","18.95","74.52","74.52","2.8997","VERY_HIGH","4","2","2025-09-25","2026-09-04","2026-09-15 10:31:41","RISK_ADJ_PIPELINE","2026-09-15 10:31:41"
"9399567c-7737-5a89-aac2-09bf7894639b","4b2ec36e-ea0f-5c35-bdf5-5d4a0411ba91","2026","5","4","1","0","5","3","1758.32","673.21","595.53","166.62","0.2","1","4","0.2","24.4","61.81","61.81","0.4198","LOW","0","2","2025-10-06","2026-08-22","2026-09-15 10:31:41","RISK_ADJ_PIPELINE","2026-09-15 10:31:41"
"b49e3a18-7cad-5d55-96c1-3bd2b80dd5d2","f015475b-387a-50d3-866d-63dfe91c34a5","2026","20","16","0","1","18","3","102330.27","63500.77","55925.51","8980.1","0.0","3","16","0.1579","18.96","73.89","59.09","2.9018","VERY_HIGH","3","0","2025-10-12","2026-09-14","2026-09-15 10:31:41","RISK_ADJ_PIPELINE","2026-09-15 10:31:41"
"517ff612-cea7-50c9-a548-7d57cbb55a7c","460f0944-f945-58a3-bb31-b66954c0c132","2026","17","12","2","1","17","4","12141.75","9092.24","7274.16","1452.63","0.1176","2","14","0.125","15.18","78.17","25.57","2.4126","HIGH","2","1","2025-09-24","2026-09-05","2026-09-15 10:31:41","RISK_ADJ_PIPELINE","2026-09-15 10:31:41"
"2ae73267-bd71-5ed8-8e09-f94588941cbd","8a988058-daf6-52f9-841b-292d8c61e930","2026","7","4","1","1","7","3","22741.12","18104.5","16087.3","3252.7","0.1429","1","5","0.1667","19.99","44.32","44.32","1.5085","MODERATE","1","1","2025-10-08","2026-08-04","2026-09-15 10:31:41","RISK_ADJ_PIPELINE","2026-09-15 10:31:41"
"3663ebc7-a60a-53c8-a019-4b8c335d8330","0143be7a-6850-5105-9f44-1161263076fe","2026","15","12","1","1","14","4","32630.13","25174.5","23269.14","2948.14","0.0667","2","12","0.1429","16.07","62.32","26.92","2.4016","HIGH","2","0","2025-09-29","2026-08-08","2026-09-15 10:31:41","RISK_ADJ_PIPELINE","2026-09-15 10:31:41"
"62a8c7d8-111a-5429-b043-badc1823c5a2","d49106b2-5557-5f99-afe4-02b748c28691","2026","7","5","2","0","7","2","3783.16","1732.73","1585.3","340.5","0.2857","1","6","0.1429","20.06","70.7","70.7","0.9108","MODERATE","1","1","2025-12-05","2026-08-15","2026-09-15 10:31:41","RISK_ADJ_PIPELINE","2026-09-15 10:31:41"
"9172cc18-5f49-5438-9370-61cc2a75f743","476e74e2-ba77-5d72-b981-22c74118b993","2026","5","3","0","1","5","2","32661.49","25490.77","20602.36","2598.16","0.0","0","4","0.0","11.88","14.12","14.12","1.0279","MODERATE","1","1","2025-12-03","2026-09-06","2026-09-15 10:31:41","RISK_ADJ_PIPELINE","2026-09-15 10:31:41"
"2dd63d3a-de31-5961-a621-66e1907f4ecb","27cdfc9c-f73e-53c2-b7d2-2546018ec73f","2026","15","10","2","1","15","4","57406.47","28387.0","26675.07","4683.16","0.1333","1","13","0.0714","15.6","54.46","22.81","2.2991","HIGH","3","5","2025-09-17","2026-07-23","2026-09-15 10:31:41","RISK_ADJ_PIPELINE","2026-09-15 10:31:41"
"6951b3bd-e2e8-58e5-b501-6d940e76e49e","f34de974-f249-5c0c-857f-2dd9e127ca7e","2026","20","15","0","3","20","4","62116.57","53062.78","31284.66","4041.47","0.0","3","14","0.1765","16.76","55.7","38.32","2.229","HIGH","1","2","2025-09-19","2026-09-04","2026-09-15 10:31:41","RISK_ADJ_PIPELINE","2026-09-15 10:31:41"
"9e00292b-7bed-5d47-90f2-c3a9f7f306d7","c8c706b1-4821-53e3-b581-dd8f69a74b25","2026","14","7","1","4","14","2","5110.7","3251.87","1482.79","413.8","0.0714","1","9","0.1","16.79","49.47","49.47","2.1311","HIGH","2","2","2025-09-22","2026-07-24","2026-09-15 10:31:41","RISK_ADJ_PIPELINE","2026-09-15 10:31:41"
"b9809da7-0789-5a5b-81ab-6004e0c1e65a","63d46d5e-5105-5540-8917-e77d1c3c1e88","2026","9","7","1","1","9","4","26544.01","2260.2","1693.75","502.94","0.1111","2","6","0.25","33.66","92.47","92.47","1.4423","MODERATE","1","0","2025-10-30","2026-08-28","2026-09-15 10:31:41","RISK_ADJ_PIPELINE","2026-09-15 10:31:41"
"7e4fca28-d1c4-5b00-bd58-6209cd37f2d4","e50e00bb-dc06-57c5-84b5-7e1cf2fb4bb6","2026","18","11","4","3","17","4","36458.49","23139.2","20719.3","3473.62","0.2222","2","13","0.1333","19.69","65.83","52.28","2.1142","HIGH","1","4","2025-09-15","2026-09-04","2026-09-15 10:31:41","RISK_ADJ_PIPELINE","2026-09-15 10:31:41"
"cd246f6e-c635-586a-b294-ab9ffcbc086e","3e8710d6-dc9a-598f-83ec-8d87a84afb66","2026","7","6","0","1","7","2","2462.13","1863.41","1699.87","430.14","0.0","0","6","0.0","11.3","20.66","20.66","0.579","LOW","0","2","2025-10-15","2026-08-22","2026-09-15 10:31:41","RISK_ADJ_PIPELINE","2026-09-15 10:31:41"
"6ac3c6cc-2b66-5c06-bb40-79ed5090ef63","59566584-0387-5641-a29a-df168008d425","2026","14","8","1","3","14","4","17131.49","12031.77","5879.02","1140.23","0.0714","3","8","0.2727","16.52","57.84","31.94","2.1955","HIGH","2","0","2025-10-01","2026-09-05","2026-09-15 10:31:41","RISK_ADJ_PIPELINE","2026-09-15 10:31:41"
"48f96708-ab90-59d1-81f1-c0834bc5c821","764c3b3d-3ea6-5811-b4df-4cea1b388005","2026","11","6","2","1","11","4","44320.74","32171.62","28251.3","5071.37","0.1818","1","9","0.1","12.57","28.37","28.37","1.5758","MODERATE","1","0","2025-11-15","2026-07-05","2026-09-15 10:31:41","RISK_ADJ_PIPELINE","2026-09-15 10:31:41"
"6ebb56c6-4747-593f-b3dc-558850c210ed","788712c8-8238-5339-ada2-356a95075978","2026","7","5","1","0","7","2","32242.49","7900.42","6733.35","1150.82","0.1429","1","6","0.1429","23.78","62.25","62.25","0.9382","MODERATE","1","0","2025-10-29","2026-08-15","2026-09-15 10:31:41","RISK_ADJ_PIPELINE","2026-09-15 10:31:41"
"77d3979b-31bc-52d1-9a9f-2cffec5542cd","c94e3025-2d3d-5301-b04b-9ed7437b7c12","2026","5","2","1","2","5","2","49242.69","37055.12","15498.99","3140.09","0.2","1","2","0.3333","34.43","63.26","63.26","0.6766","LOW","0","2","2026-01-19","2026-09-10","2026-09-15 10:31:41","RISK_ADJ_PIPELINE","2026-09-15 10:31:41"
"70054220-75a1-5b16-a2aa-b591ef185f67","a1bb7ebe-d874-5a25-a508-053371924cc0","2026","13","9","1","2","13","4","32296.0","20308.45","17516.08","3395.17","0.0769","3","8","0.2727","25.31","76.84","75.02","1.0014","MODERATE","2","2","2025-10-17","2026-09-13","2026-09-15 10:31:41","RISK_ADJ_PIPELINE","2026-09-15 10:31:41"
"1b1a4a8a-96e3-526d-9f37-f3c20f08f3ab","70e9e8a4-fd29-5d7d-9204-e848f5970a8b","2026","12","9","2","0","12","4","33538.47","25668.81","23846.39","4203.81","0.1667","3","9","0.25","24.94","83.32","68.43","2.3967","HIGH","4","2","2025-10-05","2026-09-10","2026-09-15 10:31:41","RISK_ADJ_PIPELINE","2026-09-15 10:31:41"
"37767183-c06c-5e02-91dc-45896e82f4b2","fc5cdec1-00d5-5587-a952-625e26faeef4","2026","7","7","0","0","7","3","13379.87","9347.1","8404.05","1164.43","0.0","0","7","0.0","12.46","21.35","21.35","1.4883","MODERATE","2","4","2025-11-22","2026-07-24","2026-09-15 10:31:41","RISK_ADJ_PIPELINE","2026-09-15 10:31:41"
"e4df68b8-7801-574e-8516-3a329870a3c9","e5dff58c-4b84-579b-bd9d-93d65db9f1d6","2026","11","6","1","1","11","3","72632.49","56457.39","27503.23","4316.03","0.0909","1","9","0.1","18.49","44.21","44.21","2.0701","HIGH","2","0","2025-10-08","2026-08-23","2026-09-15 10:31:41","RISK_ADJ_PIPELINE","2026-09-15 10:31:41"
"7d1251b9-5e18-5bb2-a68a-a2e5e78bfced","4e8cf672-d8d7-54e4-8a26-0e9d9d820d1b","2026","18","12","2","2","18","4","25139.19","18957.19","17052.57","2879.95","0.1111","0","16","0.0","12.51","23.19","21.72","2.7632","HIGH","1","5","2025-09-28","2026-09-10","2026-09-15 10:31:41","RISK_ADJ_PIPELINE","2026-09-15 10:31:41"
"4cdc0153-4bfd-5900-8252-ccc6ae42c283","b0040dbc-7304-51f9-b3a9-9b2ce025c3e7","2026","11","9","1","0","10","3","40325.11","26140.96","24433.19","3969.68","0.0909","2","9","0.1818","18.19","91.66","27.36","1.1886","MODERATE","1","5","2025-09-29","2026-05-19","2026-09-15 10:31:41","RISK_ADJ_PIPELINE","2026-09-15 10:31:41"
"e361f97e-b151-51a9-bb1f-dd5bda479318","4ae7a84c-78f0-5f52-ab4e-6a0d86fc2ecc","2026","27","17","1","6","27","4","52842.15","33788.63","9625.16","1921.3","0.037","3","18","0.1429","15.04","67.37","29.4","4.6527","CATASTROPHIC","1","3","2025-09-15","2026-09-08","2026-09-15 10:31:41","RISK_ADJ_PIPELINE","2026-09-15 10:31:41"
"6f3f4c02-0646-5360-ac92-f091d3d3493d","b5c6ec94-eb10-53a4-af53-ba119cf1a690","2026","16","10","4","0","15","3","91138.14","53568.64","28783.25","4406.57","0.25","1","15","0.0625","15.29","24.58","22.41","2.195","HIGH","1","2","2025-10-13","2026-09-07","2026-09-15 10:31:41","RISK_ADJ_PIPELINE","2026-09-15 10:31:41"
"3f470bf0-f2a4-574f-ac1c-5a502d9733d7","ae4da863-729a-5317-afda-5b6d753464f5","2026","11","6","2","2","11","3","30647.45","22408.27","4739.9","849.77","0.1818","0","9","0.0","10.07","16.66","16.66","1.8713","HIGH","4","1","2025-09-26","2026-09-03","2026-09-15 10:31:41","RISK_ADJ_PIPELINE","2026-09-15 10:31:41"
"afa6f11d-adff-5491-8603-1317bea9e2f0","866935be-e7f5-5e14-bf56-12bf1993189a","2026","10","7","1","0","10","3","23600.69","16339.59","14431.72","2028.72","0.1","0","10","0.0","6.45","13.43","13.43","0.6234","LOW","0","1","2025-09-17","2026-08-22","2026-09-15 10:31:41","RISK_ADJ_PIPELINE","2026-09-15 10:31:41"
"9b584197-99ef-550d-8b27-65801e88d43c","64b3006d-dbbf-5646-9889-a04b57ddc4ac","2026","5","5","0","0","5","3","19045.08","15504.54","14674.21","2015.96","0.0","0","5","0.0","11.01","21.67","21.67","0.6038","LOW","0","3","2025-09-21","2026-02-05","2026-09-15 10:31:41","RISK_ADJ_PIPELINE","2026-09-15 10:31:41"
"35e1d56b-faaf-5647-8244-55ccbdd9f1c8","b0488f81-80ca-5139-9e2e-2eaf4257f6c2","2026","10","8","1","1","10","4","24345.34","16583.33","14536.65","2164.58","0.1","0","9","0.0","12.46","21.19","21.19","0.8024","LOW","0","1","2025-10-22","2026-09-13","2026-09-15 10:31:41","RISK_ADJ_PIPELINE","2026-09-15 10:31:41"
"f5031364-6063-51a8-8430-c5aec81f34e1","8ce43a40-3ea2-551f-affa-21af9878f45a","2026","21","15","3","0","21","4","69969.43","46383.34","37568.92","6181.26","0.1429","3","18","0.1429","20.07","89.06","29.8","2.7467","HIGH","1","2","2025-09-19","2026-09-11","2026-09-15 10:31:41","RISK_ADJ_PIPELINE","2026-09-15 10:31:41"
"beb175b9-5f78-51d3-b177-33ec0eb47885","0ae66387-b467-50db-a876-ca781f2be667","2026","1","0","0","0","1","1","196.88","115.86","0","0","0.0","0","1","0.0","1.36","1.36","1.36","0.5408","LOW","0","0","2025-09-23","2025-09-23","2026-09-15 10:31:41","RISK_ADJ_PIPELINE","2026-09-15 10:31:41"
"34506f56-119f-5f88-94f3-d9ef927331ce","85854127-ce36-5751-aa96-6293e2b2d9d2","2026","6","5","1","0","6","3","26757.93","14980.37","13032.04","2204.57","0.1667","1","5","0.1667","15.7","41.37","41.37","0.5231","LOW","0","2","2025-10-30","2026-05-09","2026-09-15 10:31:41","RISK_ADJ_PIPELINE","2026-09-15 10:31:41"
"a9424a82-c27d-5abd-9486-ec986b9289f0","330526a2-4728-5d93-a839-b229895460d4","2026","27","22","2","3","24","4","101504.59","77299.39","56338.28","8299.91","0.0741","5","19","0.2083","17.23","73.23","58.81","3.8077","VERY_HIGH","0","3","2025-10-08","2026-08-27","2026-09-15 10:31:41","RISK_ADJ_PIPELINE","2026-09-15 10:31:41"
"4738f6a2-9458-5ecf-833d-85c04ae0ad26","ffb7c940-51e4-5d67-b36e-aa230cc7438a","2026","11","8","2","0","11","3","36319.26","25199.1","10054.12","1664.37","0.1818","2","9","0.1818","24.27","88.78","72.98","1.3691","MODERATE","0","3","2025-11-09","2026-08-11","2026-09-15 10:31:41","RISK_ADJ_PIPELINE","2026-09-15 10:31:41"
"d86f5be9-c5e9-5fe5-9421-6c981cc7544f","dcc62c7f-0bc9-5efc-afd4-82202b639abc","2026","16","11","0","2","16","3","46236.08","29490.59","14316.58","2017.58","0.0","5","9","0.3571","36.99","91.58","91.1","2.2699","HIGH","1","0","2025-11-01","2026-09-11","2026-09-15 10:31:41","RISK_ADJ_PIPELINE","2026-09-15 10:31:41"
"5257804a-e246-580a-8843-5d269282387e","56325502-d15c-5751-91c4-572f603812bd","2026","17","9","1","6","17","4","44177.99","31861.18","19257.37","2969.57","0.0588","2","9","0.1818","22.61","86.61","51.72","1.2015","MODERATE","2","2","2025-10-08","2026-09-01","2026-09-15 10:31:41","RISK_ADJ_PIPELINE","2026-09-15 10:31:41"
"f0d1b546-3538-5dec-88d8-c85c790386b1","80610eed-c3a6-5381-9c58-d2275b9663fd","2026","6","3","1","1","6","3","23173.9","13775.29","11613.78","2690.33","0.1667","0","5","0.0","12.22","19.15","19.15","1.1223","MODERATE","1","1","2025-10-08","2026-08-02","2026-09-15 10:31:41","RISK_ADJ_PIPELINE","2026-09-15 10:31:41"
"cdc178a0-aeca-510f-8868-c412ecb8ccef","2d04234b-9aef-5ebd-a2c4-eef96e1d0e1d","2026","10","8","1","1","9","3","35682.4","19061.3","16715.64","3006.03","0.1","1","8","0.1111","22.29","68.97","68.97","1.7834","MODERATE","1","0","2026-01-09","2026-09-01","2026-09-15 10:31:41","RISK_ADJ_PIPELINE","2026-09-15 10:31:41"
"ea8101d9-43bf-5d5d-9678-85d815dd556a","c9b56135-f06d-5314-b523-d20da5d5fb79","2026","8","4","1","2","8","4","34027.93","12690.43","3178.03","571.12","0.125","0","6","0.0","13.6","21.6","21.6","0.8348","LOW","0","1","2025-10-24","2026-09-01","2026-09-15 10:31:41","RISK_ADJ_PIPELINE","2026-09-15 10:31:41"
"f14a5205-19ff-5bf5-adcd-231a0ecdc2a2","4cf46491-d5e0-5643-b9ed-6fb55fb8fc7f","2026","8","3","3","1","8","3","40890.49","1490.73","899.37","246.03","0.375","2","5","0.2857","28.95","71.51","71.51","0.625","LOW","0","2","2025-11-09","2026-08-24","2026-09-15 10:31:41","RISK_ADJ_PIPELINE","2026-09-15 10:31:41"
"e2a6b973-a693-50d8-a751-aa4025cc7432","b8b6c2ee-5b7d-56e9-a622-4560c363502f","2026","23","14","4","3","22","4","42839.88","11396.97","2936.68","793.28","0.1739","4","16","0.2","19.07","88.92","55.86","2.6496","HIGH","1","3","2025-10-05","2026-09-07","2026-09-15 10:31:41","RISK_ADJ_PIPELINE","2026-09-15 10:31:41"
"5622fe20-2faf-59af-b6c4-76325afcf884","ddc47a43-4743-5bfa-bdaa-473c45265870","2026","15","9","1","2","15","4","65554.43","48635.69","26758.35","4319.98","0.0667","1","12","0.0769","14.05","52.07","19.29","2.1879","HIGH","1","3","2025-09-19","2026-09-10","2026-09-15 10:31:41","RISK_ADJ_PIPELINE","2026-09-15 10:31:41"
"2db45c84-2eca-5baf-bde0-f8eab78eff82","6b72322c-c6b4-5ece-bb51-752d2f21d3ba","2026","15","10","1","2","15","3","87274.96","63616.78","42661.36","6809.8","0.0667","1","12","0.0769","13.86","47.77","21.45","2.2522","HIGH","1","3","2025-09-18","2026-08-25","2026-09-15 10:31:41","RISK_ADJ_PIPELINE","2026-09-15 10:31:41"
"2ae87836-bc34-5475-aec4-6f8de76fd1ab","4750943a-1a51-529e-835b-0ef7e1722846","2026","11","6","1","2","10","4","39176.28","28035.3","27007.15","4866.15","0.0909","2","7","0.2222","30.79","80.76","80.76","2.6459","HIGH","1","2","2025-10-16","2026-08-20","2026-09-15 10:31:41","RISK_ADJ_PIPELINE","2026-09-15 10:31:41"
"b79fe33c-65c5-5909-a6ff-de93f5916711","e741751f-ec28-5871-832f-c1b9875a66aa","2026","13","10","2","1","13","4","43297.42","33199.08","30890.95","4948.63","0.1538","3","9","0.25","23.53","93.26","61.49","1.1086","MODERATE","1","2","2025-11-03","2026-09-03","2026-09-15 10:31:41","RISK_ADJ_PIPELINE","2026-09-15 10:31:41"
"7c380c2d-2a4c-5b43-958f-5c860c9ab83a","36df30a6-e229-5219-99a8-8c6b7b087f09","2026","10","6","2","0","9","3","25913.01","16449.54","14389.71","2316.73","0.2","1","9","0.1","13.51","32.35","32.35","1.232","MODERATE","1","0","2025-11-21","2026-09-03","2026-09-15 10:31:41","RISK_ADJ_PIPELINE","2026-09-15 10:31:41"
"54d94fa4-c5c3-5a2d-9d1a-3b0a2a37d417","c4a7d0fb-6a30-52b7-8676-bf5d90f85560","2026","13","11","0","1","12","4","63991.87","46914.82","43376.06","7739.28","0.0","1","11","0.0833","18.12","94.5","20.39","0.938","MODERATE","1","3","2025-09-16","2026-08-09","2026-09-15 10:31:41","RISK_ADJ_PIPELINE","2026-09-15 10:31:41"
"b5f1a20b-187c-5ccb-9277-cceafab367ce","42808c36-c292-58c5-805d-efda513c199b","2026","9","5","1","2","8","3","15766.72","11847.11","1180.03","328.45","0.1111","1","6","0.1429","13.88","54.98","54.98","1.3528","MODERATE","1","2","2025-10-22","2026-08-05","2026-09-15 10:31:41","RISK_ADJ_PIPELINE","2026-09-15 10:31:41"
"b28fe079-f8e0-5e98-b38b-bb67bbc25e9a","509a06ad-1e8e-5931-9541-5c7bc40f84dd","2026","10","7","1","0","10","3","14979.44","11285.77","10745.15","1804.62","0.1","2","8","0.2","15.56","52.71","52.71","1.5829","MODERATE","1","1","2025-09-15","2026-07-25","2026-09-15 10:31:41","RISK_ADJ_PIPELINE","2026-09-15 10:31:41"
"fe59dd02-3f92-5d6c-972d-94ca8cd806d9","78bf4ec5-4b67-54ba-987a-ab0b9d8ca964","2026","5","4","0","0","5","2","7785.31","5042.79","4058.88","738.79","0.0","1","4","0.2","21.81","47.53","47.53","0.5791","LOW","0","2","2025-11-19","2026-08-06","2026-09-15 10:31:41","RISK_ADJ_PIPELINE","2026-09-15 10:31:41"
"b63d5f43-53d7-55eb-af93-07fec3c4db1c","5784e43b-452e-5892-bbb9-9a511959654c","2026","8","5","0","3","8","3","17198.24","15001.01","4874.39","1085.66","0.0","0","5","0.0","11.14","20.71","20.71","0.3148","LOW","0","1","2025-09-30","2026-08-15","2026-09-15 10:31:41","RISK_ADJ_PIPELINE","2026-09-15 10:31:41"
"e23b4026-1ae7-5c58-a808-0ec66a897cfc","8f79cf86-6895-5d44-a976-2d58ac0e50fd","2026","17","14","3","0","17","3","5909.11","3328.79","3057.68","907.81","0.1765","3","14","0.1765","23.63","91.38","52.35","2.9118","VERY_HIGH","3","1","2025-10-07","2026-09-12","2026-09-15 10:31:41","RISK_ADJ_PIPELINE","2026-09-15 10:31:41"
"1daa29c9-4357-5214-be1a-463676167cc0","7b86b357-01aa-5d9a-b2d3-dc747747b092","2026","9","8","0","1","9","3","25051.38","17131.06","15953.26","2639.98","0.0","0","8","0.0","10.37","20.62","20.62","1.7236","MODERATE","1","2","2025-09-30","2026-09-07","2026-09-15 10:31:41","RISK_ADJ_PIPELINE","2026-09-15 10:31:41"
"115a3e54-ed8f-5541-aed1-02bdbb3788f7","404f3c84-7777-5b67-bbdb-b52b4e875ee2","2026","34","25","1","4","30","4","67369.88","43193.89","31867.5","6364.73","0.0294","7","23","0.2333","22.44","87.91","72.84","8.4609","CATASTROPHIC","2","3","2025-09-22","2026-09-06","2026-09-15 10:31:41","RISK_ADJ_PIPELINE","2026-09-15 10:31:41"
"871cf7f3-d133-5c72-a9a6-3273672655ac","f093be15-096f-5903-a942-5b6b4cdbba9f","2026","15","13","2","0","15","3","65422.87","29665.49","26563.84","5265.62","0.1333","1","14","0.0667","12.87","31.81","21.39","0.5887","LOW","0","1","2025-10-02","2026-09-08","2026-09-15 10:31:41","RISK_ADJ_PIPELINE","2026-09-15 10:31:41"
"bb7ae137-7c2a-5993-9b72-efc5975f4c12","d56decff-5aff-59b6-a47b-2a986c34ab38","2026","18","12","1","2","18","3","63939.75","42233.35","25440.4","4437.02","0.0556","1","15","0.0625","16.25","51.63","23.31","3.1438","VERY_HIGH","1","0","2025-09-15","2026-06-29","2026-09-15 10:31:41","RISK_ADJ_PIPELINE","2026-09-15 10:31:41"
"a6d65f57-274e-50f5-adbf-c674e444a231","82cb95a9-63e3-5109-bb45-e801428488d7","2026","13","10","1","1","9","4","93880.59","68421.17","63708.29","8786.63","0.0769","2","10","0.1667","16.75","34.81","26.43","1.7263","MODERATE","2","3","2025-10-19","2026-09-06","2026-09-15 10:31:41","RISK_ADJ_PIPELINE","2026-09-15 10:31:41"
"9711156c-9ee0-5d26-ac46-6d75cf7a7922","16fbfcb7-0385-5735-83a0-98f12d0c958e","2026","17","15","1","1","17","4","39514.81","19287.88","12319.7","2446.5","0.0588","4","12","0.25","27.46","79.85","76.72","2.2964","HIGH","2","2","2025-09-16","2026-09-08","2026-09-15 10:31:41","RISK_ADJ_PIPELINE","2026-09-15 10:31:41"
"e00fe934-2b9f-5db9-9bad-875bcaabb0df","23edf4d0-86d2-5a87-959a-dc95a20424e1","2026","7","5","0","2","7","3","32788.12","24157.14","9589.42","1806.44","0.0","1","4","0.2","20.8","54.98","54.98","0.4436","LOW","0","2","2025-09-18","2026-07-16","2026-09-15 10:31:41","RISK_ADJ_PIPELINE","2026-09-15 10:31:41"
"dfc56b22-f67e-5b49-b977-ef8f5928f624","6cd80f38-d9e4-571e-8291-2e1f233fcd87","2026","1","1","0","0","1","1","312.24","194.34","178.39","73.55","0.0","0","1","0.0","8.45","8.45","8.45","0.4119","LOW","0","1","2026-09-14","2026-09-14","2026-09-15 10:31:41","RISK_ADJ_PIPELINE","2026-09-15 10:31:41"
"00526040-3b45-5e2f-b898-4dd3fec82b89","bb8b572d-4984-5bfe-9d72-858fe1b68096","2026","13","7","2","1","12","2","5560.25","3198.15","2017.67","448.63","0.1538","3","9","0.25","26.53","83.51","72.74","2.5114","HIGH","1","4","2025-09-15","2026-09-11","2026-09-15 10:31:41","RISK_ADJ_PIPELINE","2026-09-15 10:31:41"
"cc9a15e6-4432-5a39-bcd1-98b81760a98b","73d94814-abce-558d-9d25-7ed0d7ba513c","2026","15","11","1","1","15","3","107387.42","67324.94","51747.22","9277.92","0.0667","2","12","0.1429","23.53","81.78","78.17","1.4643","MODERATE","0","3","2025-09-18","2026-07-19","2026-09-15 10:31:41","RISK_ADJ_PIPELINE","2026-09-15 10:31:41"
"87c110c8-6f88-5b0e-b894-05b5f012a611","7d87a86b-6718-5614-b6d8-ce7347c1cc01","2026","5","4","0","0","5","3","21048.64","15735.97","14653.85","2155.2","0.0","1","4","0.2","14.94","34.25","34.25","0.7929","LOW","0","0","2025-09-25","2026-08-26","2026-09-15 10:31:41","RISK_ADJ_PIPELINE","2026-09-15 10:31:41"
"30065ca1-7c0c-54e8-8ffe-d40e4e7db90e","227d1681-bce0-5650-834b-9166661ca0eb","2026","26","14","5","4","24","4","111756.05","80969.56","47468.11","7597.36","0.1923","4","18","0.1818","18.73","60.98","32.55","3.2668","VERY_HIGH","2","1","2025-09-24","2026-09-11","2026-09-15 10:31:41","RISK_ADJ_PIPELINE","2026-09-15 10:31:41"
"7cf69db8-e922-5c7e-8d67-7b904cff5771","e531b6b5-6613-5cc6-bb06-6eba460a5404","2026","19","14","3","1","19","3","51275.82","37612.96","34222.65","5532.68","0.1579","1","17","0.0556","13.6","30.69","23.36","2.804","VERY_HIGH","2","3","2025-09-15","2026-09-10","2026-09-15 10:31:41","RISK_ADJ_PIPELINE","2026-09-15 10:31:41"
"6dfdf8b6-2d6c-5ce8-b8f8-f8148b200c17","48c0af8e-75b3-5909-9287-17da4e799199","2026","21","17","1","1","20","4","94702.45","69283.99","44179.34","6954.03","0.0476","2","18","0.1","17.2","56.52","33.54","3.5579","VERY_HIGH","2","0","2025-09-20","2026-09-10","2026-09-15 10:31:41","RISK_ADJ_PIPELINE","2026-09-15 10:31:41"
"f703fc3f-001d-53c4-ac88-bef5ca8b75bf","3cbb093a-8568-5535-b226-d6eed2634460","2026","7","4","1","2","6","3","5654.11","3396.4","1398.92","323.49","0.1429","2","3","0.4","29.61","62.04","62.04","0.4128","LOW","0","0","2025-11-07","2026-08-12","2026-09-15 10:31:41","RISK_ADJ_PIPELINE","2026-09-15 10:31:41"
"b660f312-12b6-54a2-bc8a-b5d488acbfb4","8e2342a3-4061-5b17-a908-5fa68450433b","2026","27","21","3","2","27","4","40547.72","28459.87","18086.72","3356.06","0.1111","2","23","0.08","18.43","95.91","23.22","6.9917","CATASTROPHIC","2","5","2025-10-09","2026-09-11","2026-09-15 10:31:41","RISK_ADJ_PIPELINE","2026-09-15 10:31:41"
"557043fb-ec31-56be-a969-5d38fe39b183","3c3e7988-d55b-50af-a00d-765ee6dfbc7a","2026","9","5","2","0","9","3","69203.57","37811.07","24553.19","4573.6","0.2222","2","7","0.2222","25.41","92.81","92.81","0.9856","MODERATE","1","4","2025-10-17","2026-09-01","2026-09-15 10:31:41","RISK_ADJ_PIPELINE","2026-09-15 10:31:41"
"9a06b9fd-2f3a-5b2f-bcbd-92cfc5f957ca","87797a4d-2d9a-5885-bb26-04fc200479ca","2026","8","5","1","1","8","2","62984.76","31233.1","15815.64","2196.37","0.125","0","7","0.0","12.34","20.32","20.32","0.8694","LOW","0","0","2025-09-23","2026-09-07","2026-09-15 10:31:41","RISK_ADJ_PIPELINE","2026-09-15 10:31:41"
"1325c0d2-9093-5cff-a86a-f726c1aa7546","bc3433df-9646-5352-ba52-897ae52e59de","2026","4","3","0","1","4","2","54955.28","36491.81","19417.07","4020.32","0.0","0","3","0.0","11.61","22.01","22.01","0.4311","LOW","0","2","2025-11-18","2026-05-27","2026-09-15 10:31:41","RISK_ADJ_PIPELINE","2026-09-15 10:31:41"
"cc7781dd-92d0-503e-ab7a-d7383db2f59e","466d5133-e93a-5c60-880e-df872f6e976b","2026","32","21","6","3","26","4","80387.74","49778.69","45364.94","8329.61","0.1875","4","25","0.1379","15.71","86.41","31.32","5.8519","CATASTROPHIC","1","2","2025-10-03","2026-09-11","2026-09-15 10:31:41","RISK_ADJ_PIPELINE","2026-09-15 10:31:41"
"fa0752dc-e577-5533-8a89-560f553298ad","cf7e62e4-99f2-5c7d-b170-6e3af0abed7b","2026","6","5","1","0","6","3","31696.87","15705.35","15378.86","2674.94","0.1667","1","5","0.1667","28.22","94.26","94.26","1.125","MODERATE","2","1","2025-09-21","2026-08-29","2026-09-15 10:31:41","RISK_ADJ_PIPELINE","2026-09-15 10:31:41"
"dae4522b-dacf-584e-8fc9-01af94f96436","1d2236ef-72aa-5324-9553-0815ca45e840","2026","12","8","1","2","12","3","56813.66","37236.05","2431.27","632.12","0.0833","4","6","0.4","33.43","82.32","82.32","1.4993","MODERATE","1","1","2025-09-19","2026-08-10","2026-09-15 10:31:41","RISK_ADJ_PIPELINE","2026-09-15 10:31:41"
"94e861c8-9f68-51c7-9994-627962a0f9df","d0ffa2b3-70b3-5f5c-b79e-3527a25aae54","2026","15","11","2","2","15","3","84802.42","52644.0","38359.61","6326.26","0.1333","3","10","0.2308","26.41","82.27","80.71","1.5864","MODERATE","1","3","2025-10-10","2026-09-04","2026-09-15 10:31:41","RISK_ADJ_PIPELINE","2026-09-15 10:31:41"
"2b03060b-bb81-50c2-b2fb-be351ce9d4c4","f9e2cdf3-3e75-5a8d-8c6c-721a62a418c0","2026","14","11","1","0","14","3","32661.96","19499.51","16861.83","3144.7","0.0714","4","10","0.2857","22.57","91.15","76.98","1.6195","MODERATE","1","3","2025-09-29","2026-09-05","2026-09-15 10:31:41","RISK_ADJ_PIPELINE","2026-09-15 10:31:41"
"8ac2c4ac-4f3e-5f19-a6c1-9dfce9e9873a","ebc607c4-6838-5a3f-a409-16971899142d","2026","15","10","2","0","14","4","40242.09","28663.59","26750.56","3453.76","0.1333","2","13","0.1333","15.18","66.49","39.61","1.4112","MODERATE","2","3","2025-10-10","2026-09-07","2026-09-15 10:31:41","RISK_ADJ_PIPELINE","2026-09-15 10:31:41"
"e4484870-b445-5767-83fe-2718401fdde5","d14d63d9-98a5-5bfe-ab15-dc16d1840964","2026","6","5","0","1","6","3","27929.77","22201.0","20998.56","3001.08","0.0","1","4","0.2","29.5","92.77","92.77","0.7554","LOW","0","5","2025-12-18","2026-09-02","2026-09-15 10:31:41","RISK_ADJ_PIPELINE","2026-09-15 10:31:41"
"84de1864-c29c-583e-b48b-4ad2f94aae34","2e57beb9-ee9d-5ce2-b772-614f764fde73","2026","10","6","1","1","10","3","16619.92","12693.15","9815.42","1733.31","0.1","2","7","0.2222","25.21","80.86","80.86","1.7008","MODERATE","1","2","2025-10-09","2026-08-01","2026-09-15 10:31:41","RISK_ADJ_PIPELINE","2026-09-15 10:31:41"
"63c82b76-c72e-59ce-bfc4-f1a21bbf55d9","de709f47-2882-504d-a656-27676861aceb","2026","24","21","1","1","24","4","81291.44","59649.27","44567.42","8570.68","0.0417","2","21","0.087","15.44","95.92","23.49","3.1332","VERY_HIGH","1","0","2025-09-28","2026-09-13","2026-09-15 10:31:41","RISK_ADJ_PIPELINE","2026-09-15 10:31:41"
"3551f3c4-14fa-5270-8f9f-05947cc8b42d","9b49a54c-3e5b-50b2-86f1-bb4a51270479","2026","4","3","0","0","4","3","11833.74","8266.59","7063.57","1341.74","0.0","1","3","0.25","26.28","80.69","80.69","0.5697","LOW","0","3","2025-10-03","2026-02-07","2026-09-15 10:31:41","RISK_ADJ_PIPELINE","2026-09-15 10:31:41"
"c219bd68-d910-5ed3-a5c5-749934bf8f73","26246d86-007b-5fd3-b16c-d3c1466f958d","2026","12","8","1","0","12","4","70583.89","37864.08","34207.76","5837.77","0.0833","0","12","0.0","12.21","22.32","19.42","0.7587","LOW","0","0","2025-09-15","2026-08-26","2026-09-15 10:31:41","RISK_ADJ_PIPELINE","2026-09-15 10:31:41"
"f0dfe1e0-09eb-54fd-a087-cb832fa87c81","3753bdc0-6258-593f-9553-3c42f5b5b185","2026","19","12","4","1","19","3","77617.02","53749.91","36868.11","7055.08","0.2105","1","17","0.0556","11.35","29.26","23.41","3.3578","VERY_HIGH","1","2","2025-10-28","2026-08-25","2026-09-15 10:31:41","RISK_ADJ_PIPELINE","2026-09-15 10:31:41"
"7cfe2e5c-e28d-5b1d-9254-be157111dbe6","f3d28de3-d8ff-5b08-9b1a-d21f73ff8eb6","2026","9","6","2","0","9","3","15942.69","9782.62","8658.74","1670.15","0.2222","2","7","0.2222","22.26","84.05","84.05","0.6234","LOW","0","3","2025-09-19","2026-05-27","2026-09-15 10:31:41","RISK_ADJ_PIPELINE","2026-09-15 10:31:41"
"fbf48db6-f76b-52c9-83b2-b18215251ba9","b372736d-d102-5b1a-96b4-f72b4650bfcc","2026","12","8","2","0","12","3","90505.28","59104.38","54522.3","7961.06","0.1667","2","10","0.1667","12.13","27.11","26.95","1.8802","HIGH","4","3","2025-11-18","2026-08-25","2026-09-15 10:31:41","RISK_ADJ_PIPELINE","2026-09-15 10:31:41"
"9768710c-9693-5cee-8928-719bdd254e56","647d87bb-413c-5f65-8ff8-698b2f8cbdd3","2026","14","8","1","4","13","3","46614.12","33595.01","11303.06","1759.62","0.0714","1","9","0.1","19.81","75.74","75.74","1.7578","MODERATE","2","0","2025-11-12","2026-09-04","2026-09-15 10:31:41","RISK_ADJ_PIPELINE","2026-09-15 10:31:41"
"0d7eb8e0-29a7-5024-8bea-3e266a77dc67","3c743ee5-07dd-531f-81af-e468947a5457","2026","14","10","1","2","14","3","19296.27","12622.19","10391.19","2130.99","0.0714","2","10","0.1667","17.22","30.86","27.76","1.3291","MODERATE","1","1","2025-09-24","2026-08-31","2026-09-15 10:31:41","RISK_ADJ_PIPELINE","2026-09-15 10:31:41"
"cc65b137-cb8a-5f50-b244-43b2c2e93fbe","ec3eaa88-6fdd-5f54-ba3f-07d8f867e727","2026","9","6","1","0","9","3","17355.8","12368.02","2179.89","552.57","0.1111","1","8","0.1111","22.34","92.12","92.12","1.377","MODERATE","2","1","2025-12-11","2026-08-11","2026-09-15 10:31:41","RISK_ADJ_PIPELINE","2026-09-15 10:31:41"
"67bcb713-cfd6-5783-ad9a-9d19f4536c96","e94f2694-fbb4-591c-9f81-7b412ac146af","2026","10","9","0","0","10","3","7484.48","4766.0","4147.59","1081.52","0.0","0","10","0.0","12.35","23.13","23.13","1.4419","MODERATE","1","0","2025-09-15","2026-06-18","2026-09-15 10:31:41","RISK_ADJ_PIPELINE","2026-09-15 10:31:41"
"f37d49fc-766d-54c5-b8e1-8e44bfb02d3e","2dacf3cc-13ee-5528-ad39-aad3238d0fbf","2026","16","9","5","1","15","4","33306.52","14269.14","4376.64","971.01","0.3125","3","12","0.2","23.18","95.93","83.76","2.7622","HIGH","1","3","2025-10-04","2026-09-02","2026-09-15 10:31:41","RISK_ADJ_PIPELINE","2026-09-15 10:31:41"
"a99e1b67-42f2-588b-84c1-d73ff2a2becc","fbac6bac-5232-50fc-8d79-9a233c12e74f","2026","18","13","2","3","17","3","54898.76","43635.97","30486.32","5362.04","0.1111","2","13","0.1333","20.13","65.2","63.94","2.1075","HIGH","1","3","2025-09-21","2026-09-03","2026-09-15 10:31:41","RISK_ADJ_PIPELINE","2026-09-15 10:31:41"
"01fe87c2-7c38-5bb5-b5c6-e1f567482a99","b00e7299-172f-5779-9948-ab823c432797","2026","13","7","1","2","13","4","16476.91","10379.79","7212.33","1626.74","0.0769","3","8","0.2727","22.17","68.86","48.94","2.5577","HIGH","0","2","2025-10-21","2026-09-14","2026-09-15 10:31:41","RISK_ADJ_PIPELINE","2026-09-15 10:31:41"
"cc29a5be-f458-5d74-ab90-031dc2d3a9cf","26a3fc38-3dd1-58f1-bf4b-faeb699ffd1d","2026","11","6","2","2","11","4","79169.02","59168.55","29090.97","5285.93","0.1818","0","9","0.0","13.72","23.16","23.16","2.7181","HIGH","1","3","2025-10-04","2026-09-01","2026-09-15 10:31:41","RISK_ADJ_PIPELINE","2026-09-15 10:31:41"
"9d56196f-5bfb-5e78-a370-91535f10944d","4314d5ec-93dc-52d8-bcc2-7018f6e8ee32","2026","18","13","2","2","17","4","42555.55","20974.9","18737.5","3547.04","0.1111","3","13","0.1875","24.47","95.31","65.73","3.7671","VERY_HIGH","1","1","2025-09-16","2026-09-06","2026-09-15 10:31:41","RISK_ADJ_PIPELINE","2026-09-15 10:31:41"
"f48433f4-46e1-560b-a73a-8c2403b55dc8","585903ac-9caa-50c4-afae-3e7c4af0d6ba","2026","8","4","1","2","8","3","18580.1","11284.46","9371.23","1953.59","0.125","2","4","0.3333","31.05","86.4","86.4","1.3973","MODERATE","3","0","2025-10-16","2026-07-15","2026-09-15 10:31:41","RISK_ADJ_PIPELINE","2026-09-15 10:31:41"
"ce03c522-73a7-5e5a-880a-ac653e7e741c","1b0f6612-d870-5ffa-a81f-d5e303a0d3d9","2026","8","6","0","1","7","2","31595.36","24708.73","22997.44","4169.93","0.0","2","5","0.2857","28.81","74.18","74.18","0.8874","LOW","0","3","2025-10-26","2026-09-12","2026-09-15 10:31:41","RISK_ADJ_PIPELINE","2026-09-15 10:31:41"
"5182a0d1-1f60-5374-92dc-8271d1819b7d","4c6773e7-a946-5640-8970-701a161bcef9","2026","11","6","3","1","11","4","24726.74","19796.88","17907.05","2672.81","0.2727","4","6","0.4","31.81","93.1","93.1","1.3769","MODERATE","1","3","2025-10-30","2026-08-06","2026-09-15 10:31:41","RISK_ADJ_PIPELINE","2026-09-15 10:31:41"
"430a2213-2771-5b98-b7a0-79d1acc421e9","9334b60b-7e2f-5ed7-b18b-56fa8367bb1b","2026","1","1","0","0","1","1","21081.61","18259.92","17090.5","2318.4","0.0","0","1","0.0","16.8","16.8","16.8","0.7476","LOW","0","1","2026-04-22","2026-04-22","2026-09-15 10:31:41","RISK_ADJ_PIPELINE","2026-09-15 10:31:41"
"742099b0-e015-5ac4-a361-315e9ad1944f","f4213c63-12c3-5927-b425-7045c8d797b3","2026","10","9","1","0","10","4","35073.89","28060.49","24394.22","4963.53","0.1","4","6","0.4","36.0","90.89","90.89","1.6619","MODERATE","2","5","2025-10-02","2026-07-25","2026-09-15 10:31:41","RISK_ADJ_PIPELINE","2026-09-15 10:31:41"
"825f9590-19bd-522f-afde-a1099122e6e3","378f61a2-8255-5e1f-91f7-d1591c97f67f","2026","26","18","4","2","25","4","97475.12","75384.75","54157.2","10298.91","0.1538","1","23","0.0417","11.09","63.98","19.39","3.573","VERY_HIGH","1","1","2025-09-23","2026-09-10","2026-09-15 10:31:41","RISK_ADJ_PIPELINE","2026-09-15 10:31:41"
"f7d37e2f-b78c-588f-bb11-b1812c7848a8","8a4531a0-d863-52a8-95c8-747078925de6","2026","13","8","1","2","13","3","53009.87","34994.17","30692.72","6295.46","0.0769","1","10","0.0909","19.85","82.63","22.89","1.0908","MODERATE","3","3","2025-11-07","2026-08-25","2026-09-15 10:31:41","RISK_ADJ_PIPELINE","2026-09-15 10:31:41"
"b078bad5-1099-596d-9bb1-6d20e26bdd63","0a349175-8d29-5cc5-97e5-1df6ba039eef","2026","9","6","1","1","9","4","20595.41","12711.6","12066.59","1595.37","0.1111","1","7","0.125","17.75","42.23","42.23","1.5806","MODERATE","1","2","2025-09-17","2026-08-03","2026-09-15 10:31:41","RISK_ADJ_PIPELINE","2026-09-15 10:31:41"
"a750b04e-6750-57be-b131-c9e6c4d47dfb","347420d8-c07b-5a82-8b04-39430e4abb0e","2026","5","4","0","1","5","4","9430.46","7214.62","845.74","239.97","0.0","0","4","0.0","16.32","23.24","23.24","0.9926","MODERATE","2","4","2026-03-29","2026-08-08","2026-09-15 10:31:41","RISK_ADJ_PIPELINE","2026-09-15 10:31:41"
"43a6e14f-0ceb-5226-921c-c7ad176dec75","aa59ac12-9b3a-5466-95e9-0b26e0db81e4","2026","8","6","1","0","8","3","4437.41","2964.72","2602.92","602.1","0.125","3","5","0.375","26.0","61.91","61.91","1.4762","MODERATE","1","2","2025-09-16","2026-08-09","2026-09-15 10:31:41","RISK_ADJ_PIPELINE","2026-09-15 10:31:41"
"1298598d-743c-5388-8dd5-b39298cb746e","e79140de-8c15-5a6f-a372-4b3a92dda62b","2026","30","18","4","6","29","4","70738.38","52115.54","31555.19","6534.41","0.1333","6","18","0.25","24.22","91.43","75.87","7.7261","CATASTROPHIC","1","3","2025-09-18","2026-09-12","2026-09-15 10:31:41","RISK_ADJ_PIPELINE","2026-09-15 10:31:41"
"c2058888-8184-5259-b912-a2af3bb8e8c6","e2eb0c83-1448-5169-83f6-b67e2037f18e","2026","14","7","4","0","13","4","36808.11","25181.03","1814.34","519.0","0.2857","3","11","0.2143","20.21","68.61","56.87","2.6823","HIGH","2","3","2025-09-22","2026-07-12","2026-09-15 10:31:41","RISK_ADJ_PIPELINE","2026-09-15 10:31:41"
"5089c7ba-8c12-5935-a2a9-65cdd7b42ad8","2eb92b28-e2fe-5a17-ae68-ec554de3ec40","2026","4","4","0","0","4","2","1535.97","1147.84","1025.36","274.5","0.0","1","3","0.25","20.95","68.66","68.66","0.8113","LOW","0","1","2025-10-21","2026-07-27","2026-09-15 10:31:41","RISK_ADJ_PIPELINE","2026-09-15 10:31:41"
"b1f5dda8-aee4-5c8e-a7bd-2e5a5582ed86","dfd65c2e-583b-5de0-a175-dce5b46bf0ca","2026","10","7","1","0","10","4","48885.03","23735.65","22216.52","2638.98","0.1","1","9","0.1","17.21","74.54","74.54","1.6721","MODERATE","0","1","2025-09-28","2026-08-15","2026-09-15 10:31:41","RISK_ADJ_PIPELINE","2026-09-15 10:31:41"
"bbb49d8f-92b5-5c8f-ba25-7fa91a0801cc","bb853155-6532-53ba-9d45-1510954ef968","2026","30","19","5","1","27","4","51746.97","33426.17","28994.72","5646.38","0.1667","3","26","0.1034","18.08","93.43","31.14","7.9845","CATASTROPHIC","1","3","2025-10-10","2026-09-03","2026-09-15 10:31:41","RISK_ADJ_PIPELINE","2026-09-15 10:31:41"
"33441b4d-afef-5e5f-b50c-3796cea5b798","44c9c573-8894-5626-a935-5017f58f98ec","2026","9","6","3","0","9","3","2238.88","1262.39","1194.72","351.51","0.3333","1","8","0.1111","14.5","50.06","50.06","1.1365","MODERATE","1","1","2025-10-11","2026-09-04","2026-09-15 10:31:41","RISK_ADJ_PIPELINE","2026-09-15 10:31:41"
"b2e12e88-78c0-5893-8b0f-94dba475f5dc","f2c700f4-06e1-5654-a134-abb53699a42b","2026","12","10","1","1","12","3","2818.1","1843.44","1531.4","531.06","0.0833","1","10","0.0909","11.14","34.22","17.73","0.7502","LOW","0","5","2025-10-09","2026-09-01","2026-09-15 10:31:41","RISK_ADJ_PIPELINE","2026-09-15 10:31:41"
"93fc284b-b6d1-5d35-95a1-9a325c13052f","21fa30b9-6e1d-5998-85d3-463b092a52a0","2026","8","6","1","0","8","3","25532.82","18557.46","16939.4","3683.04","0.125","2","6","0.25","28.17","91.11","91.11","0.5374","LOW","0","1","2025-09-21","2026-06-06","2026-09-15 10:31:41","RISK_ADJ_PIPELINE","2026-09-15 10:31:41"
"0c262fb0-2827-587f-ab51-9f81db41950e","7e04e91a-9263-5e07-b4fc-b74b6500a78b","2026","8","6","1","1","8","2","32846.52","23358.74","21113.56","4082.35","0.125","1","6","0.1429","20.52","76.85","76.85","0.8004","LOW","0","2","2025-09-27","2026-06-02","2026-09-15 10:31:41","RISK_ADJ_PIPELINE","2026-09-15 10:31:41"
"ba880fe7-f075-5c50-b179-e3ca6121017e","c160bc3d-ef9b-5dbe-8095-f359c5fae145","2026","15","11","2","1","14","4","50007.21","27210.87","23204.81","4285.6","0.1333","0","14","0.0","10.37","23.41","22.87","2.3435","HIGH","3","0","2025-09-28","2026-09-12","2026-09-15 10:31:41","RISK_ADJ_PIPELINE","2026-09-15 10:31:41"
"a74ba916-c1f2-5728-8239-fa2f8dbe51a4","392880e6-386d-576d-923f-ee8b18c7f302","2026","22","13","3","4","21","4","24983.33","18534.75","16268.33","3198.07","0.1364","4","14","0.2222","20.74","82.77","60.84","2.9759","VERY_HIGH","3","3","2025-09-15","2026-08-23","2026-09-15 10:31:41","RISK_ADJ_PIPELINE","2026-09-15 10:31:41"
"7678d75e-e969-5792-91d5-215f868a610c","20a0c073-6350-5f2f-97c1-2d075a260d64","2026","13","8","3","1","12","3","76075.75","49439.17","30090.21","4876.81","0.2308","1","11","0.0833","14.16","27.65","22.22","1.0353","MODERATE","0","2","2025-09-24","2026-09-05","2026-09-15 10:31:41","RISK_ADJ_PIPELINE","2026-09-15 10:31:41"
"fa4c3cf2-c81e-5a12-95b8-43ee0ee76aac","61484147-6f67-5e6f-b781-30dee48674e8","2026","3","1","1","1","3","3","10505.93","6792.92","297.99","60.11","0.3333","0","2","0.0","12.1","14.4","14.4","0.8512","LOW","0","2","2025-12-24","2026-04-30","2026-09-15 10:31:41","RISK_ADJ_PIPELINE","2026-09-15 10:31:41"
"81f7933e-1f87-526d-8a28-b711b68aa34a","faac1c27-f2db-57ad-8017-f104ad928520","2026","18","12","4","2","16","4","33807.65","23026.92","19664.87","3074.19","0.2222","3","13","0.1875","20.77","86.56","40.21","2.7624","HIGH","1","4","2025-09-27","2026-08-05","2026-09-15 10:31:41","RISK_ADJ_PIPELINE","2026-09-15 10:31:41"
"07e6bd15-b288-5ecc-9d61-30bfb20f2f10","32f21236-5303-578a-8a06-b3486cbceacd","2026","13","10","2","0","13","3","3876.9","2068.65","1822.87","552.02","0.1538","3","10","0.2308","26.42","93.17","64.79","1.776","MODERATE","0","2","2025-10-10","2026-08-11","2026-09-15 10:31:41","RISK_ADJ_PIPELINE","2026-09-15 10:31:41"
"ad7ecc1e-fc90-53dc-b0be-43cdadb3853f","24c92293-db56-57ee-a4d4-80e3c96e1bea","2026","13","10","0","3","13","3","12840.78","9986.09","8036.65","1481.99","0.0","0","10","0.0","11.96","21.04","21.04","1.4627","MODERATE","1","5","2025-11-10","2026-07-19","2026-09-15 10:31:41","RISK_ADJ_PIPELINE","2026-09-15 10:31:41"
"e7095094-27c4-5326-9096-5ab5c640c774","4dfdf738-71d5-5a58-b89e-ef54c3712966","2026","20","17","2","1","20","4","65700.6","49710.74","45930.64","8617.95","0.1","5","14","0.2632","25.78","95.93","75.41","2.0683","HIGH","1","3","2025-09-20","2026-09-10","2026-09-15 10:31:41","RISK_ADJ_PIPELINE","2026-09-15 10:31:41"
"6f94f479-72bc-52d0-969c-62cad717cef5","d7fc7f03-dd0e-5154-a574-cc04eb919768","2026","2","0","0","2","2","2","2733.75","1934.2","0","0","0.0","0","0","0.0","","","","0.867","LOW","0","2","2025-09-21","2025-11-05","2026-09-15 10:31:41","RISK_ADJ_PIPELINE","2026-09-15 10:31:41"
"0cd5aa6f-71ca-5544-ae21-794e0dbbf3ec","318a04cf-a0ed-5e2a-a04e-fbf53c7d1697","2026","17","14","2","1","15","4","43018.85","25682.16","23011.9","4959.32","0.1176","1","15","0.0625","14.37","39.23","22.75","1.8156","HIGH","1","2","2025-09-30","2026-09-04","2026-09-15 10:31:41","RISK_ADJ_PIPELINE","2026-09-15 10:31:41"
"4822074d-fa62-5e66-b6cc-041083e09c5c","88950d5f-e60c-5ba2-99e9-7c1f1745bea3","2026","6","5","0","1","6","3","7207.98","5118.26","4535.18","816.72","0.0","0","5","0.0","12.08","21.64","21.64","0.8031","LOW","0","1","2025-10-24","2026-08-30","2026-09-15 10:31:41","RISK_ADJ_PIPELINE","2026-09-15 10:31:41"
"08aa988f-aae6-5f84-badd-dc960434ac5c","1faedcac-682d-53b3-9273-1f447e3d293d","2026","4","2","0","1","4","1","1590.66","1243.77","797.2","233.17","0.0","0","3","0.0","9.48","21.2","21.2","0.6725","LOW","0","3","2025-09-30","2026-03-23","2026-09-15 10:31:41","RISK_ADJ_PIPELINE","2026-09-15 10:31:41"
"5768469d-f3f9-590e-994f-ebfbfa463392","106bd90b-177d-52c2-9a25-f12fd9356e94","2026","12","11","0","0","11","3","23408.22","16837.49","15019.06","3036.72","0.0","2","10","0.1667","24.62","95.0","73.45","1.1115","MODERATE","2","2","2025-11-01","2026-08-30","2026-09-15 10:31:41","RISK_ADJ_PIPELINE","2026-09-15 10:31:41"
"08bafead-e613-52ce-81cb-bb3c998902f4","1b335313-631f-593e-a358-bb1b5260a048","2026","6","3","1","1","5","2","1948.69","1041.09","828.74","180.81","0.1667","1","4","0.2","22.28","60.35","60.35","0.7237","LOW","0","5","2025-10-10","2026-07-14","2026-09-15 10:31:41","RISK_ADJ_PIPELINE","2026-09-15 10:31:41"
"4a5b5a86-9372-59d4-82a0-91a1d5fd4c30","729aa951-b41e-545e-86e5-37f7a32294c4","2026","13","8","2","2","13","4","51429.4","22361.82","5522.84","1217.56","0.1538","2","9","0.1818","21.72","63.83","38.51","2.6258","HIGH","2","2","2025-10-28","2026-08-22","2026-09-15 10:31:41","RISK_ADJ_PIPELINE","2026-09-15 10:31:41"
"818f34a2-cf87-5f05-890e-43e3ca61f5a5","8f158a67-766b-5f26-8c2f-a14a2ea96b52","2026","14","9","1","1","13","3","30430.44","21015.32","18653.65","3027.7","0.0714","1","12","0.0769","13.65","43.7","22.3","1.9441","HIGH","2","1","2025-09-21","2026-08-31","2026-09-15 10:31:41","RISK_ADJ_PIPELINE","2026-09-15 10:31:41"
"596b5b96-9b5e-58fd-944c-ee74d00925a6","8419e0f8-0485-5c26-a7b3-712bd4a4d00c","2026","8","4","3","1","7","3","16200.71","10501.03","10368.97","1331.58","0.375","3","4","0.4286","29.54","71.33","71.33","0.3802","LOW","0","1","2025-10-29","2026-09-12","2026-09-15 10:31:41","RISK_ADJ_PIPELINE","2026-09-15 10:31:41"
"e72a0628-6a57-5d32-8140-1bd98bb42777","5605068f-62b2-58b9-9381-243574d57726","2026","8","5","3","0","8","4","18251.56","13243.83","11370.01","2076.87","0.375","1","7","0.125","18.83","74.23","74.23","0.5786","LOW","0","4","2025-11-09","2026-08-18","2026-09-15 10:31:41","RISK_ADJ_PIPELINE","2026-09-15 10:31:41"
"67a52183-1229-59ab-b518-77d37605bc51","33d8257d-0671-552d-a1cd-7b005c9be759","2026","9","6","0","2","9","4","11967.73","10292.11","5632.73","1368.89","0.0","0","7","0.0","10.88","23.44","23.44","1.2956","MODERATE","2","3","2025-11-02","2026-09-03","2026-09-15 10:31:41","RISK_ADJ_PIPELINE","2026-09-15 10:31:41"
"68688060-e8ac-5ad4-b838-2f3e605d805e","41d59667-856f-5a03-9172-e6e80fe80069","2026","7","4","0","0","7","3","5996.41","4613.92","3342.72","664.04","0.0","2","5","0.2857","26.09","82.15","82.15","1.0541","MODERATE","3","2","2025-10-09","2026-08-14","2026-09-15 10:31:41","RISK_ADJ_PIPELINE","2026-09-15 10:31:41"
"a7543c77-0a7c-5470-838c-332381561a69","2c0824e0-0acb-55a6-ac03-9957074f2baa","2026","9","4","2","0","9","3","31574.74","21394.42","7167.54","1178.97","0.2222","1","8","0.1111","12.73","24.98","24.98","1.6943","MODERATE","2","2","2025-10-26","2026-07-19","2026-09-15 10:31:41","RISK_ADJ_PIPELINE","2026-09-15 10:31:41"
"e5513972-9098-5c11-b354-29c6a0e0f391","926c8b60-b655-555b-9774-91560e5de611","2026","10","7","2","0","10","4","37360.79","30033.06","27780.16","4357.31","0.2","2","8","0.2","15.99","46.42","46.42","0.9629","MODERATE","0","0","2025-09-30","2026-05-25","2026-09-15 10:31:41","RISK_ADJ_PIPELINE","2026-09-15 10:31:41"
"2489da57-e1f3-5e2a-8bc4-e6669963f60f","2294c4b4-72e5-55b2-8fd4-1e272ad2f4ec","2026","15","8","5","1","15","2","38458.17","15072.8","12632.18","2701.02","0.3333","2","12","0.1429","16.78","38.08","32.17","2.1971","HIGH","3","3","2025-09-16","2026-08-21","2026-09-15 10:31:41","RISK_ADJ_PIPELINE","2026-09-15 10:31:41"
"182367cb-cf88-55e7-b9e8-84ba242d5a15","aead443f-2d10-553c-9224-7e3212cfe58b","2026","7","5","1","1","7","3","12214.06","8993.6","7359.67","1722.35","0.1429","2","4","0.3333","30.97","92.3","92.3","1.1131","MODERATE","0","4","2026-01-15","2026-09-11","2026-09-15 10:31:41","RISK_ADJ_PIPELINE","2026-09-15 10:31:41"
"cb1e5e77-a88a-5899-833d-bc296d6432c4","d0da9176-8d29-5501-a236-a0f876a696fe","2026","15","12","2","0","15","3","95311.67","51764.23","37523.05","6095.73","0.1333","0","15","0.0","11.46","21.96","21.78","2.5792","HIGH","1","2","2025-10-29","2026-09-10","2026-09-15 10:31:41","RISK_ADJ_PIPELINE","2026-09-15 10:31:41"
"1d45507d-c210-5e1f-a123-ae33f7a96f34","305b6f51-13f0-51d9-bcb4-408bb7ae4513","2026","19","13","2","2","17","4","9376.66","4298.21","2929.33","702.02","0.1053","2","15","0.1176","18.34","65.18","39.23","2.9742","VERY_HIGH","1","4","2025-09-16","2026-09-10","2026-09-15 10:31:41","RISK_ADJ_PIPELINE","2026-09-15 10:31:41"
"5aaad2b4-80ef-5e54-8dd8-ca28c9a72a87","e5a48635-bfd5-5d20-a606-b7fae9fdbd03","2026","10","8","2","0","10","3","15393.98","2099.35","1882.34","488.78","0.2","1","9","0.1","19.52","53.0","53.0","0.3816","LOW","0","1","2025-11-23","2026-07-26","2026-09-15 10:31:41","RISK_ADJ_PIPELINE","2026-09-15 10:31:41"
"a75f2469-efdf-5517-ba05-16fa5c02e893","e4ed7c74-0965-559a-a4a9-f059fc34f0bc","2026","8","3","3","2","6","3","27168.28","7059.56","5812.6","1244.2","0.375","0","6","0.0","11.23","15.91","15.91","0.9904","MODERATE","1","0","2025-09-16","2026-07-28","2026-09-15 10:31:41","RISK_ADJ_PIPELINE","2026-09-15 10:31:41"
"b2ee5b41-8782-55ae-9d2a-c6c891943707","a41b716f-c153-5553-b5e6-341432e9e0a8","2026","17","10","1","4","16","4","64399.43","46918.99","29313.82","4794.29","0.0588","2","11","0.1538","17.46","52.47","39.91","3.7316","VERY_HIGH","3","1","2025-11-16","2026-09-10","2026-09-15 10:31:41","RISK_ADJ_PIPELINE","2026-09-15 10:31:41"
"d65b7a61-6b27-52c5-a99a-65a69d7bb92f","05b34de0-3122-583a-847f-17baa1786e2f","2026","9","5","2","2","9","3","13049.95","7709.87","6308.0","1281.0","0.2222","0","7","0.0","13.42","22.54","22.54","1.2256","MODERATE","3","3","2025-10-07","2026-09-14","2026-09-15 10:31:41","RISK_ADJ_PIPELINE","2026-09-15 10:31:41"
"d93059c9-1d92-5695-af5a-dfea6095bab5","9906eb3a-99ff-558c-a9d7-4b6971819bb9","2026","15","10","1","1","14","4","34580.01","23414.88","20379.64","4211.31","0.0667","1","13","0.0714","8.84","27.58","21.36","2.4317","HIGH","1","5","2025-09-23","2026-08-31","2026-09-15 10:31:41","RISK_ADJ_PIPELINE","2026-09-15 10:31:41"
"cfbb3d2f-ea38-5c4e-a064-cc61c0cd8780","b3cb4f7f-50c2-544a-8b8f-cbbfb00ae280","2026","7","4","2","1","7","2","24718.25","14845.27","13620.66","1782.99","0.2857","0","6","0.0","10.51","17.78","17.78","1.1215","MODERATE","3","2","2025-10-28","2026-09-02","2026-09-15 10:31:41","RISK_ADJ_PIPELINE","2026-09-15 10:31:41"
"4c6a26a8-8f35-5ca0-93be-efa8c3aff5c9","30c3ba30-e706-55ac-815d-76ececc345bd","2026","8","5","0","2","8","3","23230.04","13810.83","11720.62","2197.96","0.0","0","6","0.0","9.0","18.22","18.22","1.3647","MODERATE","3","0","2025-09-22","2026-07-01","2026-09-15 10:31:41","RISK_ADJ_PIPELINE","2026-09-15 10:31:41"
"271219ee-daed-55e7-9fb8-60e1643414f5","1f23da8a-3892-5daa-9991-702778c38a94","2026","19","15","2","1","18","3","25841.1","16292.75","13725.97","2579.63","0.1053","3","15","0.1667","20.25","81.31","74.0","3.7756","VERY_HIGH","0","0","2025-10-04","2026-09-13","2026-09-15 10:31:41","RISK_ADJ_PIPELINE","2026-09-15 10:31:41"
"16c40814-2ccc-5403-aa31-e33c971bdebd","1e9e425d-d571-5d01-b89c-3836ff60101a","2026","10","3","4","1","10","2","2834.72","1712.42","1054.53","266.43","0.4","1","8","0.1111","16.81","65.31","65.31","2.1338","HIGH","1","3","2025-10-25","2026-09-01","2026-09-15 10:31:41","RISK_ADJ_PIPELINE","2026-09-15 10:31:41"
"e3272593-40e3-5db9-8ecf-9b09ed110b6c","bccbb9b2-9f06-5821-9ce3-98cc351362e7","2026","8","6","1","0","8","3","20602.64","14768.88","6161.11","1551.48","0.125","4","4","0.5","34.71","81.57","81.57","1.2733","MODERATE","1","1","2025-09-18","2026-08-20","2026-09-15 10:31:41","RISK_ADJ_PIPELINE","2026-09-15 10:31:41"
"cc230aa9-c12f-587e-acfc-1bfc3677e7ab","547dcc91-b497-5a6e-9804-e9ac3f816e72","2026","21","14","5","0","20","4","79892.54","49304.88","46685.86","7403.8","0.2381","2","19","0.0952","16.13","43.28","23.41","3.4755","VERY_HIGH","1","5","2025-09-17","2026-08-28","2026-09-15 10:31:41","RISK_ADJ_PIPELINE","2026-09-15 10:31:41"
"baf00739-b1a3-5f10-a9ea-0854ebe2e154","f69354ce-85df-560d-99c3-64d41f99b564","2026","13","11","1","0","12","3","40423.82","24989.34","19315.14","3355.63","0.0769","2","11","0.1538","16.92","55.34","51.46","1.4455","MODERATE","1","0","2025-10-11","2026-08-31","2026-09-15 10:31:41","RISK_ADJ_PIPELINE","2026-09-15 10:31:41"
"907cc110-6317-5e7d-a494-03723959cc92","4e2a31b4-21f9-5d32-83d8-7bb77e814f55","2026","5","3","0","0","5","3","4839.33","4004.52","731.85","217.72","0.0","0","5","0.0","10.67","22.2","22.2","0.7985","LOW","0","2","2025-10-03","2026-07-22","2026-09-15 10:31:41","RISK_ADJ_PIPELINE","2026-09-15 10:31:41"
"d923a7d7-acd2-5e46-9cc6-b2cd7dc9f3ba","747ee3b6-0d30-5c65-9488-7e2d162a8f1a","2026","8","8","0","0","7","4","14207.48","10996.32","9812.4","2136.99","0.0","4","4","0.5","30.78","89.37","89.37","0.4286","LOW","0","2","2025-11-01","2026-08-29","2026-09-15 10:31:41","RISK_ADJ_PIPELINE","2026-09-15 10:31:41"
"513d271c-644f-5bc1-aa89-026072610140","92056a38-64b4-547f-ae69-d6ff399765ad","2026","20","10","4","4","19","4","59139.5","36937.09","2624.36","488.43","0.2","2","14","0.125","20.03","72.12","69.3","3.736","VERY_HIGH","4","3","2025-10-05","2026-09-10","2026-09-15 10:31:41","RISK_ADJ_PIPELINE","2026-09-15 10:31:41"
"d79cbf99-72a4-592c-a88e-fb4664ed02bc","54b4cb57-e562-5769-9db4-33fad8da958b","2026","10","5","2","2","10","3","49153.36","33993.9","7440.16","1854.42","0.2","3","5","0.375","25.79","80.87","80.87","0.8681","LOW","0","1","2025-10-19","2026-09-10","2026-09-15 10:31:41","RISK_ADJ_PIPELINE","2026-09-15 10:31:41"
"3c802c40-558e-58e8-a7b0-72bf22324394","b4f6a35e-9f58-51a5-9da7-f5d6923d22f7","2026","11","8","1","2","10","4","4465.02","2347.55","1750.7","504.24","0.0909","2","7","0.2222","21.79","58.66","58.66","1.4071","MODERATE","3","4","2025-11-25","2026-08-27","2026-09-15 10:31:41","RISK_ADJ_PIPELINE","2026-09-15 10:31:41"
"be3c2747-0989-58dc-be07-0de7bf9e972c","bac2e66a-f022-5525-9867-246b436c4f1a","2026","21","15","5","1","19","3","55886.34","37564.12","22104.07","3946.83","0.2381","5","15","0.25","21.17","60.33","54.67","3.5975","VERY_HIGH","2","0","2025-10-19","2026-09-13","2026-09-15 10:31:41","RISK_ADJ_PIPELINE","2026-09-15 10:31:41"
"0596a0e7-8b3b-5deb-8955-e68a0f4535e7","28c8872d-9b85-5b59-b125-312396c2457d","2026","25","16","3","3","23","3","68094.44","45775.2","41506.8","5942.16","0.12","5","17","0.2273","25.85","94.62","62.7","2.154","HIGH","1","2","2025-10-22","2026-08-29","2026-09-15 10:31:41","RISK_ADJ_PIPELINE","2026-09-15 10:31:41"
"0d6afc06-2309-5d9f-b408-5e8bffad546d","2626a235-7ce9-541c-aed9-692354e74268","2026","5","3","1","0","5","2","1913.58","1178.01","1011.49","274.38","0.2","1","4","0.2","18.72","62.25","62.25","0.307","LOW","0","3","2026-02-04","2026-09-02","2026-09-15 10:31:41","RISK_ADJ_PIPELINE","2026-09-15 10:31:41"
"ac69717b-868e-56ad-a308-2e7abbfbccff","142b54b5-458a-5610-9977-cd49f3f430d4","2026","5","3","2","0","5","2","60145.13","28965.57","26398.59","4727.68","0.4","1","4","0.2","17.65","61.68","61.68","0.3247","LOW","0","2","2025-10-30","2026-04-27","2026-09-15 10:31:41","RISK_ADJ_PIPELINE","2026-09-15 10:31:41"
"ad44b690-c25b-50de-85c9-b445c8993f1b","4e2b85a9-512f-5cfc-bf85-7d7ebb77859d","2026","12","8","3","0","11","3","38436.35","24648.42","22988.72","3500.81","0.25","2","10","0.1667","17.73","60.14","43.91","2.6149","HIGH","1","0","2025-09-19","2026-09-13","2026-09-15 10:31:41","RISK_ADJ_PIPELINE","2026-09-15 10:31:41"
"eb795ece-6e78-522b-8199-e1a50a2d33ed","407c7e47-c9b2-56c8-8f80-27ee58812a99","2026","13","11","2","0","13","4","19012.19","14385.71","12947.49","2207.92","0.1538","2","11","0.1538","19.5","79.86","47.69","2.497","HIGH","2","0","2025-09-28","2026-08-28","2026-09-15 10:31:41","RISK_ADJ_PIPELINE","2026-09-15 10:31:41"
"667aceab-cb79-538a-977c-173caebb4214","f254fab7-d6cb-5615-bd5b-b405fd86e832","2026","12","5","2","0","12","4","21364.61","16968.71","15423.66","1996.44","0.1667","2","10","0.1667","20.16","60.97","45.44","1.3653","MODERATE","1","2","2025-09-23","2026-07-17","2026-09-15 10:31:41","RISK_ADJ_PIPELINE","2026-09-15 10:31:41"
"38797cbd-ceb0-5674-bb81-3640b0b4ed34","97f78f8f-6821-5655-8526-568644005758","2026","21","21","0","0","18","4","57328.02","42308.69","38632.71","7765.18","0.0","5","16","0.2381","28.04","92.1","83.09","2.9084","VERY_HIGH","2","2","2025-09-19","2026-09-13","2026-09-15 10:31:41","RISK_ADJ_PIPELINE","2026-09-15 10:31:41"
"37e97b83-a6a9-5a0a-9efc-94a0caa7639a","ad0503bf-8713-5913-b181-dd9cc68713a8","2026","19","12","3","2","17","3","58705.32","33200.25","28181.59","5251.89","0.1579","5","12","0.2941","28.21","82.66","64.24","3.4454","VERY_HIGH","0","2","2025-09-17","2026-09-13","2026-09-15 10:31:41","RISK_ADJ_PIPELINE","2026-09-15 10:31:41"
"669a93b7-0130-5d88-8d53-0627e11b2d22","26689fae-59d9-5f1c-b7ac-eecf842c7cd8","2026","12","8","1","1","12","3","27021.22","13943.39","12792.63","2369.04","0.0833","2","9","0.1818","28.24","85.97","84.7","0.9423","MODERATE","1","1","2025-09-30","2026-07-19","2026-09-15 10:31:41","RISK_ADJ_PIPELINE","2026-09-15 10:31:41"
"7736dc54-f665-538b-8902-3e0edac2153b","8f813dc2-c61a-5e45-a8d7-285e4e733519","2026","16","12","1","1","16","4","81977.91","55127.58","27497.22","4811.9","0.0625","4","11","0.2667","20.87","74.37","64.84","2.5825","HIGH","0","3","2025-10-11","2026-09-11","2026-09-15 10:31:41","RISK_ADJ_PIPELINE","2026-09-15 10:31:41"
"4f5f214a-e3ac-5c86-8b58-2bb2c6f888fe","37c52c0a-07b1-52c6-bf6b-d644525b68c6","2026","3","2","1","0","3","3","22082.9","14108.16","12266.88","2208.95","0.3333","0","3","0.0","6.13","9.74","9.74","0.3913","LOW","0","3","2026-01-29","2026-09-07","2026-09-15 10:31:41","RISK_ADJ_PIPELINE","2026-09-15 10:31:41"
"efbc7345-675b-5827-9dcc-b4799b261a85","3484566b-1eb4-57ed-b39d-e82fa68c844e","2026","8","7","1","0","8","3","30523.87","22586.81","20000.65","3256.22","0.125","2","6","0.25","24.83","77.19","77.19","1.3451","MODERATE","2","4","2025-09-19","2026-08-30","2026-09-15 10:31:41","RISK_ADJ_PIPELINE","2026-09-15 10:31:41"
"5fd7ee2e-5530-5d98-86a7-33fcfcf06a8f","fc3db220-213d-5f2c-a3d7-4d1fd84395ce","2026","14","12","1","0","14","3","54541.22","39395.36","24448.29","4119.34","0.0714","2","12","0.1429","21.55","88.36","69.23","1.0835","MODERATE","2","2","2025-09-20","2026-06-21","2026-09-15 10:31:41","RISK_ADJ_PIPELINE","2026-09-15 10:31:41"
"a77bae7f-8312-5b3d-b601-f19d1bf51714","41f0b988-870f-5af1-8c4a-66312107fcf5","2026","8","5","0","1","7","4","17426.65","10900.43","8830.8","1563.52","0.0","1","6","0.1429","12.88","32.93","32.93","0.4946","LOW","0","2","2025-10-06","2026-09-12","2026-09-15 10:31:41","RISK_ADJ_PIPELINE","2026-09-15 10:31:41"
"cf902172-ddee-5920-8941-0c5892269e8a","0f8288e8-68bb-5f4b-ac9a-9e278687ce7b","2026","10","8","0","0","10","3","14122.12","10698.41","9523.81","1630.0","0.0","2","8","0.2","19.81","57.24","57.24","2.531","HIGH","1","1","2025-09-17","2026-07-17","2026-09-15 10:31:41","RISK_ADJ_PIPELINE","2026-09-15 10:31:41"
"2028f503-b5fe-58b4-89ff-63d0ee792820","7bd6de05-e07d-5499-bd87-83d8523cadab","2026","5","4","0","1","5","3","8025.01","6055.28","4997.46","1037.84","0.0","2","2","0.5","48.32","92.04","92.04","0.8081","LOW","0","1","2025-10-17","2026-08-29","2026-09-15 10:31:41","RISK_ADJ_PIPELINE","2026-09-15 10:31:41"
"c3910bc6-0584-5601-b0df-119ea4cd413c","7184580d-3169-557a-b825-5f7bc27379c9","2026","19","11","3","3","16","4","16488.68","10551.43","5019.57","1177.51","0.1579","2","14","0.125","15.9","81.79","40.03","2.6632","HIGH","1","2","2025-09-22","2026-09-14","2026-09-15 10:31:41","RISK_ADJ_PIPELINE","2026-09-15 10:31:41"
"f79ea947-afce-50bd-94f4-9f0da845ec6a","1d3797aa-ec26-5c73-ae5b-c67fddc4462b","2026","14","7","0","1","14","3","67263.54","46000.25","13876.17","2836.17","0.0","0","13","0.0","8.02","23.23","22.02","2.6194","HIGH","2","0","2025-09-20","2026-09-05","2026-09-15 10:31:41","RISK_ADJ_PIPELINE","2026-09-15 10:31:41"
"96af0a58-5125-51f3-ad6c-3349e0c2c822","b0c07e23-5013-54e4-a67e-5862e19c3c76","2026","21","15","1","4","21","4","75584.92","57512.18","40944.9","6868.27","0.0476","4","13","0.2353","18.84","73.22","49.55","3.4815","VERY_HIGH","1","3","2025-09-21","2026-09-10","2026-09-15 10:31:41","RISK_ADJ_PIPELINE","2026-09-15 10:31:41"
"83ffe7b4-2648-525a-96d5-1813d8886381","4800289c-eef8-547b-916c-3137f8f11539","2026","9","7","1","1","9","2","27300.85","17949.46","16355.45","2844.9","0.1111","3","5","0.375","33.17","83.58","83.58","1.6131","MODERATE","1","0","2025-10-15","2026-09-13","2026-09-15 10:31:41","RISK_ADJ_PIPELINE","2026-09-15 10:31:41"
"478ea862-d37a-5f48-be7f-20562dd453ad","5798e4a0-085d-534a-a3ca-bd8a6c91a788","2026","7","4","2","0","7","4","20024.94","1788.93","1102.2","241.88","0.2857","1","6","0.1429","16.73","64.22","64.22","0.4111","LOW","0","1","2025-09-17","2026-07-06","2026-09-15 10:31:41","RISK_ADJ_PIPELINE","2026-09-15 10:31:41"
"f3b39696-56f5-5094-9fbf-5281fffc2f37","48e27198-10f0-5497-8e37-359c61710870","2026","1","1","0","0","1","1","500.3","283.4","250.74","61.71","0.0","0","1","0.0","13.33","13.33","13.33","0.3558","LOW","0","2","2026-07-09","2026-07-09","2026-09-15 10:31:41","RISK_ADJ_PIPELINE","2026-09-15 10:31:41"
"82612c6b-7082-56a3-bde8-988988dfb024","ac4d4e33-aad7-5045-a156-e2f16b5c847a","2026","6","6","0","0","6","3","31849.7","26995.14","24392.66","4529.28","0.0","0","6","0.0","10.32","22.38","22.38","0.3022","LOW","0","5","2025-11-03","2026-08-17","2026-09-15 10:31:41","RISK_ADJ_PIPELINE","2026-09-15 10:31:41"
"433a14c8-23ff-52c7-b7cb-85772d35831d","9aff89f9-4314-5e23-a396-f2f0c79a9783","2026","6","5","1","0","6","3","4456.97","1450.52","1385.42","347.22","0.1667","0","6","0.0","10.66","22.39","22.39","1.7245","MODERATE","2","0","2025-09-21","2026-08-01","2026-09-15 10:31:41","RISK_ADJ_PIPELINE","2026-09-15 10:31:41"
"e8b7a42f-5885-5ea3-8122-e6391b6e327d","22775c64-5756-57ec-a5ba-ca3b7b7c68cf","2026","13","10","2","1","12","3","4919.16","3218.85","2794.78","731.17","0.1538","2","10","0.1667","26.36","90.07","69.36","1.1648","MODERATE","2","2","2025-09-18","2026-08-12","2026-09-15 10:31:41","RISK_ADJ_PIPELINE","2026-09-15 10:31:41"
"5615161a-b7b1-57bb-a9c8-2d540b970ff1","ca3a961d-9d85-5a62-a18b-f0046f4b5dbb","2026","7","5","1","0","7","3","5410.17","3300.49","3014.24","703.22","0.1429","1","6","0.1429","22.32","54.79","54.79","1.4529","MODERATE","2","2","2025-11-19","2026-08-28","2026-09-15 10:31:41","RISK_ADJ_PIPELINE","2026-09-15 10:31:41"
"dda4db7e-c909-5ea8-871f-f70c2ae6b98d","30363856-1a34-5333-b978-5663dfa466f0","2026","14","8","3","2","13","4","23762.42","13104.79","10414.05","1924.78","0.2143","2","10","0.1667","20.95","80.08","63.24","2.3591","HIGH","2","4","2025-09-15","2026-07-25","2026-09-15 10:31:41","RISK_ADJ_PIPELINE","2026-09-15 10:31:41"
"3c8d6c0b-7670-5482-b12a-2c503822761f","82ae3d24-7908-5425-8b9a-e99e6d98e6a4","2026","25","18","4","0","24","4","79547.4","58176.82","42752.72","7953.71","0.16","1","24","0.04","15.45","70.0","22.51","2.9159","VERY_HIGH","3","1","2025-09-23","2026-08-08","2026-09-15 10:31:41","RISK_ADJ_PIPELINE","2026-09-15 10:31:41"
"ce5bf9d6-e9e7-5992-881c-8e263d59c6d8","95adfcab-a867-5b4d-922f-b32ee2be228d","2026","26","17","6","1","22","3","75673.31","53880.66","35650.95","6076.75","0.2308","5","20","0.2","23.05","86.83","73.94","2.9263","VERY_HIGH","1","1","2025-10-21","2026-09-06","2026-09-15 10:31:41","RISK_ADJ_PIPELINE","2026-09-15 10:31:41"
"db7b2285-96fb-561c-bfb2-82e84a484a26","0aced8a8-2896-508b-b08e-600cf64fde20","2026","21","13","5","3","21","4","58720.84","43280.46","38569.83","6083.83","0.2381","2","16","0.1111","18.62","83.42","76.79","3.8782","VERY_HIGH","4","5","2025-09-28","2026-08-18","2026-09-15 10:31:41","RISK_ADJ_PIPELINE","2026-09-15 10:31:41"
"e869adc5-688d-50ba-90eb-332e7c316f2f","34ffac2b-c9fd-5e22-b118-2c8bd80476a6","2026","12","5","1","5","12","2","86775.8","56919.83","22853.05","3430.29","0.0833","0","7","0.0","9.34","19.54","19.54","2.0404","HIGH","2","2","2025-09-27","2026-07-24","2026-09-15 10:31:41","RISK_ADJ_PIPELINE","2026-09-15 10:31:41"
"ff07febb-4fa8-5607-b34b-3d8f43713160","9319ad2d-19b0-5da5-9028-ec73e3357e63","2026","24","11","5","6","23","4","53374.97","34488.93","28023.71","4859.05","0.2083","3","15","0.1667","19.59","89.26","83.33","3.9773","VERY_HIGH","1","1","2025-09-15","2026-08-27","2026-09-15 10:31:41","RISK_ADJ_PIPELINE","2026-09-15 10:31:41"
"8dd38545-ee8a-504a-b264-d684a5f43129","f0f78fec-1640-539d-abcc-e41cae2716a0","2026","7","6","1","0","7","2","25020.5","20162.56","19482.92","4006.41","0.1429","1","6","0.1429","19.7","37.83","37.83","0.5903","LOW","0","1","2025-09-16","2026-08-25","2026-09-15 10:31:41","RISK_ADJ_PIPELINE","2026-09-15 10:31:41"
"e28358ad-f60a-592e-afc4-262af8f1df81","6e9a881f-ef7d-50e4-a89a-76b68b0b79ad","2026","6","3","2","0","6","2","2209.91","965.28","758.65","197.66","0.3333","3","3","0.5","33.88","87.35","87.35","0.5833","LOW","0","2","2026-01-10","2026-08-23","2026-09-15 10:31:41","RISK_ADJ_PIPELINE","2026-09-15 10:31:41"
"7a4da5ed-4b93-5b3c-aacb-2e51c0c66234","14238fba-62c1-51c3-8395-91db84e6cf22","2026","22","16","3","2","22","3","75203.0","52370.05","42301.7","7771.33","0.1364","4","16","0.2","23.25","82.19","80.61","2.0968","HIGH","1","4","2025-10-25","2026-08-06","2026-09-15 10:31:41","RISK_ADJ_PIPELINE","2026-09-15 10:31:41"
"849e5dab-76b7-5b6f-94ba-c22f2b4888cc","6cebbb6c-4c96-512d-bb29-6f91955ef6ac","2026","10","7","1","2","9","3","3759.65","2323.79","1395.65","412.27","0.1","1","7","0.125","21.69","91.88","91.88","0.4797","LOW","0","4","2025-09-27","2026-06-16","2026-09-15 10:31:41","RISK_ADJ_PIPELINE","2026-09-15 10:31:41"
"597e4bff-39c9-594b-a70d-76cd539bb001","3f42d10c-3b29-5c7c-add1-d9826d761636","2026","8","4","2","2","8","2","2701.98","1564.88","748.26","258.36","0.25","2","4","0.3333","33.12","86.58","86.58","0.8622","LOW","0","0","2025-11-16","2026-07-18","2026-09-15 10:31:41","RISK_ADJ_PIPELINE","2026-09-15 10:31:41"
"cbf44fd7-b413-56bd-844b-442c2fe40cab","677a9fba-5c8d-5e9c-81c9-aa38381a8767","2026","6","5","0","0","6","3","30093.95","24639.93","23172.28","3956.69","0.0","2","4","0.3333","30.92","86.51","86.51","0.7833","LOW","0","2","2025-11-07","2026-07-13","2026-09-15 10:31:41","RISK_ADJ_PIPELINE","2026-09-15 10:31:41"
"b5953291-feb7-5159-96b8-9764ae6041c1","d37f50ff-3804-5813-acb3-d198dca5cd91","2026","11","9","2","0","11","3","53137.05","35644.38","34558.88","6262.77","0.1818","1","10","0.0909","18.55","75.43","21.76","1.6145","MODERATE","3","1","2025-09-15","2026-08-22","2026-09-15 10:31:41","RISK_ADJ_PIPELINE","2026-09-15 10:31:41"
"e9065dd7-ac20-5a12-9784-bf9118b4be0f","03a78a14-5c74-5596-bbd3-12e354c7d121","2026","12","7","2","1","11","4","27679.46","4007.46","2500.92","643.86","0.1667","1","10","0.0909","14.77","29.65","23.06","1.5885","MODERATE","0","3","2025-11-01","2026-08-16","2026-09-15 10:31:41","RISK_ADJ_PIPELINE","2026-09-15 10:31:41"
"a4eaa559-a5a4-5fbb-a40b-097cbbd6320e","3e5267cc-a4d7-5a62-b99f-181ae59a0ae9","2026","13","12","0","1","13","3","67343.59","48129.76","35664.19","6133.84","0.0","1","11","0.0833","14.29","49.24","22.21","2.0033","HIGH","1","1","2025-10-24","2026-08-22","2026-09-15 10:31:41","RISK_ADJ_PIPELINE","2026-09-15 10:31:41"
"78b09ad8-7655-5384-b402-31bb3c586568","45800675-1072-5ac1-8097-20da39a4b8ad","2026","15","10","1","4","15","4","51667.08","39747.45","32475.41","4428.16","0.0667","2","9","0.1818","22.04","75.11","66.02","1.584","MODERATE","2","0","2025-10-04","2026-08-30","2026-09-15 10:31:41","RISK_ADJ_PIPELINE","2026-09-15 10:31:41"
"78b63229-cec3-56ad-b968-8cb9980947a7","fc4873d4-6554-5b0c-a498-8decff10ac66","2026","26","18","6","1","26","4","40730.78","13017.95","11866.93","2198.19","0.2308","3","22","0.12","18.57","95.4","34.39","3.9953","VERY_HIGH","2","3","2025-09-19","2026-08-14","2026-09-15 10:31:41","RISK_ADJ_PIPELINE","2026-09-15 10:31:41"
"0acb81b4-d64b-5ba2-9200-8eeb1ce35087","d11868e7-180a-5a15-ab78-e0f974d65cc7","2026","13","10","0","1","12","4","26265.32","15542.37","13584.2","2705.65","0.0","1","11","0.0833","12.75","34.67","14.87","0.6223","LOW","0","3","2025-10-12","2026-08-28","2026-09-15 10:31:41","RISK_ADJ_PIPELINE","2026-09-15 10:31:41"
"00b7cd65-3f7d-53bf-9582-db8f74e6fd14","ac8bbd92-43b5-5e20-ad4b-268bcc034ccb","2026","22","15","5","1","21","4","57876.63","35635.87","31821.74","4963.73","0.2273","3","18","0.1429","16.86","49.0","34.06","3.4492","VERY_HIGH","2","1","2025-09-21","2026-08-19","2026-09-15 10:31:41","RISK_ADJ_PIPELINE","2026-09-15 10:31:41"
"726091e3-19b3-5e0e-a00b-7f1b2a73aa23","00f1b198-027a-594b-a1db-ed53e7561d6d","2026","17","11","2","3","16","3","31490.96","24120.62","11461.46","2473.5","0.1176","2","12","0.1429","16.91","51.56","34.54","2.9053","VERY_HIGH","0","1","2025-09-24","2026-09-07","2026-09-15 10:31:41","RISK_ADJ_PIPELINE","2026-09-15 10:31:41"
"9d45aa7a-8fac-57ca-a544-f00a6915526e","d325f28d-ca26-5b2f-a405-4622a723125b","2026","5","3","2","0","5","3","13608.65","10883.33","9681.18","1270.6","0.4","1","4","0.2","24.09","59.92","59.92","1.2883","MODERATE","1","4","2025-09-25","2026-07-21","2026-09-15 10:31:41","RISK_ADJ_PIPELINE","2026-09-15 10:31:41"
"a5d1ec0c-c6f2-56bb-99f5-8be6b5dbf158","b979602f-af2a-5df1-9769-cc3adeaf1ea5","2026","1","1","0","0","1","1","11442.82","10200.25","9120.91","1757.82","0.0","0","1","0.0","9.52","9.52","9.52","0.5229","LOW","0","5","2026-03-17","2026-03-17","2026-09-15 10:31:41","RISK_ADJ_PIPELINE","2026-09-15 10:31:41"
"78f2a625-9370-511e-87ef-e3d4b790a751","501f111b-4375-5c6d-ab7c-fc36a870915b","2026","16","11","2","1","16","4","39142.02","24935.95","22432.41","3075.13","0.125","0","15","0.0","11.95","22.08","20.2","2.0159","HIGH","3","0","2025-09-27","2026-08-25","2026-09-15 10:31:41","RISK_ADJ_PIPELINE","2026-09-15 10:31:41"
"8483f403-572d-52fb-880b-2e4d506ff7f6","2009ee4b-16f3-52a2-8ef4-1b630324af9f","2026","12","8","2","1","12","3","74091.93","35964.69","28105.7","4336.02","0.1667","0","11","0.0","11.29","22.45","18.81","0.8924","LOW","0","2","2025-10-29","2026-08-25","2026-09-15 10:31:41","RISK_ADJ_PIPELINE","2026-09-15 10:31:41"
"c02a2980-0a31-5a01-9d33-3c1888772015","fe6f6772-bbfd-5e16-8bd9-3ccbcb2c11d6","2026","13","8","3","1","13","4","49400.57","15662.91","13416.1","2018.15","0.2308","1","11","0.0833","14.18","30.88","22.85","1.0181","MODERATE","2","3","2025-09-23","2026-08-25","2026-09-15 10:31:41","RISK_ADJ_PIPELINE","2026-09-15 10:31:41"
"af8a72ba-2ed3-5548-bc07-d70ddcdc6907","e833cc9a-7326-549b-9935-d3a19dbf50f5","2026","8","7","0","1","8","3","2426.32","1845.46","1523.35","432.69","0.0","2","5","0.2857","18.39","52.06","52.06","1.4354","MODERATE","1","2","2025-10-27","2026-06-28","2026-09-15 10:31:41","RISK_ADJ_PIPELINE","2026-09-15 10:31:41"
"cbbaf51f-768a-5eec-b98f-e122f6407b75","dad9b8ec-f1c3-5d89-a173-3eecd7dabc86","2026","13","10","2","0","13","3","46449.87","33533.42","31377.81","5417.63","0.1538","1","12","0.0769","17.59","94.03","22.71","2.6606","HIGH","2","2","2025-09-25","2026-08-23","2026-09-15 10:31:41","RISK_ADJ_PIPELINE","2026-09-15 10:31:41"
"633b2fd9-2c6c-5062-b03f-89e02f7a170d","c30a8629-ddd5-5019-b15f-fd4a5a99ae5e","2026","8","5","1","0","8","4","30287.03","20277.76","19022.63","2575.22","0.125","0","8","0.0","12.98","19.24","19.24","0.8047","LOW","0","0","2025-11-03","2026-08-30","2026-09-15 10:31:41","RISK_ADJ_PIPELINE","2026-09-15 10:31:41"
"c039f03a-a93c-57cd-98c1-01926d9fde8e","0238363d-fbd7-5433-bea2-664047656b5d","2026","34","25","3","3","29","4","144921.14","104672.54","92613.54","16109.36","0.0882","7","24","0.2258","18.68","68.43","39.49","7.0819","CATASTROPHIC","0","2","2025-09-15","2026-09-08","2026-09-15 10:31:41","RISK_ADJ_PIPELINE","2026-09-15 10:31:41"
"4ffd37b1-3758-5e87-9a21-45f37ec9c9ee","412fc8bf-ffcf-55d6-b0a9-32dca72f1fb5","2026","5","4","0","0","5","2","26769.3","18368.76","17388.26","3419.21","0.0","0","5","0.0","9.1","19.86","19.86","1.7277","MODERATE","1","3","2025-09-21","2026-08-09","2026-09-15 10:31:41","RISK_ADJ_PIPELINE","2026-09-15 10:31:41"
"4f50e84b-a468-5599-9c50-e97af24ca60a","b98e211b-9543-5c26-ab4e-70391b8e0295","2026","32","20","6","2","29","3","173238.41","96136.57","53780.56","8874.43","0.1875","9","21","0.3","24.95","95.29","83.86","5.2678","CATASTROPHIC","1","3","2025-09-15","2026-09-12","2026-09-15 10:31:41","RISK_ADJ_PIPELINE","2026-09-15 10:31:41"
"f165ef24-c0d2-50c5-9996-ba978efe73d3","f0b22ca9-8312-5cea-946b-07ae9766aa10","2026","9","7","0","1","9","2","4154.46","3097.11","2088.77","469.54","0.0","0","8","0.0","11.87","22.82","22.82","1.5949","MODERATE","1","1","2025-10-23","2026-08-11","2026-09-15 10:31:41","RISK_ADJ_PIPELINE","2026-09-15 10:31:41"
"130de62e-6233-58d8-b44f-0fb1b1262479","5cf357f2-a98f-5199-9489-a9f47a8d1fbb","2026","8","4","1","2","8","3","7851.38","5589.36","4367.13","909.47","0.125","0","6","0.0","7.66","12.11","12.11","0.505","LOW","0","1","2026-01-23","2026-08-12","2026-09-15 10:31:41","RISK_ADJ_PIPELINE","2026-09-15 10:31:41"
"8e6ce506-0f2f-513e-9904-2e01b2b4d893","f5234f18-b4dc-5a73-abbe-7b8dc83babcc","2026","7","6","0","0","7","4","39744.58","27164.5","25232.13","3957.02","0.0","3","4","0.4286","34.97","79.85","79.85","0.8599","LOW","0","4","2025-10-21","2026-08-10","2026-09-15 10:31:41","RISK_ADJ_PIPELINE","2026-09-15 10:31:41"
"4ce1c061-44b3-547b-aefb-8f6206b4349b","ceb1e159-fd4d-5c70-a454-44a3609a0f04","2026","14","8","1","2","14","3","45072.27","29011.39","18127.12","3137.24","0.0714","1","11","0.0833","12.24","24.53","23.38","1.7649","MODERATE","1","4","2025-10-07","2026-08-13","2026-09-15 10:31:41","RISK_ADJ_PIPELINE","2026-09-15 10:31:41"
"289d5286-24fe-58e0-958b-2592603b01a5","1af92da6-425d-5769-baeb-327ae892e686","2026","23","14","2","2","21","4","59359.6","35132.79","20713.06","3194.6","0.087","3","18","0.1429","15.6","43.64","30.91","3.3977","VERY_HIGH","2","3","2025-09-22","2026-08-29","2026-09-15 10:31:41","RISK_ADJ_PIPELINE","2026-09-15 10:31:41"
"2d47fc02-940e-5245-b3c5-37e477eb494f","ca21cf96-6c0c-522a-b30e-ce3e8e86e8e7","2026","7","5","2","0","7","3","3053.62","1689.61","1543.58","396.77","0.2857","0","7","0.0","16.26","22.71","22.71","0.8466","LOW","0","1","2025-11-06","2026-08-02","2026-09-15 10:31:41","RISK_ADJ_PIPELINE","2026-09-15 10:31:41"
"d5e60fa5-2933-5863-8651-b5cd9df26660","b8bf8162-af3a-59ae-9438-59590e7d8ef2","2026","14","8","3","3","14","4","9680.57","6155.62","4913.48","884.45","0.2143","1","10","0.0909","14.64","42.2","22.71","0.9591","MODERATE","2","5","2025-10-20","2026-09-01","2026-09-15 10:31:41","RISK_ADJ_PIPELINE","2026-09-15 10:31:41"
"2c49d53c-7bf5-5201-952b-5123f52fe0c6","b8df5974-9442-5608-bf51-0eacad710dc1","2026","2","2","0","0","2","2","2487.13","2057.13","1828.88","364.02","0.0","1","1","0.5","46.66","82.09","82.09","0.6735","LOW","0","2","2025-12-24","2026-02-25","2026-09-15 10:31:41","RISK_ADJ_PIPELINE","2026-09-15 10:31:41"
"8b2e684d-0d3d-5663-a2ac-c548288f17c8","e9ccaf0e-9f2b-5afc-abd8-6d1b90d8b444","2026","18","16","1","0","17","4","36892.11","27065.44","25502.41","5190.53","0.0556","2","16","0.1111","16.93","73.74","44.75","2.6147","HIGH","4","1","2025-09-21","2026-08-10","2026-09-15 10:31:41","RISK_ADJ_PIPELINE","2026-09-15 10:31:41"
"e128aa8e-9ae8-5918-8c41-aee32a8828d6","3c8868b7-9537-5686-b7fe-b85e9bb3d166","2026","6","6","0","0","6","3","11178.31","9359.0","8731.83","1601.68","0.0","2","4","0.3333","28.53","79.78","79.78","0.8857","LOW","0","2","2025-09-28","2026-06-29","2026-09-15 10:31:41","RISK_ADJ_PIPELINE","2026-09-15 10:31:41"
"1880d160-1c71-5050-8f1d-263104b5abec","eb14f775-ee33-5ccf-99c3-9ec23af9ea28","2026","12","10","1","0","12","3","3217.2","2263.54","2059.62","540.37","0.0833","2","10","0.1667","19.72","68.86","63.57","1.7037","MODERATE","2","1","2025-10-13","2026-08-21","2026-09-15 10:31:41","RISK_ADJ_PIPELINE","2026-09-15 10:31:41"
"855c5499-5b45-5e1b-a612-679a30d6e6f8","1f11fc90-70a3-562c-9229-639a6e65e1ce","2026","12","8","2","0","12","4","21682.17","18567.64","2152.88","550.22","0.1667","0","12","0.0","13.55","22.14","21.2","1.0386","MODERATE","2","3","2025-09-25","2026-08-15","2026-09-15 10:31:41","RISK_ADJ_PIPELINE","2026-09-15 10:31:41"
"638c747b-7104-5da6-ae03-94300caa6398","39ff6ff8-f91b-51df-b287-b783a7d17477","2026","15","12","2","0","15","4","10074.69","6379.04","5818.17","1184.74","0.1333","4","11","0.2667","20.06","81.73","42.25","2.6645","HIGH","2","0","2025-09-22","2026-09-13","2026-09-15 10:31:41","RISK_ADJ_PIPELINE","2026-09-15 10:31:41"
"964e490e-c339-560d-8f7d-f47962deb050","1f850aeb-e3b6-57fa-84fd-20e52a98908c","2026","9","6","3","0","9","4","11777.03","6835.98","6199.8","1261.96","0.3333","1","8","0.1111","17.98","59.7","59.7","0.6967","LOW","0","1","2025-11-29","2026-07-28","2026-09-15 10:31:41","RISK_ADJ_PIPELINE","2026-09-15 10:31:41"
"04b5d87d-f7b0-5070-a2f9-aba4c38a6a7a","48434e01-f2c9-5ed3-a15f-898c063b4815","2026","17","11","5","0","17","4","66663.31","33451.3","21900.55","3322.29","0.2941","1","16","0.0588","17.9","89.7","22.46","2.4705","HIGH","2","1","2025-09-19","2026-08-25","2026-09-15 10:31:41","RISK_ADJ_PIPELINE","2026-09-15 10:31:41"
"fcf373e0-ac7c-5915-ab43-ca26d581f85e","f73f78f3-9295-5df8-afcb-83404d015748","2026","7","5","0","1","7","3","21920.42","18374.97","2515.68","601.97","0.0","1","5","0.1667","26.58","84.52","84.52","0.697","LOW","0","1","2025-12-11","2026-04-06","2026-09-15 10:31:41","RISK_ADJ_PIPELINE","2026-09-15 10:31:41"
"3f82bdeb-56d0-52fb-a25f-39bdb31cf2be","d088be89-a96c-5ae9-abd6-8ea115bd786a","2026","24","18","2","3","22","4","89224.55","55751.52","35642.53","5693.85","0.0833","3","18","0.1429","19.52","91.04","44.53","4.8342","CATASTROPHIC","1","0","2025-09-19","2026-09-10","2026-09-15 10:31:41","RISK_ADJ_PIPELINE","2026-09-15 10:31:41"
"944ca3a6-78d6-587e-8300-60100680d877","62c2dbaa-a05a-587f-a251-6dcadd13feda","2026","11","7","1","2","10","3","36633.62","16406.28","14294.56","2829.9","0.0909","0","9","0.0","15.85","22.11","22.11","2.5746","HIGH","1","0","2025-10-02","2026-07-30","2026-09-15 10:31:41","RISK_ADJ_PIPELINE","2026-09-15 10:31:41"
"83ae299e-3aca-5321-838e-42a8055fe0ad","c11ab00c-ccd9-596f-adc7-6a1a610e4b58","2026","33","19","2","6","33","4","53850.22","36574.75","28015.33","5003.85","0.0606","5","22","0.1852","22.18","73.41","71.56","5.8891","CATASTROPHIC","1","1","2025-09-21","2026-09-13","2026-09-15 10:31:41","RISK_ADJ_PIPELINE","2026-09-15 10:31:41"
"be878dae-5215-54e6-8342-e986df9416fb","9721790b-db45-589d-993f-5e152cf7d798","2026","10","6","2","0","9","4","7457.83","2614.39","1674.21","408.07","0.2","0","10","0.0","10.65","20.04","20.04","1.4851","MODERATE","3","2","2025-10-26","2026-08-13","2026-09-15 10:31:41","RISK_ADJ_PIPELINE","2026-09-15 10:31:41"
"13478d24-f0aa-5697-9706-8eca242a076c","a3c1c26d-a109-516d-affc-c99b0c2507aa","2026","7","5","0","2","7","3","17630.5","15389.41","13055.33","2440.45","0.0","1","4","0.2","19.51","34.71","34.71","0.474","LOW","0","2","2025-09-25","2026-07-24","2026-09-15 10:31:41","RISK_ADJ_PIPELINE","2026-09-15 10:31:41"
"abc2c3d6-a2c4-5a6b-aee0-5cc0d77359dc","4aaa4d07-ee0b-5625-a04e-901bbcb791c0","2026","17","13","1","1","17","4","26194.09","16648.56","14779.05","2872.49","0.0588","3","13","0.1875","20.92","60.15","41.74","3.5069","VERY_HIGH","3","2","2025-10-26","2026-08-10","2026-09-15 10:31:41","RISK_ADJ_PIPELINE","2026-09-15 10:31:41"
"ac454998-76be-54c2-961a-3f84bacc09e7","0ef63934-5794-5db7-880f-0fbf0b5c69d6","2026","16","10","2","3","16","3","24371.03","15834.8","13811.47","2986.7","0.125","3","10","0.2308","23.42","91.35","69.33","2.7352","HIGH","4","1","2025-09-30","2026-08-30","2026-09-15 10:31:41","RISK_ADJ_PIPELINE","2026-09-15 10:31:41"
"26edc681-9b21-52e9-816f-c9306ea9399b","94e51d46-3491-52c4-acf4-643bb68f1b3e","2026","13","9","0","3","11","3","62789.4","46106.31","13790.59","2379.95","0.0","2","8","0.2","21.6","62.53","62.53","0.4722","LOW","0","1","2025-11-28","2026-09-05","2026-09-15 10:31:41","RISK_ADJ_PIPELINE","2026-09-15 10:31:41"
"ab258498-d851-590b-8981-c62cf88c1c5d","055a5e96-bbbd-58be-a8ce-2ad8d44a22c8","2026","3","2","0","0","3","2","8049.4","5904.47","3685.85","639.76","0.0","0","3","0.0","8.5","17.48","17.48","0.7242","LOW","0","2","2026-04-02","2026-07-14","2026-09-15 10:31:41","RISK_ADJ_PIPELINE","2026-09-15 10:31:41"
"7598261e-963b-5a06-9b13-e26f105ab7ec","2614a1c5-5af3-5b54-b737-281b369f3cf4","2026","8","5","1","2","8","3","57956.99","42311.73","21001.79","2577.12","0.125","1","5","0.1667","13.04","32.5","32.5","0.9762","MODERATE","3","0","2025-10-07","2026-08-09","2026-09-15 10:31:41","RISK_ADJ_PIPELINE","2026-09-15 10:31:41"
"cd4270b7-8aaa-53cd-adce-f0333e4309e3","403f188d-b0bd-5376-b7ee-8f92acd9215a","2026","4","3","0","1","4","2","2187.48","1545.97","946.03","254.56","0.0","0","3","0.0","6.89","11.01","11.01","0.5705","LOW","0","0","2025-11-10","2026-09-08","2026-09-15 10:31:41","RISK_ADJ_PIPELINE","2026-09-15 10:31:41"
"20337921-7b98-50e3-892e-9330e9c485e4","548d4c6e-670c-5dcb-8b75-dc76ef9b4e35","2026","14","12","1","0","13","4","51804.91","29415.35","25963.09","3925.74","0.0714","1","13","0.0714","14.67","36.35","22.72","2.7723","HIGH","1","3","2025-09-26","2026-07-01","2026-09-15 10:31:41","RISK_ADJ_PIPELINE","2026-09-15 10:31:41"
"254de4a1-9da3-5e17-99c2-59f6029fb53c","69cdeb8b-8ce0-5115-9ef5-cc236370eb7c","2026","19","11","5","2","19","4","65950.91","46763.87","41708.8","7332.91","0.2632","1","16","0.0588","11.62","37.94","21.08","1.999","HIGH","1","1","2025-09-17","2026-08-03","2026-09-15 10:31:41","RISK_ADJ_PIPELINE","2026-09-15 10:31:41"
"e6adc565-edb2-50ee-8ded-abd1a11f3304","2ca09031-68fb-5cc6-a269-4432638cba8c","2026","12","8","2","2","12","4","22533.45","6153.94","5287.18","1087.24","0.1667","1","9","0.1","18.45","67.23","67.23","1.7088","MODERATE","1","1","2025-09-18","2026-07-25","2026-09-15 10:31:41","RISK_ADJ_PIPELINE","2026-09-15 10:31:41"
"f5d9b3cb-a767-5a6d-a607-7c7b78315020","7c8756f1-0b52-5548-a46c-17fd3e5c95f1","2026","31","23","3","3","31","4","127362.39","79703.78","67271.01","11406.28","0.0968","4","24","0.1429","18.74","94.7","67.84","6.9786","CATASTROPHIC","3","1","2025-09-17","2026-09-12","2026-09-15 10:31:41","RISK_ADJ_PIPELINE","2026-09-15 10:31:41"
"6482fb7e-755a-58dd-a6ea-34c8a7648116","e0f7f5ce-7af6-5243-8ccc-d04be2c0df92","2026","8","3","4","0","7","3","7833.7","1652.14","1187.81","226.37","0.5","1","7","0.125","17.27","50.07","50.07","1.738","MODERATE","1","1","2025-10-31","2026-08-31","2026-09-15 10:31:41","RISK_ADJ_PIPELINE","2026-09-15 10:31:41"
"1d3d6db2-ff7c-574d-bd29-2219fba221f3","310f4543-937c-512c-a13b-db8e1f610852","2026","8","5","0","2","8","4","21097.3","14598.82","8738.34","1502.89","0.0","0","6","0.0","9.64","22.77","22.77","0.378","LOW","0","3","2025-09-17","2026-08-31","2026-09-15 10:31:41","RISK_ADJ_PIPELINE","2026-09-15 10:31:41"
"29e01dc6-f1ae-5760-b363-1472a308f2cb","bb993c8a-574e-59c4-adee-a1d0cccb75b6","2026","19","11","4","3","18","4","27617.26","18746.85","15108.0","2659.07","0.2105","1","15","0.0625","13.96","42.96","21.94","2.0255","HIGH","3","2","2025-09-19","2026-07-29","2026-09-15 10:31:41","RISK_ADJ_PIPELINE","2026-09-15 10:31:41"
"acf1eb66-e8b6-5a8b-af86-bc6b232c813c","e7457485-13df-54f7-9830-be7bed69d63e","2026","15","11","1","3","15","4","25272.88","16063.67","13899.52","2784.53","0.0667","3","9","0.25","31.28","95.11","87.86","1.2246","MODERATE","2","3","2025-09-21","2026-08-24","2026-09-15 10:31:41","RISK_ADJ_PIPELINE","2026-09-15 10:31:41"
"e4fff971-691e-5625-8882-cacab5f402ad","71038da4-1b33-5355-b530-57a7ba9b50a6","2026","22","17","3","1","21","3","69851.51","29377.84","26917.79","4681.68","0.1364","1","20","0.0476","14.02","76.83","22.38","2.8222","VERY_HIGH","2","1","2025-10-08","2026-09-09","2026-09-15 10:31:41","RISK_ADJ_PIPELINE","2026-09-15 10:31:41"
"634263a7-0e68-55e8-96ff-551ee6088b75","fe1e8722-2a5b-5b2d-a82d-d401af2c5468","2026","12","9","0","2","12","3","27702.41","20964.52","2831.86","628.64","0.0","2","8","0.2","22.08","65.57","65.57","1.5318","MODERATE","1","1","2025-10-11","2026-08-09","2026-09-15 10:31:41","RISK_ADJ_PIPELINE","2026-09-15 10:31:41"
"cff767e8-bddf-5fc8-aaf3-f28008d06231","b656d2e5-a75f-5e30-b7e6-d458efb527a2","2026","8","5","0","2","8","3","2636.72","1900.87","869.84","282.71","0.0","0","6","0.0","8.28","12.89","12.89","1.0276","MODERATE","1","2","2025-11-13","2026-09-10","2026-09-15 10:31:41","RISK_ADJ_PIPELINE","2026-09-15 10:31:41"
"0700cbe5-fbfc-5fc0-ae6c-9ca530f0f2c2","951bf4a9-7bfd-5905-9793-7412a07f4b4d","2026","10","7","2","1","9","4","35250.63","25445.0","24832.74","4054.11","0.2","2","7","0.2222","23.71","86.09","86.09","1.3169","MODERATE","3","3","2025-11-03","2026-07-16","2026-09-15 10:31:41","RISK_ADJ_PIPELINE","2026-09-15 10:31:41"
"16ab0b66-6d8d-5574-b0f4-c63a85ce35c4","e01fc4f7-9baf-5914-ae6c-d96982e895d7","2026","14","9","2","0","13","2","37293.68","25010.79","21586.04","4843.06","0.1429","2","12","0.1429","18.59","81.26","27.46","1.3845","MODERATE","4","1","2025-11-13","2026-07-19","2026-09-15 10:31:41","RISK_ADJ_PIPELINE","2026-09-15 10:31:41"
"09200775-eb94-5f6a-b976-b7d24902cad7","0afe2306-9084-5c31-9197-99b6cba5c557","2026","12","9","0","1","12","3","19257.3","14273.25","2223.9","571.3","0.0","1","10","0.0909","17.2","86.74","18.18","1.1359","MODERATE","2","3","2025-10-21","2026-09-01","2026-09-15 10:31:41","RISK_ADJ_PIPELINE","2026-09-15 10:31:41"
"a988f618-e8ab-5487-8f6c-f1ce83f35e7c","68db2051-f69c-59f3-a74f-867d5c1415ab","2026","20","13","4","2","20","4","97372.27","52368.23","46333.37","8848.38","0.2","2","16","0.1111","21.13","93.85","50.11","3.6987","VERY_HIGH","2","0","2025-11-06","2026-09-06","2026-09-15 10:31:41","RISK_ADJ_PIPELINE","2026-09-15 10:31:41"
"257547a4-b644-5573-95ae-ae9286c5d5b7","ff078b5f-422c-5fdf-b1a0-ce6ed06a0676","2026","17","13","2","0","16","4","38604.18","30529.59","28448.03","4517.63","0.1176","4","13","0.2353","22.63","91.68","66.87","2.5958","HIGH","2","2","2025-09-19","2026-09-01","2026-09-15 10:31:41","RISK_ADJ_PIPELINE","2026-09-15 10:31:41"
"c26ac2b8-8958-5f3b-bb7f-0a9579d10b52","6d7eccc0-4818-5c7b-b4b1-da783a75359b","2026","5","4","0","1","5","2","1966.32","1473.74","1177.32","284.31","0.0","2","2","0.5","36.84","86.0","86.0","0.8251","LOW","0","4","2025-10-09","2026-08-31","2026-09-15 10:31:41","RISK_ADJ_PIPELINE","2026-09-15 10:31:41"
"934250c7-4678-54ba-940c-3e6fa1ba0378","7e0a7dca-cec4-5ce7-be24-76449452be19","2026","6","2","0","3","6","4","10180.3","6119.54","413.14","106.49","0.0","2","1","0.6667","44.72","84.99","84.99","0.6177","LOW","0","2","2025-10-03","2026-05-09","2026-09-15 10:31:41","RISK_ADJ_PIPELINE","2026-09-15 10:31:41"
"384a3844-cdd2-5ebb-a1c9-408decaf1e35","ab25efbd-8d81-517c-a6b3-dbc3cbca70bc","2026","16","10","1","1","14","3","37805.8","32036.08","27987.13","5234.45","0.0625","0","15","0.0","12.74","23.44","23.36","2.6895","HIGH","1","3","2025-10-12","2026-08-17","2026-09-15 10:31:41","RISK_ADJ_PIPELINE","2026-09-15 10:31:41"
"d7f5ca66-339d-51b2-ad45-63ee26ab59e5","06c1f9bd-2fe4-5889-a0ce-2c2311ad69bc","2026","11","7","2","1","11","4","45847.83","28383.8","26536.46","4314.4","0.1818","1","9","0.1","10.77","49.37","49.37","0.8839","LOW","0","3","2025-10-03","2026-07-17","2026-09-15 10:31:41","RISK_ADJ_PIPELINE","2026-09-15 10:31:41"
"8835a2c4-6397-51d5-b849-b291a7d32d16","f9fb87da-4da8-5e32-8c86-9a957cef6005","2026","11","5","3","2","11","4","22454.05","15721.28","9263.19","2229.59","0.2727","3","6","0.3333","30.27","87.61","87.61","2.1856","HIGH","1","2","2025-10-21","2026-08-15","2026-09-15 10:31:41","RISK_ADJ_PIPELINE","2026-09-15 10:31:41"
"56cf27d9-8acf-501f-aa17-ae854e622604","fddca490-a1f1-516c-8980-04032a4c044f","2026","15","11","1","0","15","4","42083.23","27973.37","19217.41","3454.71","0.0667","3","12","0.2","18.47","55.33","46.94","1.6679","MODERATE","2","3","2025-09-25","2026-08-14","2026-09-15 10:31:41","RISK_ADJ_PIPELINE","2026-09-15 10:31:41"
"b1fdcc58-7c05-57c2-9da9-5155c8423443","a744296e-b777-52af-bac6-dbd8f16244c3","2026","20","12","5","3","19","3","47429.31","11319.29","10354.93","1553.06","0.25","2","15","0.1176","11.4","51.11","25.19","3.2121","VERY_HIGH","1","1","2025-09-16","2026-09-13","2026-09-15 10:31:41","RISK_ADJ_PIPELINE","2026-09-15 10:31:41"
"66684ca8-03ec-5019-850f-ef554105c467","d9c3e271-733b-5ba0-bd9b-bedc6c623ce3","2026","9","5","4","0","9","3","14735.48","1727.71","1594.65","363.94","0.4444","1","8","0.1111","22.77","92.58","92.58","2.2844","HIGH","1","2","2025-10-12","2026-08-03","2026-09-15 10:31:41","RISK_ADJ_PIPELINE","2026-09-15 10:31:41"
"587f4ac0-f3d4-5c36-8c8f-97e886aa6000","5c09dc3e-0da9-51c8-a1d1-efca1cddfa3f","2026","24","17","4","1","24","4","77770.41","44633.76","42231.49","5821.46","0.1667","1","22","0.0435","17.08","83.75","21.5","3.4228","VERY_HIGH","2","1","2025-09-15","2026-09-13","2026-09-15 10:31:41","RISK_ADJ_PIPELINE","2026-09-15 10:31:41"
"7083e891-d30b-5df5-be1d-93a2862cb8eb","277e2c40-703f-568d-83f9-def62946f5ba","2026","9","9","0","0","9","4","30822.53","20819.09","19075.74","3165.41","0.0","1","8","0.1111","16.85","58.81","58.81","0.5391","LOW","0","0","2025-10-06","2026-09-14","2026-09-15 10:31:41","RISK_ADJ_PIPELINE","2026-09-15 10:31:41"
"fcec087c-a15f-5ee9-9abd-4804c43b115d","b3874b2c-e402-5eca-9a10-ae231834ded0","2026","16","12","1","2","16","4","79413.14","44712.81","42700.56","6646.82","0.0625","1","13","0.0714","13.52","28.53","21.49","2.6334","HIGH","2","0","2025-10-22","2026-08-27","2026-09-15 10:31:41","RISK_ADJ_PIPELINE","2026-09-15 10:31:41"
"81fa3dd8-a78c-58ce-ae95-2af5f2df29de","f82a36fa-3150-527f-9030-b648b2d56c39","2026","9","8","1","0","8","3","28244.93","20766.25","18585.6","2959.69","0.1111","0","9","0.0","6.39","11.66","11.66","2.445","HIGH","1","2","2025-09-22","2026-07-03","2026-09-15 10:31:41","RISK_ADJ_PIPELINE","2026-09-15 10:31:41"
"dee0d025-fd5d-5811-adc9-20bff5db0cc2","61f5ac23-99b4-5dc2-9950-6b87dbe16bdb","2026","11","5","1","2","9","4","55829.94","33790.86","22401.7","4116.19","0.0909","1","8","0.1111","19.6","88.2","88.2","0.4628","LOW","0","1","2025-10-13","2026-09-07","2026-09-15 10:31:41","RISK_ADJ_PIPELINE","2026-09-15 10:31:41"
"c923426a-6656-5af6-ad72-fc7ab333eac0","1173f9f9-83f1-588e-8274-60e921d8a6da","2026","9","7","1","1","9","3","11057.15","8174.26","7130.43","1605.44","0.1111","0","8","0.0","12.57","21.58","21.58","1.2926","MODERATE","1","2","2025-10-09","2026-09-12","2026-09-15 10:31:41","RISK_ADJ_PIPELINE","2026-09-15 10:31:41"
"62842b78-1ff5-56df-8221-8d6e420ca1d8","1464cee0-d18c-5ae8-a3fc-e3c9af2d6e1b","2026","6","5","0","0","6","2","1885.01","1157.56","945.32","249.72","0.0","0","6","0.0","15.79","21.3","21.3","1.4407","MODERATE","1","0","2025-09-23","2026-04-30","2026-09-15 10:31:41","RISK_ADJ_PIPELINE","2026-09-15 10:31:41"
"f9b11afa-73d0-5c8c-869d-5778ce8fb696","88b78fea-120c-5883-a412-3fd271a9d1b3","2026","22","11","4","5","20","3","28562.36","18178.74","5308.67","1211.37","0.1818","1","16","0.0588","12.76","38.96","22.79","3.9166","VERY_HIGH","1","0","2025-09-20","2026-09-05","2026-09-15 10:31:41","RISK_ADJ_PIPELINE","2026-09-15 10:31:41"
"0ff38c5a-fbff-5161-b6d8-5bafdd0205d2","b4bfaf06-4295-560b-a54a-6d2f9ef58c2c","2026","10","4","3","3","10","3","12282.93","6444.38","5656.81","787.71","0.3","2","5","0.2857","26.39","64.01","64.01","1.6575","MODERATE","2","1","2025-09-24","2026-08-21","2026-09-15 10:31:41","RISK_ADJ_PIPELINE","2026-09-15 10:31:41"
"65859be3-0e27-57d5-8d35-28dd922eb8ea","f67ee38c-a444-5840-a2a0-0407240ea7cd","2026","5","3","1","0","5","2","17142.21","9739.66","8184.17","1496.8","0.2","1","4","0.2","24.27","59.06","59.06","0.583","LOW","0","3","2025-09-30","2026-07-13","2026-09-15 10:31:41","RISK_ADJ_PIPELINE","2026-09-15 10:31:41"
"5fdb5920-172d-5f19-b0a4-318226a6a023","df49f5d8-c305-59e0-9ba1-bc71a1b2616b","2026","26","17","5","1","23","4","51761.82","40014.06","35920.16","6277.44","0.1923","3","22","0.12","17.58","92.51","41.16","3.5236","VERY_HIGH","1","2","2025-09-22","2026-09-02","2026-09-15 10:31:41","RISK_ADJ_PIPELINE","2026-09-15 10:31:41"
"bab6db7f-69ce-55d0-bae7-e3cc98964be1","aeb4cd99-850f-5e45-bbd0-beb08473ce54","2026","15","8","3","2","14","4","34920.02","11794.47","9730.98","2032.6","0.2","0","13","0.0","13.12","23.49","20.8","2.882","VERY_HIGH","2","0","2025-09-24","2026-07-26","2026-09-15 10:31:41","RISK_ADJ_PIPELINE","2026-09-15 10:31:41"
"0a4bf14b-a54c-549e-bef4-cbef85499345","83abd675-f01a-5de8-8485-298c63ea8007","2026","17","11","4","0","15","4","14082.03","8655.54","7712.73","1525.75","0.2353","3","14","0.1765","16.65","53.35","36.33","1.9015","HIGH","4","2","2025-09-24","2026-09-08","2026-09-15 10:31:41","RISK_ADJ_PIPELINE","2026-09-15 10:31:41"
"571a08da-3729-5ffd-b4b3-0b86e6491ea6","67838870-8108-58e5-9c4a-ed4f2928de99","2026","8","4","2","1","8","3","33358.84","24443.77","7174.84","1113.61","0.25","1","6","0.1429","21.32","82.44","82.44","0.9261","MODERATE","1","0","2025-09-18","2026-09-02","2026-09-15 10:31:41","RISK_ADJ_PIPELINE","2026-09-15 10:31:41"
"f8b8cfa1-25a2-58ee-b1f0-92460a1c61cf","cc2b1f90-11bf-5e6f-bad7-bef7139836b6","2026","14","11","1","2","14","4","26315.19","22486.28","20359.84","4441.91","0.0714","0","12","0.0","10.09","16.89","16.13","2.3146","HIGH","1","0","2025-10-04","2026-07-10","2026-09-15 10:31:41","RISK_ADJ_PIPELINE","2026-09-15 10:31:41"
"b1e6b37f-6c46-5192-8def-65762cf7a006","39bd9fb2-8003-56ce-8444-7dd3c61aa874","2026","10","8","1","1","10","2","11503.7","7387.85","6882.39","1437.09","0.1","0","9","0.0","7.52","18.84","18.84","1.4254","MODERATE","4","2","2025-09-27","2026-08-08","2026-09-15 10:31:41","RISK_ADJ_PIPELINE","2026-09-15 10:31:41"
"895c9b0b-c6b2-5eaa-86ab-e6f328d0c769","a695c649-2023-5b5e-bc3c-78995ead9169","2026","15","10","2","2","15","4","53635.64","36703.9","26156.32","4788.15","0.1333","1","12","0.0769","16.7","72.52","23.29","2.5948","HIGH","1","3","2025-10-24","2026-09-14","2026-09-15 10:31:41","RISK_ADJ_PIPELINE","2026-09-15 10:31:41"
"26c37725-f44d-5d95-aa44-ead3345b649d","74a394df-2e84-55e2-bfac-9e3629693aa7","2026","19","15","2","1","17","3","37706.33","23822.11","21553.82","4103.71","0.1053","3","15","0.1667","23.33","89.06","80.91","3.9593","VERY_HIGH","1","1","2025-11-09","2026-09-12","2026-09-15 10:31:41","RISK_ADJ_PIPELINE","2026-09-15 10:31:41"
"3065472d-f0e6-5c2b-bb88-a14854cd3370","717e0d8a-2ef6-5a59-befd-023895d837dd","2026","11","7","2","1","10","4","6410.55","4916.18","3981.99","732.34","0.1818","1","9","0.1","16.77","86.51","86.51","1.7651","MODERATE","3","3","2025-10-16","2026-09-08","2026-09-15 10:31:41","RISK_ADJ_PIPELINE","2026-09-15 10:31:41"
"db5e2506-08e3-5e14-8325-fca82cebcc44","e8f3861e-3c90-579a-a6ff-684f57f8ca5a","2026","11","9","0","1","11","4","27258.02","16740.23","14300.37","2404.67","0.0","0","10","0.0","12.54","20.0","20.0","1.0091","MODERATE","0","0","2025-11-09","2026-08-09","2026-09-15 10:31:41","RISK_ADJ_PIPELINE","2026-09-15 10:31:41"
"029d5f38-27e9-5585-9455-b599186abc49","dd2084ed-4940-59e3-bf87-2630612d220a","2026","21","15","2","3","19","3","19725.02","14774.81","12107.74","2193.26","0.0952","3","15","0.1667","19.65","95.14","48.36","2.587","HIGH","0","3","2025-09-18","2026-09-13","2026-09-15 10:31:41","RISK_ADJ_PIPELINE","2026-09-15 10:31:41"
"39fa817b-c7c6-5706-8ec4-7f67926ddaa6","a57fb9e9-6c08-5879-84b9-a071bc19593d","2026","3","2","1","0","3","2","13636.48","11082.18","10380.25","2034.93","0.3333","1","2","0.3333","29.91","82.13","82.13","0.6994","LOW","0","1","2025-09-20","2026-05-06","2026-09-15 10:31:41","RISK_ADJ_PIPELINE","2026-09-15 10:31:41"
"19e6c6b9-16ae-5bc7-9c2e-b48b08aae9a1","25adbeb5-4728-55c7-aef0-b3557417f798","2026","21","12","4","2","20","4","72490.23","40030.59","34139.62","5500.21","0.1905","3","16","0.1579","19.76","92.09","70.23","3.4536","VERY_HIGH","2","0","2025-10-11","2026-09-06","2026-09-15 10:31:41","RISK_ADJ_PIPELINE","2026-09-15 10:31:41"
"b5bf6e4d-6f38-5b84-8b07-6e75296c90a9","1fe689be-fe47-5c9f-82b8-b8376ee00ce2","2026","14","8","3","2","14","3","83023.15","48165.38","31086.44","5648.62","0.2143","3","9","0.25","28.45","82.81","69.06","2.0047","HIGH","1","0","2025-09-21","2026-09-05","2026-09-15 10:31:41","RISK_ADJ_PIPELINE","2026-09-15 10:31:41"
"77e62416-c171-5402-9ed0-c4594f11daf4","8f9244df-05dd-500b-bb0f-c59cb5c42cf2","2026","9","8","0","1","9","2","3428.15","2388.14","2026.36","633.53","0.0","0","8","0.0","14.62","22.95","22.95","1.1435","MODERATE","1","1","2025-09-19","2026-08-15","2026-09-15 10:31:41","RISK_ADJ_PIPELINE","2026-09-15 10:31:41"
"43266d7d-163a-5c41-9f08-3bdb507b1fda","71b193bc-c76a-5651-8940-1f72a9a8beeb","2026","21","15","3","3","20","4","27819.88","20154.1","18039.63","3339.69","0.1429","2","16","0.1111","19.7","91.69","56.91","3.8454","VERY_HIGH","1","3","2025-10-06","2026-09-03","2026-09-15 10:31:41","RISK_ADJ_PIPELINE","2026-09-15 10:31:41"
"81e05554-53a3-5b55-8f09-2868ae0019f8","efd4c2ae-15b6-516d-beb7-2a78a303226d","2026","3","2","0","0","3","3","14144.26","9180.97","470.72","83.38","0.0","0","3","0.0","14.02","20.82","20.82","0.483","LOW","0","1","2025-12-22","2026-04-26","2026-09-15 10:31:41","RISK_ADJ_PIPELINE","2026-09-15 10:31:41"
"992edbaf-0693-587d-8fec-0692a48df356","c31ea669-4230-53ea-ab3f-1d2e02c2644a","2026","18","14","1","1","18","3","7984.95","5270.31","4129.46","976.7","0.0556","0","17","0.0","14.07","23.44","22.59","3.9632","VERY_HIGH","2","3","2025-10-25","2026-09-03","2026-09-15 10:31:41","RISK_ADJ_PIPELINE","2026-09-15 10:31:41"
"d31f3580-f674-5826-902c-b5f0678c499d","2076d93f-86b4-559e-bef1-34feb6ea315e","2026","7","4","1","2","7","3","12890.73","7599.31","6411.48","1172.69","0.1429","1","4","0.2","12.41","36.93","36.93","1.2341","MODERATE","1","5","2025-12-08","2026-08-20","2026-09-15 10:31:41","RISK_ADJ_PIPELINE","2026-09-15 10:31:41"
"f636aed4-8c85-5b42-ae7c-49d913b0974c","a4bf8eda-17f1-5287-a715-76f8509a8142","2026","20","15","3","0","20","4","53374.59","40965.01","35359.47","7361.3","0.15","2","18","0.1","19.0","74.34","58.04","3.4892","VERY_HIGH","0","0","2025-09-29","2026-08-06","2026-09-15 10:31:41","RISK_ADJ_PIPELINE","2026-09-15 10:31:41"
"6a5f6e88-f35a-5a67-a6a4-676fee77e907","05f9d1b4-277e-5599-a24e-fdc56f1bc116","2026","18","8","2","6","18","3","5145.63","3235.75","1621.59","410.52","0.1111","1","11","0.0833","13.68","49.02","20.52","1.9493","HIGH","2","2","2025-10-15","2026-08-22","2026-09-15 10:31:41","RISK_ADJ_PIPELINE","2026-09-15 10:31:41"
"c1b0f0e0-0bb1-5a1d-802b-4414e8eaef7e","503cada0-c01f-5fb5-b675-13d5271d4016","2026","12","11","0","0","11","4","67319.81","48404.52","35254.9","6447.18","0.0","2","10","0.1667","21.51","91.93","38.39","0.3575","LOW","0","2","2025-10-03","2026-09-10","2026-09-15 10:31:41","RISK_ADJ_PIPELINE","2026-09-15 10:31:41"
"d5e03b75-a561-556b-995a-b9eeca9de72b","f95cfccb-cec8-5e85-9dfc-622fb7ff78b4","2026","24","19","1","2","24","4","77375.98","42143.64","37385.16","6580.55","0.0417","3","19","0.1364","19.68","86.44","37.91","3.5861","VERY_HIGH","2","3","2025-09-24","2026-09-01","2026-09-15 10:31:41","RISK_ADJ_PIPELINE","2026-09-15 10:31:41"
"2da80c6c-431a-5dfb-84df-f26ac251bd61","b45bba81-4a2a-5e4d-8a86-6c7faf30f1fb","2026","26","19","2","4","24","4","92189.8","64167.4","56686.11","8161.06","0.0769","4","18","0.1818","15.92","61.93","37.92","7.7127","CATASTROPHIC","1","0","2025-09-29","2026-09-14","2026-09-15 10:31:41","RISK_ADJ_PIPELINE","2026-09-15 10:31:41"
"dd6e6af7-7b0c-5f23-9ec4-647ff49823c6","0d13aa8d-9833-5ff0-a596-2661e631d242","2026","8","6","1","0","8","3","32478.65","22643.6","21779.03","3434.86","0.125","1","7","0.125","20.26","59.71","59.71","0.7046","LOW","0","1","2025-11-13","2026-07-14","2026-09-15 10:31:41","RISK_ADJ_PIPELINE","2026-09-15 10:31:41"
"4b5ece9a-783e-556f-9246-847c9c7604b6","717f3e6d-eccf-5d4d-8814-85dd8891b0a9","2026","6","4","0","1","5","3","21349.2","14841.43","771.87","252.55","0.0","1","4","0.2","22.68","65.47","65.47","0.3638","LOW","0","4","2025-09-21","2026-05-25","2026-09-15 10:31:41","RISK_ADJ_PIPELINE","2026-09-15 10:31:41"
"4d622733-1d17-5f6f-a1aa-2f97db7d31e8","18e5786a-2738-5dc8-991b-f6036fc674a9","2026","24","16","5","1","22","4","107352.52","78484.69","64199.12","9788.28","0.2083","3","20","0.1304","16.88","74.35","36.8","2.7991","HIGH","2","3","2025-09-17","2026-08-19","2026-09-15 10:31:41","RISK_ADJ_PIPELINE","2026-09-15 10:31:41"
"9b68abff-76f2-5232-b77b-84990903ffe5","e26ac894-4afb-5777-991f-2cef3ac8dc0f","2026","10","5","2","1","10","4","46130.69","33477.57","30526.44","5452.78","0.2","2","7","0.2222","17.34","45.09","45.09","1.5535","MODERATE","2","1","2025-09-26","2026-07-28","2026-09-15 10:31:41","RISK_ADJ_PIPELINE","2026-09-15 10:31:41"
"fec6a13b-45d2-59ac-9021-3335e12f69e2","9c1e7931-caf8-5c30-9ada-0afb8ccb3829","2026","12","8","1","0","12","3","3877.13","2922.99","2262.47","571.61","0.0833","1","11","0.0833","16.37","59.21","22.3","0.4125","LOW","0","4","2025-10-10","2026-09-07","2026-09-15 10:31:41","RISK_ADJ_PIPELINE","2026-09-15 10:31:41"
"b13f1275-5db4-5a41-a53a-ac5174143ade","e85ff3f2-3a3d-5fbb-a680-87014276061c","2026","13","7","5","1","10","2","79208.37","44792.14","39274.55","7755.09","0.3846","3","9","0.25","21.68","79.17","44.08","2.5438","HIGH","1","2","2025-09-17","2026-08-11","2026-09-15 10:31:41","RISK_ADJ_PIPELINE","2026-09-15 10:31:41"
"b255c7bb-f180-504f-8a31-a47df6e2d56d","e5b129e8-6c57-5496-b38e-e45e7193c35a","2026","10","6","1","2","10","3","30768.91","20002.61","7369.44","1055.6","0.1","1","7","0.125","9.89","24.7","24.7","1.0814","MODERATE","1","3","2025-09-23","2026-08-12","2026-09-15 10:31:41","RISK_ADJ_PIPELINE","2026-09-15 10:31:41"
"b3bc15c2-fb2c-5600-8a5b-6921748a14df","6f2e0ef1-ebfa-5f14-be0d-1003f86aeb72","2026","10","5","0","2","10","4","16597.41","14167.03","13145.79","2501.85","0.0","2","6","0.25","24.37","81.1","81.1","0.9366","MODERATE","1","0","2025-12-29","2026-09-10","2026-09-15 10:31:41","RISK_ADJ_PIPELINE","2026-09-15 10:31:41"
"e9a27e2a-52a4-5087-8971-f3eaf6181b40","268fc2c5-0e0f-575b-9229-9da698cc5868","2026","20","15","3","2","19","4","50063.45","35541.91","32372.61","5391.62","0.15","3","15","0.1667","15.38","50.06","29.74","3.9554","VERY_HIGH","2","1","2025-10-15","2026-09-14","2026-09-15 10:31:41","RISK_ADJ_PIPELINE","2026-09-15 10:31:41"
"9b0c57f5-cfdb-56aa-900a-55bb87799cd3","a3d2b072-221e-5d1e-b1c5-cfa899cca187","2026","11","6","2","0","11","4","20835.31","12509.29","10919.78","1431.94","0.1818","1","10","0.0909","16.35","49.48","22.66","1.2975","MODERATE","2","0","2025-09-28","2026-08-08","2026-09-15 10:31:41","RISK_ADJ_PIPELINE","2026-09-15 10:31:41"
"a56c14c0-4ab7-5d1d-b942-f5c64f77a892","360a6e52-f291-54a2-ab10-b1aeb416fcdb","2026","23","19","2","1","23","3","83400.83","38070.54","34138.61","5651.01","0.087","3","19","0.1364","18.94","74.97","53.39","2.9689","VERY_HIGH","0","1","2025-11-04","2026-08-18","2026-09-15 10:31:41","RISK_ADJ_PIPELINE","2026-09-15 10:31:41"
"5dc79f90-7c73-5875-b52c-050e031ad3d3","2db18528-9e4b-5f7b-b2d1-402e45e73fb9","2026","12","5","4","3","12","4","59227.59","36787.0","16469.25","2666.15","0.3333","1","8","0.1111","19.82","76.12","76.12","1.0255","MODERATE","1","0","2025-09-18","2026-09-05","2026-09-15 10:31:41","RISK_ADJ_PIPELINE","2026-09-15 10:31:41"
"622d43af-53b9-5f02-af11-8a8d7e637769","f55d516d-40b4-5085-9cd0-681d44e3bcc3","2026","6","4","0","2","6","2","82728.65","62692.81","42386.7","7172.65","0.0","0","4","0.0","11.02","21.08","21.08","0.9484","MODERATE","1","4","2025-10-12","2026-07-24","2026-09-15 10:31:41","RISK_ADJ_PIPELINE","2026-09-15 10:31:41"
"109b094f-99bf-52e5-a278-62775e05f7e1","e96f58d1-2e4a-5132-a742-ea21d634cd67","2026","10","6","3","0","9","3","6488.78","3308.2","2599.26","535.14","0.3","3","7","0.3","23.97","75.25","75.25","0.7413","LOW","0","2","2026-01-07","2026-08-17","2026-09-15 10:31:41","RISK_ADJ_PIPELINE","2026-09-15 10:31:41"
"71b1fc41-a101-5c02-8389-3453de782df9","fa5207e2-5579-5e4c-9aec-b87b872dfc49","2026","11","10","1","0","10","3","3955.89","2627.92","2463.69","601.75","0.0909","1","10","0.0909","16.16","67.51","20.03","1.2688","MODERATE","1","5","2025-09-25","2026-09-10","2026-09-15 10:31:41","RISK_ADJ_PIPELINE","2026-09-15 10:31:41"
"38687c73-cf34-5788-af97-744494eea625","9f218338-4737-5573-bf17-ec56d19f4a1f","2026","1","1","0","0","1","1","680.27","408.96","399.2","99.57","0.0","0","1","0.0","1.48","1.48","1.48","0.856","LOW","0","2","2025-11-08","2025-11-08","2026-09-15 10:31:41","RISK_ADJ_PIPELINE","2026-09-15 10:31:41"
"651bfaa2-df40-5e51-8e72-f6d27aea2265","a4486a52-10ec-563c-912e-1236e846a766","2026","16","10","2","2","13","3","44716.87","15850.96","12593.96","2286.31","0.125","2","12","0.1429","19.05","82.25","28.12","2.7934","HIGH","2","3","2025-09-22","2026-06-28","2026-09-15 10:31:41","RISK_ADJ_PIPELINE","2026-09-15 10:31:41"
"8b5222b8-d730-5137-8bdd-729ca3825903","e0d67255-a0e9-5174-a3b3-ba90d213cb2a","2026","11","8","1","1","11","3","13002.41","9319.93","3455.05","659.4","0.0909","4","6","0.4","31.89","92.87","92.87","1.1311","MODERATE","1","0","2025-11-16","2026-08-03","2026-09-15 10:31:41","RISK_ADJ_PIPELINE","2026-09-15 10:31:41"
"1e674519-89f1-54c2-8708-b3c30e62d342","506a2f4d-f788-5766-84ef-cf17f4c4f262","2026","24","19","4","1","24","3","79446.97","49277.59","35364.7","6504.26","0.1667","4","19","0.1739","19.69","67.89","45.37","3.6688","VERY_HIGH","2","3","2025-10-12","2026-09-10","2026-09-15 10:31:41","RISK_ADJ_PIPELINE","2026-09-15 10:31:41"
"0110fc51-14cf-529f-8b0b-a68e866f6bfc","dec9d2c5-7008-5a98-a617-c797b1c87d2f","2026","9","6","2","1","9","3","25234.9","2061.61","1688.8","408.71","0.2222","0","8","0.0","11.73","19.76","19.76","0.8676","LOW","0","0","2025-11-10","2026-04-14","2026-09-15 10:31:41","RISK_ADJ_PIPELINE","2026-09-15 10:31:41"
"d011b374-507f-5044-b5d7-715bd6ab0f88","f545150f-973c-5359-a734-584e326deb3a","2026","15","10","0","3","15","3","50047.17","33811.15","29716.95","5106.2","0.0","2","10","0.1667","22.85","78.39","34.27","1.0051","MODERATE","2","0","2025-09-17","2026-08-24","2026-09-15 10:31:41","RISK_ADJ_PIPELINE","2026-09-15 10:31:41"
"fdc60495-5132-56dc-aa7d-cb47ec33da5e","0486123b-0914-5345-b802-24a4e61af59b","2026","14","10","3","1","13","4","51335.96","33712.48","31864.73","4788.93","0.2143","1","12","0.0769","16.24","81.96","22.01","1.3715","MODERATE","2","1","2025-09-19","2026-07-08","2026-09-15 10:31:41","RISK_ADJ_PIPELINE","2026-09-15 10:31:41"
"127d607d-d52d-53fa-a551-c5999e412626","ba236c56-72c8-5881-87fe-99aa431030f2","2026","10","7","1","1","10","3","85081.96","49262.21","31207.68","5614.57","0.1","1","8","0.1111","10.54","35.42","35.42","1.8562","HIGH","1","2","2025-09-18","2026-09-05","2026-09-15 10:31:41","RISK_ADJ_PIPELINE","2026-09-15 10:31:41"
"99cfbc57-2fa0-5e9c-ba8d-d92e78707dc0","7b5747b6-0dbe-54a6-81df-cbacc9b1d50f","2026","8","3","2","2","7","4","29158.09","20419.23","10296.3","1941.05","0.25","0","6","0.0","17.43","21.95","21.95","0.7337","LOW","0","4","2025-10-17","2026-03-21","2026-09-15 10:31:41","RISK_ADJ_PIPELINE","2026-09-15 10:31:41"
"b4a65c7b-ba90-51a4-aa26-16e03e228329","96b8d293-7bac-51a2-b000-857b5307f18d","2026","17","14","2","0","16","4","22727.71","13156.35","11593.59","2740.34","0.1176","8","9","0.4706","37.43","95.66","73.66","2.6469","HIGH","1","3","2025-09-25","2026-09-06","2026-09-15 10:31:41","RISK_ADJ_PIPELINE","2026-09-15 10:31:41"
"86a661c3-54fa-5bc3-a4a7-ca370122a14c","8589f1ee-27e0-5f18-a9e7-16f978c7ca3a","2026","25","20","3","2","21","4","54720.62","25814.03","24046.02","4431.53","0.12","2","21","0.087","15.01","58.97","21.34","3.1385","VERY_HIGH","1","4","2025-09-16","2026-09-12","2026-09-15 10:31:41","RISK_ADJ_PIPELINE","2026-09-15 10:31:41"
"31fc730f-4cac-5860-8dea-586f9229f780","c2e4898b-2b9f-5eb2-931c-116c8328668d","2026","6","5","1","0","6","4","28579.15","21463.47","18963.15","3891.98","0.1667","0","6","0.0","11.99","18.99","18.99","0.5858","LOW","0","2","2025-11-02","2026-08-11","2026-09-15 10:31:41","RISK_ADJ_PIPELINE","2026-09-15 10:31:41"
"cadbd8dd-f44d-5d5a-9f0f-50ce289cb5b1","2cd80d38-cef2-5249-b8dd-f1d00e9cca98","2026","25","20","1","3","23","4","62491.53","42700.16","22019.92","4536.0","0.04","0","22","0.0","11.72","23.46","22.49","2.9866","VERY_HIGH","1","1","2025-10-12","2026-09-04","2026-09-15 10:31:41","RISK_ADJ_PIPELINE","2026-09-15 10:31:41"
"fc463ac5-57c5-588e-a08e-4c4b2feccb58","8c227c70-6961-55c7-81bd-8a91fe1327ff","2026","11","8","0","1","11","3","10584.6","8537.99","6822.6","1162.92","0.0","4","6","0.4","29.45","64.41","64.41","1.2072","MODERATE","1","1","2025-10-21","2026-09-12","2026-09-15 10:31:41","RISK_ADJ_PIPELINE","2026-09-15 10:31:41"
"fe7141b1-8f12-5e21-ad39-bb3cb5ca3772","b61ef70b-3617-5124-80c0-00834acac908","2026","7","7","0","0","7","4","18624.12","12731.08","11844.5","1834.02","0.0","1","6","0.1429","23.49","92.02","92.02","0.9246","MODERATE","3","2","2025-11-24","2026-08-19","2026-09-15 10:31:41","RISK_ADJ_PIPELINE","2026-09-15 10:31:41"
"31de846a-cff9-5e9d-b09b-b88bc7d3c373","f87c434b-5dbd-553c-aced-29b5e8b8e11a","2026","14","12","0","0","14","4","64601.62","40782.6","30748.13","5395.18","0.0","4","10","0.2857","27.89","91.38","70.5","2.0965","HIGH","1","4","2025-09-15","2026-08-10","2026-09-15 10:31:41","RISK_ADJ_PIPELINE","2026-09-15 10:31:41"
"1850e6e1-4096-597a-9b4c-3b235b9fb68d","5996c1a0-c715-5268-90fb-c728ac218332","2026","12","7","3","1","12","4","32852.06","19736.93","15248.02","2647.38","0.25","0","11","0.0","10.62","22.27","18.24","0.8009","LOW","0","0","2025-12-01","2026-09-12","2026-09-15 10:31:41","RISK_ADJ_PIPELINE","2026-09-15 10:31:41"
"501266eb-b636-50c5-a3ad-7d315ca7c842","388eefa0-3f44-5197-9c7b-47fe50c59b79","2026","19","14","0","2","18","4","69788.63","54158.03","16286.93","2986.51","0.0","1","16","0.0588","13.53","86.74","22.93","3.428","VERY_HIGH","1","1","2025-09-26","2026-09-11","2026-09-15 10:31:41","RISK_ADJ_PIPELINE","2026-09-15 10:31:41"
"a68908bb-c540-5a23-9804-0293c1025380","3708f72d-6e86-515f-a951-4b756d24228a","2026","27","22","4","1","25","4","74204.91","53441.43","49755.01","8288.92","0.1481","6","20","0.2308","22.21","63.98","63.85","7.4943","CATASTROPHIC","1","2","2025-09-18","2026-08-27","2026-09-15 10:31:41","RISK_ADJ_PIPELINE","2026-09-15 10:31:41"
"3b3f5163-7d30-5437-b24b-d0e4e6334572","b84dfa90-4c40-55d9-923f-4895bfa3df3b","2026","3","3","0","0","3","2","1608.51","1174.39","1107.7","239.08","0.0","1","2","0.3333","39.12","85.82","85.82","1.0172","MODERATE","1","0","2025-09-16","2026-08-23","2026-09-15 10:31:41","RISK_ADJ_PIPELINE","2026-09-15 10:31:41"
"0c3f2a4c-0cc7-568e-ab2f-dcb9a9f9e278","cec8fd8f-f63d-57e6-a13d-b335421f9dc2","2026","13","9","1","3","13","4","35742.71","24749.92","21283.63","3832.1","0.0769","1","9","0.1","19.44","78.04","78.04","1.746","MODERATE","2","0","2026-01-06","2026-09-06","2026-09-15 10:31:41","RISK_ADJ_PIPELINE","2026-09-15 10:31:41"
"47b72af8-a86e-5b37-b3a8-c81dc6e699ca","1688235f-793f-5537-8cb6-8df91ced5434","2026","9","7","2","0","8","2","3327.65","1438.55","1310.56","441.56","0.2222","2","7","0.2222","24.66","89.87","89.87","0.6278","LOW","0","1","2025-10-28","2026-09-12","2026-09-15 10:31:41","RISK_ADJ_PIPELINE","2026-09-15 10:31:41"
"196228e2-e3c8-5a6b-ba95-16ad344d3e7b","6d911cf0-8c61-54e0-8a64-569e2303a52c","2026","10","5","3","0","10","3","29363.22","4321.42","3973.68","659.9","0.3","1","9","0.1","14.63","58.48","58.48","0.4334","LOW","0","3","2025-10-30","2026-07-14","2026-09-15 10:31:41","RISK_ADJ_PIPELINE","2026-09-15 10:31:41"
"50b8a423-1bb9-53b9-8d2d-4ee69167bbfe","0d6e736a-4d6b-5b10-8c7f-d9e88c558fba","2026","9","7","1","0","9","2","18607.21","12253.76","11314.94","2092.76","0.1111","2","7","0.2222","22.54","74.29","74.29","0.3287","LOW","0","1","2025-10-23","2026-08-13","2026-09-15 10:31:41","RISK_ADJ_PIPELINE","2026-09-15 10:31:41"
"a6767086-8b47-5a98-89c3-5fa6400e24b5","6f2f65c1-2dd3-5630-a130-311b2fea9d13","2026","8","7","1","0","8","3","20777.39","13743.46","13216.37","2299.77","0.125","1","7","0.125","19.12","43.34","43.34","0.7337","LOW","0","3","2025-12-31","2026-08-23","2026-09-15 10:31:41","RISK_ADJ_PIPELINE","2026-09-15 10:31:41"
"b64ef8d9-f554-5ab6-bd0e-a3c90c01c77e","4cdf1f57-9625-52b4-acc5-8d6740246ac8","2026","13","6","4","1","13","4","31108.77","17784.71","4368.7","900.08","0.3077","3","9","0.25","25.51","89.72","57.66","1.6428","MODERATE","4","1","2025-10-07","2026-08-29","2026-09-15 10:31:41","RISK_ADJ_PIPELINE","2026-09-15 10:31:41"
"780531c6-bc84-5e65-adcd-54802b4b58b9","d8258438-d5cf-5be9-b903-7e147506ad0c","2026","7","4","1","0","7","3","46756.77","24817.37","21750.99","4314.45","0.1429","1","6","0.1429","21.09","93.94","93.94","1.1982","MODERATE","2","3","2025-10-19","2026-05-26","2026-09-15 10:31:41","RISK_ADJ_PIPELINE","2026-09-15 10:31:41"
"33fe72f1-f28e-592d-943f-fd2993cbce6d","33245b9f-2ab2-59bd-9244-e6ee2aabe74a","2026","18","13","0","3","17","3","25161.07","14642.94","3272.31","843.26","0.0","3","12","0.2","25.63","84.05","67.67","3.2729","VERY_HIGH","1","3","2025-09-27","2026-09-06","2026-09-15 10:31:41","RISK_ADJ_PIPELINE","2026-09-15 10:31:41"
"deb7fb29-d1da-5554-9f27-a495098910da","dc047dee-8ad2-5d2d-bf80-0c9d8fa72f65","2026","22","16","0","3","22","4","48962.52","34275.78","23834.91","4460.0","0.0","3","16","0.1579","21.07","95.53","84.67","3.5341","VERY_HIGH","3","0","2025-09-28","2026-09-12","2026-09-15 10:31:41","RISK_ADJ_PIPELINE","2026-09-15 10:31:41"
"76c75ba3-711a-55f5-a0a2-f7e7d72e3199","c3ff0c1e-22ae-58ad-98db-d43283731056","2026","9","6","2","1","9","3","3197.48","1550.91","1231.1","345.56","0.2222","1","7","0.125","23.83","84.64","84.64","1.4599","MODERATE","2","2","2025-10-29","2026-09-05","2026-09-15 10:31:41","RISK_ADJ_PIPELINE","2026-09-15 10:31:41"
"9c380e24-fde5-5c6a-9351-fb75dea57d1a","01ab9f23-0244-54ea-9b64-1bd5bf132286","2026","4","4","0","0","4","1","1688.07","1410.76","1364.77","309.43","0.0","0","4","0.0","14.21","21.12","21.12","0.8434","LOW","0","0","2025-10-31","2026-03-19","2026-09-15 10:31:41","RISK_ADJ_PIPELINE","2026-09-15 10:31:41"
"4293dab3-2ef8-559a-aac0-33c0b57b4b33","5d422593-9ba2-5592-a0e7-9aefb53d5536","2026","9","4","1","2","9","3","44121.69","21386.87","1421.38","358.82","0.1111","0","7","0.0","10.53","23.5","23.5","0.9089","MODERATE","0","1","2025-10-05","2026-08-31","2026-09-15 10:31:41","RISK_ADJ_PIPELINE","2026-09-15 10:31:41"
"137d0844-d051-5037-8170-c7a663343813","dfb68908-112e-5d47-ad69-8b7c2658b97e","2026","5","3","1","0","4","1","2749.21","1385.55","810.53","243.46","0.2","1","4","0.2","26.6","69.48","69.48","0.8824","LOW","0","4","2025-11-11","2026-08-09","2026-09-15 10:31:41","RISK_ADJ_PIPELINE","2026-09-15 10:31:41"
"304b569b-1e5c-5303-b680-8c412af7788f","dc5413b8-c882-544d-9624-6c0ba0beb13f","2026","10","8","1","0","10","2","4303.64","2578.41","2248.55","639.13","0.1","2","8","0.2","24.18","86.56","86.56","1.111","MODERATE","1","1","2025-09-22","2026-06-25","2026-09-15 10:31:41","RISK_ADJ_PIPELINE","2026-09-15 10:31:41"
"0750368d-250e-5f32-9353-9786720a0eff","1ee3dcee-6525-57c2-946d-de84cf500281","2026","19","13","3","2","18","4","48380.13","36117.81","22477.18","4290.53","0.1579","2","15","0.1176","17.78","67.55","48.57","3.4498","VERY_HIGH","1","3","2025-09-17","2026-08-28","2026-09-15 10:31:41","RISK_ADJ_PIPELINE","2026-09-15 10:31:41"
"fbf4f0c5-f7eb-53fc-aef3-92949040e72f","7abae9db-63c0-5771-8fef-e4108a3f302b","2026","9","7","2","0","8","2","24943.93","16443.1","15915.0","2284.91","0.2222","2","7","0.2222","24.12","80.12","80.12","0.6514","LOW","0","0","2025-10-19","2026-05-29","2026-09-15 10:31:41","RISK_ADJ_PIPELINE","2026-09-15 10:31:41"
"bb4e62ee-764a-5f05-a6a9-e22061139cc4","f5c3aa52-3bef-5f98-9654-a0697e46475c","2026","13","10","1","1","13","3","28674.5","24085.56","18913.62","2671.34","0.0769","1","11","0.0833","14.22","39.75","22.44","2.4055","HIGH","1","1","2025-09-22","2026-09-12","2026-09-15 10:31:41","RISK_ADJ_PIPELINE","2026-09-15 10:31:41"
"d281cff4-e6db-5401-876e-558f7574e966","33e11ec5-60fd-533c-8cb4-3c3f65371635","2026","8","4","2","2","8","4","43519.61","12527.1","10404.63","1738.8","0.25","1","5","0.1667","21.93","68.62","68.62","1.8499","HIGH","1","1","2025-10-16","2026-09-03","2026-09-15 10:31:41","RISK_ADJ_PIPELINE","2026-09-15 10:31:41"
"88317c37-09ae-52e7-bfe3-6eb14ecf0bd4","5d636cd7-2434-5326-9e1e-042ea61fe491","2026","7","4","1","1","7","3","33965.24","21080.96","19004.18","2403.4","0.1429","1","5","0.1667","25.5","67.62","67.62","0.8854","LOW","0","3","2025-10-06","2026-09-01","2026-09-15 10:31:41","RISK_ADJ_PIPELINE","2026-09-15 10:31:41"
"0596831c-c843-5307-950a-857e5222a0bd","0385afb8-84a6-5d56-87e3-304f98205c35","2026","30","21","3","5","27","4","65343.21","34062.71","28721.49","5176.35","0.1","4","21","0.16","20.18","89.71","50.27","5.3485","CATASTROPHIC","3","5","2025-09-20","2026-08-22","2026-09-15 10:31:41","RISK_ADJ_PIPELINE","2026-09-15 10:31:41"
"864ec429-f222-5d9b-926d-6608bf2de5eb","31b61155-dec6-5cdf-8851-807ac7faa678","2026","8","7","1","0","8","4","34496.9","22358.65","21375.35","3952.5","0.125","2","6","0.25","29.61","90.11","90.11","0.6303","LOW","0","3","2025-12-20","2026-06-30","2026-09-15 10:31:41","RISK_ADJ_PIPELINE","2026-09-15 10:31:41"
"5408b38e-592b-5ffc-9b97-62b3edd3fab5","4415135f-4565-5364-a207-bd70393586cc","2026","35","24","4","2","32","4","90159.51","63912.62","59104.98","8988.21","0.1143","3","30","0.0909","15.06","64.1","23.12","4.7448","CATASTROPHIC","3","2","2025-09-27","2026-09-14","2026-09-15 10:31:41","RISK_ADJ_PIPELINE","2026-09-15 10:31:41"
"5cdd423d-f02e-5c85-a727-7f36e0227403","2ab5c450-a310-595d-aaa3-a9c80081616e","2026","20","15","4","1","19","3","72988.8","47432.69","24280.24","4845.59","0.2","4","15","0.2105","25.26","72.04","67.03","3.3781","VERY_HIGH","1","2","2025-09-23","2026-09-13","2026-09-15 10:31:41","RISK_ADJ_PIPELINE","2026-09-15 10:31:41"
"181f8494-6355-5b65-818d-b1c9ee9df31b","627433ec-3fdd-580c-847f-db436d165b53","2026","8","4","2","2","8","4","60332.76","29813.16","773.81","251.98","0.25","3","3","0.5","39.9","79.9","79.9","1.3547","MODERATE","1","2","2025-11-17","2026-05-04","2026-09-15 10:31:41","RISK_ADJ_PIPELINE","2026-09-15 10:31:41"
"73e9bb8f-2f9e-5486-af14-22cb51f533fb","b439360b-507a-5a2b-a22c-6bf60b0a8176","2026","29","20","5","2","27","4","112558.04","63030.47","41112.0","6815.58","0.1724","6","21","0.2222","21.58","95.17","64.51","4.3021","CATASTROPHIC","2","1","2025-09-24","2026-09-14","2026-09-15 10:31:41","RISK_ADJ_PIPELINE","2026-09-15 10:31:41"
"dec904e2-ed11-564c-b673-83450fe227e1","429af40b-d60a-5286-8a5b-7d4f34329110","2026","3","2","0","1","3","2","1095.63","875.22","482.08","111.83","0.0","1","1","0.5","37.16","53.56","53.56","0.5549","LOW","0","3","2026-02-09","2026-05-20","2026-09-15 10:31:41","RISK_ADJ_PIPELINE","2026-09-15 10:31:41"
"c8505114-1e37-5193-9ef8-07869093d854","cc3b3544-f76b-58dd-8ba3-c0d375a4990e","2026","10","8","1","1","10","4","28653.14","22960.29","20493.52","3749.27","0.1","1","8","0.1111","14.35","51.92","51.92","0.6071","LOW","0","2","2025-09-26","2026-09-12","2026-09-15 10:31:41","RISK_ADJ_PIPELINE","2026-09-15 10:31:41"
"63eb051c-8e65-5248-bde3-3f301cc62130","a5341608-0c26-5548-bf9a-19f7fbb13d16","2026","23","13","6","1","23","3","45186.71","20705.77","9766.25","1965.2","0.2609","3","19","0.1364","20.89","95.01","75.3","3.9849","VERY_HIGH","2","3","2025-10-28","2026-09-11","2026-09-15 10:31:41","RISK_ADJ_PIPELINE","2026-09-15 10:31:41"
"78489219-e818-5bf6-b89e-7c6b12aa58cd","d4f2000e-bd7c-5118-b5a8-8fedc64ed1f9","2026","9","4","3","1","9","3","3499.91","1843.12","1091.91","300.84","0.3333","2","6","0.25","25.66","81.22","81.22","1.8148","HIGH","3","5","2025-11-02","2026-07-24","2026-09-15 10:31:41","RISK_ADJ_PIPELINE","2026-09-15 10:31:41"
"f83c5493-c4aa-53c6-aefe-cdf8f446d4db","52b1ce6f-69f8-5233-9d1e-43a5d5e63a09","2026","14","10","0","2","14","4","40242.49","25333.75","11218.73","2576.83","0.0","1","11","0.0833","13.4","26.24","22.6","2.6224","HIGH","1","3","2025-09-23","2026-08-26","2026-09-15 10:31:41","RISK_ADJ_PIPELINE","2026-09-15 10:31:41"
"593b89b7-483e-53bd-8f96-597e02347273","8d1c8de8-3062-5ae2-b751-c5abd48e0779","2026","17","12","1","2","17","4","64595.17","41202.44","37377.8","6311.85","0.0588","0","15","0.0","10.06","20.76","20.18","2.2185","HIGH","2","4","2025-10-04","2026-08-19","2026-09-15 10:31:41","RISK_ADJ_PIPELINE","2026-09-15 10:31:41"
"f40415d6-fb04-5f2c-b8ef-d71c13f0572d","6ed52c37-0e02-5972-913c-7c56d8c945da","2026","14","7","4","2","12","4","17769.03","5590.62","2524.81","670.33","0.2857","0","12","0.0","10.93","23.49","21.66","2.7538","HIGH","1","4","2025-10-06","2026-08-20","2026-09-15 10:31:41","RISK_ADJ_PIPELINE","2026-09-15 10:31:41"
"a46e60e1-2b8c-50e4-a088-5af195a8821b","23ea64a6-8d2b-5cb2-941a-c86eccd5a86c","2026","26","17","7","2","24","4","111521.23","58873.22","53115.11","10387.39","0.2692","4","20","0.1667","20.27","82.56","38.22","2.9373","VERY_HIGH","1","1","2025-09-18","2026-08-29","2026-09-15 10:31:41","RISK_ADJ_PIPELINE","2026-09-15 10:31:41"
"9320575d-f8c4-5312-b0e3-ac76a0f881d3","159ffbf8-dab1-51e8-9feb-68ec4ed26ffb","2026","6","4","1","1","6","2","16215.58","9318.3","8337.99","1880.7","0.1667","1","4","0.2","11.73","31.55","31.55","1.3739","MODERATE","1","2","2025-11-23","2026-08-06","2026-09-15 10:31:41","RISK_ADJ_PIPELINE","2026-09-15 10:31:41"
"bb04a56a-18c5-5e73-a7a1-95093dc05cdd","ca24be5d-825d-530a-aa73-73e590592f8f","2026","11","7","1","0","11","4","12979.1","9602.53","8123.06","1337.22","0.0909","1","10","0.0909","14.46","30.12","21.92","2.1849","HIGH","1","3","2025-10-08","2026-07-06","2026-09-15 10:31:41","RISK_ADJ_PIPELINE","2026-09-15 10:31:41"
"45768bb9-b141-5625-ad0e-38fde4b074c2","dcc10ea4-6e97-5292-af7c-41067dfc85c6","2026","7","4","3","0","7","3","14376.22","1735.14","1665.01","359.07","0.4286","1","6","0.1429","16.05","34.34","34.34","0.7478","LOW","0","1","2025-10-10","2026-09-07","2026-09-15 10:31:41","RISK_ADJ_PIPELINE","2026-09-15 10:31:41"
"4d172d1a-b368-554d-b3fc-802f80c0a0a3","e9693078-2f22-5df1-9b6c-d8be0c0d4a90","2026","9","6","2","1","9","4","34026.94","12536.63","11312.81","1903.43","0.2222","0","8","0.0","11.78","21.21","21.21","2.5042","HIGH","0","1","2025-09-19","2026-09-12","2026-09-15 10:31:41","RISK_ADJ_PIPELINE","2026-09-15 10:31:41"
"4975e7b2-8e59-5dd2-b9f8-142a3298068f","b8861bb8-12cf-5a75-b1bd-2483e44283b1","2026","23","16","3","1","22","4","61884.63","37595.29","24249.99","4774.38","0.1304","1","21","0.0455","16.95","95.04","21.5","2.0784","HIGH","2","5","2025-09-17","2026-09-09","2026-09-15 10:31:41","RISK_ADJ_PIPELINE","2026-09-15 10:31:41"
"8894777c-aa09-5ef2-af04-c03e217f0277","d0749b1c-5092-5879-b325-faa769d2e1bc","2026","17","10","3","3","16","3","60965.34","46081.42","30129.28","6347.06","0.1765","2","12","0.1429","15.29","52.32","29.33","3.8264","VERY_HIGH","1","0","2025-11-10","2026-07-26","2026-09-15 10:31:41","RISK_ADJ_PIPELINE","2026-09-15 10:31:41"
"cfabb35b-317a-5f8c-ac5e-24548479537b","ec18e485-7920-5511-9464-d124f1faa690","2026","16","14","1","1","16","4","44407.73","30086.42","28256.29","5003.03","0.0625","1","14","0.0667","16.5","76.45","21.32","2.2775","HIGH","1","4","2025-09-22","2026-09-04","2026-09-15 10:31:41","RISK_ADJ_PIPELINE","2026-09-15 10:31:41"
"6f9a053d-a8c8-5c14-a0f7-1f08ee92f7f4","91a7c4da-cd08-548d-b09f-99841c9c5225","2026","13","7","4","2","13","3","56902.94","13462.94","5360.73","900.19","0.3077","0","11","0.0","8.72","16.64","16.46","1.9896","HIGH","3","1","2025-10-11","2026-07-09","2026-09-15 10:31:41","RISK_ADJ_PIPELINE","2026-09-15 10:31:41"
"af6529f1-3782-5aa7-b0f5-f498ee02a33a","88f0d967-cc2e-55e3-8b4b-a0d236f566bb","2026","9","4","3","1","9","4","22430.55","17441.71","910.92","254.18","0.3333","1","7","0.125","18.97","71.52","71.52","1.096","MODERATE","1","3","2025-10-09","2026-07-10","2026-09-15 10:31:41","RISK_ADJ_PIPELINE","2026-09-15 10:31:41"
"85693397-4fd4-51c2-abc8-6bb3b3ff1cb5","ca08720a-a981-504d-a629-1d25739757e3","2026","30","16","7","6","28","4","76628.45","31472.97","14793.44","2602.87","0.2333","2","22","0.0833","14.1","85.37","21.72","5.9265","CATASTROPHIC","1","4","2025-09-18","2026-09-13","2026-09-15 10:31:41","RISK_ADJ_PIPELINE","2026-09-15 10:31:41"
"bf7fc4e9-7d10-52af-b078-a4faaf1aac80","d764ad1d-c399-5a4b-9149-130e0e463fec","2026","8","6","2","0","7","2","2847.25","1396.71","1284.07","254.4","0.25","1","7","0.125","10.16","29.11","29.11","0.6157","LOW","0","1","2025-10-11","2026-08-14","2026-09-15 10:31:41","RISK_ADJ_PIPELINE","2026-09-15 10:31:41"
"629c9f6c-1781-5624-b534-d7a2da481f7f","ea9be58a-ef67-5716-96f0-232d6d308fb0","2026","10","8","0","1","10","2","43984.15","35044.79","32825.81","5265.39","0.0","3","6","0.3333","28.75","74.16","74.16","0.3311","LOW","0","3","2025-09-17","2026-08-16","2026-09-15 10:31:41","RISK_ADJ_PIPELINE","2026-09-15 10:31:41"
"7251995b-62b0-5abb-95d0-736f8d06f615","dd03ae21-d868-59c8-926e-cfc537f26cda","2026","23","17","2","1","22","3","73340.17","58581.28","35681.65","5833.8","0.087","1","21","0.0455","15.95","38.34","23.32","3.1439","VERY_HIGH","2","4","2025-10-01","2026-09-12","2026-09-15 10:31:41","RISK_ADJ_PIPELINE","2026-09-15 10:31:41"
"792d417f-e1ab-5f9c-9405-e42d5b6f4b7b","236a3f37-c7e1-50a0-8c80-a8a941f29693","2026","9","5","2","0","9","4","12618.56","9945.0","8870.93","1378.58","0.2222","0","9","0.0","9.56","19.38","19.38","0.8514","LOW","0","2","2025-10-03","2026-09-07","2026-09-15 10:31:41","RISK_ADJ_PIPELINE","2026-09-15 10:31:41"
"23a9157a-a99f-529b-9a54-22b93722450b","ba2f7ae2-bcb1-5ad6-8ad3-4e8d6149f34b","2026","14","8","2","3","14","3","24007.57","15518.4","12172.43","2659.08","0.1429","2","9","0.1818","14.3","38.1","27.2","2.6078","HIGH","2","0","2025-10-15","2026-08-19","2026-09-15 10:31:41","RISK_ADJ_PIPELINE","2026-09-15 10:31:41"
"67280ef5-2440-5c89-9b18-78a52bcc1a13","16f403a3-d07e-504c-820b-76542eb9a666","2026","22","16","3","1","20","3","76223.0","54281.48","49886.51","9440.98","0.1364","3","18","0.1429","24.03","84.08","78.11","2.829","VERY_HIGH","2","2","2025-10-15","2026-09-02","2026-09-15 10:31:41","RISK_ADJ_PIPELINE","2026-09-15 10:31:41"
"c1470d63-272b-5aae-b0ec-3552b2faf8aa","cba77fd7-2829-53b5-9e4a-6d109a2e14e1","2026","2","1","1","0","2","2","15657.42","496.35","495.01","120.83","0.5","1","1","0.5","36.23","63.33","63.33","0.8408","LOW","0","3","2025-12-13","2026-01-31","2026-09-15 10:31:41","RISK_ADJ_PIPELINE","2026-09-15 10:31:41"
"9a7049d7-1222-5afa-8f47-a7448d867455","a26658b2-522f-5cba-a3bb-7925cc98152a","2026","22","16","1","4","22","2","8491.62","5957.32","3847.81","911.88","0.0455","2","16","0.1111","19.78","82.59","56.79","3.3849","VERY_HIGH","0","0","2025-09-28","2026-09-12","2026-09-15 10:31:41","RISK_ADJ_PIPELINE","2026-09-15 10:31:41"
"411c822f-848e-5fb7-9875-7baf6e1c5842","1970b509-d68e-5752-917f-71aae3a2fdcf","2026","8","6","1","1","8","3","23332.57","14115.6","12107.88","2640.43","0.125","1","6","0.1429","16.01","52.8","52.8","1.0003","MODERATE","1","0","2025-10-28","2026-06-23","2026-09-15 10:31:41","RISK_ADJ_PIPELINE","2026-09-15 10:31:41"
"538a0d0a-69b8-5c52-8525-438b4befddcc","5628e8c6-c966-58f0-b570-7369ed4e5195","2026","7","4","1","1","7","2","17086.87","10230.95","833.2","251.75","0.1429","0","6","0.0","8.54","17.67","17.67","1.7025","MODERATE","1","3","2025-12-30","2026-08-27","2026-09-15 10:31:41","RISK_ADJ_PIPELINE","2026-09-15 10:31:41"
"b22b3ef4-ad1b-54dc-81f0-8e940d8c35a9","bd8546e4-4019-5fd9-b065-ab3ab2f9ac24","2026","8","6","0","0","8","3","29907.31","20200.07","6908.84","1479.27","0.0","0","8","0.0","12.67","18.98","18.98","1.5328","MODERATE","2","3","2025-11-02","2026-08-28","2026-09-15 10:31:41","RISK_ADJ_PIPELINE","2026-09-15 10:31:41"
"c85a0710-0d3e-5e82-b710-9ceaad970f4a","6bb1c2a7-d678-59ff-a80c-d996620090c3","2026","14","11","1","2","14","3","104412.54","75038.47","51379.93","9429.35","0.0714","1","11","0.0833","19.07","65.71","23.22","0.9374","MODERATE","2","4","2025-09-20","2026-09-04","2026-09-15 10:31:41","RISK_ADJ_PIPELINE","2026-09-15 10:31:41"
"7c5177aa-a2c4-5ca9-8f60-30493e7c5b7f","83e6cbe0-b5a7-52e9-9105-5bf1ab85e50e","2026","13","5","2","4","13","4","26581.93","18068.47","1804.68","411.29","0.1538","0","9","0.0","13.39","23.07","23.07","2.2601","HIGH","4","2","2025-11-21","2026-09-07","2026-09-15 10:31:41","RISK_ADJ_PIPELINE","2026-09-15 10:31:41"
"9aff318f-3583-5101-beae-624e674fc691","13499c1a-72aa-5d01-b993-0a4c8c051bbe","2026","10","3","1","1","10","2","3488.67","2465.73","668.37","244.67","0.1","0","9","0.0","9.67","19.09","19.09","0.464","LOW","0","1","2025-09-17","2026-08-13","2026-09-15 10:31:41","RISK_ADJ_PIPELINE","2026-09-15 10:31:41"
"57d4b26b-2314-54bd-993c-6329ad78389b","1a5b3ec4-c969-5edc-bc66-6b49481d4eaa","2026","11","6","5","0","10","2","39970.64","5305.86","4693.44","1001.02","0.4545","1","10","0.0909","21.06","85.18","23.05","2.6453","HIGH","2","0","2025-09-30","2026-08-14","2026-09-15 10:31:41","RISK_ADJ_PIPELINE","2026-09-15 10:31:41"
"9a30d04d-aaca-5e20-aaa7-fa4ba9198c3a","63157a4e-be02-5741-aedf-a153e3b4fd59","2026","11","7","2","2","11","4","29156.28","19624.66","11861.11","2135.44","0.1818","0","9","0.0","9.59","20.18","20.18","1.4763","MODERATE","1","2","2025-10-01","2026-08-30","2026-09-15 10:31:41","RISK_ADJ_PIPELINE","2026-09-15 10:31:41"
"7daeb4ee-663f-5bec-8e19-c38368524f3e","587b8f70-9f86-55f8-a62c-b8d52f1ec5fa","2026","9","7","0","1","8","2","3380.47","2355.8","1432.34","318.45","0.0","1","7","0.125","18.41","46.77","46.77","0.9486","MODERATE","3","5","2025-09-16","2026-08-29","2026-09-15 10:31:41","RISK_ADJ_PIPELINE","2026-09-15 10:31:41"
"740f2065-9c4f-5f15-919b-16d6ff4df6dc","b8a6467e-3e57-50aa-9d1b-037d16e3741f","2026","20","15","2","1","19","4","40411.68","28682.51","10123.98","1923.61","0.1","4","15","0.2105","24.7","94.28","72.87","3.9189","VERY_HIGH","1","3","2025-09-19","2026-09-05","2026-09-15 10:31:41","RISK_ADJ_PIPELINE","2026-09-15 10:31:41"
"f253facb-86e2-5115-95df-84ca8f5203c6","d183a549-201e-512e-9022-d4b65f84c326","2026","26","15","6","3","23","4","52480.84","28051.37","25164.47","4730.68","0.2308","1","22","0.0435","15.22","28.46","21.68","3.7615","VERY_HIGH","1","0","2025-09-19","2026-09-06","2026-09-15 10:31:41","RISK_ADJ_PIPELINE","2026-09-15 10:31:41"
"e6da5981-4a51-5231-b826-f71f8106a461","53e5e93f-f07f-525b-b15f-be91f4e2ecc1","2026","14","13","0","1","14","4","7205.27","5650.36","5063.31","1069.58","0.0","2","11","0.1538","14.57","42.6","30.93","0.4116","LOW","0","4","2025-09-20","2026-07-27","2026-09-15 10:31:41","RISK_ADJ_PIPELINE","2026-09-15 10:31:41"
"060e433a-e335-589f-94e5-ff1b4e2feb18","5d2e75de-4bd1-56ed-a544-f50313cb49d5","2026","5","5","0","0","5","3","15912.41","9718.36","8871.85","1403.16","0.0","1","4","0.2","26.55","82.22","82.22","0.443","LOW","0","2","2025-10-22","2026-07-14","2026-09-15 10:31:41","RISK_ADJ_PIPELINE","2026-09-15 10:31:41"
"9b96cd55-bd79-5c54-8836-e8068c680e57","399c2b0b-bc2e-578e-b726-2db24fbcfe68","2026","3","3","0","0","3","2","20189.06","12384.57","10766.01","1759.57","0.0","0","3","0.0","3.13","7.14","7.14","0.7036","LOW","0","5","2026-04-07","2026-06-25","2026-09-15 10:31:41","RISK_ADJ_PIPELINE","2026-09-15 10:31:41"
"7e7ade74-88b5-591a-a1ad-2f7027b2f990","bb90dfe9-ab33-5d2a-8667-0ed3688320aa","2026","8","7","0","1","8","2","25980.29","17032.27","16586.78","2977.49","0.0","1","6","0.1429","18.22","85.57","85.57","0.5696","LOW","0","1","2025-10-12","2026-08-11","2026-09-15 10:31:41","RISK_ADJ_PIPELINE","2026-09-15 10:31:41"
"4e0850cf-0504-5044-8ef4-a159db14581e","bdcfe745-18d3-584d-b526-d678ea29032e","2026","9","8","0","0","9","3","4326.48","2887.3","2302.88","636.76","0.0","1","8","0.1111","20.62","94.57","94.57","0.6743","LOW","0","2","2025-10-31","2026-08-14","2026-09-15 10:31:41","RISK_ADJ_PIPELINE","2026-09-15 10:31:41"
"e5736eec-3393-5ae8-a035-3b54c4867d35","2a8dc5e2-934d-522c-adbc-6ad8d2cd8ddb","2026","8","3","1","3","8","3","32382.26","24034.67","6586.67","1409.66","0.125","1","4","0.2","22.36","69.25","69.25","1.2341","MODERATE","1","3","2025-09-25","2026-08-19","2026-09-15 10:31:41","RISK_ADJ_PIPELINE","2026-09-15 10:31:41"
"32072dda-ef7f-59b0-a80f-1cbef787bd87","05c2fa98-2f9b-505f-a7d6-dd89c2f44cc4","2026","13","10","1","0","12","4","30747.4","18829.07","16817.29","3186.75","0.0769","2","11","0.1538","20.68","85.1","52.45","1.088","MODERATE","0","1","2025-10-18","2026-09-03","2026-09-15 10:31:41","RISK_ADJ_PIPELINE","2026-09-15 10:31:41"
"bd6d1144-5cef-539d-8136-520d855de3d0","bfc531bb-3818-5772-8367-a13fc6b67178","2026","8","7","0","1","8","3","27527.42","21922.13","19707.25","2881.84","0.0","0","7","0.0","8.97","14.7","14.7","1.532","MODERATE","3","1","2025-11-11","2026-08-30","2026-09-15 10:31:41","RISK_ADJ_PIPELINE","2026-09-15 10:31:41"
"aa264b2e-19b3-524d-8c6f-71b4e2a65e78","c5e049ea-95d8-5809-840b-db6d8d84951a","2026","5","2","2","0","5","3","1957.95","735.7","244.84","116.18","0.4","2","3","0.4","35.16","81.37","81.37","0.3025","LOW","0","4","2026-02-09","2026-08-05","2026-09-15 10:31:41","RISK_ADJ_PIPELINE","2026-09-15 10:31:41"
"a305b567-64e0-5aaa-a905-093283a85a12","97b455d3-574c-57c8-b681-c27be3f6e618","2026","4","2","1","1","4","2","59129.23","29757.46","26498.35","5508.81","0.25","1","2","0.3333","17.44","46.63","46.63","0.9578","MODERATE","1","0","2025-10-23","2026-05-09","2026-09-15 10:31:41","RISK_ADJ_PIPELINE","2026-09-15 10:31:41"
"7f80557e-1e3c-50de-9f22-1c6e2b8e3fd1","e9a72a8b-d004-5655-89bf-46fac95d1a65","2026","14","12","2","0","14","4","16283.97","4136.84","3879.97","951.18","0.1429","4","10","0.2857","29.4","79.06","77.98","1.2855","MODERATE","2","2","2025-10-07","2026-08-22","2026-09-15 10:31:41","RISK_ADJ_PIPELINE","2026-09-15 10:31:41"
"ee767f3d-9416-5df7-94b7-c47034d7bb42","197806cb-d782-5b2c-8e48-e6d8a000d1a9","2026","6","3","3","0","6","3","23206.9","13225.44","11714.55","1663.66","0.5","1","5","0.1667","21.63","64.18","64.18","1.499","MODERATE","1","0","2025-09-23","2026-08-07","2026-09-15 10:31:41","RISK_ADJ_PIPELINE","2026-09-15 10:31:41"
"565fdfd9-849a-582b-a603-f637e6ec0d63","a684524a-d762-52c8-9798-53d66ad9b62b","2026","6","4","1","1","5","1","2290.78","1625.65","1020.59","296.56","0.1667","0","5","0.0","13.33","21.92","21.92","0.5296","LOW","0","2","2026-01-07","2026-07-20","2026-09-15 10:31:41","RISK_ADJ_PIPELINE","2026-09-15 10:31:41"
"664aa186-3f9d-5124-a9fd-47e13bf0ff36","8d4b8549-9035-5a0c-ba78-88f0cc0b8c68","2026","13","11","1","1","13","2","5140.39","3742.04","3223.01","739.73","0.0769","1","11","0.0833","19.62","56.87","23.47","1.323","MODERATE","1","1","2025-09-27","2026-08-18","2026-09-15 10:31:41","RISK_ADJ_PIPELINE","2026-09-15 10:31:41"
"411dad83-d85a-5339-aa1b-34109518b6b8","574d309f-6ae6-5916-851c-45dfd95cfdba","2026","1","0","1","0","1","1","15179.64","0","0","0","1.0","0","1","0.0","14.99","14.99","14.99","0.8899","LOW","0","3","2025-12-03","2025-12-03","2026-09-15 10:31:41","RISK_ADJ_PIPELINE","2026-09-15 10:31:41"
"013f108a-3a8f-522e-bb97-e6bd42134ce0","a5e97418-c988-53b1-8953-fafb35212adf","2026","13","9","2","2","13","4","49150.79","21244.12","18354.49","3648.57","0.1538","3","8","0.2727","29.2","91.38","83.06","2.5518","HIGH","1","1","2025-09-20","2026-08-24","2026-09-15 10:31:41","RISK_ADJ_PIPELINE","2026-09-15 10:31:41"
"aef4ca57-51ae-5bb5-9961-68960522b250","de26394e-22fa-5ed4-84e0-913894ee03f9","2026","11","4","2","4","11","3","2806.92","1826.1","843.97","240.29","0.1818","0","7","0.0","10.31","16.88","16.88","0.44","LOW","0","1","2025-10-04","2026-07-24","2026-09-15 10:31:41","RISK_ADJ_PIPELINE","2026-09-15 10:31:41"
"b5b9525c-d908-58f6-a0aa-a2f72d5493c3","a1bed6b7-18a7-58a2-8485-321fe2144d15","2026","1","0","0","0","1","1","400.67","315.46","0","0","0.0","0","1","0.0","10.55","10.55","10.55","0.6132","LOW","0","4","2025-12-29","2025-12-29","2026-09-15 10:31:41","RISK_ADJ_PIPELINE","2026-09-15 10:31:41"
"8c01ed3e-b29e-55c2-9b98-a919bb977d88","f2952913-8aff-5982-b1c4-4884da014a5c","2026","15","10","2","2","14","4","16498.61","6692.06","5595.22","1180.45","0.1333","1","12","0.0769","19.33","82.25","23.03","2.08","HIGH","1","3","2025-09-21","2026-08-14","2026-09-15 10:31:41","RISK_ADJ_PIPELINE","2026-09-15 10:31:41"
"0bbc82f4-f59b-5308-a344-26474eced780","b5d1b5dd-a474-538f-9888-f98a35e96dae","2026","4","3","0","1","4","2","31206.19","22418.92","21106.48","3127.56","0.0","1","2","0.3333","32.44","82.61","82.61","1.032","MODERATE","0","3","2025-10-13","2026-08-16","2026-09-15 10:31:41","RISK_ADJ_PIPELINE","2026-09-15 10:31:41"
"16bce04c-9d69-5007-ab2f-cfb67c471d6e","5e5b8d55-53e6-58cb-ac03-a1e5e60f8f37","2026","12","8","0","0","12","4","9054.74","5930.22","1984.75","551.8","0.0","2","10","0.1667","21.41","87.92","66.12","1.0541","MODERATE","1","3","2025-10-11","2026-09-03","2026-09-15 10:31:41","RISK_ADJ_PIPELINE","2026-09-15 10:31:41"
"a74bec02-6d68-5340-9033-09a465a88171","88576896-70eb-59e4-a88f-7d63c744bc0c","2026","10","9","1","0","10","2","3459.12","1908.2","1712.53","524.58","0.1","1","9","0.1","20.04","90.3","90.3","1.3468","MODERATE","1","2","2025-09-19","2026-09-12","2026-09-15 10:31:41","RISK_ADJ_PIPELINE","2026-09-15 10:31:41"
"7e0c073e-7f28-5844-910d-1618256c8f26","fb38d170-e51a-5f4a-858e-ad9a68a3cf9b","2026","12","10","0","1","11","3","25417.84","16706.84","14444.38","2429.07","0.0","2","9","0.1818","21.17","80.4","50.33","0.8925","LOW","0","1","2025-09-22","2026-08-24","2026-09-15 10:31:41","RISK_ADJ_PIPELINE","2026-09-15 10:31:41"
"89ac905b-73f2-5cd5-8abc-bd3b9a09f2cb","168f991c-9132-57be-afdc-41fafa180d1c","2026","7","4","1","1","6","2","3810.93","2382.87","1566.07","312.79","0.1429","1","5","0.1667","20.59","77.15","77.15","0.8614","LOW","0","0","2025-10-10","2026-08-16","2026-09-15 10:31:41","RISK_ADJ_PIPELINE","2026-09-15 10:31:41"
"f4884876-24ff-5156-a00e-8eed6b09d926","eabcd97d-9b56-5b4e-80c4-2e36aced1c12","2026","10","7","1","1","10","3","2481.05","1703.23","1261.82","280.73","0.1","1","8","0.1111","18.8","81.91","81.91","2.6498","HIGH","2","0","2025-10-14","2026-05-14","2026-09-15 10:31:41","RISK_ADJ_PIPELINE","2026-09-15 10:31:41"
"4807ab9e-d74e-593c-808f-e2c3dea4ed1d","1d814094-4796-504b-9804-04bd138d4622","2026","9","7","2","0","9","4","20500.11","13206.24","11969.2","2288.79","0.2222","1","8","0.1111","14.86","43.39","43.39","1.1951","MODERATE","1","3","2025-09-21","2026-07-26","2026-09-15 10:31:41","RISK_ADJ_PIPELINE","2026-09-15 10:31:41"
"82daf316-934c-5a32-9715-c4c3e3eaefaf","c3e4c88b-e105-54a1-86b3-ec0b6ab5f49a","2026","19","13","1","2","18","4","41034.24","16374.31","9413.7","1705.65","0.0526","2","15","0.1176","21.34","84.52","69.92","2.4813","HIGH","1","2","2025-09-19","2026-09-12","2026-09-15 10:31:41","RISK_ADJ_PIPELINE","2026-09-15 10:31:41"
"b2c8aad6-a581-5a36-9a25-f5411cd78c32","493fa14d-f86a-561c-883f-1c94220bd59e","2026","12","7","2","3","12","3","26651.64","14493.74","13273.04","2347.67","0.1667","0","9","0.0","14.69","22.83","22.83","1.1777","MODERATE","1","3","2025-09-18","2026-08-27","2026-09-15 10:31:41","RISK_ADJ_PIPELINE","2026-09-15 10:31:41"
"ef100594-a0be-50a5-b74d-4e5311fcdf04","e330450b-29e2-5dcc-a304-21bdfd6b9c86","2026","23","13","2","3","23","4","56742.42","39052.71","22277.06","4474.4","0.087","1","19","0.05","17.25","64.11","22.93","2.9705","VERY_HIGH","2","1","2025-09-19","2026-09-13","2026-09-15 10:31:41","RISK_ADJ_PIPELINE","2026-09-15 10:31:41"
"ba5e756b-cde2-58ad-98c3-dfd2504883ea","f9e134c6-2fc1-500c-8c09-111d36d5a822","2026","6","4","1","1","6","3","22724.49","18663.09","820.31","217.36","0.1667","2","3","0.4","29.72","77.64","77.64","0.4916","LOW","0","4","2025-12-14","2026-09-04","2026-09-15 10:31:41","RISK_ADJ_PIPELINE","2026-09-15 10:31:41"
"7dbd6187-5711-58ed-8dce-1bffa3540a8d","7189b5e1-c162-5207-97c7-102ed2e213a0","2026","4","3","1","0","4","1","2085.57","1149.27","1059.18","197.46","0.25","0","4","0.0","10.34","20.04","20.04","0.639","LOW","0","0","2025-09-29","2026-01-18","2026-09-15 10:31:41","RISK_ADJ_PIPELINE","2026-09-15 10:31:41"
"4b4bbc7f-8a32-5a9e-9b88-27e539d41c20","8f296bfa-9ec7-5305-8640-1f51b1164add","2026","13","9","0","2","12","3","4563.95","3112.23","2176.12","613.02","0.0","4","7","0.3636","26.22","81.92","76.34","2.6466","HIGH","2","1","2025-09-25","2026-09-10","2026-09-15 10:31:41","RISK_ADJ_PIPELINE","2026-09-15 10:31:41"
"2027eb58-2e0a-5c49-b303-c306b3afb6a2","8df14d17-1286-5628-ac60-dfad7bdab8b4","2026","12","8","2","1","12","4","37870.44","26154.07","11464.54","2160.08","0.1667","2","9","0.1818","22.9","93.49","82.15","1.264","MODERATE","2","1","2025-10-22","2026-08-05","2026-09-15 10:31:41","RISK_ADJ_PIPELINE","2026-09-15 10:31:41"
"6d411cc4-ea1c-54e8-a3fe-cc804cd494cb","1fa35054-4721-5cfc-b0df-df5b7071eb1a","2026","8","6","0","2","8","2","10243.45","7765.03","6720.57","1384.76","0.0","2","4","0.3333","28.3","64.5","64.5","0.543","LOW","0","2","2025-10-28","2026-05-25","2026-09-15 10:31:41","RISK_ADJ_PIPELINE","2026-09-15 10:31:41"
