"MEMBER_ID","SUBSCRIBER_ID","MBI_NUMBER","MEDICAID_ID","MEMBER_RELATIONSHIP","PLAN_ID","PLAN_NAME","PLAN_TYPE","PRODUCT_LINE","GROUP_NUMBER","EMPLOYER_NAME","DATE_OF_BIRTH","GENDER","ZIP_CODE","COUNTY_CODE","STATE_CODE","COVERAGE_START_DATE","COVERAGE_END_DATE","ENROLLMENT_STATUS","COBRA_FLAG","DUAL_ELIGIBLE","LIS_LEVEL","RISK_SCORE","PRIOR_YEAR_RISK_SCORE","RISK_CATEGORY","RISK_PERCENTILE","PROSPECTIVE_RISK_SCORE","CARE_MANAGEMENT_FLAG","CHRONIC_CONDITION_COUNT","PRIMARY_CARE_NPI","_SOURCE_SYSTEM","_VALID_FROM","_VALID_TO","_IS_CURRENT","_LOADED_AT","_RECORD_HASH"
"6d54a7d8-61ae-5e86-8657-7ba803357369","SH100000","X7JT-YK-0265","","SELF","MED-2024-06","Sutter Health Medicare Advantage Gold","MEDICARE_ADVANTAGE","MEDICARE","GRP10287","Bay Area Health Alliance","1980-08-05","F","94131","06075","CA","2023-08-18","","ACTIVE","FALSE","FALSE","LIS1","0.5532","0.4752","LOW","4","0.5133","FALSE","1","1868820204","ELIGIBILITY_834","2026-09-12 00:00:00","","TRUE","2026-09-15 10:31:41","6e7e8ab44fcc8c34d7144c4487703ecd36433a28b139d0f486eac85ca9b69393"
"6436775e-0280-5740-9bd0-b3289bb0be00","SH100001","","CA5728765136","SELF","MED-2024-06","Sutter Health Medicaid Managed Gold","MEDICAID_MANAGED","MEDICAID","GRP10023","Bay Area Health Alliance","1960-01-01","M","94603","06075","CA","2025-05-20","","ACTIVE","FALSE","TRUE","","0.4759","0.4943","LOW","5","0.479","FALSE","1","1930075810","ELIGIBILITY_834","2026-08-25 00:00:00","","TRUE","2026-09-15 10:31:41","56ecbcdeea643dbf3c6379601e7b0c7c14b506daba2bd3ddd4050ae48db39151"
"c12bba9c-a222-53ac-b68d-323dffebc22d","SH100002","","","DEPENDENT","PPO-2024-06","Sutter Health Ppo Gold","PPO","COMMERCIAL","GRP10016","NorCal Tech Coalition","1966-05-28","M","95054","06085","CA","2026-02-23","","ACTIVE","FALSE","FALSE","","6.88","6.9975","CATASTROPHIC","85","6.6309","TRUE","1","1530747414","ELIGIBILITY_834","2026-08-31 00:00:00","","TRUE","2026-09-15 10:31:41","27b3a3f129424b0ecca6b9d27983c8934cd1db366287b59f46699f0eb71ef2c6"
"115de450-dd31-5731-9d5b-eb7531f22f02","SH100003","G70D-QQ-9784","","DEPENDENT","MED-2024-01","Sutter Health Medicare Advantage Gold","MEDICARE_ADVANTAGE","MEDICARE","GRP10024","Palo Alto Medical Foundation","1988-12-11","F","94577","06001","CA","2023-09-11","","ACTIVE","FALSE","FALSE","LIS1","1.4252","1.3662","MODERATE","13","1.5742","FALSE","5","1264112119","ELIGIBILITY_834","2026-08-29 00:00:00","","TRUE","2026-09-15 10:31:41","379c74a8fd9c11e14f0013b410ac9caa7e15867b6238ae7b898e8ab80b0f7525"
"53fb3b06-6e51-5be5-b50e-2bdc4949d1f1","SH100004","P3X5-WA-9570","","SELF","MED-2024-05","Sutter Health Medicare Advantage Gold","MEDICARE_ADVANTAGE","MEDICARE","GRP10311","Bay Area Health Alliance","1998-09-21","F","93701","06085","CA","2024-10-14","2026-04-16","TERMED","FALSE","FALSE","LIS2","0.6004","0.5425","LOW","3","0.5508","FALSE","0","1264109919","ELIGIBILITY_834","2026-08-18 00:00:00","","TRUE","2026-09-15 10:31:41","95838d4cdcf0abf712b3c1cd51b360e481c7b7804ea59b80af29178f3ecae765"
"c2fc80fe-dafe-5dcb-8972-6b2bd96830a4","SH100005","","","SELF","HMO-2024-09","Sutter Health Hmo Gold","HMO","COMMERCIAL","GRP10365","Central Valley Employers Group","1959-01-03","F","95131","06085","CA","2025-04-10","2026-12-05","COBRA","TRUE","FALSE","","2.3498","2.1842","HIGH","31","2.4331","FALSE","5","1528414718","ELIGIBILITY_834","2026-09-08 00:00:00","","TRUE","2026-09-15 10:31:41","0c3794dc08806f8691b57112e185130bf99abf8c187c82ca21c4a0c23040ec5f"
"61d00697-7370-5cb0-9d4a-a64b521a1558","SH100006","","","DEPENDENT","HMO-2024-08","Sutter Health Hmo Gold","HMO","COMMERCIAL","GRP10342","Safeway Health Plan","1975-12-01","M","94115","06075","CA","2023-07-31","","ACTIVE","FALSE","FALSE","","2.0289","2.2757","HIGH","23","1.9739","FALSE","2","1330035022","ELIGIBILITY_834","2026-08-31 00:00:00","","TRUE","2026-09-15 10:31:41","5c0421509a5aefa05da8055218b5f201c1036a2368a332442b7e7cb27810ac48"
"55b4872a-2bfc-5557-adac-c24e47b03ff4","SH100007","H9TF-RG-4731","","DEPENDENT","MED-2024-09","Sutter Health Medicare Advantage Gold","MEDICARE_ADVANTAGE","MEDICARE","GRP10055","Bay Area Health Alliance","1975-02-24","M","95128","06085","CA","2024-07-23","","ACTIVE","FALSE","FALSE","LIS1","0.6921","0.7225","LOW","3","0.6334","FALSE","1","1305718272","ELIGIBILITY_834","2026-08-29 00:00:00","","TRUE","2026-09-15 10:31:41","e410346f218e498ed31d0fc9dbe1788cc4ed96cc3c8555fa711cb7ee2bbf71b4"
"f5d50684-2cb4-576e-a0ba-938384bf2c92","SH100008","V3HM-HC-9805","","SELF","MED-2024-09","Sutter Health Medicare Advantage Gold","MEDICARE_ADVANTAGE","MEDICARE","GRP10356","Kaiser Community Partners","2006-01-15","F","94132","06075","CA","2023-11-29","","ACTIVE","FALSE","FALSE","LIS2","2.9976","2.5499","VERY_HIGH","36","2.749","TRUE","0","1810678904","ELIGIBILITY_834","2026-08-30 00:00:00","","TRUE","2026-09-15 10:31:41","d4e9fb38de422a68ba869f4d4a75bd651ab2d6b589ad7ab5ffff673a5aa286c4"
"0b2ea14c-6c3f-56c6-bbe8-6421de4d28b3","SH100009","","CA6320115677","SELF","MED-2024-05","Sutter Health Medicaid Managed Gold","MEDICAID_MANAGED","MEDICAID","GRP10267","NorCal Tech Coalition","1967-06-02","M","95131","06085","CA","2022-10-10","","ACTIVE","FALSE","FALSE","","2.3789","2.0504","HIGH","23","2.4673","FALSE","1","1379995032","ELIGIBILITY_834","2026-08-17 00:00:00","","TRUE","2026-09-15 10:31:41","489912dce5b19d35456402c2b7721940871d3749b2fe1718131f22ff8e94b105"
"e880631b-2b32-59cd-a518-59bb98911421","SH100010","","","DEPENDENT","POS-2024-09","Sutter Health Pos Gold","POS","COMMERCIAL","GRP10426","Kaiser Community Partners","1943-08-30","F","95126","06085","CA","2024-11-11","","ACTIVE","FALSE","FALSE","","0.5094","0.4435","LOW","3","0.4597","FALSE","1","1855420240","ELIGIBILITY_834","2026-08-20 00:00:00","","TRUE","2026-09-15 10:31:41","f37a5239d160b6b08e1e95a9adbe666785a8941d8f26d38d492a316dd2620e3c"
"c83b169d-d0a0-5b9b-bf18-b90cb69d28b8","SH100011","V598-CD-6400","","DEPENDENT","MED-2024-03","Sutter Health Medicare Advantage Gold","MEDICARE_ADVANTAGE","MEDICARE","GRP10324","Central Valley Employers Group","1958-07-26","M","93720","06085","CA","2024-07-15","","ACTIVE","FALSE","FALSE","","1.9554","1.8274","HIGH","21","2.0835","TRUE","1","1642678844","ELIGIBILITY_834","2026-09-02 00:00:00","","TRUE","2026-09-15 10:31:41","2d8360962194b663c2afec8c15c8335d471087bfcf7f042e2489684d20ae7c08"
"b90cbe2e-b64c-5506-9cfa-9d34a63061bb","SH100012","","","SELF","PPO-2024-03","Sutter Health Ppo Gold","PPO","COMMERCIAL","GRP10127","Palo Alto Medical Foundation","1939-01-01","M","94103","06075","CA","2024-06-15","","ACTIVE","FALSE","FALSE","","2.2298","1.9233","HIGH","26","2.6261","FALSE","3","1479759538","ELIGIBILITY_834","2026-09-08 00:00:00","","TRUE","2026-09-15 10:31:41","e30e3b7b8b4e259eccd1f0e232de5c9b2ab0a72baa7753cafd24dd4ddc808940"
"ef4fb091-a5ec-55ef-b343-bda712beb1f3","SH100013","","","DEPENDENT","PPO-2024-06","Sutter Health Ppo Gold","PPO","COMMERCIAL","GRP10019","Safeway Health Plan","2003-04-04","F","93720","06085","CA","2025-11-08","","ACTIVE","FALSE","FALSE","","1.5616","1.4436","MODERATE","15","1.5484","FALSE","0","1338836384","ELIGIBILITY_834","2026-08-21 00:00:00","","TRUE","2026-09-15 10:31:41","a3c7b2773c47a261cdef93864d22215b4462650526553a35ea731a11297c6a70"
"e342cc05-41dc-5a29-8a11-a8fba038e65f","SH100014","","CA9519284858","SELF","MED-2024-07","Sutter Health Medicaid Managed Gold","MEDICAID_MANAGED","MEDICAID","GRP10496","Central Valley Employers Group","1991-05-05","F","95054","06085","CA","2026-04-22","","ACTIVE","FALSE","FALSE","","0.6849","0.6643","LOW","11","0.6874","FALSE","2","1291735734","ELIGIBILITY_834","2026-08-21 00:00:00","","TRUE","2026-09-15 10:31:41","ec49e0c08cd2878f9483825185e38da8801f344c2b2d080b4733b355da4d9905"
"f5750f03-3de5-563f-b1d2-dd39d17144ad","SH100015","","","DEPENDENT","HMO-2024-05","Sutter Health Hmo Gold","HMO","COMMERCIAL","GRP10035","NorCal Tech Coalition","1981-12-05","M","93722","06085","CA","2025-05-10","","ACTIVE","FALSE","FALSE","","1.3679","1.4937","MODERATE","21","1.4392","FALSE","1","1769108025","ELIGIBILITY_834","2026-08-25 00:00:00","","TRUE","2026-09-15 10:31:41","9e6935a933f3c5b916a67b6110c84a0054e61955092618dd6bc96d70b68ee8cd"
"41d3ad9c-8785-5ddb-8ba8-83549280b938","SH100016","","CA6679017210","SELF","MED-2024-04","Sutter Health Medicaid Managed Gold","MEDICAID_MANAGED","MEDICAID","GRP10146","Bay Area Health Alliance","1965-06-24","M","95128","06085","CA","2023-05-22","2024-04-27","TERMED","FALSE","FALSE","","2.7028","2.7965","HIGH","30","2.847","FALSE","3","1561588882","ELIGIBILITY_834","2026-08-21 00:00:00","","TRUE","2026-09-15 10:31:41","222831c4fbaed7426b5b4a08728ec3c4dee6f2be04e2be1f670cc163ba1c9531"
"4d07c3f8-f0d8-59a1-a400-18dc54a89d79","SH100017","","CA8285786023","SELF","MED-2024-04","Sutter Health Medicaid Managed Gold","MEDICAID_MANAGED","MEDICAID","GRP10243","Palo Alto Medical Foundation","1968-04-11","M","94102","06075","CA","2026-03-15","","ACTIVE","FALSE","FALSE","","1.1794","1.2879","MODERATE","10","1.1137","FALSE","1","1588999385","ELIGIBILITY_834","2026-08-24 00:00:00","","TRUE","2026-09-15 10:31:41","496fe623dfd16da6929244ac49ceace1eec350fe27dd47ea2e93901ec900f586"
"cb901377-55af-5fff-a5fd-13be1eec5981","SH100018","","","SPOUSE","HMO-2024-09","Sutter Health Hmo Gold","HMO","COMMERCIAL","GRP10304","NorCal Tech Coalition","2004-09-29","F","93711","06085","CA","2023-06-26","","PENDING","FALSE","FALSE","","0.809","0.7984","LOW","11","0.8317","FALSE","4","1910943524","ELIGIBILITY_834","2026-08-17 00:00:00","","TRUE","2026-09-15 10:31:41","0bd9fb52392aef62fb2843b1c6a05f717f8f0430fd60219901f5cbdd9fa7ec60"
"84daf3fb-c565-58e4-a778-68b10940dc11","SH100019","","","SELF","PPO-2024-03","Sutter Health Ppo Gold","PPO","COMMERCIAL","GRP10365","Central Valley Employers Group","1938-02-19","M","94131","06075","CA","2024-12-02","","ACTIVE","FALSE","FALSE","","2.5658","2.5822","HIGH","35","2.4253","TRUE","1","1351785565","ELIGIBILITY_834","2026-09-03 00:00:00","","TRUE","2026-09-15 10:31:41","d68fa897b86b187757e0dcd2d58103f6fa8dfb25cb2f71ca4fa55cdd9f36ba6c"
"907873d4-d181-504f-9bf2-ccb30334d4a6","SH100020","","","DEPENDENT","PPO-2024-07","Sutter Health Ppo Gold","PPO","COMMERCIAL","GRP10003","NorCal Tech Coalition","1990-01-29","M","93727","06085","CA","2023-03-26","","ACTIVE","FALSE","FALSE","","1.7144","1.7576","MODERATE","15","1.8198","FALSE","3","1420632895","ELIGIBILITY_834","2026-08-23 00:00:00","","TRUE","2026-09-15 10:31:41","8f1e1f5ad6d968a3bd11a7447fcc66749f4ab1ed0b5892787709f4dcb0caaa88"
"219dbf70-e693-5ca5-8b25-adbbdc4f1d3e","SH100021","","","SELF","HDH-2024-01","Sutter Health Hdhp Gold","HDHP","COMMERCIAL","GRP10201","Sutter Medical Foundation","1973-09-14","M","94609","06075","CA","2023-06-20","","ACTIVE","FALSE","FALSE","","3.669","4.0438","VERY_HIGH","40","3.5885","TRUE","2","1190137896","ELIGIBILITY_834","2026-09-05 00:00:00","","TRUE","2026-09-15 10:31:41","9d809876e291959fe18df7a5f0324986dd62b66e6d97d9a0bae8225516ead71d"
"346dfa41-af94-5d9a-9d3b-eaed0c076926","SH100022","A4H7-A0-2327","","SPOUSE","MED-2024-04","Sutter Health Medicare Advantage Gold","MEDICARE_ADVANTAGE","MEDICARE","GRP10035","Sutter Medical Foundation","1937-05-18","F","94103","06075","CA","2024-07-01","","ACTIVE","FALSE","FALSE","","0.9737","0.8333","MODERATE","14","1.0807","FALSE","2","1909851739","ELIGIBILITY_834","2026-08-22 00:00:00","","TRUE","2026-09-15 10:31:41","694cef7f6f0fd2c620c92e1a03e5f4a1a3fbc8ea85198d68a9b6da358de89ebc"
"f90aa018-7646-55da-9afc-2bfacadccba6","SH100023","","","SELF","HMO-2024-02","Sutter Health Hmo Gold","HMO","COMMERCIAL","GRP10353","Bay Area Health Alliance","1938-07-16","F","95128","06085","CA","2025-05-07","","ACTIVE","FALSE","FALSE","","0.4872","0.5131","LOW","6","0.5549","FALSE","3","1209415691","ELIGIBILITY_834","2026-08-28 00:00:00","","TRUE","2026-09-15 10:31:41","5df307fe6ee3e98c07ba97deebdec5a92529caae65fbd21b9c7cbe973b725f6c"
"70be7113-313c-5b04-a11f-28aec3f8d3ad","SH100024","","","SPOUSE","HMO-2024-09","Sutter Health Hmo Gold","HMO","COMMERCIAL","GRP10222","UCSF Health Partners","1983-01-10","F","93701","06085","CA","2023-11-19","","ACTIVE","FALSE","FALSE","","1.3412","1.3145","MODERATE","15","1.5188","FALSE","2","1887906704","ELIGIBILITY_834","2026-09-01 00:00:00","","TRUE","2026-09-15 10:31:41","39d4db69a2748733685447a788d8c5fba8ea386ef50e80d2a09c9ca2fb5703c8"
"f1881d09-9a22-59fa-9c6a-6936dd5f9e00","SH100025","","","DEPENDENT","POS-2024-05","Sutter Health Pos Gold","POS","COMMERCIAL","GRP10249","Bay Area Health Alliance","1954-08-20","M","94102","06075","CA","2023-09-09","2024-04-12","TERMED","FALSE","FALSE","","3.4838","3.6596","VERY_HIGH","40","3.7163","TRUE","3","1480990401","ELIGIBILITY_834","2026-08-30 00:00:00","","TRUE","2026-09-15 10:31:41","6ea3d2883766508f86cc06fdd6d4c63ec927ca11f6871bc043b1b50ed59b1579"
"42a02fb0-588d-5805-8865-4070f08a0b50","SH100026","","","DEPENDENT","HDH-2024-09","Sutter Health Hdhp Gold","HDHP","COMMERCIAL","GRP10297","NorCal Tech Coalition","1965-05-30","F","95128","06085","CA","2025-02-04","","ACTIVE","FALSE","FALSE","","2.5929","2.2763","HIGH","28","2.5909","TRUE","2","1608159580","ELIGIBILITY_834","2026-08-24 00:00:00","","TRUE","2026-09-15 10:31:41","09d15c610d8e2014e91a8a0b32937e70bc48856ec95a3699a14ac8177aab2b87"
"96babb33-1e00-5ac7-9efb-897140eabbfc","SH100027","H5JP-GM-0824","","SELF","MED-2024-03","Sutter Health Medicare Advantage Gold","MEDICARE_ADVANTAGE","MEDICARE","GRP10268","Central Valley Employers Group","2000-06-15","M","94132","06075","CA","2023-02-26","","PENDING","FALSE","FALSE","","3.6282","3.2925","VERY_HIGH","44","3.377","TRUE","0","1207939087","ELIGIBILITY_834","2026-09-15 00:00:00","","TRUE","2026-09-15 10:31:41","c755607c9c46828c4b0b8787dd84e1967aaf41a7bb1e95c08984d6dc88628a81"
"028edf0d-4be0-5233-96a9-1d346887b542","SH100028","J2X5-R0-9938","","DEPENDENT","MED-2024-05","Sutter Health Medicare Advantage Gold","MEDICARE_ADVANTAGE","MEDICARE","GRP10415","Central Valley Employers Group","1993-08-28","M","93701","06085","CA","2026-02-28","","ACTIVE","FALSE","FALSE","","0.3392","0.3384","LOW","7","0.3364","FALSE","1","1191462297","ELIGIBILITY_834","2026-08-27 00:00:00","","TRUE","2026-09-15 10:31:41","a912046b863c1d33fecd1336ec08a4dc7eb621e0758ce9a39e3f4d1d241a7503"
"8c1b8fc1-6c0d-525c-aef6-8aab7a8a6917","SH100029","","","SELF","PPO-2024-04","Sutter Health Ppo Gold","PPO","COMMERCIAL","GRP10147","Central Valley Employers Group","1978-10-24","M","94501","06001","CA","2024-10-29","","ACTIVE","FALSE","FALSE","","1.0409","1.0123","MODERATE","16","1.2253","FALSE","4","1854827139","ELIGIBILITY_834","2026-08-21 00:00:00","","TRUE","2026-09-15 10:31:41","f9473a80ed2e75086724017d9db04d1d6328063bb66f28b9127d24009fe18ce2"
"35449807-e0b2-57bb-9cf0-74a87e3fdea1","SH100030","","","SELF","HMO-2024-09","Sutter Health Hmo Gold","HMO","COMMERCIAL","GRP10352","Central Valley Employers Group","1968-05-16","F","95014","06085","CA","2023-12-31","","ACTIVE","FALSE","FALSE","","1.1769","1.2648","MODERATE","17","1.2336","FALSE","1","1851333320","ELIGIBILITY_834","2026-09-13 00:00:00","","TRUE","2026-09-15 10:31:41","b74ef6aaee6eb55855a973d862bc446c327a414ddb800ddd32d584582a5e8183"
"ae57649f-cbff-56bd-b4a1-f49ece015413","SH100031","","","SELF","HDH-2024-07","Sutter Health Hdhp Gold","HDHP","COMMERCIAL","GRP10387","UCSF Health Partners","1980-08-11","M","94132","06075","CA","2023-03-25","","ACTIVE","FALSE","FALSE","","2.3871","2.0439","HIGH","33","2.603","TRUE","2","1605196410","ELIGIBILITY_834","2026-08-31 00:00:00","","TRUE","2026-09-15 10:31:41","0aa958cb0930eac1dcb2824194ccc8bcf54ac08fa536dc151f03c5b30d64f142"
"37988aba-f23f-51ac-bdae-4e7b6644f2cc","SH100032","","","SELF","PPO-2024-09","Sutter Health Ppo Gold","PPO","COMMERCIAL","GRP10129","NorCal Tech Coalition","1986-08-03","F","94103","06075","CA","2023-11-29","","ACTIVE","FALSE","FALSE","","1.1594","1.3142","MODERATE","16","1.3304","FALSE","5","1224469868","ELIGIBILITY_834","2026-09-15 00:00:00","","TRUE","2026-09-15 10:31:41","36e8979a02c32bfaff4f4d0fc2ad80dc159500630fb3c36019e65474756b3a6e"
"4f1ff5ae-aab8-5865-bb66-75f46d064714","SH100033","","","SPOUSE","HDH-2024-02","Sutter Health Hdhp Gold","HDHP","COMMERCIAL","GRP10498","Bay Area Health Alliance","1975-11-14","F","95148","06085","CA","2023-09-29","","ACTIVE","FALSE","FALSE","","3.0443","3.0893","VERY_HIGH","34","2.9451","TRUE","0","1862123506","ELIGIBILITY_834","2026-08-20 00:00:00","","TRUE","2026-09-15 10:31:41","22294d9d17575b0866d6b1c2babf8306cb5ed8adc21ac50c4e6861123268e83c"
"86549c54-3861-5e74-a34c-e502a47d6f8d","SH100034","","","SELF","PPO-2024-07","Sutter Health Ppo Gold","PPO","COMMERCIAL","GRP10306","Kaiser Community Partners","1966-05-04","F","94121","06075","CA","2024-04-23","","ACTIVE","FALSE","FALSE","","3.9763","3.6706","VERY_HIGH","49","3.9841","FALSE","4","1901325519","ELIGIBILITY_834","2026-08-21 00:00:00","","TRUE","2026-09-15 10:31:41","4feefbd4ebc5de723d475ca0a5072cd0f60ee85d28c26e736c157cc55bc25355"
"9eff94c8-c786-5cf9-aa0d-783ea6c364c9","SH100035","","","SELF","HDH-2024-07","Sutter Health Hdhp Gold","HDHP","COMMERCIAL","GRP10477","NorCal Tech Coalition","1951-12-08","F","94578","06001","CA","2023-06-01","","ACTIVE","FALSE","FALSE","","3.3359","3.3202","VERY_HIGH","39","3.046","TRUE","5","1302563940","ELIGIBILITY_834","2026-08-23 00:00:00","","TRUE","2026-09-15 10:31:41","265374abef444b796393c155beaa3803999b66b311474c549cfc1fa1489d9883"
"06550c31-e278-56eb-9f91-c1ed16cc3d20","SH100036","","","SELF","HMO-2024-05","Sutter Health Hmo Gold","HMO","COMMERCIAL","GRP10369","UCSF Health Partners","1941-01-26","F","94118","06075","CA","2023-07-06","2023-08-20","TERMED","FALSE","FALSE","","5.494","4.8353","CATASTROPHIC","66","5.5026","FALSE","4","1540211187","ELIGIBILITY_834","2026-08-24 00:00:00","","TRUE","2026-09-15 10:31:41","aa7798c2c658a5dde47238311bb136185c1ebd9c4eb2671c588adfe39d1deead"
"122ffed5-5a54-52a0-8fdc-1f398015854d","SH100037","","","SELF","HDH-2024-02","Sutter Health Hdhp Gold","HDHP","COMMERCIAL","GRP10471","Central Valley Employers Group","1940-03-26","F","94115","06075","CA","2025-02-22","","ACTIVE","FALSE","FALSE","","3.3855","3.4272","VERY_HIGH","43","3.4976","TRUE","3","1344261532","ELIGIBILITY_834","2026-08-24 00:00:00","","TRUE","2026-09-15 10:31:41","bf792b4b881d4fefe6febda75bee344e7e287a5de6c8183f12ad06849c16965c"
"d394c510-e098-5fd4-af68-b10213bb431c","SH100038","","","SELF","PPO-2024-08","Sutter Health Ppo Gold","PPO","COMMERCIAL","GRP10349","Bay Area Health Alliance","1991-03-17","M","94115","06075","CA","2023-01-16","2024-11-10","TERMED","FALSE","FALSE","","1.5136","1.3683","MODERATE","14","1.6519","FALSE","4","1634366139","ELIGIBILITY_834","2026-09-01 00:00:00","","TRUE","2026-09-15 10:31:41","1dd382c085d97d6e8919ca02a0c56578410f3b8bec56699464c7686642137e0b"
"5f8aa8a6-7d84-5ab2-8726-db515c27da75","SH100039","","","SELF","HMO-2024-06","Sutter Health Hmo Gold","HMO","COMMERCIAL","GRP10154","Bay Area Health Alliance","1946-10-24","F","93720","06085","CA","2025-01-21","","ACTIVE","FALSE","FALSE","","8.4444","7.9356","CATASTROPHIC","99","9.0561","TRUE","4","1513061224","ELIGIBILITY_834","2026-08-24 00:00:00","","TRUE","2026-09-15 10:31:41","3dcc1acf77e27773af4661b80aec6b5606b78c3efe57657d47b11121ec411e62"
"7f485621-9b3f-583e-9d5c-7785149770d2","SH100040","H525-45-2104","","SELF","MED-2024-03","Sutter Health Medicare Advantage Gold","MEDICARE_ADVANTAGE","MEDICARE","GRP10180","Bay Area Health Alliance","1977-12-12","F","93727","06085","CA","2025-03-03","","ACTIVE","FALSE","FALSE","LIS1","8.0978","8.6934","CATASTROPHIC","94","9.4978","TRUE","3","1783563240","ELIGIBILITY_834","2026-09-05 00:00:00","","TRUE","2026-09-15 10:31:41","74ae6f1d152745bb60d77a9b52fef0f93786d50e68060f4400ab097a88bf8bb9"
"e3d8e3c2-6acb-5ed9-b456-17625463d458","SH100041","","CA7688606771","SELF","MED-2024-07","Sutter Health Medicaid Managed Gold","MEDICAID_MANAGED","MEDICAID","GRP10239","Palo Alto Medical Foundation","1944-04-01","F","95014","06085","CA","2024-07-24","","ACTIVE","FALSE","TRUE","","3.1084","3.4112","VERY_HIGH","38","3.2979","TRUE","3","1251136695","ELIGIBILITY_834","2026-09-01 00:00:00","","TRUE","2026-09-15 10:31:41","c5d225d89aae2eabd69e916ee5810d0951003d2f4c40ac11650c0caca3997dac"
"b3984c93-17ad-5e1d-9e95-77d2b7210dc7","SH100042","","","SELF","POS-2024-01","Sutter Health Pos Gold","POS","COMMERCIAL","GRP10421","Safeway Health Plan","1941-08-12","F","94131","06075","CA","2022-10-30","","ACTIVE","FALSE","FALSE","","2.7432","2.6017","HIGH","36","2.7194","TRUE","1","1852775879","ELIGIBILITY_834","2026-08-31 00:00:00","","TRUE","2026-09-15 10:31:41","4343d994f9de95267538ec58ab359b6827583b48dfd04aaf207f8b02d5899ff1"
"716cd179-095e-58f2-b9f5-595ebb002db0","SH100043","","CA2591414076","SELF","MED-2024-04","Sutter Health Medicaid Managed Gold","MEDICAID_MANAGED","MEDICAID","GRP10250","California State Employees","2005-01-31","M","95131","06085","CA","2022-10-15","","ACTIVE","FALSE","FALSE","","1.3862","1.4225","MODERATE","13","1.6033","FALSE","0","1400368694","ELIGIBILITY_834","2026-09-12 00:00:00","","TRUE","2026-09-15 10:31:41","0bf18f17029320d251346e3df7a3ba808f1845ce2e89876f1acfc727b9ae3005"
"000491fc-edaf-5cd3-8cc0-f5df1ce6d6ca","SH100044","X4YH-78-3529","","DEPENDENT","MED-2024-03","Sutter Health Medicare Advantage Gold","MEDICARE_ADVANTAGE","MEDICARE","GRP10064","Bay Area Health Alliance","1997-07-22","F","94103","06075","CA","2024-08-03","","ACTIVE","FALSE","FALSE","LIS2","0.4273","0.4452","LOW","1","0.4538","FALSE","0","1173669588","ELIGIBILITY_834","2026-08-21 00:00:00","","TRUE","2026-09-15 10:31:41","82170822fa6a346605889adccc387bd3b13574754f46181da327b0c4a6cc1cc5"
"857ef1c2-eee6-51c8-aa73-b48f53b8dc29","SH100045","","","SPOUSE","PPO-2024-08","Sutter Health Ppo Gold","PPO","COMMERCIAL","GRP10243","Safeway Health Plan","2005-03-21","F","94577","06001","CA","2025-10-28","","ACTIVE","FALSE","FALSE","","0.4045","0.3502","LOW","5","0.4252","FALSE","1","1935389432","ELIGIBILITY_834","2026-08-16 00:00:00","","TRUE","2026-09-15 10:31:41","e06f2ca6cd4b73705a2bf82bc160c8660ce8f7a6958ba626668134edc2364419"
"b79d858c-70a5-5b87-84a1-df8eb2d25043","SH100046","K93N-Q0-8478","","SELF","MED-2024-02","Sutter Health Medicare Advantage Gold","MEDICARE_ADVANTAGE","MEDICARE","GRP10075","Palo Alto Medical Foundation","1941-09-05","F","94115","06075","CA","2026-01-03","","ACTIVE","FALSE","FALSE","LIS2","0.9972","1.0607","MODERATE","13","1.0261","FALSE","2","1235497187","ELIGIBILITY_834","2026-08-18 00:00:00","","TRUE","2026-09-15 10:31:41","4ee6d1ffea392d0e6c5b4d897d23821d8c1116a9274d65d4fc47c5b7646df7b3"
"004d694e-d6e4-5d18-8272-ee17a402581b","SH100047","","","DEPENDENT","PPO-2024-09","Sutter Health Ppo Gold","PPO","COMMERCIAL","GRP10221","Palo Alto Medical Foundation","1986-08-08","M","94115","06075","CA","2025-12-13","2026-04-17","TERMED","FALSE","FALSE","","0.8722","0.9211","LOW","12","0.8007","FALSE","3","1899496315","ELIGIBILITY_834","2026-08-16 00:00:00","","TRUE","2026-09-15 10:31:41","e8e0fddd75dd67365e84ba47a17ec456527cdc124297c7bd19871fe286cfe619"
"a372b43f-adb0-54a0-ba75-d9fe60c97dd1","SH100048","","","SELF","PPO-2024-09","Sutter Health Ppo Gold","PPO","COMMERCIAL","GRP10108","UCSF Health Partners","1980-10-21","F","95126","06085","CA","2025-11-17","","ACTIVE","FALSE","FALSE","","2.8617","2.6794","VERY_HIGH","32","2.8911","FALSE","2","1805165232","ELIGIBILITY_834","2026-08-22 00:00:00","","TRUE","2026-09-15 10:31:41","b854930734dd6237713f1c0a0a11c6c5a76d0e776b9b23fe237f3c53a4c7fa9d"
"a7f4176e-61fc-5573-89c2-0c1619e11a06","SH100049","","","SELF","HDH-2024-03","Sutter Health Hdhp Gold","HDHP","COMMERCIAL","GRP10390","Central Valley Employers Group","1943-11-22","F","94102","06075","CA","2025-06-13","","ACTIVE","FALSE","FALSE","","0.8575","0.9423","LOW","9","0.9174","FALSE","1","1464883950","ELIGIBILITY_834","2026-09-03 00:00:00","","TRUE","2026-09-15 10:31:41","125da7239b7a6e3a7673920f220b47acaefa1ef267cc51ccf49e7587f293c313"
"c854a153-6850-5db3-8a0b-e323d9e6e3fb","SH100050","","","SELF","PPO-2024-07","Sutter Health Ppo Gold","PPO","COMMERCIAL","GRP10080","Sutter Medical Foundation","2003-12-24","M","94609","06075","CA","2025-12-26","2026-07-03","TERMED","FALSE","FALSE","","0.522","0.5567","LOW","10","0.5459","FALSE","0","1823668399","ELIGIBILITY_834","2026-09-01 00:00:00","","TRUE","2026-09-15 10:31:41","a02ffbbe68520012de068a59c4ccfc7bf3e008be38a8e3805273ad7fd148d75a"
"565a036b-1d7a-54df-b060-9a2ecdce1efb","SH100051","","","SPOUSE","HDH-2024-05","Sutter Health Hdhp Gold","HDHP","COMMERCIAL","GRP10104","Central Valley Employers Group","2000-02-14","M","95128","06085","CA","2023-02-06","","ACTIVE","FALSE","FALSE","","1.3742","1.2952","MODERATE","14","1.3721","FALSE","3","1326810757","ELIGIBILITY_834","2026-09-15 00:00:00","","TRUE","2026-09-15 10:31:41","c319df1e8849d1371d9e9d41fd76d26fe8f03bd99ba6a5016031b9a25e36d554"
"d9518d91-dd2c-59cc-9cd9-b24267cb6977","SH100052","R731-RM-1605","","SELF","MED-2024-06","Sutter Health Medicare Advantage Gold","MEDICARE_ADVANTAGE","MEDICARE","GRP10039","NorCal Tech Coalition","1974-06-03","F","95131","06085","CA","2026-05-10","","ACTIVE","FALSE","FALSE","LIS1","2.8865","3.1998","VERY_HIGH","28","2.976","FALSE","0","1718216692","ELIGIBILITY_834","2026-09-12 00:00:00","","TRUE","2026-09-15 10:31:41","89bb3781daae6507032549aaf95b5fa9e3b115d8a4710bb0fdd367ac6fcd6a10"
"19a91f15-6266-56ef-961d-d35ae201b3f7","SH100053","","","SELF","PPO-2024-03","Sutter Health Ppo Gold","PPO","COMMERCIAL","GRP10179","UCSF Health Partners","2019-04-12","F","94577","06001","CA","2025-05-16","2026-06-07","TERMED","FALSE","FALSE","","1.8764","1.9514","HIGH","25","2.1167","TRUE","0","1353691745","ELIGIBILITY_834","2026-08-26 00:00:00","","TRUE","2026-09-15 10:31:41","da05b5a8fc1899581a7bbf2e34a32c770d44a4456ea35af3ad19182b2921922b"
"ecb85a4a-e4e2-5544-ad48-70080f6d6f2d","SH100054","","","SELF","PPO-2024-01","Sutter Health Ppo Gold","PPO","COMMERCIAL","GRP10225","Palo Alto Medical Foundation","1965-12-16","F","95054","06085","CA","2022-12-11","","ACTIVE","FALSE","FALSE","","3.4774","3.6185","VERY_HIGH","44","3.4968","TRUE","1","1603500181","ELIGIBILITY_834","2026-09-13 00:00:00","","TRUE","2026-09-15 10:31:41","e825f307ea609864de718a52645d4873b523694a82ca481c6256643e3d0ee264"
"ca41f404-b658-52a0-a13e-ac962f950a23","SH100055","V9FC-TE-5182","","DEPENDENT","MED-2024-09","Sutter Health Medicare Advantage Gold","MEDICARE_ADVANTAGE","MEDICARE","GRP10230","Bay Area Health Alliance","1984-05-02","M","94603","06075","CA","2023-05-09","2026-10-25","COBRA","TRUE","FALSE","LIS2","2.415","2.4201","HIGH","30","2.4371","FALSE","0","1445236735","ELIGIBILITY_834","2026-08-17 00:00:00","","TRUE","2026-09-15 10:31:41","e5c531ba211a4a3010489287824bda7b02877de7829ac108509db6c257aec891"
"7f9de888-2a1d-539a-bd73-451000f20184","SH100056","","","DEPENDENT","HDH-2024-05","Sutter Health Hdhp Gold","HDHP","COMMERCIAL","GRP10170","Palo Alto Medical Foundation","1964-09-04","F","94132","06075","CA","2022-10-12","2026-11-22","COBRA","TRUE","FALSE","","0.3567","0.3758","LOW","3","0.4246","FALSE","2","1725711790","ELIGIBILITY_834","2026-08-24 00:00:00","","TRUE","2026-09-15 10:31:41","d76d9320ae436f37f3b5d2dbe81f4f288c96e2e2ce73449e9bbece462216e5c6"
"e4b0dbd3-26ba-5607-9a46-bf0ccfa6dc1b","SH100057","","","SELF","PPO-2024-04","Sutter Health Ppo Gold","PPO","COMMERCIAL","GRP10216","Kaiser Community Partners","1982-03-18","F","94577","06001","CA","2025-12-08","","ACTIVE","FALSE","FALSE","","0.7217","0.8185","LOW","13","0.7235","FALSE","0","1488509962","ELIGIBILITY_834","2026-08-22 00:00:00","","TRUE","2026-09-15 10:31:41","e4c247becfef5053469b460ddedcc5084b182a3bcf7cb472dca29f4fe24bfd55"
"a1db887b-9742-5253-a01a-3e61d2b3e94e","SH100058","","","SPOUSE","POS-2024-03","Sutter Health Pos Gold","POS","COMMERCIAL","GRP10083","UCSF Health Partners","2011-07-30","F","94121","06075","CA","2023-02-10","","ACTIVE","FALSE","FALSE","","1.3739","1.4406","MODERATE","20","1.5338","FALSE","3","1992649957","ELIGIBILITY_834","2026-09-14 00:00:00","","TRUE","2026-09-15 10:31:41","7c3c12e6101349febdd67989e018381cb3a195b926731b2fc7983d474d4a5fe4"
"a75ce269-4212-5c20-a6aa-dff836335d32","SH100059","M7WW-RG-3924","","SELF","MED-2024-06","Sutter Health Medicare Advantage Gold","MEDICARE_ADVANTAGE","MEDICARE","GRP10292","Safeway Health Plan","1953-11-25","M","94123","06075","CA","2024-05-25","","ACTIVE","FALSE","FALSE","LIS1","1.3806","1.3017","MODERATE","18","1.5372","FALSE","0","1595725097","ELIGIBILITY_834","2026-08-30 00:00:00","","TRUE","2026-09-15 10:31:41","3877cdcedd608730b19a413cca8700452fa0fa0def923fc525de6e8174ca57ba"
"ebc39276-1d73-53a6-9c2f-3b7e36cf775e","SH100060","","","SELF","PPO-2024-06","Sutter Health Ppo Gold","PPO","COMMERCIAL","GRP10257","NorCal Tech Coalition","1990-01-05","M","94102","06075","CA","2024-02-19","","ACTIVE","FALSE","FALSE","","3.0664","3.0214","VERY_HIGH","36","3.616","TRUE","1","1353164777","ELIGIBILITY_834","2026-08-20 00:00:00","","TRUE","2026-09-15 10:31:41","9e527fff04ba5b8ca4e3459cd60b139c64ed6b1a099d6c213e23e9a1b19e45cc"
"0b59a203-2de1-5066-88aa-bac8cc29e78e","SH100061","","","SPOUSE","HMO-2024-04","Sutter Health Hmo Gold","HMO","COMMERCIAL","GRP10076","Kaiser Community Partners","1952-02-05","F","94102","06075","CA","2025-01-09","","ACTIVE","FALSE","FALSE","","2.2486","1.9149","HIGH","22","2.2269","TRUE","2","1880862406","ELIGIBILITY_834","2026-09-14 00:00:00","","TRUE","2026-09-15 10:31:41","4a97ad3fe81039747dd53280b366100ffa2ac071c22fecb27e848d0bf5d62de9"
"4d3563d1-2ba2-5734-992d-e1a1a704bf99","SH100062","","","SELF","POS-2024-06","Sutter Health Pos Gold","POS","COMMERCIAL","GRP10180","Bay Area Health Alliance","1964-08-05","F","95014","06085","CA","2024-01-20","","ACTIVE","FALSE","FALSE","","2.432","2.4868","HIGH","25","2.2382","FALSE","1","1712745501","ELIGIBILITY_834","2026-08-30 00:00:00","","TRUE","2026-09-15 10:31:41","c2adf6737b6c1a672267762fb2037d79ee2d303d0618e69ef9e1fb173d9c2e63"
"2063e183-3f61-5891-b067-4fe69852ecb4","SH100063","","","SPOUSE","PPO-2024-03","Sutter Health Ppo Gold","PPO","COMMERCIAL","GRP10321","Palo Alto Medical Foundation","2009-01-22","M","95126","06085","CA","2025-02-09","","ACTIVE","FALSE","FALSE","","0.7484","0.7163","LOW","4","0.6835","FALSE","2","1928393291","ELIGIBILITY_834","2026-08-29 00:00:00","","TRUE","2026-09-15 10:31:41","7d66036394b615f5334488f8e8efd3b707ddb4b1840757915c0086b7d7710dce"
"fbe3e21a-316b-56d2-838b-94934a0d8ed5","SH100064","","","SELF","HMO-2024-09","Sutter Health Hmo Gold","HMO","COMMERCIAL","GRP10102","Sutter Medical Foundation","1963-10-10","F","95014","06085","CA","2025-05-01","","ACTIVE","FALSE","FALSE","","0.7296","0.8267","LOW","3","0.7603","FALSE","4","1438868427","ELIGIBILITY_834","2026-09-14 00:00:00","","TRUE","2026-09-15 10:31:41","b4d58493b6450c30b201af423b8cf6bd17558cf62dfc6e131794b192ae5522d8"
"d6fea16b-85c6-5c02-b331-ee0fac996aae","SH100065","","","DEPENDENT","HMO-2024-07","Sutter Health Hmo Gold","HMO","COMMERCIAL","GRP10254","NorCal Tech Coalition","2019-10-17","M","95054","06085","CA","2025-05-31","","ACTIVE","FALSE","FALSE","","0.8337","0.8946","LOW","10","0.7701","FALSE","2","1956084565","ELIGIBILITY_834","2026-08-27 00:00:00","","TRUE","2026-09-15 10:31:41","413b74c74e98c3b26dfed4c7f48200ba55a585409194d9e7d293a88b65344479"
"5e9d7dae-e391-5cb3-bae4-6ca1f2ea7268","SH100066","","","DEPENDENT","HDH-2024-02","Sutter Health Hdhp Gold","HDHP","COMMERCIAL","GRP10222","Central Valley Employers Group","1986-04-27","M","93722","06085","CA","2024-06-25","","ACTIVE","FALSE","FALSE","","1.5208","1.4531","MODERATE","12","1.6749","FALSE","5","1786624943","ELIGIBILITY_834","2026-09-03 00:00:00","","TRUE","2026-09-15 10:31:41","5280d70b62f63d1ad73560540a08b7f9c353e7f84cce91d7ad91937f6c68b866"
"0ae6fb1b-f3b3-50a7-aee2-add473e9e29c","SH100067","","","SELF","HDH-2024-08","Sutter Health Hdhp Gold","HDHP","COMMERCIAL","GRP10290","Sutter Medical Foundation","1992-09-08","M","95126","06085","CA","2024-06-06","","ACTIVE","FALSE","FALSE","","1.8348","1.5966","HIGH","26","2.0714","TRUE","0","1749715626","ELIGIBILITY_834","2026-08-28 00:00:00","","TRUE","2026-09-15 10:31:41","27ba94fa8de2e3f619d8f0bc06acbf8e9957e0cce92ec9e1c42063253a8adc10"
"906fbcf5-d227-573f-80bf-8d825892252c","SH100068","","","SELF","HMO-2024-02","Sutter Health Hmo Gold","HMO","COMMERCIAL","GRP10109","Central Valley Employers Group","1970-05-25","F","94132","06075","CA","2024-12-31","","ACTIVE","FALSE","FALSE","","1.366","1.5355","MODERATE","12","1.285","FALSE","4","1845156039","ELIGIBILITY_834","2026-09-13 00:00:00","","TRUE","2026-09-15 10:31:41","ead82c083ba690b03bd558914adbab08454101a6d924f7551f48ec7395143120"
"5cf2c367-26e4-5223-b232-063aebfc655a","SH100069","","CA5231112087","SPOUSE","MED-2024-04","Sutter Health Medicaid Managed Gold","MEDICAID_MANAGED","MEDICAID","GRP10474","UCSF Health Partners","1946-10-21","F","95014","06085","CA","2025-07-30","","ACTIVE","FALSE","FALSE","","2.5095","2.5471","HIGH","28","2.2783","TRUE","1","1952225000","ELIGIBILITY_834","2026-08-29 00:00:00","","TRUE","2026-09-15 10:31:41","3d8359ec6300b8cb29b9defbaea84cde6b1a56778c70583a25f6471a9f27f89d"
"a6e4d9fb-cfe4-58f0-b614-c9a264b6785e","SH100070","","","SELF","PPO-2024-09","Sutter Health Ppo Gold","PPO","COMMERCIAL","GRP10162","Palo Alto Medical Foundation","1968-08-16","M","94603","06075","CA","2026-01-17","","ACTIVE","FALSE","FALSE","","2.2787","2.2177","HIGH","27","2.4882","TRUE","2","1583156434","ELIGIBILITY_834","2026-09-10 00:00:00","","TRUE","2026-09-15 10:31:41","c46b8ba886940a99e3ae302dcb06a49e5f9f4d1aeaafa25af5169fba8239b974"
"12d77dc3-fdd5-5f06-a146-ca9739bb3aed","SH100071","","","SELF","HMO-2024-09","Sutter Health Hmo Gold","HMO","COMMERCIAL","GRP10325","Kaiser Community Partners","1960-01-10","M","95014","06085","CA","2026-01-07","","ACTIVE","FALSE","FALSE","","1.5384","1.4673","MODERATE","21","1.4277","FALSE","0","1394689553","ELIGIBILITY_834","2026-08-26 00:00:00","","TRUE","2026-09-15 10:31:41","1bb8de3730e17e5fa007427aee85889ed25db7bf6657f9a329e68a75fa23917a"
"bdef52d9-f5a7-5266-bdf3-c7410773f605","SH100072","","CA9403748506","SELF","MED-2024-07","Sutter Health Medicaid Managed Gold","MEDICAID_MANAGED","MEDICAID","GRP10107","California State Employees","1941-12-01","M","93727","06085","CA","2023-03-24","","ACTIVE","FALSE","FALSE","","0.8183","0.7155","LOW","14","0.7544","FALSE","2","1763688866","ELIGIBILITY_834","2026-09-14 00:00:00","","TRUE","2026-09-15 10:31:41","b2e8fc402b3df22997afaa4fcd5b6afeab96f2cad7447937c66bde4ca17b7b93"
"2c8694cf-5d95-5d0c-82be-cf4ae1945776","SH100073","T2KT-JF-1046","","SELF","MED-2024-03","Sutter Health Medicare Advantage Gold","MEDICARE_ADVANTAGE","MEDICARE","GRP10054","NorCal Tech Coalition","1984-11-19","M","94121","06075","CA","2024-05-20","","ACTIVE","FALSE","FALSE","LIS3","0.8928","0.8514","LOW","11","1.0536","FALSE","4","1359564054","ELIGIBILITY_834","2026-08-23 00:00:00","","TRUE","2026-09-15 10:31:41","e469cf92e789b17f1d02bfaf535caf0c5ac6ba0771de4da685dcedddd78ff3a6"
"a45af6f0-2c85-5ff6-b3ff-03449a6258be","SH100074","","","DEPENDENT","PPO-2024-08","Sutter Health Ppo Gold","PPO","COMMERCIAL","GRP10025","Central Valley Employers Group","1946-02-08","F","94123","06075","CA","2023-03-11","","ACTIVE","FALSE","FALSE","","0.8671","0.8685","LOW","8","0.8547","FALSE","2","1631388604","ELIGIBILITY_834","2026-09-15 00:00:00","","TRUE","2026-09-15 10:31:41","aa895890fa21962098b15da5d0931b380796c2047f0adb2d19269b643ad17d5c"
"18d0c908-c568-54e9-8744-2e47cfbd9425","SH100075","","","SELF","PPO-2024-02","Sutter Health Ppo Gold","PPO","COMMERCIAL","GRP10281","Central Valley Employers Group","1953-03-11","M","95128","06085","CA","2023-08-20","","ACTIVE","FALSE","FALSE","","1.9947","2.0265","HIGH","19","2.0309","FALSE","5","1986171278","ELIGIBILITY_834","2026-08-21 00:00:00","","TRUE","2026-09-15 10:31:41","8173639d758d42f1586b8fb6ef39757d3c0dff4a63380f5ffbeaf05d23fe7e7e"
"751f7d2c-8ac8-5816-bd74-202026e5f5b7","SH100076","","","SPOUSE","HMO-2024-05","Sutter Health Hmo Gold","HMO","COMMERCIAL","GRP10167","NorCal Tech Coalition","1974-03-07","F","94121","06075","CA","2023-01-23","2023-07-15","TERMED","FALSE","FALSE","","0.4998","0.4959","LOW","7","0.5388","FALSE","1","1274485243","ELIGIBILITY_834","2026-08-30 00:00:00","","TRUE","2026-09-15 10:31:41","76f171080e359ef49791b991fb08a37e58dbdad7fdec7b06e5b9f01a2e462683"
"9c6240f3-ebc8-5818-93a3-b5f8870a50eb","SH100077","","","SELF","HDH-2024-07","Sutter Health Hdhp Gold","HDHP","COMMERCIAL","GRP10495","Bay Area Health Alliance","1967-09-22","M","94102","06075","CA","2023-02-11","","ACTIVE","FALSE","FALSE","","6.6267","7.2167","CATASTROPHIC","82","6.2578","TRUE","0","1874597473","ELIGIBILITY_834","2026-08-25 00:00:00","","TRUE","2026-09-15 10:31:41","f5e14861badbc4dca7bfe53602496bf36eb849343a00dc6b06e9930a0a943c61"
"3d182a4f-99b0-5342-a22e-546ec3e7df02","SH100078","","","SPOUSE","HMO-2024-09","Sutter Health Hmo Gold","HMO","COMMERCIAL","GRP10265","Bay Area Health Alliance","2007-02-07","M","93722","06085","CA","2026-02-10","","ACTIVE","FALSE","FALSE","","1.2693","1.374","MODERATE","16","1.2859","FALSE","1","1702247585","ELIGIBILITY_834","2026-08-16 00:00:00","","TRUE","2026-09-15 10:31:41","194e003a6ebf7d6159d1c64ca044d79688d46a7b9d46f6657932a9f68333a62d"
"7124048e-6eec-569a-9a15-1406eab2c785","SH100079","M433-VN-7584","","SELF","MED-2024-07","Sutter Health Medicare Advantage Gold","MEDICARE_ADVANTAGE","MEDICARE","GRP10115","Central Valley Employers Group","1967-10-19","F","94131","06075","CA","2024-11-23","","ACTIVE","FALSE","FALSE","LIS3","2.4933","2.5756","HIGH","27","2.958","TRUE","1","1928042067","ELIGIBILITY_834","2026-08-21 00:00:00","","TRUE","2026-09-15 10:31:41","2157a4b480a93fc0844174f56d119413caaedfb3aa9ed288c7dd4a266433ecdc"
"8930c0ab-7ee4-53e7-8afb-cbf9694f78e9","SH100080","C9J1-JC-1657","","SPOUSE","MED-2024-01","Sutter Health Medicare Advantage Gold","MEDICARE_ADVANTAGE","MEDICARE","GRP10315","Bay Area Health Alliance","2022-02-02","F","93720","06085","CA","2024-12-08","","ACTIVE","FALSE","FALSE","LIS2","0.7968","0.7421","LOW","12","0.8144","FALSE","0","1360337343","ELIGIBILITY_834","2026-08-17 00:00:00","","TRUE","2026-09-15 10:31:41","597c05d0c27b307795153697159864be636da5c5028c32a0622de06c4ea1a00e"
"abb8d90e-0380-5d6f-a1e6-99d8a26b8538","SH100081","","","DEPENDENT","HMO-2024-05","Sutter Health Hmo Gold","HMO","COMMERCIAL","GRP10478","Sutter Medical Foundation","1937-04-26","M","94122","06075","CA","2024-02-13","2024-09-10","TERMED","FALSE","FALSE","","3.5828","3.295","VERY_HIGH","37","4.1669","TRUE","1","1997866344","ELIGIBILITY_834","2026-09-15 00:00:00","","TRUE","2026-09-15 10:31:41","79d5df9d3bd3077db7d1afeb8974729ee476be8d8b2012d21ac5931777a8b2ac"
"26410ac3-e5a7-59b4-a00b-7ccb9ab7ab96","SH100082","","","SPOUSE","POS-2024-04","Sutter Health Pos Gold","POS","COMMERCIAL","GRP10234","Central Valley Employers Group","1970-11-05","F","94118","06075","CA","2024-08-09","","ACTIVE","FALSE","FALSE","","7.8298","7.7547","CATASTROPHIC","90","7.459","FALSE","0","1871588919","ELIGIBILITY_834","2026-08-19 00:00:00","","TRUE","2026-09-15 10:31:41","50b9bb409b440f9c24956e9bb1623436d2675a4e2f280cc4b23cf7bccbd21a86"
"53223a8d-9002-5b57-847c-4dc20043668c","SH100083","","","SPOUSE","HMO-2024-01","Sutter Health Hmo Gold","HMO","COMMERCIAL","GRP10298","Sutter Medical Foundation","1971-08-12","M","95148","06085","CA","2024-12-18","2026-12-31","COBRA","TRUE","FALSE","","1.1232","1.0426","MODERATE","11","1.2359","FALSE","2","1380840558","ELIGIBILITY_834","2026-09-01 00:00:00","","TRUE","2026-09-15 10:31:41","2d77a046d1a6fac4c7c217ade7c022ca95db114f6f8680d415f6173948ebf7ea"
"aed17a52-4b9b-515d-bcf7-0ee6aed0dd14","SH100084","","","SPOUSE","HDH-2024-04","Sutter Health Hdhp Gold","HDHP","COMMERCIAL","GRP10232","NorCal Tech Coalition","1944-10-10","F","94131","06075","CA","2025-09-17","","ACTIVE","FALSE","FALSE","","2.7406","2.6317","HIGH","30","3.0929","FALSE","3","1546510829","ELIGIBILITY_834","2026-08-25 00:00:00","","TRUE","2026-09-15 10:31:41","9e58dc33c2e68287e52162902023a6678c43ebd4009f20188a37c64c9f38c129"
"b3550055-0140-5adb-beee-5b19fbba2963","SH100085","Y8D9-WT-0728","","SPOUSE","MED-2024-05","Sutter Health Medicare Advantage Gold","MEDICARE_ADVANTAGE","MEDICARE","GRP10348","Bay Area Health Alliance","1983-12-12","M","95054","06085","CA","2023-07-18","","ACTIVE","FALSE","FALSE","LIS1","3.0426","3.0761","VERY_HIGH","32","3.0998","TRUE","1","1869784803","ELIGIBILITY_834","2026-08-20 00:00:00","","TRUE","2026-09-15 10:31:41","6f6621acd5d7bcd80b96d24f2c9169376124ba4b0fb9c05a3b0c27f09aad78d7"
"1e1a8f3a-838b-579b-a713-b90115838556","SH100086","","CA9189503254","SELF","MED-2024-09","Sutter Health Medicaid Managed Gold","MEDICAID_MANAGED","MEDICAID","GRP10069","California State Employees","1974-10-05","M","95014","06085","CA","2024-03-02","","ACTIVE","FALSE","FALSE","","4.3106","4.8715","CATASTROPHIC","45","4.0515","TRUE","5","1502074351","ELIGIBILITY_834","2026-08-19 00:00:00","","TRUE","2026-09-15 10:31:41","542e9e4d60439447a166e60c46a31d5c272c48c9a3135da72e2d70f6c3d34d7b"
"b202df8e-342c-57ec-907c-25d669dfcbf4","SH100087","K494-5E-0690","","SPOUSE","MED-2024-08","Sutter Health Medicare Advantage Gold","MEDICARE_ADVANTAGE","MEDICARE","GRP10235","NorCal Tech Coalition","1968-06-07","F","94578","06001","CA","2024-05-02","2025-02-09","TERMED","FALSE","FALSE","LIS1","6.0835","6.4834","CATASTROPHIC","72","5.9218","TRUE","1","1266560311","ELIGIBILITY_834","2026-09-14 00:00:00","","TRUE","2026-09-15 10:31:41","f903b19ebcdff5fe676c147203a4cdb94d24c802915d84131fde81e18e8c1e89"
"ba2349c2-eb8c-5d05-afcb-b4586a503af2","SH100088","","CA7071194857","SELF","MED-2024-09","Sutter Health Medicaid Managed Gold","MEDICAID_MANAGED","MEDICAID","GRP10448","UCSF Health Partners","1955-09-05","M","94609","06075","CA","2024-08-30","","ACTIVE","FALSE","FALSE","","1.7248","1.7642","MODERATE","24","2.0075","FALSE","2","1808897689","ELIGIBILITY_834","2026-08-17 00:00:00","","TRUE","2026-09-15 10:31:41","d96625447225d75a957bfcec283cae446422a5595023258e2d973ba60f93b10c"
"f9a8a686-54a3-5a15-9b30-fde5cb202d0b","SH100089","F8CX-RR-8826","","SELF","MED-2024-02","Sutter Health Medicare Advantage Gold","MEDICARE_ADVANTAGE","MEDICARE","GRP10434","Bay Area Health Alliance","1959-11-07","F","94122","06075","CA","2023-06-12","","ACTIVE","FALSE","FALSE","","1.2747","1.1406","MODERATE","15","1.4712","FALSE","1","1422913264","ELIGIBILITY_834","2026-09-13 00:00:00","","TRUE","2026-09-15 10:31:41","840b68071ecd5fb9ea1d7342e825762a00cc36d50a8b46114402203cc91930de"
"3886b639-dc98-5cbb-a1a0-c098f17f7f09","SH100090","","","SELF","HMO-2024-08","Sutter Health Hmo Gold","HMO","COMMERCIAL","GRP10155","Sutter Medical Foundation","1971-11-25","M","94501","06001","CA","2025-04-16","2026-04-21","TERMED","FALSE","FALSE","","3.5051","3.6854","VERY_HIGH","39","4.1162","FALSE","4","1327426863","ELIGIBILITY_834","2026-08-24 00:00:00","","TRUE","2026-09-15 10:31:41","843b9576957d031e0dc01023bad822059e34747f001aced71cc95e6e8bb34091"
"c75cad5e-bb81-5f54-a795-0b3ff4dc3a92","SH100091","","","DEPENDENT","POS-2024-06","Sutter Health Pos Gold","POS","COMMERCIAL","GRP10369","Safeway Health Plan","1977-05-06","M","95148","06085","CA","2025-11-28","","ACTIVE","FALSE","FALSE","","0.4569","0.4587","LOW","7","0.4541","FALSE","3","1917792874","ELIGIBILITY_834","2026-09-14 00:00:00","","TRUE","2026-09-15 10:31:41","2053e5b9b0def554b5eb740f97d8d49e6c7fc1499d2b35c8cbfed8032b9ba0e6"
"f601bf29-eee1-5cad-86a3-37fc20ce842a","SH100092","","","SELF","PPO-2024-08","Sutter Health Ppo Gold","PPO","COMMERCIAL","GRP10350","NorCal Tech Coalition","1943-12-14","F","94501","06001","CA","2023-05-17","","ACTIVE","FALSE","FALSE","","1.107","1.1302","MODERATE","11","1.1493","FALSE","3","1376302498","ELIGIBILITY_834","2026-08-23 00:00:00","","TRUE","2026-09-15 10:31:41","d206a958b18362f0758ea7dc480c63c7e7a54e2cc51a352378d9c860625da458"
"ddd8d663-0fe8-579e-9106-a50b1fbe9186","SH100093","","CA7467073633","SELF","MED-2024-08","Sutter Health Medicaid Managed Gold","MEDICAID_MANAGED","MEDICAID","GRP10431","Bay Area Health Alliance","1964-12-27","F","94103","06075","CA","2026-06-04","","ACTIVE","FALSE","FALSE","","2.6391","2.3021","HIGH","36","2.8972","TRUE","3","1172980019","ELIGIBILITY_834","2026-09-15 00:00:00","","TRUE","2026-09-15 10:31:41","96bd7d70eb6cd9f5ebe557bc4280fcf95d791f3c2209b9dc3620f7df3ea5c6f4"
"4f097454-6330-56a9-b841-69391db9d816","SH100094","","","SELF","HMO-2024-07","Sutter Health Hmo Gold","HMO","COMMERCIAL","GRP10123","Bay Area Health Alliance","1945-01-04","F","94118","06075","CA","2025-12-02","","ACTIVE","FALSE","FALSE","","3.6088","3.9403","VERY_HIGH","39","3.3335","FALSE","2","1765484610","ELIGIBILITY_834","2026-08-16 00:00:00","","TRUE","2026-09-15 10:31:41","7c1b402c548a3a859eca81a6649a24f41fdf25da0f29d30dd50a5e61931fa658"
"9eeb858a-762c-5974-851b-d69e4c36474a","SH100095","","","SELF","HMO-2024-06","Sutter Health Hmo Gold","HMO","COMMERCIAL","GRP10028","Sutter Medical Foundation","1981-10-11","F","95128","06085","CA","2024-05-06","","ACTIVE","FALSE","FALSE","","6.9245","5.9516","CATASTROPHIC","82","7.4075","TRUE","0","1854674236","ELIGIBILITY_834","2026-08-19 00:00:00","","TRUE","2026-09-15 10:31:41","f4651b28b8f8a996ad1aa764b860d0cea98f69af0d39593c435dba22efc3a235"
"1b97807c-70f1-5e9b-a5ef-2710162566a9","SH100096","","","SPOUSE","POS-2024-07","Sutter Health Pos Gold","POS","COMMERCIAL","GRP10475","NorCal Tech Coalition","1976-10-08","F","94603","06075","CA","2022-10-09","","ACTIVE","FALSE","FALSE","","0.3446","0.3886","LOW","7","0.4062","FALSE","5","1116812751","ELIGIBILITY_834","2026-09-06 00:00:00","","TRUE","2026-09-15 10:31:41","ae7fd27f7896c6154491275d0c8ee884a6734ac3253a3e538bbcc36f0a0cdf83"
"edc6793f-928b-578b-a0fc-bbaa87caadf2","SH100097","N75N-A1-4773","","DEPENDENT","MED-2024-07","Sutter Health Medicare Advantage Gold","MEDICARE_ADVANTAGE","MEDICARE","GRP10223","Bay Area Health Alliance","1962-12-29","M","93722","06085","CA","2024-07-09","","ACTIVE","FALSE","FALSE","LIS2","0.8931","0.9532","LOW","13","0.9859","FALSE","1","1181623972","ELIGIBILITY_834","2026-08-25 00:00:00","","TRUE","2026-09-15 10:31:41","03d794280b29d2d836542268340db9c5a6d366f6674dd129997916133a5e31be"
"820e53e8-2334-5805-b619-50b587a92f80","SH100098","","","SELF","HMO-2024-03","Sutter Health Hmo Gold","HMO","COMMERCIAL","GRP10482","Central Valley Employers Group","1952-08-27","M","95126","06085","CA","2025-11-11","","ACTIVE","FALSE","FALSE","","2.4339","2.6089","HIGH","28","2.5052","TRUE","1","1577531502","ELIGIBILITY_834","2026-08-29 00:00:00","","TRUE","2026-09-15 10:31:41","3dd42d2c1e557b253693e7978f79aca9b6ea793843071cd9d32845ea9e7ed27b"
"c70d8853-25a7-5083-8248-fd5b307881e6","SH100099","","","SPOUSE","HDH-2024-03","Sutter Health Hdhp Gold","HDHP","COMMERCIAL","GRP10286","Bay Area Health Alliance","1991-12-15","M","93727","06085","CA","2025-12-26","","ACTIVE","FALSE","FALSE","","0.5311","0.4979","LOW","7","0.5001","FALSE","2","1714137833","ELIGIBILITY_834","2026-09-06 00:00:00","","TRUE","2026-09-15 10:31:41","710bd35b75459ec69d72b49f5ba8e2ecb3edd3e73a0e62eaaeaadeef293c2380"
"68772d9f-e5e8-5061-bc96-db583b80fbe1","SH100100","A7N7-0Q-5756","","DEPENDENT","MED-2024-03","Sutter Health Medicare Advantage Gold","MEDICARE_ADVANTAGE","MEDICARE","GRP10054","UCSF Health Partners","1975-02-25","M","94609","06075","CA","2023-01-02","","ACTIVE","FALSE","FALSE","LIS3","1.7498","1.8658","MODERATE","22","1.7431","FALSE","3","1427124037","ELIGIBILITY_834","2026-08-16 00:00:00","","TRUE","2026-09-15 10:31:41","29174b4b6e0bb27c6e65f5e319b4e28184f2cbc67f6471274345b27f1e21248b"
"cf91c62c-b9c9-5306-a675-927a9e592199","SH100101","","","SPOUSE","HDH-2024-01","Sutter Health Hdhp Gold","HDHP","COMMERCIAL","GRP10288","Bay Area Health Alliance","1949-05-08","F","95128","06085","CA","2024-05-31","","ACTIVE","FALSE","FALSE","","7.5189","7.1262","CATASTROPHIC","87","8.9167","TRUE","5","1735898931","ELIGIBILITY_834","2026-09-01 00:00:00","","TRUE","2026-09-15 10:31:41","f5d7a34b2153f8ec51f91934d435886f75fe8c1c9278dad0650ab2091b720e36"
"ad63bd4c-3483-5efe-a435-a7a74ebc8eb0","SH100102","","","SELF","HMO-2024-07","Sutter Health Hmo Gold","HMO","COMMERCIAL","GRP10306","Safeway Health Plan","2020-02-20","F","95128","06085","CA","2026-01-17","","ACTIVE","FALSE","FALSE","","0.4516","0.4047","LOW","6","0.4801","FALSE","1","1725179752","ELIGIBILITY_834","2026-08-21 00:00:00","","TRUE","2026-09-15 10:31:41","519a14a5c79af8b83919fba35990bd1b214cc8db243ee7575a057d1d548a5c0d"
"4ee69858-e827-5d90-8987-7479f79b988a","SH100103","","","SPOUSE","HDH-2024-04","Sutter Health Hdhp Gold","HDHP","COMMERCIAL","GRP10132","Bay Area Health Alliance","1964-04-02","M","95131","06085","CA","2025-11-13","","ACTIVE","FALSE","FALSE","","2.445","2.5526","HIGH","28","2.5275","TRUE","3","1648334433","ELIGIBILITY_834","2026-09-03 00:00:00","","TRUE","2026-09-15 10:31:41","9fb693e6f57914f29429fb5cf17b3aad22045360a8db9e19295ef86905bdddf6"
"b0617966-ced5-54a2-b229-9e90c095e007","SH100104","","CA8287542751","SELF","MED-2024-05","Sutter Health Medicaid Managed Gold","MEDICAID_MANAGED","MEDICAID","GRP10266","Safeway Health Plan","1971-05-01","M","95054","06085","CA","2023-11-28","","ACTIVE","FALSE","FALSE","","0.8644","0.7715","LOW","9","0.7895","FALSE","2","1473984594","ELIGIBILITY_834","2026-08-24 00:00:00","","TRUE","2026-09-15 10:31:41","a0a98f0d6fc2729ea22c5f614fe19b2b825ae985b4c931489b8f44cfae68edef"
"8c1de09a-5ac2-5a2d-8cf8-b7e05adbb5d6","SH100105","R7A4-09-3796","","SPOUSE","MED-2024-04","Sutter Health Medicare Advantage Gold","MEDICARE_ADVANTAGE","MEDICARE","GRP10322","UCSF Health Partners","2008-06-27","F","95148","06085","CA","2025-02-28","","ACTIVE","FALSE","FALSE","LIS3","1.3967","1.3259","MODERATE","17","1.5723","FALSE","1","1300131434","ELIGIBILITY_834","2026-08-21 00:00:00","","TRUE","2026-09-15 10:31:41","b3920f78e93dc1cd3c0d4e09b23dfd07f53a614da2473ef28233a0cbefa8ec55"
"be4e7914-ed74-529e-97b8-be3d3040f3af","SH100106","","","SELF","HMO-2024-03","Sutter Health Hmo Gold","HMO","COMMERCIAL","GRP10300","Palo Alto Medical Foundation","2005-04-07","M","94609","06075","CA","2024-04-13","","ACTIVE","FALSE","FALSE","","1.3405","1.5279","MODERATE","15","1.5337","FALSE","1","1473581239","ELIGIBILITY_834","2026-08-24 00:00:00","","TRUE","2026-09-15 10:31:41","b3baffc4be0916ac1eeff615f82f9d8ab523061db3e5b93d23d1a3946b685fce"
"dc0cbcec-bfea-508b-a86c-943c0442ca80","SH100107","","","DEPENDENT","PPO-2024-03","Sutter Health Ppo Gold","PPO","COMMERCIAL","GRP10325","Kaiser Community Partners","2006-04-17","M","95128","06085","CA","2024-02-02","","ACTIVE","FALSE","FALSE","","0.5331","0.5485","LOW","10","0.5685","FALSE","4","1844567935","ELIGIBILITY_834","2026-08-31 00:00:00","","TRUE","2026-09-15 10:31:41","ef89c134afb962a58228897c5b20ad5f97f61103fbeb15ff4780c8b61d4584b8"
"ce07dac3-fe72-578c-8cf5-56de537be954","SH100108","","","SPOUSE","POS-2024-04","Sutter Health Pos Gold","POS","COMMERCIAL","GRP10212","Safeway Health Plan","1971-03-30","F","94501","06001","CA","2024-03-02","","ACTIVE","FALSE","FALSE","","1.2455","1.2685","MODERATE","19","1.2301","FALSE","0","1624737111","ELIGIBILITY_834","2026-09-07 00:00:00","","TRUE","2026-09-15 10:31:41","2f544864600291617b8f666135b25f66f7055a69be3cfb68578584aaf6763da2"
"593afaf3-0e4a-5129-af65-b96a5df40756","SH100109","","","SELF","HMO-2024-04","Sutter Health Hmo Gold","HMO","COMMERCIAL","GRP10225","Kaiser Community Partners","1964-01-21","F","94578","06001","CA","2026-03-24","","ACTIVE","FALSE","FALSE","","0.7651","0.8393","LOW","9","0.7569","FALSE","5","1334657613","ELIGIBILITY_834","2026-09-14 00:00:00","","TRUE","2026-09-15 10:31:41","2b7294fbf0d1875e5cf1d3ea2f892f0c7729a18de62f65e3f0ea662349dfb74b"
"5f08a5ad-056e-5320-a28f-dd22c619fc2f","SH100110","","","SELF","PPO-2024-05","Sutter Health Ppo Gold","PPO","COMMERCIAL","GRP10071","Bay Area Health Alliance","1963-08-02","F","93701","06085","CA","2024-01-23","","ACTIVE","FALSE","FALSE","","3.5055","3.3484","VERY_HIGH","45","3.7826","TRUE","1","1973521043","ELIGIBILITY_834","2026-09-10 00:00:00","","TRUE","2026-09-15 10:31:41","83627d9d90f0eb185dd3752ed1c9defe9fdcd7d752ff474e79b379a567479bd5"
"f0b6a2b3-40c9-5d76-b52a-8f79e882fdd0","SH100111","","","SELF","HDH-2024-04","Sutter Health Hdhp Gold","HDHP","COMMERCIAL","GRP10443","UCSF Health Partners","1953-01-13","F","94132","06075","CA","2022-10-13","","ACTIVE","FALSE","FALSE","","0.8777","0.9529","LOW","5","0.9904","FALSE","0","1368088898","ELIGIBILITY_834","2026-08-25 00:00:00","","TRUE","2026-09-15 10:31:41","3257970af9958b481bcdd2d85ef4f82164bb76ceab99d4420ba315908296eeb8"
"12350844-69f7-580d-977a-ed53b70fba71","SH100112","","","SPOUSE","HMO-2024-08","Sutter Health Hmo Gold","HMO","COMMERCIAL","GRP10249","NorCal Tech Coalition","1989-02-24","M","93720","06085","CA","2024-05-23","","ACTIVE","FALSE","FALSE","","2.5689","2.494","HIGH","29","2.8013","FALSE","0","1724870012","ELIGIBILITY_834","2026-08-24 00:00:00","","TRUE","2026-09-15 10:31:41","88cdfa56c18e0211efee2d65ba9a90eb8456537f68d2da5e60d62699a109efc1"
"5ecffa80-373b-5948-b5c3-e56419b2d59d","SH100113","","","SPOUSE","POS-2024-08","Sutter Health Pos Gold","POS","COMMERCIAL","GRP10457","Sutter Medical Foundation","1979-02-20","F","94603","06075","CA","2023-09-28","","ACTIVE","FALSE","FALSE","","0.4702","0.4769","LOW","2","0.4255","FALSE","0","1149330844","ELIGIBILITY_834","2026-08-17 00:00:00","","TRUE","2026-09-15 10:31:41","e3b76fa57ce50eb9951a0d70585d24146a1ac268b8885923e216bb4dcc7b38d6"
"c33580ca-d994-5b3c-b9ce-7b5e7613a2d9","SH100114","Q543-5J-6110","","SELF","MED-2024-04","Sutter Health Medicare Advantage Gold","MEDICARE_ADVANTAGE","MEDICARE","GRP10190","UCSF Health Partners","1983-10-09","F","93701","06085","CA","2024-06-09","","ACTIVE","FALSE","FALSE","","0.8247","0.9179","LOW","5","0.7445","FALSE","1","1155606161","ELIGIBILITY_834","2026-08-24 00:00:00","","TRUE","2026-09-15 10:31:41","d42c4bf6bf2a01e6bfcb1e67c0db3c0ef31a84a3d92ae2f09e22cd74c99b7217"
"ba9f522c-3f7d-54fd-8f04-76ca362c55e0","SH100115","","","SELF","HMO-2024-01","Sutter Health Hmo Gold","HMO","COMMERCIAL","GRP10385","UCSF Health Partners","2005-08-15","M","94121","06075","CA","2024-04-25","","ACTIVE","FALSE","FALSE","","1.9032","1.8276","HIGH","21","2.0613","TRUE","5","1788887139","ELIGIBILITY_834","2026-09-10 00:00:00","","TRUE","2026-09-15 10:31:41","94d340e8986a7c510f474fb3ebae7d1e59960d9bf9c7fa5cc036befbf4c41c30"
"5233bf95-2158-5456-8c0c-2f51048660c7","SH100116","","","SELF","PPO-2024-02","Sutter Health Ppo Gold","PPO","COMMERCIAL","GRP10219","NorCal Tech Coalition","1941-03-10","F","94603","06075","CA","2024-04-22","","ACTIVE","FALSE","FALSE","","1.7069","1.5226","MODERATE","16","1.6633","FALSE","0","1949412096","ELIGIBILITY_834","2026-08-27 00:00:00","","TRUE","2026-09-15 10:31:41","553e16773ea951fb3ec2f82e7d7893638fa9b8e831060f66fa7af39f4fdc9569"
"998dce76-0007-56c8-8357-cec99b79d1be","SH100117","","","SELF","POS-2024-06","Sutter Health Pos Gold","POS","COMMERCIAL","GRP10255","Palo Alto Medical Foundation","1940-06-23","F","94501","06001","CA","2024-04-18","","ACTIVE","FALSE","FALSE","","2.0955","1.8155","HIGH","22","1.9689","TRUE","4","1667243311","ELIGIBILITY_834","2026-08-19 00:00:00","","TRUE","2026-09-15 10:31:41","6059e23a92a512cf5b94569637152d764164c88d52684121af7e846c3d83414c"
"5ecbd07b-e656-57fd-a0aa-0da31a6c2644","SH100118","","","SELF","HMO-2024-09","Sutter Health Hmo Gold","HMO","COMMERCIAL","GRP10256","California State Employees","1956-08-26","M","94577","06001","CA","2024-11-08","","ACTIVE","FALSE","FALSE","","0.9358","0.8124","MODERATE","12","0.9932","FALSE","3","1554810443","ELIGIBILITY_834","2026-09-11 00:00:00","","TRUE","2026-09-15 10:31:41","2d3777db72645cc7087693d93d26652551d717b5c848e7bcf120b4fc735720ae"
"f004db7a-ea7b-5b0f-ae1f-e0a0ff16ff53","SH100119","","","SELF","PPO-2024-01","Sutter Health Ppo Gold","PPO","COMMERCIAL","GRP10433","Bay Area Health Alliance","1945-07-18","F","95014","06085","CA","2024-01-04","","ACTIVE","FALSE","FALSE","","2.6345","2.7776","HIGH","26","2.6155","FALSE","1","1162176039","ELIGIBILITY_834","2026-08-23 00:00:00","","TRUE","2026-09-15 10:31:41","36cef020e044d31babb3cf5237b39844fe170477564fdc2e9e8421ce84b731b2"
"232d34bd-63c0-5c94-9c2e-e7eb52ff2f1f","SH100120","","","SELF","PPO-2024-02","Sutter Health Ppo Gold","PPO","COMMERCIAL","GRP10060","Sutter Medical Foundation","1957-07-11","F","94121","06075","CA","2024-12-14","","ACTIVE","FALSE","FALSE","","2.6225","2.4331","HIGH","30","2.7506","TRUE","3","1459715348","ELIGIBILITY_834","2026-08-30 00:00:00","","TRUE","2026-09-15 10:31:41","309b4411dc4053f2727a84ba423d849edfb0cfb6f458539db6ac73ad0d38747f"
"9e924225-e132-5e7b-acf0-615a60a4cc74","SH100121","","","DEPENDENT","HMO-2024-03","Sutter Health Hmo Gold","HMO","COMMERCIAL","GRP10125","Sutter Medical Foundation","2007-07-02","M","94102","06075","CA","2026-03-19","2026-04-30","TERMED","FALSE","FALSE","","1.5505","1.4242","MODERATE","21","1.8286","FALSE","1","1606553372","ELIGIBILITY_834","2026-08-19 00:00:00","","TRUE","2026-09-15 10:31:41","f6054ee13ddee758d6b82f3b0dd6be44c480c516bda5da37ef82b4ecf038e7fe"
"a02f3012-c040-5360-8806-b6a342d3917d","SH100122","","","DEPENDENT","HMO-2024-05","Sutter Health Hmo Gold","HMO","COMMERCIAL","GRP10488","California State Employees","1971-04-19","M","94131","06075","CA","2023-07-27","","PENDING","FALSE","FALSE","","1.3518","1.5148","MODERATE","12","1.3494","FALSE","4","1174009197","ELIGIBILITY_834","2026-08-29 00:00:00","","TRUE","2026-09-15 10:31:41","64bc4725497148a6f189aac3f0c3c49d2425b327df4d3f71e693e28e9bc48a18"
"317ae849-ce01-5a48-ad54-bdc3c504cfdd","SH100123","","","SELF","PPO-2024-09","Sutter Health Ppo Gold","PPO","COMMERCIAL","GRP10125","UCSF Health Partners","1973-04-26","F","93722","06085","CA","2023-05-25","","ACTIVE","FALSE","FALSE","","1.7747","2.0397","MODERATE","18","1.7817","FALSE","4","1106848195","ELIGIBILITY_834","2026-08-20 00:00:00","","TRUE","2026-09-15 10:31:41","5e38749d3fa0e3da5cca72610d6ec521f13faf92df995b6d77a149a6c36052c6"
"4042105d-ee01-5dfe-8b68-ca4fd110f3d2","SH100124","","","DEPENDENT","POS-2024-08","Sutter Health Pos Gold","POS","COMMERCIAL","GRP10471","Bay Area Health Alliance","1991-04-20","M","93720","06085","CA","2024-11-21","","ACTIVE","FALSE","FALSE","","0.5952","0.5166","LOW","4","0.7097","FALSE","1","1658087211","ELIGIBILITY_834","2026-09-13 00:00:00","","TRUE","2026-09-15 10:31:41","12f678c4279c40bdd9c6d9bfba112ec381c70d4d99d0db654f1858da63ea3c17"
"48036596-3264-5bcb-bf1a-3c3797d64d35","SH100125","","","SELF","HDH-2024-02","Sutter Health Hdhp Gold","HDHP","COMMERCIAL","GRP10139","Bay Area Health Alliance","2022-11-30","M","93720","06085","CA","2024-08-18","","ACTIVE","FALSE","FALSE","","0.475","0.525","LOW","6","0.4496","FALSE","4","1180195016","ELIGIBILITY_834","2026-09-10 00:00:00","","TRUE","2026-09-15 10:31:41","72e25dcb0fccca29d4a40385a89bfd3b2a3784f447679fba5ce8e1f16afbc6b4"
"7b030fbf-ad66-55cf-bfdf-bab60cccb3ea","SH100126","","","SELF","POS-2024-09","Sutter Health Pos Gold","POS","COMMERCIAL","GRP10427","NorCal Tech Coalition","1970-06-15","M","93720","06085","CA","2023-01-29","","ACTIVE","FALSE","FALSE","","2.9085","3.1769","VERY_HIGH","33","2.6604","TRUE","0","1259261469","ELIGIBILITY_834","2026-09-06 00:00:00","","TRUE","2026-09-15 10:31:41","675c5e75a7135e9b519964e5220c9ed0f24a4702bd03d334cb73cfbffe75a154"
"f6d44ff0-6b00-56c1-8fba-3537454016d4","SH100127","","","SELF","POS-2024-02","Sutter Health Pos Gold","POS","COMMERCIAL","GRP10351","Palo Alto Medical Foundation","1969-12-22","M","94121","06075","CA","2025-05-08","2026-06-23","TERMED","FALSE","FALSE","","2.9678","2.5333","VERY_HIGH","32","2.8471","FALSE","2","1725265416","ELIGIBILITY_834","2026-08-26 00:00:00","","TRUE","2026-09-15 10:31:41","8f5500073c35de9529fb4f0a0601d20d397e29a28d95dbc3fdb1d646b776619a"
"f3428e4e-be8a-5ef6-a601-9bb6f2d6a09c","SH100128","","CA4794276323","SELF","MED-2024-04","Sutter Health Medicaid Managed Gold","MEDICAID_MANAGED","MEDICAID","GRP10109","UCSF Health Partners","2004-01-28","M","93711","06085","CA","2024-01-26","","ACTIVE","FALSE","FALSE","","1.552","1.5502","MODERATE","19","1.6982","FALSE","1","1395259429","ELIGIBILITY_834","2026-08-31 00:00:00","","TRUE","2026-09-15 10:31:41","3f9bd75cfe63dd2ff4fb60434aea006d4a27ecd30c098285764f04828321e9eb"
"1b060c1f-416a-5752-b69f-6236ba700e9c","SH100129","Y9NQ-KG-0593","","DEPENDENT","MED-2024-05","Sutter Health Medicare Advantage Gold","MEDICARE_ADVANTAGE","MEDICARE","GRP10400","Safeway Health Plan","1991-02-22","M","95128","06085","CA","2024-06-12","","ACTIVE","FALSE","FALSE","LIS1","1.4677","1.6007","MODERATE","12","1.677","FALSE","0","1469403820","ELIGIBILITY_834","2026-08-31 00:00:00","","TRUE","2026-09-15 10:31:41","4e2b67e459dc6f9c99cb5bb358b10380520aa2f79bcb882cbea60be63ff42716"
"45b2e1e2-e730-5ac0-98dc-2658c40ced2e","SH100130","","","SPOUSE","PPO-2024-06","Sutter Health Ppo Gold","PPO","COMMERCIAL","GRP10429","UCSF Health Partners","1954-08-13","M","94603","06075","CA","2024-04-13","","ACTIVE","FALSE","FALSE","","2.5912","2.7755","HIGH","28","3.0426","TRUE","1","1289086333","ELIGIBILITY_834","2026-09-15 00:00:00","","TRUE","2026-09-15 10:31:41","037ddde7cb166138791f3cb4e512a25a634d3f94c795aad7de1731abc530bbe3"
"fd038f44-2503-5a2b-887e-8787422864ed","SH100131","","","DEPENDENT","HMO-2024-06","Sutter Health Hmo Gold","HMO","COMMERCIAL","GRP10066","NorCal Tech Coalition","1973-07-01","F","95054","06085","CA","2023-01-07","","ACTIVE","FALSE","FALSE","","1.0969","1.1056","MODERATE","7","1.0068","FALSE","0","1869805921","ELIGIBILITY_834","2026-09-11 00:00:00","","TRUE","2026-09-15 10:31:41","088df13ad188301f1adca395c528dd349cda95727a8a11906079e602c86fb14e"
"ed398add-a458-5b63-a68d-d716d6a6fc45","SH100132","","","SPOUSE","HDH-2024-06","Sutter Health Hdhp Gold","HDHP","COMMERCIAL","GRP10491","Safeway Health Plan","1950-03-27","F","93722","06085","CA","2024-01-05","","ACTIVE","FALSE","FALSE","","2.1366","2.0229","HIGH","22","2.066","FALSE","1","1797052007","ELIGIBILITY_834","2026-08-28 00:00:00","","TRUE","2026-09-15 10:31:41","afdc8ecc919598ca35e957e052f15619aeb7414788e9f7e34dab2e1a02f9d12d"
"2d28a99e-bc42-5776-b176-cc87e16105d5","SH100133","","CA5899025962","SPOUSE","MED-2024-04","Sutter Health Medicaid Managed Gold","MEDICAID_MANAGED","MEDICAID","GRP10471","Bay Area Health Alliance","1987-06-27","F","94103","06075","CA","2025-06-10","","ACTIVE","FALSE","FALSE","","3.2699","3.7548","VERY_HIGH","42","3.2831","FALSE","2","1786815488","ELIGIBILITY_834","2026-09-05 00:00:00","","TRUE","2026-09-15 10:31:41","f2191260b49e54b679f6160f0d6a7b501a36862d36c35888c7fc5871dc1de106"
"affc4e02-90c1-59fa-af88-366ec8394b95","SH100134","","","SELF","PPO-2024-07","Sutter Health Ppo Gold","PPO","COMMERCIAL","GRP10224","California State Employees","1965-04-12","M","93722","06085","CA","2026-06-15","","ACTIVE","FALSE","FALSE","","0.961","0.8908","MODERATE","7","0.9662","FALSE","4","1278604541","ELIGIBILITY_834","2026-09-03 00:00:00","","TRUE","2026-09-15 10:31:41","b72026ba83760cf682dc578f2a0f2a57c8e79abd3b94705989018ec648e215f0"
"d4d57264-217c-57a8-9567-14cb44dc1fa0","SH100135","","","DEPENDENT","POS-2024-02","Sutter Health Pos Gold","POS","COMMERCIAL","GRP10454","California State Employees","1962-10-15","M","94118","06075","CA","2026-01-17","","ACTIVE","FALSE","FALSE","","2.8401","2.4312","VERY_HIGH","32","2.844","TRUE","3","1272769884","ELIGIBILITY_834","2026-08-27 00:00:00","","TRUE","2026-09-15 10:31:41","0954c2a19196ed7eb6f1edb0d84bfdc8855e7915a4b037eb2d9b9babbdea2c84"
"fe138909-9ded-5edb-b713-84038fe8fff1","SH100136","","","SELF","HMO-2024-08","Sutter Health Hmo Gold","HMO","COMMERCIAL","GRP10121","Palo Alto Medical Foundation","1966-02-20","M","94132","06075","CA","2022-10-04","","ACTIVE","FALSE","FALSE","","1.071","1.1344","MODERATE","15","1.0132","FALSE","1","1153295652","ELIGIBILITY_834","2026-09-04 00:00:00","","TRUE","2026-09-15 10:31:41","d26ad2ba25df7489e5305287c93266aab358b13028ff027f520f2d0fd3574a4a"
"036219aa-8757-5294-9894-ba329117361b","SH100137","","","SELF","HMO-2024-06","Sutter Health Hmo Gold","HMO","COMMERCIAL","GRP10458","Central Valley Employers Group","1972-01-27","M","95014","06085","CA","2024-03-25","","ACTIVE","FALSE","FALSE","","1.1626","1.0168","MODERATE","9","1.3552","FALSE","2","1197857474","ELIGIBILITY_834","2026-09-04 00:00:00","","TRUE","2026-09-15 10:31:41","f5bef1fee6645bdcef1a3f5ef80f81c90f43ca3121240f6a85ac548649d4e7f7"
"ece9251d-429d-5736-8829-f0f434457d54","SH100138","","","SELF","HDH-2024-09","Sutter Health Hdhp Gold","HDHP","COMMERCIAL","GRP10387","Bay Area Health Alliance","1972-06-05","F","95126","06085","CA","2023-06-05","","ACTIVE","FALSE","FALSE","","1.5268","1.3421","MODERATE","22","1.5659","FALSE","0","1694425527","ELIGIBILITY_834","2026-08-29 00:00:00","","TRUE","2026-09-15 10:31:41","b4d69d630381a934bdf29110e8d6573ef12be3450b4e7b1c329083aac5957fe2"
"49ec2233-203a-5d98-91a1-c0b452beb3b0","SH100139","","CA8228968839","SELF","MED-2024-03","Sutter Health Medicaid Managed Gold","MEDICAID_MANAGED","MEDICAID","GRP10085","Bay Area Health Alliance","1984-09-08","F","93727","06085","CA","2023-12-11","","ACTIVE","FALSE","FALSE","","2.4775","2.5669","HIGH","25","2.8497","TRUE","0","1968078090","ELIGIBILITY_834","2026-09-07 00:00:00","","TRUE","2026-09-15 10:31:41","92f68ee8f717f05ab6068b348d88de9ff5c849256979640c73104b92ff953ae2"
"40d60bb8-a824-50ec-9929-da61defe391f","SH100140","","","DEPENDENT","POS-2024-02","Sutter Health Pos Gold","POS","COMMERCIAL","GRP10076","UCSF Health Partners","1990-04-11","F","94577","06001","CA","2024-02-09","","ACTIVE","FALSE","FALSE","","2.8148","2.984","VERY_HIGH","37","3.0085","FALSE","2","1708375597","ELIGIBILITY_834","2026-09-12 00:00:00","","TRUE","2026-09-15 10:31:41","be517a1462b3328cea3195a597924a41d64614d6014b00611ae4efbd4c7d0c19"
"bc129faf-d528-58cc-abd6-9fa60d9da503","SH100141","","","SPOUSE","POS-2024-05","Sutter Health Pos Gold","POS","COMMERCIAL","GRP10455","NorCal Tech Coalition","1977-01-22","F","93720","06085","CA","2024-03-17","","ACTIVE","FALSE","FALSE","","0.5418","0.561","LOW","11","0.6334","FALSE","1","1841433502","ELIGIBILITY_834","2026-09-15 00:00:00","","TRUE","2026-09-15 10:31:41","ccfe7f6ef28844a0fac90328b0e9086a6a85ec0a9b2720e71f710ba58f3cb659"
"cc627a16-3b47-5c3a-9cf4-42f60c7c3597","SH100142","H74V-5W-5082","","SPOUSE","MED-2024-07","Sutter Health Medicare Advantage Gold","MEDICARE_ADVANTAGE","MEDICARE","GRP10045","Bay Area Health Alliance","1945-10-20","M","94132","06075","CA","2024-02-15","","ACTIVE","FALSE","FALSE","LIS2","0.8845","0.8694","LOW","10","1.0032","FALSE","0","1574289591","ELIGIBILITY_834","2026-08-30 00:00:00","","TRUE","2026-09-15 10:31:41","f6d2ee4121686907b1a7cb19bd1676da5567991cd018f29c304ea54a7d93c734"
"bfb68551-2040-5724-aea8-79ec0559d2ba","SH100143","","","SPOUSE","HMO-2024-03","Sutter Health Hmo Gold","HMO","COMMERCIAL","GRP10063","Sutter Medical Foundation","1955-05-29","M","94577","06001","CA","2024-03-27","","ACTIVE","FALSE","FALSE","","1.0792","1.0366","MODERATE","14","1.2823","FALSE","1","1359779054","ELIGIBILITY_834","2026-08-31 00:00:00","","TRUE","2026-09-15 10:31:41","aaefaae7b1c9ce5ed1b11d777e0b6b5f7d53f3fb11b9303c30219de528340217"
"57c09db7-788a-58de-b6bf-1150bb51f3ee","SH100144","","","SELF","HMO-2024-01","Sutter Health Hmo Gold","HMO","COMMERCIAL","GRP10105","Central Valley Employers Group","1952-10-16","M","94131","06075","CA","2022-10-31","","ACTIVE","FALSE","FALSE","","0.8123","0.8805","LOW","7","0.8466","FALSE","1","1799636574","ELIGIBILITY_834","2026-09-11 00:00:00","","TRUE","2026-09-15 10:31:41","b0eb67f58bf9ef8f0d3096a9eb8008d30c7117f6cc51bc4a559277d47565cb81"
"e9747ef5-7905-5b20-a912-47a2d3942ed4","SH100145","Q2AW-27-5899","","SPOUSE","MED-2024-08","Sutter Health Medicare Advantage Gold","MEDICARE_ADVANTAGE","MEDICARE","GRP10346","Kaiser Community Partners","1942-05-03","F","94132","06075","CA","2025-03-28","","ACTIVE","FALSE","FALSE","LIS1","1.7059","1.8858","MODERATE","22","1.7074","FALSE","1","1985097007","ELIGIBILITY_834","2026-09-07 00:00:00","","TRUE","2026-09-15 10:31:41","c9f23684600b7ae5f0a9d9776f5220642d973da37ebc373e5013737da2e956b6"
"bfd7dfb3-bf0e-5175-8b30-7dc70421895c","SH100146","","","DEPENDENT","HMO-2024-07","Sutter Health Hmo Gold","HMO","COMMERCIAL","GRP10071","Sutter Medical Foundation","1938-11-08","M","95128","06085","CA","2022-10-04","","ACTIVE","FALSE","FALSE","","3.8796","4.2351","VERY_HIGH","49","3.9435","TRUE","2","1803731001","ELIGIBILITY_834","2026-09-14 00:00:00","","TRUE","2026-09-15 10:31:41","fe8787348a4ecff94a970b8861e076bdd4cdd1904b35024fbae33bcc0184fe52"
"e863ce01-2e72-5f5b-ac74-36d2b2dde854","SH100147","","CA1383539822","SELF","MED-2024-05","Sutter Health Medicaid Managed Gold","MEDICAID_MANAGED","MEDICAID","GRP10241","UCSF Health Partners","1964-11-08","F","94578","06001","CA","2025-06-12","","ACTIVE","FALSE","FALSE","","2.3073","2.5464","HIGH","32","2.3676","FALSE","1","1895555607","ELIGIBILITY_834","2026-08-18 00:00:00","","TRUE","2026-09-15 10:31:41","7eecf1badbaa9fbc12548c820392d863090d0e476c505bb810f931654cc0931b"
"9e581156-8c87-5460-a2b5-d4edcafae610","SH100148","C3FH-NR-9725","","SELF","MED-2024-06","Sutter Health Medicare Advantage Gold","MEDICARE_ADVANTAGE","MEDICARE","GRP10271","Central Valley Employers Group","1967-08-01","F","94577","06001","CA","2025-10-15","2026-12-09","TERMED","FALSE","FALSE","LIS2","2.7443","2.3913","HIGH","30","2.7279","TRUE","4","1543570539","ELIGIBILITY_834","2026-09-14 00:00:00","","TRUE","2026-09-15 10:31:41","3298fc46d7dfac10e6a0183a20f1fdf63907f886bd2922c7dcb3f8132cf6455a"
"44ca6161-280f-54a5-bc75-42d463772cef","SH100149","","","SELF","POS-2024-01","Sutter Health Pos Gold","POS","COMMERCIAL","GRP10244","California State Employees","1936-12-16","F","95131","06085","CA","2024-03-13","","ACTIVE","FALSE","FALSE","","2.9056","3.0054","VERY_HIGH","39","3.3926","TRUE","0","1105013454","ELIGIBILITY_834","2026-08-22 00:00:00","","TRUE","2026-09-15 10:31:41","c16e65a712408caa491a9e465b88d8a8b3e5199007fcf3620ad80f3d3c002460"
"cf84d224-2036-5faa-ac3e-e5d53bef5390","SH100150","W9NR-92-2575","","SELF","MED-2024-07","Sutter Health Medicare Advantage Gold","MEDICARE_ADVANTAGE","MEDICARE","GRP10485","Central Valley Employers Group","1966-05-26","M","94122","06075","CA","2026-02-04","2027-01-05","TERMED","FALSE","FALSE","LIS1","0.9924","0.9934","MODERATE","10","0.9612","FALSE","3","1589547144","ELIGIBILITY_834","2026-08-23 00:00:00","","TRUE","2026-09-15 10:31:41","fdd8989e3f487e2b0759efaf05f7bafc3aaaf2a0a3d3590e63ed3438adcb5413"
"aef8b86c-8cae-5ad0-9818-a3148c1d7668","SH100151","","","SELF","HDH-2024-02","Sutter Health Hdhp Gold","HDHP","COMMERCIAL","GRP10024","Palo Alto Medical Foundation","1976-07-26","M","94609","06075","CA","2026-03-10","","ACTIVE","FALSE","FALSE","","0.8259","0.7654","LOW","12","0.8466","FALSE","3","1801762883","ELIGIBILITY_834","2026-09-03 00:00:00","","TRUE","2026-09-15 10:31:41","cd341e31c45d113d332d057d51a7c210acbeb5090a7551110c5775e74fb3d076"
"6fc27bea-496f-5afb-8a53-611eedacac4d","SH100152","","","SELF","PPO-2024-02","Sutter Health Ppo Gold","PPO","COMMERCIAL","GRP10460","Palo Alto Medical Foundation","1983-10-10","F","93720","06085","CA","2025-09-10","","ACTIVE","FALSE","FALSE","","1.4962","1.393","MODERATE","21","1.6988","FALSE","3","1649309976","ELIGIBILITY_834","2026-08-31 00:00:00","","TRUE","2026-09-15 10:31:41","9285a5f59a689824ac7e0befb95cc05e8ce6e96811f674abb2a91431837ad746"
"0c725323-2267-544e-81be-b89cd667df35","SH100153","","","SPOUSE","PPO-2024-03","Sutter Health Ppo Gold","PPO","COMMERCIAL","GRP10343","Palo Alto Medical Foundation","1945-04-05","F","95054","06085","CA","2025-02-22","","ACTIVE","FALSE","FALSE","","0.5978","0.5454","LOW","9","0.7083","FALSE","3","1218574293","ELIGIBILITY_834","2026-08-22 00:00:00","","TRUE","2026-09-15 10:31:41","4e051bbd539504b586acf40ea918ce55d7cc2cc0528cd7d1efbe849ade4f2de5"
"36c8bd7d-630b-58d0-8bc0-c87dc9e3eb32","SH100154","","CA1197092148","DEPENDENT","MED-2024-03","Sutter Health Medicaid Managed Gold","MEDICAID_MANAGED","MEDICAID","GRP10346","NorCal Tech Coalition","1957-11-07","M","94103","06075","CA","2024-10-30","","ACTIVE","FALSE","FALSE","","1.3178","1.1596","MODERATE","12","1.5397","FALSE","3","1557408869","ELIGIBILITY_834","2026-08-16 00:00:00","","TRUE","2026-09-15 10:31:41","81b86facabe41a218ba897736fd4affb0ca4506adf501d3a37393028015aac80"
"5d7132bf-9729-52df-9d58-594d6b7b8eda","SH100155","","","SELF","POS-2024-08","Sutter Health Pos Gold","POS","COMMERCIAL","GRP10356","Sutter Medical Foundation","2006-02-27","M","93701","06085","CA","2025-07-11","","ACTIVE","FALSE","FALSE","","2.4899","2.4736","HIGH","30","2.3763","FALSE","0","1271149511","ELIGIBILITY_834","2026-09-03 00:00:00","","TRUE","2026-09-15 10:31:41","486528a57016a5d15df7eb0c9fadf89f1ebedd49e949dd1564c5c78250b81d60"
"bf135965-11d0-54c4-922a-810fd7a2d6a3","SH100156","","","SELF","POS-2024-06","Sutter Health Pos Gold","POS","COMMERCIAL","GRP10347","Kaiser Community Partners","1938-08-02","F","95054","06085","CA","2026-05-23","","ACTIVE","FALSE","FALSE","","3.3288","2.8927","VERY_HIGH","44","3.5143","FALSE","3","1924127682","ELIGIBILITY_834","2026-08-24 00:00:00","","TRUE","2026-09-15 10:31:41","901af741a6a23e056abd10c14876c2a126a623915ec6fecf8e51661745f28019"
"9d4d451d-259c-542e-ab59-3d8dd843b6d9","SH100157","","","SELF","PPO-2024-04","Sutter Health Ppo Gold","PPO","COMMERCIAL","GRP10434","Safeway Health Plan","1964-10-26","F","94102","06075","CA","2022-11-08","2027-02-21","COBRA","TRUE","FALSE","","3.47","3.9778","VERY_HIGH","35","3.4675","TRUE","4","1632398698","ELIGIBILITY_834","2026-09-07 00:00:00","","TRUE","2026-09-15 10:31:41","c5018017f5c9032b631019100a13a661007942d4ad9fbbe18729c8e8a7b7b2fd"
"191d8d7e-0f17-5f8a-b3f6-687251d58836","SH100158","","","SPOUSE","PPO-2024-01","Sutter Health Ppo Gold","PPO","COMMERCIAL","GRP10009","Palo Alto Medical Foundation","1988-05-27","M","94118","06075","CA","2023-09-03","","ACTIVE","FALSE","FALSE","","0.9792","0.9787","MODERATE","11","1.1239","FALSE","1","1533190034","ELIGIBILITY_834","2026-08-21 00:00:00","","TRUE","2026-09-15 10:31:41","6362e4af280dfc3b4f064745fd70a93bd1a2d681dade5d91b33c192e2800d400"
"13f8cd2a-36e0-5932-b3bf-3077e1bb09e2","SH100159","","","SPOUSE","HMO-2024-01","Sutter Health Hmo Gold","HMO","COMMERCIAL","GRP10186","Safeway Health Plan","1973-04-07","M","94609","06075","CA","2023-10-23","","ACTIVE","FALSE","FALSE","","1.309","1.3326","MODERATE","19","1.3122","FALSE","0","1222431652","ELIGIBILITY_834","2026-08-20 00:00:00","","TRUE","2026-09-15 10:31:41","759533da604a18ac9965bb12a28288c587d7cc43c9adb9ef36125fd6db860a20"
"6304c887-72dd-5dc4-95e8-a1e8d543dc77","SH100160","H6E5-RC-9177","","DEPENDENT","MED-2024-03","Sutter Health Medicare Advantage Gold","MEDICARE_ADVANTAGE","MEDICARE","GRP10110","Safeway Health Plan","2017-06-25","F","94123","06075","CA","2025-10-13","2027-01-23","COBRA","TRUE","FALSE","","1.2683","1.1748","MODERATE","12","1.1431","FALSE","2","1985358270","ELIGIBILITY_834","2026-08-23 00:00:00","","TRUE","2026-09-15 10:31:41","d0b1db5beee321decdd9792c70aa89c1b7543fc7f3bee3dd0bfc8cfc71492ea5"
"c7a518c3-1612-52b4-831f-3ddbf5f8e08f","SH100161","","","SELF","HMO-2024-03","Sutter Health Hmo Gold","HMO","COMMERCIAL","GRP10311","Bay Area Health Alliance","1946-07-07","F","95054","06085","CA","2023-08-20","2024-11-20","TERMED","FALSE","FALSE","","2.9243","3.0625","VERY_HIGH","38","2.7531","TRUE","1","1393771337","ELIGIBILITY_834","2026-08-27 00:00:00","","TRUE","2026-09-15 10:31:41","422d63b041e27e09f4ff82fa7921a1cfb6818434be60738411cdda4e59b1e900"
"c9d1dfc9-3fa9-5789-a2e2-89b4a10a0d86","SH100162","","","SPOUSE","HDH-2024-02","Sutter Health Hdhp Gold","HDHP","COMMERCIAL","GRP10332","UCSF Health Partners","1943-10-07","F","95126","06085","CA","2025-09-19","","PENDING","FALSE","FALSE","","1.0887","1.1587","MODERATE","17","1.2283","FALSE","2","1641051458","ELIGIBILITY_834","2026-08-29 00:00:00","","TRUE","2026-09-15 10:31:41","ecde2c6e3ed419c24d5774b949e8e0873c4cd9f79f6e8fa9f8c66360761eef6a"
"dd1bca2e-b2f0-5c71-80b8-915acd623232","SH100163","","","SPOUSE","POS-2024-05","Sutter Health Pos Gold","POS","COMMERCIAL","GRP10349","Central Valley Employers Group","1981-02-22","F","94132","06075","CA","2025-07-23","","PENDING","FALSE","FALSE","","0.3872","0.407","LOW","2","0.3722","FALSE","3","1257226287","ELIGIBILITY_834","2026-08-29 00:00:00","","TRUE","2026-09-15 10:31:41","c0e8d8f46fc978260f54b56cd025ec960d273ac6ffcec2ee0ffd1dafb274f43c"
"0a3798cb-b9a4-5579-9d3b-bda81fe905da","SH100164","N9CA-4K-3973","","SPOUSE","MED-2024-09","Sutter Health Medicare Advantage Gold","MEDICARE_ADVANTAGE","MEDICARE","GRP10195","California State Employees","1968-10-19","F","93720","06085","CA","2022-09-26","","ACTIVE","FALSE","FALSE","LIS2","2.3613","2.1754","HIGH","26","2.675","FALSE","4","1547284589","ELIGIBILITY_834","2026-08-16 00:00:00","","TRUE","2026-09-15 10:31:41","8d1a9e2fbc2a6c1b9783da1a8de1673716c040d13059791de3f514fd9185bdc5"
"a959878b-59bc-5a56-b99d-629cc3bd3f62","SH100165","","","SELF","HMO-2024-01","Sutter Health Hmo Gold","HMO","COMMERCIAL","GRP10238","UCSF Health Partners","2020-06-20","F","94603","06075","CA","2025-01-11","","ACTIVE","FALSE","FALSE","","0.4675","0.4344","LOW","2","0.5293","FALSE","0","1142885885","ELIGIBILITY_834","2026-08-26 00:00:00","","TRUE","2026-09-15 10:31:41","a7f98b296f2559563699e5d1790883566d5404c9f496ff080b1f7ac32cce5dc1"
"66e1e01f-df55-5f06-b161-20827d73e604","SH100166","","","SELF","PPO-2024-05","Sutter Health Ppo Gold","PPO","COMMERCIAL","GRP10178","Bay Area Health Alliance","1978-09-30","M","94578","06001","CA","2023-06-14","","ACTIVE","FALSE","FALSE","","0.3409","0.3414","LOW","5","0.3292","FALSE","2","1329086910","ELIGIBILITY_834","2026-08-22 00:00:00","","TRUE","2026-09-15 10:31:41","d249df10249e72e6fc0acef1d6cbd88cf01a2f5cf1bb4621da43b372ad939405"
"683340a4-d1de-5786-a29c-f5e0084c6efb","SH100167","","","SPOUSE","PPO-2024-01","Sutter Health Ppo Gold","PPO","COMMERCIAL","GRP10407","Palo Alto Medical Foundation","1937-10-03","M","94103","06075","CA","2024-08-29","","ACTIVE","FALSE","FALSE","","1.478","1.6636","MODERATE","15","1.7343","FALSE","1","1514331133","ELIGIBILITY_834","2026-08-20 00:00:00","","TRUE","2026-09-15 10:31:41","93d8944b03e4653d08e268346294aabc9ecf3f1959a3f3eabd33e2857443f4aa"
"44a2206b-9b0d-509f-924c-1ed2199b5cf9","SH100168","","","SELF","HMO-2024-07","Sutter Health Hmo Gold","HMO","COMMERCIAL","GRP10107","Bay Area Health Alliance","1968-05-01","F","94578","06001","CA","2026-06-02","","ACTIVE","FALSE","FALSE","","2.7482","2.474","HIGH","35","3.0064","TRUE","1","1835948208","ELIGIBILITY_834","2026-08-16 00:00:00","","TRUE","2026-09-15 10:31:41","6744d7bd676309cdf9cfbca8a0cad13eec60a253153dc74a1415a7e5d9786a3d"
"c456a649-0b1b-5165-952e-7d48bb40c212","SH100169","","","SPOUSE","HMO-2024-09","Sutter Health Hmo Gold","HMO","COMMERCIAL","GRP10207","California State Employees","1991-08-11","M","95131","06085","CA","2024-04-14","","ACTIVE","FALSE","FALSE","","0.3423","0.3753","LOW","3","0.3087","FALSE","0","1439736473","ELIGIBILITY_834","2026-08-23 00:00:00","","TRUE","2026-09-15 10:31:41","398e3976046d124c4f5f7810ae3dd8bcb0fab0736a61e55e4570993bf537a8c8"
"81157985-c861-5370-86b5-19a5a7e8af99","SH100170","J34Q-66-8424","","DEPENDENT","MED-2024-06","Sutter Health Medicare Advantage Gold","MEDICARE_ADVANTAGE","MEDICARE","GRP10242","UCSF Health Partners","1980-01-13","M","95128","06085","CA","2024-03-30","2024-05-30","TERMED","FALSE","FALSE","LIS1","0.3519","0.3799","LOW","6","0.3751","FALSE","3","1672806655","ELIGIBILITY_834","2026-08-29 00:00:00","","TRUE","2026-09-15 10:31:41","b9cc95a22d30146ba7ae6d45fe0838672a616ec4043b0ce5ef430e88dd2bfdff"
"c125a20f-3b52-54d0-93e5-7775ff81b84c","SH100171","","","SELF","HMO-2024-02","Sutter Health Hmo Gold","HMO","COMMERCIAL","GRP10082","UCSF Health Partners","1975-12-27","F","95131","06085","CA","2022-11-03","2023-04-27","TERMED","FALSE","FALSE","","1.5673","1.6735","MODERATE","16","1.4958","FALSE","2","1337069279","ELIGIBILITY_834","2026-08-21 00:00:00","","TRUE","2026-09-15 10:31:41","0717318f5c2a78786d7effcb4ef860acd9dcd760c606c8b7ee7cf207582284c8"
"35599560-835b-5040-a38e-046a80f1b2a3","SH100172","","","SELF","HMO-2024-05","Sutter Health Hmo Gold","HMO","COMMERCIAL","GRP10317","Palo Alto Medical Foundation","1981-08-23","M","93701","06085","CA","2025-02-22","","ACTIVE","FALSE","FALSE","","1.7564","1.6811","MODERATE","25","1.9462","FALSE","1","1307767506","ELIGIBILITY_834","2026-09-11 00:00:00","","TRUE","2026-09-15 10:31:41","a9c050884c55098331d0f90b0d83c6df8afde9098c5acd64ef0b64ef15e8f2d9"
"21184b79-1deb-5635-b376-f3c737052a56","SH100173","","","SELF","HDH-2024-02","Sutter Health Hdhp Gold","HDHP","COMMERCIAL","GRP10396","Central Valley Employers Group","1985-06-04","F","94501","06001","CA","2023-11-13","","ACTIVE","FALSE","FALSE","","0.5157","0.5435","LOW","6","0.5944","FALSE","2","1622881542","ELIGIBILITY_834","2026-08-19 00:00:00","","TRUE","2026-09-15 10:31:41","d6675d6ab189a10ebf3cb30f9b4befbba2719f24d016d8328cd52279511af425"
"56c829c4-9c1a-5cd4-a91a-0a027118ea51","SH100174","F6QJ-95-9427","","SELF","MED-2024-06","Sutter Health Medicare Advantage Gold","MEDICARE_ADVANTAGE","MEDICARE","GRP10278","Kaiser Community Partners","2022-08-09","F","94123","06075","CA","2026-04-03","","ACTIVE","FALSE","FALSE","LIS1","1.6314","1.67","MODERATE","23","1.7926","FALSE","2","1606917752","ELIGIBILITY_834","2026-08-19 00:00:00","","TRUE","2026-09-15 10:31:41","9182168c563e8a7ec64cea150aab11c80101aa72a03db7becc0931e27927b3a2"
"0ad2e249-9272-5aaa-bed4-4497ce264dc2","SH100175","","CA6846530109","SELF","MED-2024-08","Sutter Health Medicaid Managed Gold","MEDICAID_MANAGED","MEDICAID","GRP10135","NorCal Tech Coalition","1991-12-09","F","93727","06085","CA","2023-09-23","","ACTIVE","FALSE","FALSE","","1.3352","1.2786","MODERATE","13","1.5548","FALSE","0","1351275639","ELIGIBILITY_834","2026-09-14 00:00:00","","TRUE","2026-09-15 10:31:41","0e13d018be24a2a906ecd4104ba23d35ffe8af1e99cafec17dfca54e63446ea5"
"7291566a-82d8-57c2-8e66-bc4ee50ab9a9","SH100176","","","DEPENDENT","HDH-2024-06","Sutter Health Hdhp Gold","HDHP","COMMERCIAL","GRP10464","Bay Area Health Alliance","1941-05-25","F","94577","06001","CA","2025-01-18","","ACTIVE","FALSE","FALSE","","1.2407","1.2733","MODERATE","10","1.2978","FALSE","1","1654449982","ELIGIBILITY_834","2026-08-31 00:00:00","","TRUE","2026-09-15 10:31:41","89e2fd397e454cb034657c513a3f83cbe8202a4f33f72f8f1fb82590980895bf"
"fad85c99-2ace-5840-be24-c0edce6fd04c","SH100177","","","SELF","PPO-2024-03","Sutter Health Ppo Gold","PPO","COMMERCIAL","GRP10169","Palo Alto Medical Foundation","1992-08-15","F","93711","06085","CA","2025-03-03","","ACTIVE","FALSE","FALSE","","0.3944","0.4065","LOW","1","0.4315","FALSE","3","1617024564","ELIGIBILITY_834","2026-09-02 00:00:00","","TRUE","2026-09-15 10:31:41","4580caebdfb5ec96bc6acce63395a30c3a8869aadf0bcddeeacd9724cc1059e9"
"a1d5fafa-7d8f-5f9f-9635-ed80a1af614a","SH100178","","","DEPENDENT","HMO-2024-04","Sutter Health Hmo Gold","HMO","COMMERCIAL","GRP10288","Sutter Medical Foundation","1974-07-22","F","94577","06001","CA","2024-03-09","","ACTIVE","FALSE","FALSE","","1.8559","1.7213","HIGH","18","1.9204","FALSE","3","1872608028","ELIGIBILITY_834","2026-08-31 00:00:00","","TRUE","2026-09-15 10:31:41","c5e2f100dacf2a0183238b76332f7714f379aa3ca9ba1699feb47603cac37c13"
"b0cff5c2-3fa4-546f-948d-fd37e3312c99","SH100179","","","SELF","HMO-2024-09","Sutter Health Hmo Gold","HMO","COMMERCIAL","GRP10117","California State Employees","1962-12-07","F","95148","06085","CA","2023-02-12","","ACTIVE","FALSE","FALSE","","2.0645","2.2034","HIGH","24","2.2819","TRUE","0","1513886549","ELIGIBILITY_834","2026-08-20 00:00:00","","TRUE","2026-09-15 10:31:41","64ce5c935697ffa1d04e30c3aea4d309d49c418c3b672663b159f6d98afe90f6"
"3b7b1661-b872-5599-b7ee-2f9488ebdf57","SH100180","","","DEPENDENT","HMO-2024-08","Sutter Health Hmo Gold","HMO","COMMERCIAL","GRP10215","NorCal Tech Coalition","1968-12-31","F","93727","06085","CA","2022-10-27","","ACTIVE","FALSE","FALSE","","1.9303","1.9902","HIGH","17","2.1945","TRUE","3","1146641502","ELIGIBILITY_834","2026-09-03 00:00:00","","TRUE","2026-09-15 10:31:41","6f0b1314644c9fe11a0cd2e74b079dd99cca87a576e92c39d8e2d46551e390f9"
"4e6107e5-6435-5bfc-a95e-294a5842d21c","SH100181","","","DEPENDENT","HMO-2024-07","Sutter Health Hmo Gold","HMO","COMMERCIAL","GRP10060","Kaiser Community Partners","1974-06-01","F","93720","06085","CA","2026-06-03","","ACTIVE","FALSE","FALSE","","2.3437","2.1734","HIGH","22","2.364","TRUE","1","1107724556","ELIGIBILITY_834","2026-09-11 00:00:00","","TRUE","2026-09-15 10:31:41","11754c19cc7457b2c499e180269a81664a7ddc6258b78dd2b121ac7b93d83cc6"
"04cf725d-ceb2-5212-ba75-1205e6f79e1b","SH100182","","CA7775960117","SPOUSE","MED-2024-07","Sutter Health Medicaid Managed Gold","MEDICAID_MANAGED","MEDICAID","GRP10284","Safeway Health Plan","1963-03-28","F","94501","06001","CA","2025-06-16","","ACTIVE","FALSE","FALSE","","1.0833","1.1002","MODERATE","15","1.2141","FALSE","5","1372491666","ELIGIBILITY_834","2026-08-19 00:00:00","","TRUE","2026-09-15 10:31:41","318b50168cdff83ccfacfff7e84cd36ef573f59421ef779a20ead5e3f5ee8d30"
"07f17a70-0f34-58d1-b812-c7793276acf0","SH100183","","","DEPENDENT","PPO-2024-07","Sutter Health Ppo Gold","PPO","COMMERCIAL","GRP10411","Palo Alto Medical Foundation","1939-08-17","M","94122","06075","CA","2024-04-12","2026-10-16","COBRA","TRUE","FALSE","","1.3955","1.478","MODERATE","11","1.2929","FALSE","0","1983963824","ELIGIBILITY_834","2026-09-07 00:00:00","","TRUE","2026-09-15 10:31:41","667c07409e13041d716f35aa294546fd765730daccdd80c10ec19a0312aceacd"
"e8b2f6c7-77e0-5f07-a2b5-93a980ce459c","SH100184","","","SELF","POS-2024-04","Sutter Health Pos Gold","POS","COMMERCIAL","GRP10103","Kaiser Community Partners","1960-03-10","F","93701","06085","CA","2023-09-09","","ACTIVE","FALSE","FALSE","","2.3975","2.7181","HIGH","25","2.6002","FALSE","0","1407097155","ELIGIBILITY_834","2026-08-25 00:00:00","","TRUE","2026-09-15 10:31:41","5dd0897b70b044bf491fef688d0172a53cb1573e02acb972b6e7f3f2054632b8"
"c736b786-92cb-5005-b3bb-72da43f26d07","SH100185","P67K-J0-3769","","SELF","MED-2024-09","Sutter Health Medicare Advantage Gold","MEDICARE_ADVANTAGE","MEDICARE","GRP10145","Kaiser Community Partners","1961-08-18","F","94102","06075","CA","2026-01-28","2027-09-12","TERMED","FALSE","FALSE","LIS1","1.2556","1.288","MODERATE","17","1.3405","FALSE","0","1725918919","ELIGIBILITY_834","2026-08-30 00:00:00","","TRUE","2026-09-15 10:31:41","4c350f27d9e3e4d59c370f052c10f6b6089cbce1c35540d6df2064e5499e06fa"
"9a489f19-8ad8-53ee-b316-d73f015e6615","SH100186","","","SELF","HDH-2024-07","Sutter Health Hdhp Gold","HDHP","COMMERCIAL","GRP10348","Safeway Health Plan","1945-01-03","F","93727","06085","CA","2024-07-22","2027-02-09","COBRA","TRUE","FALSE","","2.7661","2.8185","HIGH","30","3.0153","TRUE","4","1730100172","ELIGIBILITY_834","2026-09-08 00:00:00","","TRUE","2026-09-15 10:31:41","0f5fd9a10a9ccc8c3f35b3f6c87aee2eb89d111f7cdb3a5b2775caae2119dad2"
"a0cec4b9-1fa5-561b-8cd4-d90cb2afb702","SH100187","","","DEPENDENT","PPO-2024-04","Sutter Health Ppo Gold","PPO","COMMERCIAL","GRP10181","Bay Area Health Alliance","1970-10-06","F","94578","06001","CA","2025-06-17","","ACTIVE","FALSE","FALSE","","0.7042","0.772","LOW","4","0.7392","FALSE","1","1716019237","ELIGIBILITY_834","2026-09-09 00:00:00","","TRUE","2026-09-15 10:31:41","85752c22c4f79cd6b30f93539f944bc67a9270c58762e808c0dd98d3d2c00bcd"
"c3098cc2-9db7-5146-a7e7-9f60b889924e","SH100188","","","SELF","PPO-2024-05","Sutter Health Ppo Gold","PPO","COMMERCIAL","GRP10438","Kaiser Community Partners","1978-05-23","F","94501","06001","CA","2023-01-07","","ACTIVE","FALSE","FALSE","","1.9199","1.6771","HIGH","27","2.0106","TRUE","3","1145379683","ELIGIBILITY_834","2026-08-22 00:00:00","","TRUE","2026-09-15 10:31:41","c388654a66b69d0fabe70bc260c8fbaaed9b52c277509b4b4e82b31e992d16ba"
"ad82e8f6-41d6-575a-9133-a06bc6d49747","SH100189","","","SPOUSE","PPO-2024-07","Sutter Health Ppo Gold","PPO","COMMERCIAL","GRP10061","Kaiser Community Partners","1973-09-01","F","93727","06085","CA","2025-06-25","","ACTIVE","FALSE","FALSE","","4.1465","3.9565","CATASTROPHIC","53","4.4546","TRUE","1","1593997037","ELIGIBILITY_834","2026-09-05 00:00:00","","TRUE","2026-09-15 10:31:41","9bfac601e50654ebf9f2cbd06a94ba3643dcabce6e059ce496b35a9e0c5137eb"
"ff6f3127-fed5-5b42-ae6a-9c8d65c2ecc0","SH100190","","","DEPENDENT","PPO-2024-05","Sutter Health Ppo Gold","PPO","COMMERCIAL","GRP10092","UCSF Health Partners","1989-01-26","F","95126","06085","CA","2024-03-19","","ACTIVE","FALSE","FALSE","","0.5544","0.5409","LOW","6","0.6327","FALSE","3","1718360105","ELIGIBILITY_834","2026-08-29 00:00:00","","TRUE","2026-09-15 10:31:41","941a377d70015552bcbf04710e1f888981e249e4add180e4fac9c8f0e4066743"
"ed470c0a-96f8-5a23-853c-503f8ab15c44","SH100191","","","SELF","POS-2024-05","Sutter Health Pos Gold","POS","COMMERCIAL","GRP10439","Sutter Medical Foundation","1996-09-18","M","94501","06001","CA","2024-10-11","","ACTIVE","FALSE","FALSE","","7.8223","7.8622","CATASTROPHIC","92","8.1584","TRUE","0","1527780790","ELIGIBILITY_834","2026-08-26 00:00:00","","TRUE","2026-09-15 10:31:41","52faa3045c34b0516a3146b60c3a896be600ee93d1dd5fae03249caa3e952f74"
"2ce1de10-42c7-5209-b4e5-ad9db5569a61","SH100192","M6N2-WV-7169","","SPOUSE","MED-2024-03","Sutter Health Medicare Advantage Gold","MEDICARE_ADVANTAGE","MEDICARE","GRP10332","Kaiser Community Partners","1979-12-15","F","94609","06075","CA","2025-05-06","","ACTIVE","FALSE","FALSE","LIS2","0.5471","0.5227","LOW","11","0.5975","FALSE","1","1287409640","ELIGIBILITY_834","2026-08-17 00:00:00","","TRUE","2026-09-15 10:31:41","5e36347c92e786b7de62f073f7c0e8fa1abee82031829d4a3d1e2734f89f7bc5"
"ffea3d64-a0c0-5cb0-893b-628ab530e3b0","SH100193","","","DEPENDENT","PPO-2024-07","Sutter Health Ppo Gold","PPO","COMMERCIAL","GRP10227","NorCal Tech Coalition","1967-08-25","M","93701","06085","CA","2024-03-30","","ACTIVE","FALSE","FALSE","","1.4877","1.5816","MODERATE","21","1.4136","FALSE","2","1903046674","ELIGIBILITY_834","2026-08-19 00:00:00","","TRUE","2026-09-15 10:31:41","a8f6ab438df2ad123f610dbc5ff5fab034227931d7ab1d96a06a46e14ed5b03f"
"a9c3663c-8b0f-5bbd-9581-5ad7fcb6b796","SH100194","","","SELF","PPO-2024-03","Sutter Health Ppo Gold","PPO","COMMERCIAL","GRP10203","Kaiser Community Partners","1979-10-04","F","94578","06001","CA","2026-02-27","","ACTIVE","FALSE","FALSE","","0.3573","0.4041","LOW","6","0.3306","FALSE","5","1921408597","ELIGIBILITY_834","2026-08-17 00:00:00","","TRUE","2026-09-15 10:31:41","54f9098d49e462176f6d6661d19c32ac9377f1492eb3e385a04494a51573e6fe"
"e28efe46-209d-5aec-8ece-cfa023ec3b4b","SH100195","","","DEPENDENT","POS-2024-09","Sutter Health Pos Gold","POS","COMMERCIAL","GRP10276","Central Valley Employers Group","1987-11-09","M","94501","06001","CA","2023-11-04","","PENDING","FALSE","FALSE","","0.3211","0.3073","LOW","3","0.306","FALSE","1","1688996003","ELIGIBILITY_834","2026-08-27 00:00:00","","TRUE","2026-09-15 10:31:41","9de50aa809be789b2435cd517b5c78181ab939c724283b2d6c09142ef8480e2a"
"09a99878-42b8-5cff-be87-b8c324bbd370","SH100196","","","SELF","PPO-2024-08","Sutter Health Ppo Gold","PPO","COMMERCIAL","GRP10417","UCSF Health Partners","1966-04-06","F","95014","06085","CA","2026-05-27","","ACTIVE","FALSE","FALSE","","0.4847","0.4719","LOW","2","0.5739","FALSE","1","1469243620","ELIGIBILITY_834","2026-08-31 00:00:00","","TRUE","2026-09-15 10:31:41","a995598f267419cd873fcb7391fcbcdf30e21edccece4b6a48d70866f9933534"
"38dc78e8-1f9c-51e5-bbae-80ff772825d0","SH100197","","","DEPENDENT","HMO-2024-05","Sutter Health Hmo Gold","HMO","COMMERCIAL","GRP10040","California State Employees","1970-09-26","F","95128","06085","CA","2024-05-04","","ACTIVE","FALSE","FALSE","","3.3245","3.0751","VERY_HIGH","44","3.276","FALSE","1","1771435478","ELIGIBILITY_834","2026-08-23 00:00:00","","TRUE","2026-09-15 10:31:41","0565becd66fdbc296cc036c36e5c1bcade581b0fdb38a28c8830c178a5bf518f"
"57884302-a31e-5aac-942e-24c7eedb45ef","SH100198","","","SELF","POS-2024-03","Sutter Health Pos Gold","POS","COMMERCIAL","GRP10273","Sutter Medical Foundation","2000-04-26","M","94102","06075","CA","2025-08-10","","ACTIVE","FALSE","FALSE","","1.5304","1.5267","MODERATE","18","1.7057","FALSE","5","1299648970","ELIGIBILITY_834","2026-08-23 00:00:00","","TRUE","2026-09-15 10:31:41","e6175128396f524423ed25eb7f2246f293dc2000c4938b19e896b9288dc76048"
"801efa9d-d70d-5e16-abbe-c7be295d5620","SH100199","Q2XV-GH-4601","","SELF","MED-2024-08","Sutter Health Medicare Advantage Gold","MEDICARE_ADVANTAGE","MEDICARE","GRP10028","Central Valley Employers Group","1974-04-06","M","95054","06085","CA","2026-01-04","2026-07-02","TERMED","FALSE","FALSE","LIS2","2.1714","2.2997","HIGH","20","2.4348","FALSE","5","1932850970","ELIGIBILITY_834","2026-09-14 00:00:00","","TRUE","2026-09-15 10:31:41","5990e1d2a07ac1e54e1b41aeb3c890e06a4b314207226e933248664052d47843"
"4cae93fe-4c70-55ee-be1e-9669afb39e41","SH100200","","","SELF","HDH-2024-01","Sutter Health Hdhp Gold","HDHP","COMMERCIAL","GRP10129","Safeway Health Plan","1964-06-16","F","93722","06085","CA","2023-05-19","","ACTIVE","FALSE","FALSE","","1.1908","1.2369","MODERATE","9","1.3803","FALSE","1","1785605643","ELIGIBILITY_834","2026-09-09 00:00:00","","TRUE","2026-09-15 10:31:41","8328c3ef97d2e499711f7e7b2c6d5cc898ca255c79310b65a66bd6faf4d51f47"
"cce96618-b3f0-50d9-9dce-a4c729091e3a","SH100201","","","SELF","PPO-2024-06","Sutter Health Ppo Gold","PPO","COMMERCIAL","GRP10394","Palo Alto Medical Foundation","2023-04-28","F","93720","06085","CA","2023-02-12","","ACTIVE","FALSE","FALSE","","0.8813","0.9027","LOW","12","1.0393","FALSE","0","1367063493","ELIGIBILITY_834","2026-08-22 00:00:00","","TRUE","2026-09-15 10:31:41","7ec1237d4786f0ea111d84c616ac97ea603161c050b9c52b0aa2dcdd6f1c8449"
"3eeb0f24-dc41-590e-a478-d1b5ef326294","SH100202","","","SELF","PPO-2024-08","Sutter Health Ppo Gold","PPO","COMMERCIAL","GRP10193","NorCal Tech Coalition","1957-08-09","M","93722","06085","CA","2025-05-18","","ACTIVE","FALSE","FALSE","","7.5485","8.1298","CATASTROPHIC","90","8.0596","FALSE","0","1877817678","ELIGIBILITY_834","2026-08-29 00:00:00","","TRUE","2026-09-15 10:31:41","c629306d694604f20e1dc5bf5af94aab3cd9c28139f622bf188a980c0d2516fb"
"22ed7eed-c183-5e19-bb4a-fe28e3995c3b","SH100203","A9Q4-G9-0959","","SPOUSE","MED-2024-09","Sutter Health Medicare Advantage Gold","MEDICARE_ADVANTAGE","MEDICARE","GRP10277","NorCal Tech Coalition","1982-01-30","M","95148","06085","CA","2024-10-20","","ACTIVE","FALSE","FALSE","","3.4654","3.0172","VERY_HIGH","37","3.3163","FALSE","1","1587563596","ELIGIBILITY_834","2026-08-25 00:00:00","","TRUE","2026-09-15 10:31:41","2caf248536cefcf8353eff600a72880e82b35e16f3711052d7a5ec9fc842b808"
"1a8453a4-49d1-5fd6-9fb1-7aeec4ec6f1f","SH100204","","","SELF","POS-2024-08","Sutter Health Pos Gold","POS","COMMERCIAL","GRP10050","Sutter Medical Foundation","1972-04-17","M","94123","06075","CA","2025-11-10","","ACTIVE","FALSE","FALSE","","0.8011","0.7121","LOW","4","0.8474","FALSE","2","1713119661","ELIGIBILITY_834","2026-08-24 00:00:00","","TRUE","2026-09-15 10:31:41","99d817b6e2926258dd0250300a1425f32341629b083e29865e6036523d697137"
"b20445e2-675b-53f6-9463-ec8faa476862","SH100205","","","DEPENDENT","PPO-2024-05","Sutter Health Ppo Gold","PPO","COMMERCIAL","GRP10480","California State Employees","1942-09-30","F","94103","06075","CA","2024-06-08","","ACTIVE","FALSE","FALSE","","2.6898","2.3509","HIGH","36","2.8477","FALSE","1","1982644252","ELIGIBILITY_834","2026-08-23 00:00:00","","TRUE","2026-09-15 10:31:41","4e1eff9b345ded87b76113c1728e5dfcbed26355a10900b8bfc4bf3c19b96636"
"351231a7-2945-5a31-a244-bc93206dc416","SH100206","","","SPOUSE","HMO-2024-02","Sutter Health Hmo Gold","HMO","COMMERCIAL","GRP10054","NorCal Tech Coalition","1999-05-27","F","94578","06001","CA","2023-05-01","","ACTIVE","FALSE","FALSE","","1.1239","1.1662","MODERATE","10","1.0678","FALSE","2","1824230874","ELIGIBILITY_834","2026-09-10 00:00:00","","TRUE","2026-09-15 10:31:41","a65b2deef210771303c09fa5458a5321f15ee83f8c9add77d6ebcd6b4384a472"
"28cfe9f0-a3a5-56ab-aca9-24c6324012f9","SH100207","","","SELF","PPO-2024-07","Sutter Health Ppo Gold","PPO","COMMERCIAL","GRP10371","NorCal Tech Coalition","1995-11-20","M","95131","06085","CA","2022-11-29","","ACTIVE","FALSE","FALSE","","0.8949","0.8478","LOW","10","1.011","FALSE","1","1753278884","ELIGIBILITY_834","2026-08-17 00:00:00","","TRUE","2026-09-15 10:31:41","9ba2b2a2d00ee735ce4bc2289fbaa2b403c5bf04de14103584695b4cd722aa53"
"8762f0d9-ebaa-5e56-ba2e-9896eca7d195","SH100208","","","SPOUSE","HDH-2024-03","Sutter Health Hdhp Gold","HDHP","COMMERCIAL","GRP10395","Central Valley Employers Group","2018-08-31","F","94131","06075","CA","2025-04-04","2025-05-26","TERMED","FALSE","FALSE","","1.7941","1.6874","MODERATE","20","1.6654","FALSE","2","1694491286","ELIGIBILITY_834","2026-09-01 00:00:00","","TRUE","2026-09-15 10:31:41","04293d5e11767f8e9e8c9d3a1b5d46ec5b51779e19e625c258c18c96695e4e7d"
"5d7fc68e-cd1f-5286-9a4c-86c8d8687381","SH100209","Y201-MC-9610","","SELF","MED-2024-07","Sutter Health Medicare Advantage Gold","MEDICARE_ADVANTAGE","MEDICARE","GRP10088","Safeway Health Plan","1950-05-30","M","93722","06085","CA","2024-08-22","","ACTIVE","FALSE","FALSE","","0.5399","0.6076","LOW","2","0.6366","FALSE","4","1986594254","ELIGIBILITY_834","2026-09-12 00:00:00","","TRUE","2026-09-15 10:31:41","08ec0ff9e63d8b0353cc794ab6ab5add59530e8e3598f41d08b722cdb55f9c7a"
"73fd43af-1a45-57b3-9a91-076aa3acf9cb","SH100210","","","SELF","PPO-2024-07","Sutter Health Ppo Gold","PPO","COMMERCIAL","GRP10385","Kaiser Community Partners","1981-04-23","F","94103","06075","CA","2024-04-04","","PENDING","FALSE","FALSE","","1.1941","1.2649","MODERATE","11","1.1277","FALSE","1","1196725836","ELIGIBILITY_834","2026-09-05 00:00:00","","TRUE","2026-09-15 10:31:41","0825204c86d900e03b33c8e8aa820c52685a1eb0ad293a384bb635accfbb369f"
"f942b2ad-b251-580a-bdba-ceb344af88ba","SH100211","","","SELF","POS-2024-02","Sutter Health Pos Gold","POS","COMMERCIAL","GRP10292","Bay Area Health Alliance","1965-05-19","M","94123","06075","CA","2023-09-22","","ACTIVE","FALSE","FALSE","","2.9565","2.6326","VERY_HIGH","37","2.897","FALSE","2","1702549133","ELIGIBILITY_834","2026-09-02 00:00:00","","TRUE","2026-09-15 10:31:41","093b8d2c9973966ff61335eef881ac7720b6dd87bed8f53ac61dd29161a4015b"
"486f6186-c2b8-5efb-aa2d-020f44f43623","SH100212","","","SELF","PPO-2024-02","Sutter Health Ppo Gold","PPO","COMMERCIAL","GRP10225","Sutter Medical Foundation","1966-04-05","M","94609","06075","CA","2023-12-25","","ACTIVE","FALSE","FALSE","","2.5697","2.3147","HIGH","30","2.3994","FALSE","1","1978505410","ELIGIBILITY_834","2026-09-14 00:00:00","","TRUE","2026-09-15 10:31:41","a1db2c6cdbbd7135c7b125977a7f676af6082df31b3ff7e1356d4e7963ac27c5"
"ab024ce7-ab65-5831-8812-48732aedb0ec","SH100213","","","DEPENDENT","PPO-2024-01","Sutter Health Ppo Gold","PPO","COMMERCIAL","GRP10132","Kaiser Community Partners","2018-09-27","F","94123","06075","CA","2023-05-25","","ACTIVE","FALSE","FALSE","","1.1987","1.285","MODERATE","12","1.2143","FALSE","2","1618645569","ELIGIBILITY_834","2026-08-18 00:00:00","","TRUE","2026-09-15 10:31:41","1e14362e713de89622e171b3a72e67db9d20f7c3f00cc1a6e65f7d7f16e12689"
"241274b6-2b30-5f7d-a9bc-b2eba5d007ee","SH100214","","","SPOUSE","HMO-2024-04","Sutter Health Hmo Gold","HMO","COMMERCIAL","GRP10055","Sutter Medical Foundation","1986-10-04","F","93711","06085","CA","2022-10-05","","ACTIVE","FALSE","FALSE","","0.9075","0.8772","MODERATE","9","1.0835","FALSE","4","1414064734","ELIGIBILITY_834","2026-08-30 00:00:00","","TRUE","2026-09-15 10:31:41","e1ad2a3c9f8f81ba2504cf990208d4f5f25a36b114b3331c6457ec0233ef8438"
"e1284f79-be2f-5f5b-aa66-884c17509489","SH100215","","CA7980313867","SELF","MED-2024-09","Sutter Health Medicaid Managed Gold","MEDICAID_MANAGED","MEDICAID","GRP10381","UCSF Health Partners","1963-06-28","M","95014","06085","CA","2024-08-03","","ACTIVE","FALSE","FALSE","","2.5125","2.1656","HIGH","32","2.4692","TRUE","1","1119727026","ELIGIBILITY_834","2026-09-14 00:00:00","","TRUE","2026-09-15 10:31:41","22074c3c7c609f136fbeb3c9613ab92596b2fd8391518fc0a3af7c716192cf88"
"94d45987-bea5-5a9d-892a-a7baeb927b00","SH100216","","","DEPENDENT","PPO-2024-06","Sutter Health Ppo Gold","PPO","COMMERCIAL","GRP10213","Bay Area Health Alliance","1961-05-11","M","93711","06085","CA","2023-01-10","2023-09-29","TERMED","FALSE","FALSE","","1.0235","1.0941","MODERATE","15","1.0591","FALSE","0","1715145139","ELIGIBILITY_834","2026-09-11 00:00:00","","TRUE","2026-09-15 10:31:41","512aa9fb57a0e5538b11d1d7190bdc679f130eab461ff3880423ec1403bc77d5"
"b6c0a266-de8f-54cb-b967-edecf5b9b3fe","SH100217","E3N7-9F-0566","","DEPENDENT","MED-2024-05","Sutter Health Medicare Advantage Gold","MEDICARE_ADVANTAGE","MEDICARE","GRP10034","Kaiser Community Partners","1940-07-28","M","93701","06085","CA","2023-04-18","2024-04-07","TERMED","FALSE","FALSE","LIS2","1.9353","2.2231","HIGH","19","2.1941","FALSE","1","1672263097","ELIGIBILITY_834","2026-09-12 00:00:00","","TRUE","2026-09-15 10:31:41","87b05fd9c6772126d126df96eaf6356146fc98b4a70883ecaa584de866fee704"
"08ddec8d-5946-5486-82dd-ca79afc8ad88","SH100218","","","SELF","PPO-2024-03","Sutter Health Ppo Gold","PPO","COMMERCIAL","GRP10364","NorCal Tech Coalition","1963-11-25","F","94121","06075","CA","2023-08-24","2025-01-15","TERMED","FALSE","FALSE","","1.5186","1.4545","MODERATE","19","1.4414","FALSE","4","1297543237","ELIGIBILITY_834","2026-09-08 00:00:00","","TRUE","2026-09-15 10:31:41","624e8a787b97f2055838ca7c9460fa561127584e5a512975b0ff78aaea84c092"
"615b4240-dac7-5769-ba12-93a836b1070f","SH100219","","CA8835431320","SPOUSE","MED-2024-07","Sutter Health Medicaid Managed Gold","MEDICAID_MANAGED","MEDICAID","GRP10443","Safeway Health Plan","1953-06-12","F","94609","06075","CA","2023-09-18","","ACTIVE","FALSE","FALSE","","2.8794","3.2483","VERY_HIGH","35","3.2328","FALSE","1","1364982130","ELIGIBILITY_834","2026-08-27 00:00:00","","TRUE","2026-09-15 10:31:41","b66af97d4a7ba69281981810334daa4fc1797ec80d28cd83f54a93acdcb47ec1"
"7dcfeada-00fe-5043-aa41-a868f13eb28e","SH100220","","","SELF","POS-2024-05","Sutter Health Pos Gold","POS","COMMERCIAL","GRP10264","Sutter Medical Foundation","1939-01-14","M","95128","06085","CA","2026-03-29","","ACTIVE","FALSE","FALSE","","3.8533","3.5594","VERY_HIGH","48","4.0013","TRUE","1","1303850254","ELIGIBILITY_834","2026-09-02 00:00:00","","TRUE","2026-09-15 10:31:41","b897d8560d130f6f66516cd6d22a3acf2a0e8df5f21fcb0f5938ae9ba362ab99"
"81dab765-4b43-5f4c-b5d4-c2f2cb7a0a33","SH100221","T49T-DK-5211","","SELF","MED-2024-06","Sutter Health Medicare Advantage Gold","MEDICARE_ADVANTAGE","MEDICARE","GRP10230","Sutter Medical Foundation","1967-11-04","M","94121","06075","CA","2024-04-03","","ACTIVE","FALSE","FALSE","LIS1","0.7672","0.868","LOW","12","0.811","FALSE","0","1292069408","ELIGIBILITY_834","2026-09-03 00:00:00","","TRUE","2026-09-15 10:31:41","59ec2a635c68f538f2b6be1393acec7bb4d08e31865a80410fc0fe571c9de5e9"
"011c4ffc-4c9a-5e5b-9ecb-1f801a2a40c2","SH100222","","","SELF","HDH-2024-03","Sutter Health Hdhp Gold","HDHP","COMMERCIAL","GRP10158","Safeway Health Plan","2010-06-24","F","93727","06085","CA","2026-03-04","","ACTIVE","FALSE","FALSE","","1.0351","1.1496","MODERATE","9","1.2298","FALSE","2","1410075739","ELIGIBILITY_834","2026-09-15 00:00:00","","TRUE","2026-09-15 10:31:41","7eadc43f028cefbeae35846adeae8f3ad2dd0d396979c75e375826c25a4c6e0f"
"61410dee-e035-5824-8e77-2484502f6cd6","SH100223","","","SPOUSE","POS-2024-04","Sutter Health Pos Gold","POS","COMMERCIAL","GRP10125","Kaiser Community Partners","1969-09-27","F","94115","06075","CA","2023-02-02","","ACTIVE","FALSE","FALSE","","1.4935","1.4728","MODERATE","19","1.3661","FALSE","2","1398621490","ELIGIBILITY_834","2026-09-11 00:00:00","","TRUE","2026-09-15 10:31:41","5f3a68303775ca3b334b0074e9db58a9eee2a8d3f0cf12deedda9a5bfef86ed7"
"43288a81-fb49-5c74-872b-3cdaf8e39ae4","SH100224","","CA1153931824","SPOUSE","MED-2024-06","Sutter Health Medicaid Managed Gold","MEDICAID_MANAGED","MEDICAID","GRP10358","Kaiser Community Partners","1973-11-24","M","95014","06085","CA","2023-01-13","","ACTIVE","FALSE","FALSE","","0.5502","0.4971","LOW","11","0.556","FALSE","5","1290502484","ELIGIBILITY_834","2026-09-03 00:00:00","","TRUE","2026-09-15 10:31:41","0ed0ccf6c87e6a4f4336b11999d05b342883e994c1ece86f1654f92438a286ab"
"89d4cf0c-fe94-548e-a7ef-7a16c67aaf49","SH100225","V5R0-8N-4899","","SELF","MED-2024-08","Sutter Health Medicare Advantage Gold","MEDICARE_ADVANTAGE","MEDICARE","GRP10373","Kaiser Community Partners","1978-07-21","M","94609","06075","CA","2026-02-18","","ACTIVE","FALSE","FALSE","","0.5483","0.5006","LOW","4","0.5745","FALSE","1","1194134670","ELIGIBILITY_834","2026-09-10 00:00:00","","TRUE","2026-09-15 10:31:41","34107fc79db21bb89c357961ec9784a3658fa2691f4225bdcb38fa46dabb0be9"
"9bfeaafe-3243-59a8-89a6-b5ee74be164e","SH100226","H5K6-DM-4885","","SELF","MED-2024-06","Sutter Health Medicare Advantage Gold","MEDICARE_ADVANTAGE","MEDICARE","GRP10326","Bay Area Health Alliance","2018-11-01","F","95054","06085","CA","2024-07-01","","ACTIVE","FALSE","FALSE","LIS3","0.6692","0.6521","LOW","2","0.6818","FALSE","3","1112130346","ELIGIBILITY_834","2026-08-28 00:00:00","","TRUE","2026-09-15 10:31:41","bd7db1bb81e5ce89bf10a3261b7f5226ec4c110e8cdb43940c6669a94e855254"
"5b5d2b6c-d541-5da2-b174-0d6812432fc6","SH100227","W5Y4-2N-8803","","DEPENDENT","MED-2024-06","Sutter Health Medicare Advantage Gold","MEDICARE_ADVANTAGE","MEDICARE","GRP10211","Sutter Medical Foundation","1951-02-01","F","95054","06085","CA","2023-11-13","","ACTIVE","FALSE","FALSE","LIS1","2.2815","2.3686","HIGH","29","2.717","TRUE","2","1996687959","ELIGIBILITY_834","2026-09-07 00:00:00","","TRUE","2026-09-15 10:31:41","cea736ee8f4cb916146537e83612c6deae0a9ad5811d1c5968d968ff87e25c4b"
"b434a270-c6fc-501f-8d22-1758e749084d","SH100228","","","DEPENDENT","HMO-2024-05","Sutter Health Hmo Gold","HMO","COMMERCIAL","GRP10044","Safeway Health Plan","1943-12-18","F","93720","06085","CA","2026-04-14","","ACTIVE","FALSE","FALSE","","0.7694","0.7251","LOW","9","0.7423","FALSE","1","1355166423","ELIGIBILITY_834","2026-09-06 00:00:00","","TRUE","2026-09-15 10:31:41","b8ade07c59a360a9539423a1f0f5db238cc9381a9092bdd3c7ed69b3ec810d8f"
"607e3cf6-3a53-5652-995f-50205695a085","SH100229","","","DEPENDENT","HMO-2024-03","Sutter Health Hmo Gold","HMO","COMMERCIAL","GRP10167","UCSF Health Partners","1960-08-15","M","93722","06085","CA","2023-07-11","","ACTIVE","FALSE","FALSE","","2.3001","2.0863","HIGH","29","2.2117","FALSE","4","1926224353","ELIGIBILITY_834","2026-09-14 00:00:00","","TRUE","2026-09-15 10:31:41","674a0b9a064a58240ba30f9de4a18f1d6f7384c7a20871182aae6d4f07b0e518"
"8d0665e9-780d-518f-841f-46f0ea54bda3","SH100230","","","SELF","HDH-2024-04","Sutter Health Hdhp Gold","HDHP","COMMERCIAL","GRP10381","Central Valley Employers Group","1996-04-16","F","94118","06075","CA","2023-07-17","","ACTIVE","FALSE","FALSE","","0.9784","0.9687","MODERATE","6","0.9747","FALSE","2","1124137992","ELIGIBILITY_834","2026-09-09 00:00:00","","TRUE","2026-09-15 10:31:41","b784eadada0b57fcd0d82521b0ae57fdb7a1d41e85cf7f69d25e0a849b03c99b"
"c383de29-b347-5dcc-8fba-293bcfa9c1d9","SH100231","","","DEPENDENT","HMO-2024-04","Sutter Health Hmo Gold","HMO","COMMERCIAL","GRP10163","Central Valley Employers Group","1971-07-31","M","94123","06075","CA","2023-06-02","","ACTIVE","FALSE","FALSE","","0.875","0.8907","LOW","6","0.8325","FALSE","4","1251995483","ELIGIBILITY_834","2026-09-06 00:00:00","","TRUE","2026-09-15 10:31:41","696d43f49f5413910121ef81abb2c2ba4a31ae1d115ad1dfe5419640814c2e33"
"b9e84286-b618-5dd8-b261-03d28a0fd6c4","SH100232","","","SPOUSE","PPO-2024-09","Sutter Health Ppo Gold","PPO","COMMERCIAL","GRP10159","NorCal Tech Coalition","1973-10-18","M","93701","06085","CA","2023-12-17","","ACTIVE","FALSE","FALSE","","0.5352","0.5681","LOW","10","0.4943","FALSE","0","1977721640","ELIGIBILITY_834","2026-08-17 00:00:00","","TRUE","2026-09-15 10:31:41","e9526715d13dbb5cb0d13020a84d57654909628491216c199d2c6af42ecc3ac0"
"9d409aca-87e4-56a5-854b-fd5101930e9c","SH100233","","","SELF","HDH-2024-02","Sutter Health Hdhp Gold","HDHP","COMMERCIAL","GRP10093","NorCal Tech Coalition","1963-02-10","M","94609","06075","CA","2025-01-05","2026-03-12","TERMED","FALSE","FALSE","","3.3647","3.8164","VERY_HIGH","36","3.508","TRUE","4","1946944681","ELIGIBILITY_834","2026-09-04 00:00:00","","TRUE","2026-09-15 10:31:41","d5b6147cbf393baf6020d38b1fcaab733f1fa426024889c653ac7d85e2df313e"
"f63db9ad-71b4-5c8c-9493-84f6c365ea9e","SH100234","","","SELF","POS-2024-04","Sutter Health Pos Gold","POS","COMMERCIAL","GRP10272","Safeway Health Plan","1951-11-29","F","93701","06085","CA","2026-01-23","","ACTIVE","FALSE","FALSE","","1.5428","1.3609","MODERATE","21","1.6421","FALSE","2","1530373413","ELIGIBILITY_834","2026-08-31 00:00:00","","TRUE","2026-09-15 10:31:41","71410591ab37134e38a4e4f6797431146c8a52666ce53820bfe25e6edf13adeb"
"b67e1e0b-ddf2-5601-aa05-d0b442811030","SH100235","","","SELF","PPO-2024-07","Sutter Health Ppo Gold","PPO","COMMERCIAL","GRP10237","NorCal Tech Coalition","1973-02-18","F","94501","06001","CA","2025-10-26","","ACTIVE","FALSE","FALSE","","1.9731","2.0735","HIGH","27","1.817","TRUE","0","1696020884","ELIGIBILITY_834","2026-09-12 00:00:00","","TRUE","2026-09-15 10:31:41","d00d0425ace4bc75564190998c04f80877bcfb480cdad59c83f955034ac4bb35"
"3141a6b1-4e7a-5533-b1cb-8b7e29415e0a","SH100236","Y8HH-29-5494","","SPOUSE","MED-2024-06","Sutter Health Medicare Advantage Gold","MEDICARE_ADVANTAGE","MEDICARE","GRP10149","California State Employees","2014-05-30","F","93711","06085","CA","2025-08-16","","ACTIVE","FALSE","FALSE","LIS1","3.5634","3.0291","VERY_HIGH","38","3.83","FALSE","4","1760965579","ELIGIBILITY_834","2026-08-27 00:00:00","","TRUE","2026-09-15 10:31:41","0c6530cca13b8a6332c42558c16e0105d781098715cbfbbaf04c906746f77898"
"d4b9fd06-7d6c-5d77-b149-1c3bea25daf8","SH100237","","","SELF","HMO-2024-07","Sutter Health Hmo Gold","HMO","COMMERCIAL","GRP10302","California State Employees","2009-12-12","F","94102","06075","CA","2025-02-21","","ACTIVE","FALSE","FALSE","","1.7808","1.5723","MODERATE","19","1.8352","FALSE","1","1771318744","ELIGIBILITY_834","2026-09-09 00:00:00","","TRUE","2026-09-15 10:31:41","36f6c7779931e2ce05de1e3cb9bfb63aa9f6d464f15dc9d77f499654baed9ead"
"d8c63b66-c624-5ddb-bfdd-618564c9a78e","SH100238","","","SELF","HMO-2024-07","Sutter Health Hmo Gold","HMO","COMMERCIAL","GRP10453","Safeway Health Plan","1989-03-24","F","93701","06085","CA","2026-05-16","","ACTIVE","FALSE","FALSE","","7.0153","6.2456","CATASTROPHIC","78","8.124","FALSE","1","1806443412","ELIGIBILITY_834","2026-08-18 00:00:00","","TRUE","2026-09-15 10:31:41","4e6291cc8ad6bc66a9518e135a1c676765c67eaa6e36b74e72aa26e4eb4f118b"
"93f39979-3159-5909-b86d-ae68cb3d95ae","SH100239","","","DEPENDENT","PPO-2024-08","Sutter Health Ppo Gold","PPO","COMMERCIAL","GRP10474","Kaiser Community Partners","1968-02-12","M","93720","06085","CA","2023-08-25","","ACTIVE","FALSE","FALSE","","0.9067","0.9062","MODERATE","8","1.0078","FALSE","1","1718853630","ELIGIBILITY_834","2026-09-12 00:00:00","","TRUE","2026-09-15 10:31:41","a57930bf76ace92d17a9b691ad73b262d661f62eecc2dfe1d67ea402df95d6f4"
"19d3868e-6ca3-5521-80b9-cc13133a7631","SH100240","","","SPOUSE","HMO-2024-08","Sutter Health Hmo Gold","HMO","COMMERCIAL","GRP10276","Central Valley Employers Group","1965-05-10","M","93711","06085","CA","2026-01-09","","ACTIVE","FALSE","FALSE","","2.9061","2.8821","VERY_HIGH","39","3.0113","TRUE","0","1758245742","ELIGIBILITY_834","2026-08-18 00:00:00","","TRUE","2026-09-15 10:31:41","71bcd95abf0b7a342c9004736af7d9472a11add85b026df838fa2a289e2bddda"
"8cd998c1-0c16-589f-8f46-2699f6f20c6e","SH100241","","","SELF","HDH-2024-08","Sutter Health Hdhp Gold","HDHP","COMMERCIAL","GRP10026","Central Valley Employers Group","1985-09-07","F","94501","06001","CA","2023-03-21","","ACTIVE","FALSE","FALSE","","0.771","0.7156","LOW","14","0.713","FALSE","3","1968545231","ELIGIBILITY_834","2026-08-30 00:00:00","","TRUE","2026-09-15 10:31:41","fa5253bc3527c5ab5a3bd3a2fd403837d4510699a1a59d9fdf0740d2733d27c4"
"8adc3ede-7fed-5323-9f6b-80e7c6d86be5","SH100242","","","SELF","HMO-2024-01","Sutter Health Hmo Gold","HMO","COMMERCIAL","GRP10358","Bay Area Health Alliance","1987-05-17","M","95126","06085","CA","2025-06-23","","ACTIVE","FALSE","FALSE","","0.6551","0.5865","LOW","9","0.657","FALSE","0","1620677295","ELIGIBILITY_834","2026-09-13 00:00:00","","TRUE","2026-09-15 10:31:41","db814b3e94d31675ee68eb76fc6c195d2cec9a9382e5f17238c0ed8a46b2d1e3"
"27238909-2d5a-53e4-a4ef-2d4c4b817315","SH100243","","","SELF","PPO-2024-09","Sutter Health Ppo Gold","PPO","COMMERCIAL","GRP10419","Palo Alto Medical Foundation","1937-03-25","M","94103","06075","CA","2022-11-10","","ACTIVE","FALSE","FALSE","","2.0109","2.1523","HIGH","23","1.9508","TRUE","0","1156396358","ELIGIBILITY_834","2026-08-25 00:00:00","","TRUE","2026-09-15 10:31:41","0f89557f7376c49555be3e78286f9f7ccca8490d8aec8e6e3363cec55e3e95d1"
"b4006b12-643b-5dda-a6bf-3a675a57b0b0","SH100244","K6KK-6E-4967","","SPOUSE","MED-2024-04","Sutter Health Medicare Advantage Gold","MEDICARE_ADVANTAGE","MEDICARE","GRP10489","California State Employees","1945-09-29","M","94118","06075","CA","2023-06-25","","ACTIVE","FALSE","FALSE","LIS3","1.1841","1.1948","MODERATE","8","1.3064","FALSE","3","1755503884","ELIGIBILITY_834","2026-09-10 00:00:00","","TRUE","2026-09-15 10:31:41","d562b74269f057f92347d865dc2904fa2207ef0004b725219efadf09999315bf"
"81d08022-3ad1-56cc-a146-68df0153bd15","SH100245","","","SPOUSE","HDH-2024-02","Sutter Health Hdhp Gold","HDHP","COMMERCIAL","GRP10480","Bay Area Health Alliance","2016-07-29","F","94102","06075","CA","2022-12-27","","ACTIVE","FALSE","FALSE","","0.7352","0.6805","LOW","3","0.6807","FALSE","2","1743584714","ELIGIBILITY_834","2026-08-27 00:00:00","","TRUE","2026-09-15 10:31:41","a49fdc8dd21027b9ab0abc1d81e395cf36f34726ab6abbee84fa19a213f82114"
"fc8dbb3d-34f0-5106-8b52-c32a0c26e729","SH100246","","","SELF","HDH-2024-01","Sutter Health Hdhp Gold","HDHP","COMMERCIAL","GRP10354","NorCal Tech Coalition","1964-06-28","F","95148","06085","CA","2024-11-28","","ACTIVE","FALSE","FALSE","","1.3203","1.4931","MODERATE","20","1.3399","FALSE","0","1376313067","ELIGIBILITY_834","2026-09-05 00:00:00","","TRUE","2026-09-15 10:31:41","2947d8fded74ccbbc5d02bcba20cc3f4efd4c96073548bdf3bdfc1aefacad967"
"4be8bbe4-c2c0-5440-9799-c7d8932577f1","SH100247","","","SELF","PPO-2024-02","Sutter Health Ppo Gold","PPO","COMMERCIAL","GRP10329","Palo Alto Medical Foundation","1972-01-21","F","93727","06085","CA","2024-01-16","","ACTIVE","FALSE","FALSE","","1.4809","1.3069","MODERATE","20","1.3641","FALSE","3","1574144746","ELIGIBILITY_834","2026-08-23 00:00:00","","TRUE","2026-09-15 10:31:41","644e78bc0bfabe29881445e247e90bbc90fbf53522c91fdb8d5004a55a521f18"
"342f879e-45ee-5b8a-bcc2-f14f4e0d8b44","SH100248","","","DEPENDENT","HMO-2024-02","Sutter Health Hmo Gold","HMO","COMMERCIAL","GRP10481","Safeway Health Plan","1993-10-31","M","94603","06075","CA","2026-06-10","","ACTIVE","FALSE","FALSE","","0.391","0.371","LOW","5","0.4153","FALSE","1","1613398300","ELIGIBILITY_834","2026-09-15 00:00:00","","TRUE","2026-09-15 10:31:41","d49a6bacea21ae01f4993a181989797bf7d415fcb260d290ecae5bc4a00a4e12"
"0e910517-b1e2-5b82-9359-c750de6b2385","SH100249","","","SPOUSE","PPO-2024-07","Sutter Health Ppo Gold","PPO","COMMERCIAL","GRP10235","Central Valley Employers Group","1944-04-05","M","94578","06001","CA","2024-07-21","","ACTIVE","FALSE","FALSE","","0.8982","0.9378","LOW","10","0.9864","FALSE","1","1795561982","ELIGIBILITY_834","2026-09-06 00:00:00","","TRUE","2026-09-15 10:31:41","5856e3b7ccc9a2ce97b4dbef9250b64d73ee980833c3192897a367699fe55f1c"
"2f33b344-fe2f-58ee-b3e3-7accfc02c479","SH100250","","","DEPENDENT","HMO-2024-08","Sutter Health Hmo Gold","HMO","COMMERCIAL","GRP10276","Central Valley Employers Group","1964-11-11","M","94501","06001","CA","2024-04-12","","ACTIVE","FALSE","FALSE","","0.3152","0.3621","LOW","1","0.3751","FALSE","2","1636531772","ELIGIBILITY_834","2026-09-15 00:00:00","","TRUE","2026-09-15 10:31:41","3f3a226b71d53e4b5d45a41c57acd6c31f39e02eb472739f30e44b5009c9ca14"
"bdf819f3-dc80-51c9-83ea-9d7ad6cf00cf","SH100251","","","SPOUSE","HDH-2024-08","Sutter Health Hdhp Gold","HDHP","COMMERCIAL","GRP10036","Sutter Medical Foundation","2025-07-17","M","94121","06075","CA","2023-03-19","","ACTIVE","FALSE","FALSE","","1.7461","1.94","MODERATE","23","2.0467","FALSE","0","1889693867","ELIGIBILITY_834","2026-08-27 00:00:00","","TRUE","2026-09-15 10:31:41","d85f08a0cc141fd7f762737d6167013cdc09c0827e1f247a84148e7fc5e11ba8"
"cc8ad30c-fe59-5009-b6fd-9b0f19826a77","SH100252","","","DEPENDENT","PPO-2024-07","Sutter Health Ppo Gold","PPO","COMMERCIAL","GRP10304","Bay Area Health Alliance","2024-10-27","M","94115","06075","CA","2025-11-12","","ACTIVE","FALSE","FALSE","","2.2562","2.0333","HIGH","30","2.25","TRUE","3","1167763965","ELIGIBILITY_834","2026-08-25 00:00:00","","TRUE","2026-09-15 10:31:41","cc6ff4367ba1f759711aa35bfff145ba41b9a8080f4287758d4b29afb5181f7f"
"f46f0060-55ba-5fe3-94ce-7001ade60fb4","SH100253","","","DEPENDENT","HMO-2024-07","Sutter Health Hmo Gold","HMO","COMMERCIAL","GRP10473","Sutter Medical Foundation","1954-12-04","M","94578","06001","CA","2025-07-15","","ACTIVE","FALSE","FALSE","","1.5818","1.4243","MODERATE","18","1.7927","FALSE","0","1243205892","ELIGIBILITY_834","2026-09-15 00:00:00","","TRUE","2026-09-15 10:31:41","9ed34d890edcc9e41bbc36669209035eb8a9d10d80ec855820cd44368f228718"
"6f9ed9ac-e3b2-5463-84ae-04c166b9e77d","SH100254","J303-C0-2791","","SPOUSE","MED-2024-06","Sutter Health Medicare Advantage Gold","MEDICARE_ADVANTAGE","MEDICARE","GRP10267","Safeway Health Plan","1955-10-07","F","94123","06075","CA","2025-08-28","","ACTIVE","FALSE","FALSE","","1.6267","1.7597","MODERATE","16","1.4663","FALSE","2","1542415269","ELIGIBILITY_834","2026-09-08 00:00:00","","TRUE","2026-09-15 10:31:41","207b87c2a2e8df842e474871f6d79761f3e5d5c8179bb5c85cedf49f6e3c927c"
"e36b3549-499c-5b6a-9a12-854eefe88e75","SH100255","","","SELF","POS-2024-07","Sutter Health Pos Gold","POS","COMMERCIAL","GRP10081","Sutter Medical Foundation","1982-12-24","F","94121","06075","CA","2023-10-20","","ACTIVE","FALSE","FALSE","","1.0873","0.9415","MODERATE","8","1.0606","FALSE","2","1158011705","ELIGIBILITY_834","2026-08-27 00:00:00","","TRUE","2026-09-15 10:31:41","c5fa9ee0daf0c5f6f409bf125f2699d59b081c891c4b4c36873b465729579c4d"
"6240686f-0ad4-52f6-9861-a25753fd7078","SH100256","","","SELF","HMO-2024-07","Sutter Health Hmo Gold","HMO","COMMERCIAL","GRP10101","NorCal Tech Coalition","1960-07-03","M","94603","06075","CA","2023-03-18","","ACTIVE","FALSE","FALSE","","1.8709","1.7223","HIGH","24","2.1721","TRUE","3","1347028515","ELIGIBILITY_834","2026-09-03 00:00:00","","TRUE","2026-09-15 10:31:41","e1417aed60d1b51b778b14fd342519380b6dfaa7821b4f9512d7c4d14cbcec78"
"f8f38675-ad28-5599-ae7b-b285ebae5467","SH100257","","CA3442401169","SELF","MED-2024-02","Sutter Health Medicaid Managed Gold","MEDICAID_MANAGED","MEDICAID","GRP10103","NorCal Tech Coalition","2019-02-06","M","93701","06085","CA","2024-06-13","","PENDING","FALSE","FALSE","","1.2486","1.1124","MODERATE","12","1.4428","FALSE","0","1236592599","ELIGIBILITY_834","2026-09-01 00:00:00","","TRUE","2026-09-15 10:31:41","28101304df8217312377882e5b74a5562935c8ae62b6c11912474d0b1502c7e8"
"6439e907-3691-504d-8df4-08cc4aad37e2","SH100258","Y87T-KA-6335","","DEPENDENT","MED-2024-03","Sutter Health Medicare Advantage Gold","MEDICARE_ADVANTAGE","MEDICARE","GRP10267","Safeway Health Plan","1953-11-28","M","94131","06075","CA","2025-12-22","","ACTIVE","FALSE","FALSE","LIS1","8.0751","8.2644","CATASTROPHIC","98","8.2797","TRUE","1","1332403478","ELIGIBILITY_834","2026-09-14 00:00:00","","TRUE","2026-09-15 10:31:41","adf8ac28bfff2a6d83245f807f4276ff524aef86016cff68e74970099892b70b"
"86dadb43-ec5d-55cf-9b35-302c60cafaf7","SH100259","P5J1-DA-7427","","SPOUSE","MED-2024-01","Sutter Health Medicare Advantage Gold","MEDICARE_ADVANTAGE","MEDICARE","GRP10208","Bay Area Health Alliance","2024-12-18","M","94578","06001","CA","2026-05-23","","ACTIVE","FALSE","FALSE","","0.9882","0.9868","MODERATE","7","1.0269","FALSE","4","1242498426","ELIGIBILITY_834","2026-09-11 00:00:00","","TRUE","2026-09-15 10:31:41","c5cfc5d4eee2916f1b1ea38c9b74fac85dc354b55e0fb25a3d90ea0bdbd3ab81"
"04adafa9-a6d1-56ed-93de-b5a0971347fb","SH100260","H209-N4-0850","","SELF","MED-2024-01","Sutter Health Medicare Advantage Gold","MEDICARE_ADVANTAGE","MEDICARE","GRP10357","Kaiser Community Partners","1962-10-06","F","95014","06085","CA","2024-01-27","","ACTIVE","FALSE","FALSE","LIS3","0.8361","0.7942","LOW","4","0.8444","FALSE","0","1717647827","ELIGIBILITY_834","2026-08-26 00:00:00","","TRUE","2026-09-15 10:31:41","fb58e7650180c98a6f0649f2780e8106c3824c0a37fda1369c11ae2508e23548"
"1c54ac5b-d162-52fc-b33f-8b47b39d1ff4","SH100261","","","SELF","HMO-2024-02","Sutter Health Hmo Gold","HMO","COMMERCIAL","GRP10459","Central Valley Employers Group","1983-04-08","M","93727","06085","CA","2025-03-13","","ACTIVE","FALSE","FALSE","","1.7452","1.7871","MODERATE","18","1.7659","FALSE","3","1640699840","ELIGIBILITY_834","2026-09-01 00:00:00","","TRUE","2026-09-15 10:31:41","ab987499ff45983cd3cc8e30687b87e197fcecebf53ef2c81773efad29340003"
"2a3c507c-dba8-55d8-919a-97bdeda7b1c7","SH100262","","","SELF","POS-2024-03","Sutter Health Pos Gold","POS","COMMERCIAL","GRP10200","UCSF Health Partners","1963-01-02","F","94123","06075","CA","2023-11-23","","ACTIVE","FALSE","FALSE","","1.4589","1.5902","MODERATE","13","1.4338","FALSE","5","1409637808","ELIGIBILITY_834","2026-08-24 00:00:00","","TRUE","2026-09-15 10:31:41","fd46c78ad8635d4d058921ea02a0138cc4b25aa926c760e62e6c72ec0b1ec8d6"
"b2a548df-5599-5d53-9aa2-b79976937a28","SH100263","","","DEPENDENT","PPO-2024-06","Sutter Health Ppo Gold","PPO","COMMERCIAL","GRP10096","Palo Alto Medical Foundation","1962-11-14","M","95148","06085","CA","2022-11-05","","ACTIVE","FALSE","FALSE","","2.7317","2.7103","HIGH","33","2.7959","TRUE","4","1123661636","ELIGIBILITY_834","2026-09-05 00:00:00","","TRUE","2026-09-15 10:31:41","96c315b36315838fa7c82d12fafb10cdd07faf4d4d3c857186c4f5675cc2da01"
"9a379faa-695c-59fd-b730-b84bbfd238ac","SH100264","","","SELF","PPO-2024-03","Sutter Health Ppo Gold","PPO","COMMERCIAL","GRP10147","Sutter Medical Foundation","1965-12-24","M","94131","06075","CA","2023-09-30","","ACTIVE","FALSE","FALSE","","0.7736","0.6974","LOW","8","0.8398","FALSE","1","1259277073","ELIGIBILITY_834","2026-09-10 00:00:00","","TRUE","2026-09-15 10:31:41","98442733913c3285d9a5e45ef3d3a0b6dd8e3c00b7a7393d13f30f8ba24b2fa4"
"6f85d0e4-711b-56a7-b1fe-73dbfd5e3cc9","SH100265","","","SELF","HMO-2024-06","Sutter Health Hmo Gold","HMO","COMMERCIAL","GRP10287","Sutter Medical Foundation","1973-10-22","F","94132","06075","CA","2024-05-21","","ACTIVE","FALSE","FALSE","","0.8963","0.9163","LOW","12","0.9272","FALSE","1","1814632395","ELIGIBILITY_834","2026-09-10 00:00:00","","TRUE","2026-09-15 10:31:41","b1e7469b4fddf89b37a88ac9fdf3546d9f7b933647ebb4152b930dc5050af47a"
"8daf3252-980f-591c-ade1-e304ae538c4f","SH100266","","CA3864261005","SPOUSE","MED-2024-08","Sutter Health Medicaid Managed Gold","MEDICAID_MANAGED","MEDICAID","GRP10151","Safeway Health Plan","1962-01-19","F","94577","06001","CA","2024-08-08","","ACTIVE","FALSE","FALSE","","2.9873","3.4086","VERY_HIGH","38","2.9921","FALSE","5","1411199562","ELIGIBILITY_834","2026-09-12 00:00:00","","TRUE","2026-09-15 10:31:41","cc3276d52ff5f21c0b1350925a832d262ba30161548d417bd10b4da1a9530d59"
"29a0652a-6f7c-5b39-aaba-6037a5dcf080","SH100267","A2X8-T2-1863","","SPOUSE","MED-2024-09","Sutter Health Medicare Advantage Gold","MEDICARE_ADVANTAGE","MEDICARE","GRP10400","Central Valley Employers Group","2007-09-08","M","94123","06075","CA","2023-03-11","","ACTIVE","FALSE","FALSE","LIS1","0.9832","0.852","MODERATE","16","1.1528","FALSE","2","1310148111","ELIGIBILITY_834","2026-09-04 00:00:00","","TRUE","2026-09-15 10:31:41","ea0ec95af34c1656e1dffffdb63801107d3eb6368a76d05d244a1fa7b2363247"
"0ddf0de4-236a-50d4-8ddf-88cc24825201","SH100268","","","SPOUSE","PPO-2024-07","Sutter Health Ppo Gold","PPO","COMMERCIAL","GRP10212","Safeway Health Plan","1980-03-20","M","93722","06085","CA","2023-12-21","","ACTIVE","FALSE","FALSE","","0.5673","0.5777","LOW","4","0.6346","FALSE","0","1409918418","ELIGIBILITY_834","2026-09-02 00:00:00","","TRUE","2026-09-15 10:31:41","52619338d54f029baf3b99c99884ece113235a4f2847268a7f541d0b27726a60"
"e316d472-e66e-51c6-bc3c-5602474db497","SH100269","","","SELF","HMO-2024-07","Sutter Health Hmo Gold","HMO","COMMERCIAL","GRP10284","Safeway Health Plan","1973-01-03","F","93701","06085","CA","2024-12-05","","ACTIVE","FALSE","FALSE","","7.4025","6.4885","CATASTROPHIC","88","7.3051","FALSE","2","1862621919","ELIGIBILITY_834","2026-08-31 00:00:00","","TRUE","2026-09-15 10:31:41","f988230c4bc3c38d1e2ce7632513fe693061ac8aabc04e3b8c3e1675c9a1611d"
"26695a55-975c-537c-a8b7-43430ee8ef88","SH100270","G831-JA-1471","","SELF","MED-2024-08","Sutter Health Medicare Advantage Gold","MEDICARE_ADVANTAGE","MEDICARE","GRP10457","Central Valley Employers Group","1967-02-05","M","94501","06001","CA","2025-10-06","","ACTIVE","FALSE","FALSE","","1.1702","1.2195","MODERATE","18","1.358","FALSE","2","1547918677","ELIGIBILITY_834","2026-08-26 00:00:00","","TRUE","2026-09-15 10:31:41","d55bf479233373651e51b6094b36dee861e20701689d383c5529d8cea59b3c88"
"36129fb0-41bc-542d-8424-b4ba3e796ad7","SH100271","","","SELF","HMO-2024-02","Sutter Health Hmo Gold","HMO","COMMERCIAL","GRP10325","NorCal Tech Coalition","1968-05-20","M","94103","06075","CA","2024-12-06","","ACTIVE","FALSE","FALSE","","1.6905","1.5056","MODERATE","16","1.7821","FALSE","1","1152307230","ELIGIBILITY_834","2026-08-22 00:00:00","","TRUE","2026-09-15 10:31:41","eab7299813142ed00ecd13ba7b7c2414c4fc54cbf8f9c0e1acec64d3f071af6c"
"b2d39901-e11a-552f-839b-3aa374b09d51","SH100272","","","SELF","HDH-2024-08","Sutter Health Hdhp Gold","HDHP","COMMERCIAL","GRP10073","Sutter Medical Foundation","1964-04-22","F","94578","06001","CA","2023-03-18","","ACTIVE","FALSE","FALSE","","1.5169","1.6026","MODERATE","13","1.5527","FALSE","2","1247048346","ELIGIBILITY_834","2026-08-17 00:00:00","","TRUE","2026-09-15 10:31:41","2bc503599fcea30a6bceb3701a7bac9468bda34ba6d83cd0cf51d457a95b0393"
"b6d44965-61dc-5ea3-b4b9-090e5943c693","SH100273","","","DEPENDENT","HDH-2024-08","Sutter Health Hdhp Gold","HDHP","COMMERCIAL","GRP10469","Palo Alto Medical Foundation","1988-06-20","F","93720","06085","CA","2025-10-27","","ACTIVE","FALSE","FALSE","","1.7572","1.9396","MODERATE","23","1.765","FALSE","3","1225161415","ELIGIBILITY_834","2026-08-24 00:00:00","","TRUE","2026-09-15 10:31:41","603d4f72fb5501e6197c8814eb3ab373725f34c1f66b7a343ff24bec0ae997f7"
"b9c31731-88d3-538f-a5a9-f89bd5a63394","SH100274","","","SELF","PPO-2024-01","Sutter Health Ppo Gold","PPO","COMMERCIAL","GRP10107","UCSF Health Partners","1969-04-07","M","93720","06085","CA","2025-03-10","","ACTIVE","FALSE","FALSE","","1.9186","1.7049","HIGH","19","2.1726","FALSE","1","1184401435","ELIGIBILITY_834","2026-08-22 00:00:00","","TRUE","2026-09-15 10:31:41","6726815eb60e4717f5502eb939977403640ef668eac855db4f3f7910c014b3cc"
"4561dca1-f657-521e-9183-f0c57a88e4c1","SH100275","","","SELF","POS-2024-02","Sutter Health Pos Gold","POS","COMMERCIAL","GRP10471","Bay Area Health Alliance","1960-01-13","F","93727","06085","CA","2025-12-02","","ACTIVE","FALSE","FALSE","","2.8519","2.6822","VERY_HIGH","28","2.6912","TRUE","4","1730933965","ELIGIBILITY_834","2026-08-23 00:00:00","","TRUE","2026-09-15 10:31:41","d8c802a4dbf1454cd8b60505506a013cb2fa5eb4a6c3c2cfdacff1a9a43d80b8"
"d799e74c-cd7f-5cef-b81e-c23e5dad3811","SH100276","","","SELF","HDH-2024-04","Sutter Health Hdhp Gold","HDHP","COMMERCIAL","GRP10461","Kaiser Community Partners","1944-11-26","M","93720","06085","CA","2025-05-21","2026-11-27","COBRA","TRUE","FALSE","","0.6469","0.5526","LOW","5","0.7608","FALSE","5","1104648146","ELIGIBILITY_834","2026-08-19 00:00:00","","TRUE","2026-09-15 10:31:41","96bf5002c76af8f7831b742518f4e7487663662a84800cdb4ff69eb30a79dc85"
"20d7a6e1-f2b0-564b-96f4-47d1ea59827a","SH100277","","","SELF","PPO-2024-05","Sutter Health Ppo Gold","PPO","COMMERCIAL","GRP10056","Kaiser Community Partners","1967-08-07","M","93727","06085","CA","2024-09-12","","ACTIVE","FALSE","FALSE","","1.0928","1.0035","MODERATE","8","1.1662","FALSE","2","1245934792","ELIGIBILITY_834","2026-09-14 00:00:00","","TRUE","2026-09-15 10:31:41","dac25e331bbdb01f757b0636d97901330659007dfbf186ffc8c4d1e98923cec9"
"0d730868-98c7-5f41-9667-7d5928995762","SH100278","","","SPOUSE","HDH-2024-07","Sutter Health Hdhp Gold","HDHP","COMMERCIAL","GRP10480","NorCal Tech Coalition","1983-11-23","F","94123","06075","CA","2026-01-26","2027-06-27","TERMED","FALSE","FALSE","","2.0259","1.9695","HIGH","24","2.0895","FALSE","0","1292518998","ELIGIBILITY_834","2026-08-25 00:00:00","","TRUE","2026-09-15 10:31:41","9b0d6d3d100bb13091a13a0b636c1448b4dcbbd6aec0c93e5107aa1512adbd61"
"0cb76ea8-d5e3-59b5-a5b1-773163c6fc94","SH100279","V553-5Y-9465","","SPOUSE","MED-2024-07","Sutter Health Medicare Advantage Gold","MEDICARE_ADVANTAGE","MEDICARE","GRP10429","California State Employees","1970-08-08","F","94609","06075","CA","2024-03-12","","ACTIVE","FALSE","FALSE","","1.2273","1.1165","MODERATE","12","1.2929","FALSE","2","1878678109","ELIGIBILITY_834","2026-09-11 00:00:00","","TRUE","2026-09-15 10:31:41","285f9f178533775ec273efd54bfc66fda954c387ac6f38d79083e1036b391f53"
"35b32433-4b82-5e03-9366-76fa22a65963","SH100280","","","SELF","HMO-2024-09","Sutter Health Hmo Gold","HMO","COMMERCIAL","GRP10167","UCSF Health Partners","1971-11-12","F","94122","06075","CA","2024-04-25","","ACTIVE","FALSE","FALSE","","2.6303","2.6288","HIGH","25","2.973","TRUE","2","1425078141","ELIGIBILITY_834","2026-08-21 00:00:00","","TRUE","2026-09-15 10:31:41","f2f0996fb20834e97a4b163625a77b87e540a6c8bef932456e645f566790e4b4"
"5eb96027-f279-5625-a4aa-f91e2dee0dd2","SH100281","T1CG-X2-4276","","SELF","MED-2024-02","Sutter Health Medicare Advantage Gold","MEDICARE_ADVANTAGE","MEDICARE","GRP10436","California State Employees","1966-05-20","F","94118","06075","CA","2024-04-23","","ACTIVE","FALSE","FALSE","","1.8177","1.9616","HIGH","22","1.9959","FALSE","0","1575191040","ELIGIBILITY_834","2026-08-25 00:00:00","","TRUE","2026-09-15 10:31:41","0c89ca01d4f08d322db725b6df7d3771c7f01ee82780da2708928f0e3d7db5f2"
"4ae571b2-b1df-5bb5-ab73-b5a4186e9e85","SH100282","","","DEPENDENT","HDH-2024-01","Sutter Health Hdhp Gold","HDHP","COMMERCIAL","GRP10023","UCSF Health Partners","1968-03-13","M","95054","06085","CA","2026-02-12","","ACTIVE","FALSE","FALSE","","1.5088","1.6294","MODERATE","16","1.7043","FALSE","1","1998651200","ELIGIBILITY_834","2026-08-26 00:00:00","","TRUE","2026-09-15 10:31:41","5ed60e5d5095c8a77cfa531bbc3e8d4814931ab4f3d5613ab784ec23e9cf477f"
"50f1c511-129c-5f4b-aea1-7d677f30c608","SH100283","","","SPOUSE","HDH-2024-07","Sutter Health Hdhp Gold","HDHP","COMMERCIAL","GRP10010","Kaiser Community Partners","1950-03-08","M","95014","06085","CA","2025-10-26","","ACTIVE","FALSE","FALSE","","1.4833","1.5245","MODERATE","13","1.5877","FALSE","0","1450165292","ELIGIBILITY_834","2026-08-18 00:00:00","","TRUE","2026-09-15 10:31:41","0ac749e3b776eb008116b1ddcb23aec937c7aad122f36dba8f7e6fa36ac68558"
"9fbb4324-b341-5c07-b569-756c7189b559","SH100284","","","SELF","PPO-2024-08","Sutter Health Ppo Gold","PPO","COMMERCIAL","GRP10415","NorCal Tech Coalition","1965-04-21","M","94123","06075","CA","2024-07-29","","ACTIVE","FALSE","FALSE","","2.6083","2.2953","HIGH","35","2.8447","TRUE","2","1278914614","ELIGIBILITY_834","2026-08-21 00:00:00","","TRUE","2026-09-15 10:31:41","1e1fff7ae28500657b8c0b6a43505fa07381d35b19469b29e3ea59f3c2c92669"
"7afd2b74-2a3e-5a4d-9aa1-b20965d32210","SH100285","","","SELF","PPO-2024-02","Sutter Health Ppo Gold","PPO","COMMERCIAL","GRP10290","Kaiser Community Partners","1986-12-06","M","94603","06075","CA","2024-07-28","","ACTIVE","FALSE","FALSE","","0.9828","1.0843","MODERATE","7","1.0766","FALSE","1","1610315526","ELIGIBILITY_834","2026-09-06 00:00:00","","TRUE","2026-09-15 10:31:41","7e0e8746b7851b0b67a46b227bd56f8a44cfaec8f5758ac7f6f87e6e38e79cc1"
"26ef6702-b578-52df-84f6-79414d8481f8","SH100286","","","SPOUSE","HDH-2024-08","Sutter Health Hdhp Gold","HDHP","COMMERCIAL","GRP10255","Bay Area Health Alliance","1985-02-25","M","93701","06085","CA","2023-07-26","2025-04-06","TERMED","FALSE","FALSE","","1.5871","1.435","MODERATE","13","1.556","FALSE","5","1809535264","ELIGIBILITY_834","2026-08-26 00:00:00","","TRUE","2026-09-15 10:31:41","78be94782535dadc6115c235096ad729727764c30af8144765dfc59553d422fb"
"4012b74a-a09b-5199-b300-1b8422df8204","SH100287","","","SELF","POS-2024-03","Sutter Health Pos Gold","POS","COMMERCIAL","GRP10324","Bay Area Health Alliance","1967-01-06","M","95131","06085","CA","2024-09-03","2024-12-07","TERMED","FALSE","FALSE","","1.5718","1.697","MODERATE","19","1.5355","FALSE","1","1542852340","ELIGIBILITY_834","2026-08-27 00:00:00","","TRUE","2026-09-15 10:31:41","56a61bea4ed81715087820d1d71c911d56ba735ca93cf9e45fa07bc183d5364e"
"aac4fede-17ba-5604-8512-dd92fa9f2133","SH100288","","","SPOUSE","PPO-2024-03","Sutter Health Ppo Gold","PPO","COMMERCIAL","GRP10014","Central Valley Employers Group","1996-05-20","F","94123","06075","CA","2025-07-26","","ACTIVE","FALSE","FALSE","","1.7922","1.7503","MODERATE","16","1.9594","FALSE","3","1947901530","ELIGIBILITY_834","2026-09-14 00:00:00","","TRUE","2026-09-15 10:31:41","6a1762ee2ff2dc55f35a62074c3e55a7bc57abfd60a5bb098f2d56fe1481b40c"
"fe760f02-c0b7-56c4-a698-b8a1de767e74","SH100289","","CA6376474657","DEPENDENT","MED-2024-04","Sutter Health Medicaid Managed Gold","MEDICAID_MANAGED","MEDICAID","GRP10292","Kaiser Community Partners","1991-04-25","F","95128","06085","CA","2025-09-03","","ACTIVE","FALSE","FALSE","","1.2271","1.2851","MODERATE","10","1.3252","FALSE","2","1229539022","ELIGIBILITY_834","2026-08-22 00:00:00","","TRUE","2026-09-15 10:31:41","ea864bce2b4a8e9f1731dbc9804ee55bba3d3e5b30fae7b919cc2fb337bec7a5"
"7daae7d0-553a-50d1-87ab-1f98f9d67801","SH100290","","","SELF","PPO-2024-07","Sutter Health Ppo Gold","PPO","COMMERCIAL","GRP10273","NorCal Tech Coalition","1978-05-30","F","94132","06075","CA","2023-02-26","","ACTIVE","FALSE","FALSE","","0.4285","0.3995","LOW","6","0.4467","FALSE","4","1851208813","ELIGIBILITY_834","2026-09-08 00:00:00","","TRUE","2026-09-15 10:31:41","2dcd78af574466fa226d6dbb73f384538d01bcd01013574e29b7d42556e9b2da"
"7420e7c3-5dfb-51eb-b6ef-6541210766f9","SH100291","","CA4723534498","DEPENDENT","MED-2024-07","Sutter Health Medicaid Managed Gold","MEDICAID_MANAGED","MEDICAID","GRP10196","Central Valley Employers Group","1986-04-21","M","93720","06085","CA","2025-02-12","","ACTIVE","FALSE","FALSE","","1.6573","1.738","MODERATE","14","1.4955","FALSE","5","1786066323","ELIGIBILITY_834","2026-08-16 00:00:00","","TRUE","2026-09-15 10:31:41","5c95b429b086b9abfa700ae50af6007ec014e3a37a21be21e1fc604f38881d3a"
"360e2818-252f-53c0-b1e2-e2ddf483e83d","SH100292","","","DEPENDENT","HMO-2024-06","Sutter Health Hmo Gold","HMO","COMMERCIAL","GRP10041","Safeway Health Plan","1987-06-10","F","95131","06085","CA","2026-04-09","","ACTIVE","FALSE","FALSE","","1.1855","1.2966","MODERATE","18","1.3221","FALSE","3","1605830413","ELIGIBILITY_834","2026-08-18 00:00:00","","TRUE","2026-09-15 10:31:41","17e503f494bb4d68ef99e9fbb7829025a2b7c4be2ce1147ee3f9ae8ba38e023a"
"37c56bc4-b1f9-55a1-aa17-17f7976f453e","SH100293","Q41M-NY-1123","","DEPENDENT","MED-2024-03","Sutter Health Medicare Advantage Gold","MEDICARE_ADVANTAGE","MEDICARE","GRP10227","UCSF Health Partners","2023-02-13","F","93701","06085","CA","2022-11-12","","ACTIVE","FALSE","FALSE","","1.3079","1.1224","MODERATE","10","1.4881","FALSE","2","1103302620","ELIGIBILITY_834","2026-09-05 00:00:00","","TRUE","2026-09-15 10:31:41","ab92b05f0e89c4c9b6d113797692cf030f7d11e82017fe449914d8b7a95f9707"
"31d4daf0-ffd2-5dcc-9ff2-40815eebb8b6","SH100294","","","SPOUSE","PPO-2024-02","Sutter Health Ppo Gold","PPO","COMMERCIAL","GRP10485","Sutter Medical Foundation","1977-10-11","F","95128","06085","CA","2023-04-06","","ACTIVE","FALSE","FALSE","","0.3506","0.3367","LOW","5","0.418","FALSE","2","1699717002","ELIGIBILITY_834","2026-09-09 00:00:00","","TRUE","2026-09-15 10:31:41","75812ad286bba71c7e21d8720a2491b4999c236968973d0540bf3cb19cc37784"
"1b9b4c42-db87-5628-8f5b-9d3c6451d37a","SH100295","","CA6438299815","SPOUSE","MED-2024-07","Sutter Health Medicaid Managed Gold","MEDICAID_MANAGED","MEDICAID","GRP10060","Bay Area Health Alliance","1970-05-19","M","95131","06085","CA","2023-12-01","2025-05-20","TERMED","FALSE","FALSE","","1.4105","1.2049","MODERATE","19","1.3245","FALSE","1","1866183203","ELIGIBILITY_834","2026-08-19 00:00:00","","TRUE","2026-09-15 10:31:41","02852a85b9ced038dc857cb611e52d087cc63a580bcc804097a710535b1a9609"
"2c160147-c4a5-5a95-8d82-d22523783f72","SH100296","A8F8-N3-6366","","SELF","MED-2024-02","Sutter Health Medicare Advantage Gold","MEDICARE_ADVANTAGE","MEDICARE","GRP10331","Safeway Health Plan","1972-02-27","M","94131","06075","CA","2024-05-21","","ACTIVE","FALSE","FALSE","LIS1","0.8857","0.8154","LOW","12","0.811","FALSE","3","1192061206","ELIGIBILITY_834","2026-08-17 00:00:00","","TRUE","2026-09-15 10:31:41","d4f37230177fbe2cd8b1ca4138137cd7c44da0041e33c81199168fa6b0586d3c"
"14c78a95-b5b0-57d8-8f50-1ccdb73c6f0f","SH100297","Y3KG-WV-5721","","SELF","MED-2024-03","Sutter Health Medicare Advantage Gold","MEDICARE_ADVANTAGE","MEDICARE","GRP10456","Kaiser Community Partners","1941-12-04","F","93711","06085","CA","2024-05-19","","ACTIVE","FALSE","FALSE","LIS3","0.6027","0.5812","LOW","8","0.5636","FALSE","1","1144157616","ELIGIBILITY_834","2026-09-14 00:00:00","","TRUE","2026-09-15 10:31:41","e29069c0b9f1a217fca28e7ee23e10d0be24360570ea14bdbf2c65b4b9a91700"
"9a5b085e-a8dc-5227-9b97-aa46d195864e","SH100298","T1HF-CJ-2074","","SELF","MED-2024-08","Sutter Health Medicare Advantage Gold","MEDICARE_ADVANTAGE","MEDICARE","GRP10251","UCSF Health Partners","1953-02-25","M","95131","06085","CA","2025-07-15","","ACTIVE","FALSE","FALSE","LIS1","2.5616","2.3801","HIGH","30","2.6447","TRUE","0","1696651173","ELIGIBILITY_834","2026-08-24 00:00:00","","TRUE","2026-09-15 10:31:41","0a38722f93aadc0d8ea9ac253b9b2ab6c6ea09ff1d492743743372da156f6fe9"
"6add84e8-fd4d-5a2b-9646-4dd55c13c3d0","SH100299","","","DEPENDENT","HMO-2024-04","Sutter Health Hmo Gold","HMO","COMMERCIAL","GRP10108","Sutter Medical Foundation","1958-07-19","M","94132","06075","CA","2023-04-21","2025-01-09","TERMED","FALSE","FALSE","","3.0168","2.7166","VERY_HIGH","38","3.4104","TRUE","3","1664804742","ELIGIBILITY_834","2026-08-25 00:00:00","","TRUE","2026-09-15 10:31:41","5354a29e8b70acfeea3f2d8b2c9ca704ba5bf6539a97f9c79c1a0203635e4efa"
"70fc8d35-efaf-5fd4-aa60-e3a53868bd34","SH100300","","","SELF","HDH-2024-08","Sutter Health Hdhp Gold","HDHP","COMMERCIAL","GRP10321","Central Valley Employers Group","1940-08-05","M","95148","06085","CA","2022-10-06","","ACTIVE","FALSE","FALSE","","7.7664","6.9597","CATASTROPHIC","87","7.7468","TRUE","2","1738021964","ELIGIBILITY_834","2026-08-23 00:00:00","","TRUE","2026-09-15 10:31:41","1ee35bf89fa7cb0e4bbbcdf633d6759583a6ede1cd6619eb768055d1515a43ae"
"f94c63fe-a36c-5fd5-908c-f845b34773f0","SH100301","","","SELF","POS-2024-03","Sutter Health Pos Gold","POS","COMMERCIAL","GRP10436","Bay Area Health Alliance","1978-08-30","F","93727","06085","CA","2024-03-23","","ACTIVE","FALSE","FALSE","","0.9833","0.9111","MODERATE","9","0.9205","FALSE","1","1274956229","ELIGIBILITY_834","2026-08-31 00:00:00","","TRUE","2026-09-15 10:31:41","5dd9c31e13a83d44dfa59296f05c7d2792599773c7e36a543e3e18fe553c76eb"
"096bf2e7-6183-5d8b-bc7c-06aa5723fdf3","SH100302","","","SELF","PPO-2024-07","Sutter Health Ppo Gold","PPO","COMMERCIAL","GRP10387","California State Employees","1998-10-17","M","94603","06075","CA","2023-02-04","","ACTIVE","FALSE","FALSE","","0.5673","0.5483","LOW","5","0.5264","FALSE","1","1970798567","ELIGIBILITY_834","2026-08-30 00:00:00","","TRUE","2026-09-15 10:31:41","e67d4131afafe9e068c8fea62e50101ebad513889d847be9c63ea047406ad49a"
"15216f6d-ce36-53a1-85cb-9b8e5abe5791","SH100303","","","SELF","POS-2024-02","Sutter Health Pos Gold","POS","COMMERCIAL","GRP10065","Central Valley Employers Group","1973-07-11","F","94501","06001","CA","2024-10-10","","ACTIVE","FALSE","FALSE","","1.884","1.866","HIGH","18","2.2141","TRUE","2","1366989670","ELIGIBILITY_834","2026-08-30 00:00:00","","TRUE","2026-09-15 10:31:41","e88d97425a0ea286584aee84e6decc0947c436248aa865cb1ed95dbf32e319f9"
"e976b6e6-e369-5585-ac5c-b6ea6832f467","SH100304","","","SELF","PPO-2024-08","Sutter Health Ppo Gold","PPO","COMMERCIAL","GRP10431","California State Employees","1969-12-12","F","95148","06085","CA","2025-06-15","","ACTIVE","FALSE","FALSE","","2.5686","2.1958","HIGH","35","2.8953","FALSE","0","1148596177","ELIGIBILITY_834","2026-09-01 00:00:00","","TRUE","2026-09-15 10:31:41","fe971e9540ab95e89da191a924d30b197d1be23b2d65b3402b95b29f8e58d2d4"
"22cd0748-2534-5f51-b012-f519421f30ca","SH100305","","","DEPENDENT","HDH-2024-08","Sutter Health Hdhp Gold","HDHP","COMMERCIAL","GRP10335","Safeway Health Plan","1977-08-18","F","95128","06085","CA","2025-10-22","","ACTIVE","FALSE","FALSE","","1.9063","1.926","HIGH","17","1.8888","FALSE","3","1594096279","ELIGIBILITY_834","2026-08-20 00:00:00","","TRUE","2026-09-15 10:31:41","28e3ea75ae09d352bb58875a41c24d6e48f87d080b1ef7470c0a736fc0253c1a"
"d1d39754-2d50-584c-b3d7-0a1aba9ede8f","SH100306","D55T-FV-6012","","SPOUSE","MED-2024-08","Sutter Health Medicare Advantage Gold","MEDICARE_ADVANTAGE","MEDICARE","GRP10223","Kaiser Community Partners","1996-09-15","M","93701","06085","CA","2025-08-24","","ACTIVE","FALSE","FALSE","","1.0694","0.9176","MODERATE","14","1.1137","FALSE","4","1304992835","ELIGIBILITY_834","2026-08-19 00:00:00","","TRUE","2026-09-15 10:31:41","eb9736890e8c31d48a72c0a7c597c5b976aa06a613827832beda8655c7c21797"
"86667886-7c08-5ae4-b585-9d975e0d14f5","SH100307","","","SPOUSE","HMO-2024-08","Sutter Health Hmo Gold","HMO","COMMERCIAL","GRP10283","Central Valley Employers Group","1943-03-20","M","93722","06085","CA","2023-03-20","","ACTIVE","FALSE","FALSE","","2.5131","2.8746","HIGH","31","2.4366","TRUE","2","1139746932","ELIGIBILITY_834","2026-09-14 00:00:00","","TRUE","2026-09-15 10:31:41","499ebe5789089354f3c01d4d60f502dcb917858edb47fa8635928c706e816e7e"
"02a84b7a-ed12-5f8a-88b8-fee053fd6685","SH100308","","","SELF","PPO-2024-06","Sutter Health Ppo Gold","PPO","COMMERCIAL","GRP10147","Bay Area Health Alliance","1967-05-16","F","95148","06085","CA","2024-01-06","","ACTIVE","FALSE","FALSE","","2.2948","2.597","HIGH","26","2.6999","TRUE","1","1603843081","ELIGIBILITY_834","2026-08-19 00:00:00","","TRUE","2026-09-15 10:31:41","68b1bb1bcd624c0bcd37ed7a9bc4007aa3d0ff5a0ec5f8def33dfe7cde074564"
"6b23a49a-ee4d-57a1-b09b-dabe2db87ebe","SH100309","","","SELF","HDH-2024-08","Sutter Health Hdhp Gold","HDHP","COMMERCIAL","GRP10383","Palo Alto Medical Foundation","1938-03-08","F","94609","06075","CA","2025-04-19","","ACTIVE","FALSE","FALSE","","2.596","2.8294","HIGH","27","2.415","TRUE","2","1816246415","ELIGIBILITY_834","2026-09-02 00:00:00","","TRUE","2026-09-15 10:31:41","7bca23acebba28831b41870f347887180b59e6e1f5d4ae96de8bded650e024e0"
"b201d118-0909-59f4-af23-a4a0e3faacee","SH100310","","","SELF","PPO-2024-06","Sutter Health Ppo Gold","PPO","COMMERCIAL","GRP10058","Bay Area Health Alliance","2011-09-10","M","94103","06075","CA","2026-02-07","","ACTIVE","FALSE","FALSE","","1.0572","1.1712","MODERATE","15","1.2004","FALSE","2","1229587788","ELIGIBILITY_834","2026-08-22 00:00:00","","TRUE","2026-09-15 10:31:41","e2a579368d81d88bd25fb1f895f0770bb962a9f5f6cd43b6a1efabb31fd1696f"
"1bb4f038-9773-5081-9860-f5fd99b6ea3b","SH100311","X1WE-G1-1352","","SPOUSE","MED-2024-08","Sutter Health Medicare Advantage Gold","MEDICARE_ADVANTAGE","MEDICARE","GRP10439","Palo Alto Medical Foundation","1938-12-02","F","94118","06075","CA","2023-01-14","","ACTIVE","FALSE","FALSE","LIS1","3.3254","3.2826","VERY_HIGH","35","3.1468","FALSE","3","1984344748","ELIGIBILITY_834","2026-09-04 00:00:00","","TRUE","2026-09-15 10:31:41","2da306f47a284260a9d9f39ddaa3188ec6c4c37e1cdd138514cb9ac4049ac27f"
"79ece8ca-7a66-5112-ab9e-f909d641f979","SH100312","","","SPOUSE","HMO-2024-09","Sutter Health Hmo Gold","HMO","COMMERCIAL","GRP10386","California State Employees","1963-03-03","F","94115","06075","CA","2024-12-20","","ACTIVE","FALSE","FALSE","","3.3684","3.1529","VERY_HIGH","36","3.4577","TRUE","2","1487237904","ELIGIBILITY_834","2026-09-08 00:00:00","","TRUE","2026-09-15 10:31:41","c28662ff2de301a7de8bd7787aa90f424ade4d85368884a1622038ec5749b7dc"
"09577b7f-88c8-5544-8715-a362c23dd105","SH100313","","","SPOUSE","PPO-2024-03","Sutter Health Ppo Gold","PPO","COMMERCIAL","GRP10205","UCSF Health Partners","1948-01-14","F","94115","06075","CA","2025-12-26","","ACTIVE","FALSE","FALSE","","0.3874","0.3304","LOW","7","0.4535","FALSE","0","1566081562","ELIGIBILITY_834","2026-09-14 00:00:00","","TRUE","2026-09-15 10:31:41","c59670caa6f7ba02e772ee3b27689acf5f71ee235c20af4b32e6f56a6ad0dd8e"
"2d5fcc6d-2077-5c5e-99ae-51b8375cc0ba","SH100314","","","SPOUSE","PPO-2024-06","Sutter Health Ppo Gold","PPO","COMMERCIAL","GRP10105","Kaiser Community Partners","1940-05-04","F","94121","06075","CA","2024-03-12","","ACTIVE","FALSE","FALSE","","1.6443","1.8417","MODERATE","23","1.9178","FALSE","3","1770401096","ELIGIBILITY_834","2026-08-21 00:00:00","","TRUE","2026-09-15 10:31:41","e124be567de8fd50c8552471cf5e968591e94e03a626bba6b7b8e8c5521d6a84"
"656b8f88-6eb7-547b-b766-676e43baff4b","SH100315","G1A9-6X-9434","","SELF","MED-2024-01","Sutter Health Medicare Advantage Gold","MEDICARE_ADVANTAGE","MEDICARE","GRP10266","NorCal Tech Coalition","2014-03-31","M","94115","06075","CA","2023-08-05","","ACTIVE","FALSE","FALSE","LIS3","2.3205","2.3489","HIGH","25","2.2693","FALSE","3","1912872297","ELIGIBILITY_834","2026-08-30 00:00:00","","TRUE","2026-09-15 10:31:41","fa147fa254ea7c4ce71581df676d3ab8d8fec0714bc3216cbfb8404a849393a1"
"42240d01-87f5-5680-bc56-97ee2af36816","SH100316","M526-73-9268","","SELF","MED-2024-04","Sutter Health Medicare Advantage Gold","MEDICARE_ADVANTAGE","MEDICARE","GRP10432","Bay Area Health Alliance","1941-02-19","M","94603","06075","CA","2022-12-10","","ACTIVE","FALSE","FALSE","LIS3","2.783","3.038","HIGH","36","2.884","TRUE","3","1476171636","ELIGIBILITY_834","2026-09-11 00:00:00","","TRUE","2026-09-15 10:31:41","ca98f4672a8a07def93fe20f5fd44bdec24db9e61e7b87b55c5eaf00100c8c9a"
"aa13a7df-87dc-50ce-9697-4dc204525374","SH100317","","","DEPENDENT","PPO-2024-07","Sutter Health Ppo Gold","PPO","COMMERCIAL","GRP10255","California State Employees","1975-07-24","F","93727","06085","CA","2024-03-31","2025-12-19","TERMED","FALSE","FALSE","","1.3736","1.41","MODERATE","19","1.5757","FALSE","3","1572532253","ELIGIBILITY_834","2026-09-11 00:00:00","","TRUE","2026-09-15 10:31:41","5f70a91c09736e1fd15847c3b80dbed6667e482c8a45e5cb7b4323d505874749"
"eaa30ec7-8215-52db-9ee4-c8439c2f91a9","SH100318","","","SPOUSE","POS-2024-01","Sutter Health Pos Gold","POS","COMMERCIAL","GRP10308","California State Employees","2003-09-26","F","94578","06001","CA","2024-05-22","2026-11-14","COBRA","TRUE","FALSE","","1.3099","1.1262","MODERATE","12","1.3843","FALSE","0","1218472553","ELIGIBILITY_834","2026-09-12 00:00:00","","TRUE","2026-09-15 10:31:41","494a3be736f844cd82d0ced4b8b36e8615761a4cb532a09a628d092377bc5cb7"
"1a725175-c177-53ea-920b-3632c607b840","SH100319","","","SELF","HDH-2024-05","Sutter Health Hdhp Gold","HDHP","COMMERCIAL","GRP10280","NorCal Tech Coalition","1972-07-17","M","94122","06075","CA","2023-09-20","","ACTIVE","FALSE","FALSE","","0.8366","0.9342","LOW","7","0.8949","FALSE","4","1172546866","ELIGIBILITY_834","2026-08-18 00:00:00","","TRUE","2026-09-15 10:31:41","875ef28747ca633d7fb3a7137375af04b70501858eedf2afec2a53d3f4fd4103"
"b8e0b467-bffe-5ce7-bf9c-3ced202b6276","SH100320","","","SELF","POS-2024-08","Sutter Health Pos Gold","POS","COMMERCIAL","GRP10209","California State Employees","1938-08-01","F","94115","06075","CA","2022-12-16","","ACTIVE","FALSE","FALSE","","2.2499","2.2155","HIGH","26","2.5216","TRUE","4","1349991019","ELIGIBILITY_834","2026-08-26 00:00:00","","TRUE","2026-09-15 10:31:41","3138822779fc94e79dea8bb3273e78887ec60df40f77807cfc003117880a506f"
"8300245f-4a3e-50a5-b475-50b4c2cc7bf7","SH100321","","","DEPENDENT","HDH-2024-03","Sutter Health Hdhp Gold","HDHP","COMMERCIAL","GRP10096","Safeway Health Plan","1975-10-01","M","94603","06075","CA","2026-03-01","2027-02-25","COBRA","TRUE","FALSE","","1.8852","2.1426","HIGH","25","2.241","TRUE","4","1639704301","ELIGIBILITY_834","2026-09-07 00:00:00","","TRUE","2026-09-15 10:31:41","debdde84a726e3460b8ee68cee498810f2d78f0c79b4116b5d9720dc6d991a2f"
"0362851a-49be-54d6-8893-b1904c60d557","SH100322","","","SELF","PPO-2024-02","Sutter Health Ppo Gold","PPO","COMMERCIAL","GRP10270","NorCal Tech Coalition","1964-12-31","F","94122","06075","CA","2024-02-19","","ACTIVE","FALSE","FALSE","","0.8172","0.7003","LOW","10","0.8683","FALSE","1","1510181168","ELIGIBILITY_834","2026-09-06 00:00:00","","TRUE","2026-09-15 10:31:41","cdccdb2767ef688d3cd2640a61ea5d77f5800a59679e3e5597668148e3153227"
"e41a32c6-cce0-551f-9c4b-291cd542e559","SH100323","","","SELF","HMO-2024-04","Sutter Health Hmo Gold","HMO","COMMERCIAL","GRP10211","NorCal Tech Coalition","2003-02-25","F","95128","06085","CA","2025-11-27","","ACTIVE","FALSE","FALSE","","3.0177","3.2108","VERY_HIGH","34","2.9329","FALSE","1","1376954836","ELIGIBILITY_834","2026-08-27 00:00:00","","TRUE","2026-09-15 10:31:41","4471db2084706d0964f9126c78fbb6d21574d3a423c15814382911f251fe21a6"
"cf6c062d-9bef-5493-aaac-da1208e74d2f","SH100324","","","SPOUSE","PPO-2024-03","Sutter Health Ppo Gold","PPO","COMMERCIAL","GRP10493","Palo Alto Medical Foundation","1983-07-30","M","94131","06075","CA","2026-05-10","","ACTIVE","FALSE","FALSE","","0.9589","0.8234","MODERATE","16","0.9506","FALSE","3","1364479890","ELIGIBILITY_834","2026-09-02 00:00:00","","TRUE","2026-09-15 10:31:41","78b2dc45bcaeb7354095657b92820b11b0c0de6ce2b17fc02659a611af85a1f3"
"92308702-08a8-5198-9a57-04019acb83ff","SH100325","","CA7365941525","SPOUSE","MED-2024-07","Sutter Health Medicaid Managed Gold","MEDICAID_MANAGED","MEDICAID","GRP10237","Central Valley Employers Group","1978-07-17","M","95148","06085","CA","2026-03-24","","ACTIVE","FALSE","FALSE","","2.3375","2.284","HIGH","30","2.8045","TRUE","5","1801216599","ELIGIBILITY_834","2026-08-20 00:00:00","","TRUE","2026-09-15 10:31:41","68f1ad4d88c28e6953aefd4c60d2e6766fe1af9d4e1e0ae67e02fbe031f178ff"
"2eac4af5-c5a6-557e-be79-72f5b474d13b","SH100326","","","DEPENDENT","HMO-2024-08","Sutter Health Hmo Gold","HMO","COMMERCIAL","GRP10490","NorCal Tech Coalition","1955-12-19","M","95131","06085","CA","2025-04-12","","ACTIVE","FALSE","FALSE","","2.6305","2.8081","HIGH","29","2.5829","FALSE","4","1832400367","ELIGIBILITY_834","2026-08-25 00:00:00","","TRUE","2026-09-15 10:31:41","fd24c068a2d3864999e43d2e0f7540b6c888947b15f243fdd4835415042b8472"
"926a327c-2144-55ee-a263-4bc750e8e95f","SH100327","","CA3797168211","SELF","MED-2024-08","Sutter Health Medicaid Managed Gold","MEDICAID_MANAGED","MEDICAID","GRP10390","California State Employees","1987-10-06","M","95131","06085","CA","2023-05-06","2024-10-17","TERMED","FALSE","FALSE","","0.9039","0.7709","MODERATE","7","0.9958","FALSE","0","1677814249","ELIGIBILITY_834","2026-09-04 00:00:00","","TRUE","2026-09-15 10:31:41","b7fae8795870ac32ad886ab9bb14a482995cbff095ece43b90c559d38655a832"
"b03ee333-5b06-5198-9001-1ee3411ef3d2","SH100328","","","SELF","PPO-2024-08","Sutter Health Ppo Gold","PPO","COMMERCIAL","GRP10417","Central Valley Employers Group","1937-10-03","M","93711","06085","CA","2024-06-15","","ACTIVE","FALSE","FALSE","","0.9084","0.9747","MODERATE","9","1.0812","FALSE","3","1968028454","ELIGIBILITY_834","2026-09-14 00:00:00","","TRUE","2026-09-15 10:31:41","ffeff887b9d33c2bf554b9b36a0d2a6be6ff584c6b7277ffc4f9c1abe38c74bd"
"0f6a0cf9-a12c-56ff-8064-9948e527b26a","SH100329","Y34D-FK-9384","","SPOUSE","MED-2024-09","Sutter Health Medicare Advantage Gold","MEDICARE_ADVANTAGE","MEDICARE","GRP10378","UCSF Health Partners","1965-09-27","M","94122","06075","CA","2023-05-14","","ACTIVE","FALSE","FALSE","LIS3","1.6829","1.7178","MODERATE","21","1.8583","FALSE","0","1170180435","ELIGIBILITY_834","2026-08-18 00:00:00","","TRUE","2026-09-15 10:31:41","f4592b3d68caa42ad9be3b100c8eb1976bd601f805da4193a44e7afe17118753"
"e49f15d5-a035-50cf-b557-3e5448eacec5","SH100330","","","SELF","PPO-2024-08","Sutter Health Ppo Gold","PPO","COMMERCIAL","GRP10388","Sutter Medical Foundation","1940-09-10","F","95148","06085","CA","2023-09-07","","ACTIVE","FALSE","FALSE","","3.2883","2.9151","VERY_HIGH","41","3.2714","TRUE","1","1874404381","ELIGIBILITY_834","2026-09-03 00:00:00","","TRUE","2026-09-15 10:31:41","e67a3ef9bffd735440c998a5750102156fa8ce619e6341c0fe53459cbecf9a46"
"ae0044d6-82f9-5c12-baa6-d4b4ad1ea598","SH100331","","","SPOUSE","PPO-2024-06","Sutter Health Ppo Gold","PPO","COMMERCIAL","GRP10014","Safeway Health Plan","1943-06-13","F","94115","06075","CA","2022-12-13","","ACTIVE","FALSE","FALSE","","0.45","0.4047","LOW","4","0.5185","FALSE","3","1563801642","ELIGIBILITY_834","2026-09-08 00:00:00","","TRUE","2026-09-15 10:31:41","028df457bca40e8adaf29a941159499ac2511f67bd994be9e50250c3a4cf5704"
"ab986358-4056-5c22-8774-c4c1a6118461","SH100332","","CA3977974275","SPOUSE","MED-2024-01","Sutter Health Medicaid Managed Gold","MEDICAID_MANAGED","MEDICAID","GRP10498","Sutter Medical Foundation","1960-01-09","F","95148","06085","CA","2023-03-20","","ACTIVE","FALSE","FALSE","","3.5435","3.8242","VERY_HIGH","46","3.6589","FALSE","1","1135802499","ELIGIBILITY_834","2026-09-06 00:00:00","","TRUE","2026-09-15 10:31:41","a270c39514e68ca558ab66fb82f5fe823e2f6b842b849c7a694f62c617a723fa"
"07028a4e-3ea0-5c5a-9a28-f5368e77977d","SH100333","","","DEPENDENT","PPO-2024-01","Sutter Health Ppo Gold","PPO","COMMERCIAL","GRP10237","California State Employees","1966-05-03","F","94609","06075","CA","2026-05-27","","ACTIVE","FALSE","FALSE","","2.2111","2.4529","HIGH","31","2.2912","TRUE","2","1765946168","ELIGIBILITY_834","2026-09-05 00:00:00","","TRUE","2026-09-15 10:31:41","e5b35bdded2a5a8b9e935fe70eb8aa1d5bdb01f286332f85fbd8b709f50996c6"
"bf20967e-0b01-5ffa-9be5-d4c0db083a1c","SH100334","","","SPOUSE","HMO-2024-09","Sutter Health Hmo Gold","HMO","COMMERCIAL","GRP10124","UCSF Health Partners","1941-12-07","F","94501","06001","CA","2022-12-24","","ACTIVE","FALSE","FALSE","","2.4374","2.2592","HIGH","29","2.8954","TRUE","0","1955799705","ELIGIBILITY_834","2026-08-22 00:00:00","","TRUE","2026-09-15 10:31:41","7493705e892c91fecfd6133d1acc8326b40a6f214ee090b1b73dc382266b6db4"
"1e7c2bcf-fffc-50e2-84c9-8ee13ad5757c","SH100335","","","SELF","HDH-2024-04","Sutter Health Hdhp Gold","HDHP","COMMERCIAL","GRP10259","Kaiser Community Partners","1944-07-22","M","93711","06085","CA","2025-08-25","","ACTIVE","FALSE","FALSE","","1.7732","1.7826","MODERATE","25","1.9366","FALSE","1","1158634129","ELIGIBILITY_834","2026-09-09 00:00:00","","TRUE","2026-09-15 10:31:41","1c6c6aca0ae97fd45512f9157dbb8d9ccc374ff749dc800beb2c643fd6234a20"
"5f548c82-2d57-5cab-9e5f-958705fed456","SH100336","","","SELF","PPO-2024-04","Sutter Health Ppo Gold","PPO","COMMERCIAL","GRP10448","Sutter Medical Foundation","1966-02-03","F","95054","06085","CA","2025-07-20","","ACTIVE","FALSE","FALSE","","2.7631","2.8593","HIGH","33","2.8735","TRUE","1","1632501508","ELIGIBILITY_834","2026-09-09 00:00:00","","TRUE","2026-09-15 10:31:41","3653c1389407efe9b03de9d1c3a8639c80eab968717479ae38be3ecc594b9015"
"f2bcb780-09b1-5f24-b267-062f1407d35e","SH100337","","","SELF","HMO-2024-01","Sutter Health Hmo Gold","HMO","COMMERCIAL","GRP10225","Bay Area Health Alliance","1951-03-26","M","94578","06001","CA","2025-10-25","","ACTIVE","FALSE","FALSE","","5.6327","4.9124","CATASTROPHIC","61","5.4059","FALSE","2","1777890337","ELIGIBILITY_834","2026-09-06 00:00:00","","TRUE","2026-09-15 10:31:41","c973952c9b20cdf8df77493acc081ba917622818847e47a64bb7b80e6896a896"
"35ab1e21-00a9-5030-9b9e-a6bb4d98e052","SH100338","","","SELF","HMO-2024-04","Sutter Health Hmo Gold","HMO","COMMERCIAL","GRP10453","Palo Alto Medical Foundation","2000-12-12","M","94121","06075","CA","2024-05-02","","ACTIVE","FALSE","FALSE","","0.4571","0.4024","LOW","10","0.4621","FALSE","4","1463336272","ELIGIBILITY_834","2026-09-04 00:00:00","","TRUE","2026-09-15 10:31:41","e0ea41fda7728de1d0353fb8ca3c78b4fbbceebce7a4ef8f6731a34eeb4fc918"
"05d23696-424b-588a-8bf0-146a87e5fca9","SH100339","Y48X-M6-2530","","SELF","MED-2024-03","Sutter Health Medicare Advantage Gold","MEDICARE_ADVANTAGE","MEDICARE","GRP10325","Bay Area Health Alliance","1948-09-01","M","95054","06085","CA","2023-02-06","","ACTIVE","FALSE","FALSE","","0.4138","0.4178","LOW","4","0.3984","FALSE","2","1149601706","ELIGIBILITY_834","2026-09-13 00:00:00","","TRUE","2026-09-15 10:31:41","dbe73bd601bc9fdb8b5930dd3acac1f8f40538be96378a47afae22a121d7d789"
"ba7af555-2b9c-57b8-b462-5753a6409b64","SH100340","","","SPOUSE","PPO-2024-01","Sutter Health Ppo Gold","PPO","COMMERCIAL","GRP10253","Safeway Health Plan","1948-11-08","F","93720","06085","CA","2023-10-02","","ACTIVE","FALSE","FALSE","","1.979","2.1052","HIGH","26","1.9041","FALSE","2","1388123003","ELIGIBILITY_834","2026-08-18 00:00:00","","TRUE","2026-09-15 10:31:41","b2b53230b5e39565d4cf61d782689a69d871474d7f716b23b3c64f651af9ba38"
"07d628fe-83a2-56d4-a0dd-098b7e813d43","SH100341","","","SPOUSE","HDH-2024-07","Sutter Health Hdhp Gold","HDHP","COMMERCIAL","GRP10265","NorCal Tech Coalition","1978-02-22","F","93727","06085","CA","2025-12-27","","ACTIVE","FALSE","FALSE","","3.2489","3.2982","VERY_HIGH","35","3.3637","TRUE","2","1347151294","ELIGIBILITY_834","2026-09-02 00:00:00","","TRUE","2026-09-15 10:31:41","21b5d774bd8ebe8df99614b46c614576f475cd3e1312034ae984741c99f9eff4"
"ffc96338-7da4-57ea-a134-6855a0cdf152","SH100342","","","SELF","PPO-2024-01","Sutter Health Ppo Gold","PPO","COMMERCIAL","GRP10402","Central Valley Employers Group","1979-09-15","M","94577","06001","CA","2023-05-25","","ACTIVE","FALSE","FALSE","","1.2232","1.07","MODERATE","17","1.3012","FALSE","0","1344535679","ELIGIBILITY_834","2026-09-05 00:00:00","","TRUE","2026-09-15 10:31:41","7527208700b6c5f97b2c3f697d63e73474c53adb5ec8a9c59a6c482be0d2d598"
"d48ac5ac-bd0b-5ed0-b47e-536f1778ba25","SH100343","","","DEPENDENT","HMO-2024-01","Sutter Health Hmo Gold","HMO","COMMERCIAL","GRP10144","NorCal Tech Coalition","1937-10-23","F","94132","06075","CA","2026-05-31","","ACTIVE","FALSE","FALSE","","1.9379","2.1443","HIGH","25","2.0185","FALSE","5","1940877558","ELIGIBILITY_834","2026-08-30 00:00:00","","TRUE","2026-09-15 10:31:41","61ff66990ff509652532c26873bd895df9b396fe3df11d71028568accfac7098"
"285c5e88-202c-5819-8e3a-9fe628b52d7d","SH100344","","","SELF","HDH-2024-03","Sutter Health Hdhp Gold","HDHP","COMMERCIAL","GRP10394","California State Employees","1938-02-07","M","94115","06075","CA","2024-09-14","2025-12-27","TERMED","FALSE","FALSE","","2.2687","2.4827","HIGH","26","2.4349","FALSE","1","1325039914","ELIGIBILITY_834","2026-09-11 00:00:00","","TRUE","2026-09-15 10:31:41","769932c623c512da60375d5ca6a1ff77d306e23ec0ee7c4b30f3735ca03500e0"
"0c14065a-c65e-5e91-8f4b-fc16fdc947af","SH100345","","","SELF","PPO-2024-07","Sutter Health Ppo Gold","PPO","COMMERCIAL","GRP10402","Sutter Medical Foundation","1940-04-16","M","95054","06085","CA","2023-03-03","","ACTIVE","FALSE","FALSE","","3.7154","3.9278","VERY_HIGH","42","4.4364","FALSE","0","1249394788","ELIGIBILITY_834","2026-09-09 00:00:00","","TRUE","2026-09-15 10:31:41","f02be88deaadf37dec62396655caeea6a520900e3ec584c54b9ee25a47b1cf21"
"ada9c7ae-de76-5975-8048-cfd8b93aff41","SH100346","","","SELF","POS-2024-04","Sutter Health Pos Gold","POS","COMMERCIAL","GRP10250","Sutter Medical Foundation","1970-04-14","F","94122","06075","CA","2026-04-13","2028-01-20","TERMED","FALSE","FALSE","","2.9119","2.5662","VERY_HIGH","37","2.8243","FALSE","0","1300459123","ELIGIBILITY_834","2026-08-25 00:00:00","","TRUE","2026-09-15 10:31:41","ed706c6c84bbf11bcaffe415ed5674c15c8d7d379e835c15fc257f1657eaf9b7"
"18db5d41-d198-5fb6-b3c2-056165a7bb02","SH100347","","CA6625364235","DEPENDENT","MED-2024-08","Sutter Health Medicaid Managed Gold","MEDICAID_MANAGED","MEDICAID","GRP10462","Bay Area Health Alliance","1976-07-02","M","94501","06001","CA","2026-01-28","","ACTIVE","FALSE","FALSE","","1.7906","1.5914","MODERATE","22","1.6968","FALSE","4","1239513727","ELIGIBILITY_834","2026-08-28 00:00:00","","TRUE","2026-09-15 10:31:41","c5465844061b3d67c3d82e3430c4413703b6540dcafc8e6b9a3c9cddd7185a03"
"e277bd77-3c7e-54dd-a7b7-17b6027d5f3e","SH100348","","","SPOUSE","HMO-2024-08","Sutter Health Hmo Gold","HMO","COMMERCIAL","GRP10236","Sutter Medical Foundation","1965-06-19","M","95054","06085","CA","2023-04-09","2024-08-22","TERMED","FALSE","FALSE","","0.5395","0.5893","LOW","9","0.5417","FALSE","0","1891659872","ELIGIBILITY_834","2026-08-20 00:00:00","","TRUE","2026-09-15 10:31:41","3802e49c5c8f625d614caf88f9b12de3e15f66ddaa8072084073cc18dbb06846"
"4dd923bb-cf47-5e77-b40c-6ed3bc9fbf1e","SH100349","K9M2-D3-3768","","SPOUSE","MED-2024-09","Sutter Health Medicare Advantage Gold","MEDICARE_ADVANTAGE","MEDICARE","GRP10022","Bay Area Health Alliance","1963-07-02","F","94118","06075","CA","2024-04-03","","ACTIVE","FALSE","FALSE","LIS3","2.7108","2.4534","HIGH","35","2.7732","TRUE","0","1269578434","ELIGIBILITY_834","2026-09-10 00:00:00","","TRUE","2026-09-15 10:31:41","2324538e05d51ad89c179488490d910770cb3508d9710b681ae87d57fd38c20a"
"012afb9c-b88e-505f-a853-2cc2431a56a6","SH100350","T8TD-DX-3727","","DEPENDENT","MED-2024-03","Sutter Health Medicare Advantage Gold","MEDICARE_ADVANTAGE","MEDICARE","GRP10363","UCSF Health Partners","2017-10-25","F","94103","06075","CA","2026-05-27","","ACTIVE","FALSE","FALSE","LIS1","0.7476","0.8274","LOW","9","0.809","FALSE","3","1451232074","ELIGIBILITY_834","2026-09-10 00:00:00","","TRUE","2026-09-15 10:31:41","944756d7a6096c4f45e29f1f130cd8bbcb03070d9fe67eb1fb563d7e111161de"
"a215833a-d123-5126-9de4-475fea86217e","SH100351","","","SELF","HDH-2024-02","Sutter Health Hdhp Gold","HDHP","COMMERCIAL","GRP10356","Sutter Medical Foundation","2004-10-12","F","93711","06085","CA","2023-06-23","","ACTIVE","FALSE","FALSE","","0.5149","0.4711","LOW","1","0.5237","FALSE","2","1998186261","ELIGIBILITY_834","2026-09-06 00:00:00","","TRUE","2026-09-15 10:31:41","d5f08fce786a9245614081d4091dcbd26c8bb3a6806fe2a89052234590152c96"
"5f0bd972-5f8b-56be-a284-ba1088b2ac12","SH100352","","","DEPENDENT","PPO-2024-03","Sutter Health Ppo Gold","PPO","COMMERCIAL","GRP10032","Bay Area Health Alliance","1960-06-20","F","95054","06085","CA","2025-05-20","","ACTIVE","FALSE","FALSE","","0.9822","0.9591","MODERATE","6","1.0973","FALSE","3","1203726898","ELIGIBILITY_834","2026-09-14 00:00:00","","TRUE","2026-09-15 10:31:41","5f75ff57f55838af865b1d0e916797c55c27167ecdf62ad314a63f3fc91e47db"
"16d28c51-5c35-5297-a3ad-7d4f4ff9f9f9","SH100353","","","SELF","PPO-2024-08","Sutter Health Ppo Gold","PPO","COMMERCIAL","GRP10007","California State Employees","1989-11-08","M","94118","06075","CA","2024-06-17","","ACTIVE","FALSE","FALSE","","1.745","1.5465","MODERATE","18","1.6857","FALSE","1","1802219378","ELIGIBILITY_834","2026-08-25 00:00:00","","TRUE","2026-09-15 10:31:41","f7b7275b3f196c7393c7f13f7556baa6578bb39101bc2b2ad9d49119e9321c86"
"e6ff7b4e-8e3c-50e8-9f86-063f9e331275","SH100354","","CA5865903461","SELF","MED-2024-06","Sutter Health Medicaid Managed Gold","MEDICAID_MANAGED","MEDICAID","GRP10323","California State Employees","1974-11-26","F","94122","06075","CA","2025-01-18","2027-01-06","COBRA","TRUE","FALSE","","2.5913","2.9195","HIGH","34","3.0925","FALSE","4","1827890137","ELIGIBILITY_834","2026-08-25 00:00:00","","TRUE","2026-09-15 10:31:41","0376786cfceba8a1c39047b6748c1b9b257880a65907692886e4fb87819ae8fb"
"47532974-3c0e-5bbc-8c34-c09b46dc13aa","SH100355","","","SPOUSE","HDH-2024-02","Sutter Health Hdhp Gold","HDHP","COMMERCIAL","GRP10063","Central Valley Employers Group","1942-02-19","M","94102","06075","CA","2023-01-02","","ACTIVE","FALSE","FALSE","","1.4287","1.638","MODERATE","14","1.3115","FALSE","3","1353828616","ELIGIBILITY_834","2026-09-04 00:00:00","","TRUE","2026-09-15 10:31:41","9cdd2c6a099ff95ae1a25362b5f1065ccbe7cddd2aad62618bf45e91d1a79b9f"
"e0a3d52a-b5ab-57b4-b496-f3f005191d98","SH100356","R55A-J8-5533","","SPOUSE","MED-2024-04","Sutter Health Medicare Advantage Gold","MEDICARE_ADVANTAGE","MEDICARE","GRP10389","Sutter Medical Foundation","1988-09-05","M","94132","06075","CA","2024-09-05","","ACTIVE","FALSE","FALSE","LIS2","5.9968","6.6756","CATASTROPHIC","67","6.4911","FALSE","2","1659282971","ELIGIBILITY_834","2026-09-03 00:00:00","","TRUE","2026-09-15 10:31:41","2e4ebf516c322f07d822d8443f4ac48c2cc2ced17fc39e1eecb11b07e1e6aeba"
"b5569d66-4a40-5754-bb39-e1cdd4d90bf8","SH100357","","","SELF","HMO-2024-08","Sutter Health Hmo Gold","HMO","COMMERCIAL","GRP10407","Bay Area Health Alliance","2010-01-11","M","94122","06075","CA","2023-02-20","","ACTIVE","FALSE","FALSE","","1.0274","0.9362","MODERATE","8","1.0207","FALSE","2","1353736066","ELIGIBILITY_834","2026-08-23 00:00:00","","TRUE","2026-09-15 10:31:41","c9ee74894bed807ac2c43396ce2a92fb9fac25f38714e302966a5546eb26de6c"
"9fe5108f-2546-52ff-a58b-3d28530a5306","SH100358","","CA3070177372","SPOUSE","MED-2024-07","Sutter Health Medicaid Managed Gold","MEDICAID_MANAGED","MEDICAID","GRP10225","California State Employees","1985-05-02","F","95128","06085","CA","2024-05-05","","ACTIVE","FALSE","FALSE","","0.8175","0.8129","LOW","9","0.9452","FALSE","2","1642553751","ELIGIBILITY_834","2026-08-22 00:00:00","","TRUE","2026-09-15 10:31:41","44065d258757b6f815e8cd95dc6c9be1f2af4081b5f8ca197e7f393a583c4ca6"
"30cb8fc8-5d85-561c-bc61-4975fd95b61a","SH100359","","","SELF","PPO-2024-07","Sutter Health Ppo Gold","PPO","COMMERCIAL","GRP10006","Kaiser Community Partners","1983-02-01","M","94123","06075","CA","2025-08-05","2025-09-08","TERMED","FALSE","FALSE","","1.3328","1.2661","MODERATE","17","1.5755","FALSE","3","1884227355","ELIGIBILITY_834","2026-08-23 00:00:00","","TRUE","2026-09-15 10:31:41","6298c25d574c8c9b927730317e409d13f1cada02a89144bbc2fa7717894dea86"
"8d1537eb-6819-5059-aa20-681a50228a25","SH100360","","","SPOUSE","HMO-2024-07","Sutter Health Hmo Gold","HMO","COMMERCIAL","GRP10260","Safeway Health Plan","1941-08-31","M","93727","06085","CA","2024-01-06","2027-01-12","COBRA","TRUE","FALSE","","3.2618","3.326","VERY_HIGH","36","3.6555","FALSE","3","1781804304","ELIGIBILITY_834","2026-09-08 00:00:00","","TRUE","2026-09-15 10:31:41","635c5201760a48f432114f90070f4cf78c8e1a1b8d74b64c54440da2cf6b5242"
"b25a81e9-3df2-5376-a54d-b5ff59ef7eaf","SH100361","","","SELF","HDH-2024-07","Sutter Health Hdhp Gold","HDHP","COMMERCIAL","GRP10487","UCSF Health Partners","1962-10-20","M","94132","06075","CA","2025-01-27","","ACTIVE","FALSE","FALSE","","0.6633","0.7517","LOW","4","0.6761","FALSE","0","1113247168","ELIGIBILITY_834","2026-08-28 00:00:00","","TRUE","2026-09-15 10:31:41","81f215dcb0331def78481bdf8d43a855b1f4df2ab779f4fabe2f12ba21e9a7d8"
"52408bc2-aed9-512a-bdc3-b9dbb7b9984c","SH100362","","","SELF","PPO-2024-03","Sutter Health Ppo Gold","PPO","COMMERCIAL","GRP10473","Palo Alto Medical Foundation","1992-02-18","M","93722","06085","CA","2024-02-26","","ACTIVE","FALSE","FALSE","","3.5902","3.464","VERY_HIGH","41","3.5209","FALSE","2","1217332137","ELIGIBILITY_834","2026-09-09 00:00:00","","TRUE","2026-09-15 10:31:41","00a9730694e8dd1c90833d501a5557a52c992f2686c9c828da1e81976df03c82"
"9d2fac7c-82d5-5ade-a583-a7416c63a876","SH100363","","","SELF","PPO-2024-04","Sutter Health Ppo Gold","PPO","COMMERCIAL","GRP10101","Safeway Health Plan","2014-08-14","F","95126","06085","CA","2025-06-01","","ACTIVE","FALSE","FALSE","","1.1595","1.1355","MODERATE","10","1.1081","FALSE","2","1295404184","ELIGIBILITY_834","2026-09-14 00:00:00","","TRUE","2026-09-15 10:31:41","2df266ba26f2e09ef70f6eb1e7b78149569a80d6346f37fff120844ad161d90e"
"de04261d-767e-5cc9-acb6-9d11f13b7367","SH100364","","","SELF","HDH-2024-05","Sutter Health Hdhp Gold","HDHP","COMMERCIAL","GRP10244","Safeway Health Plan","1961-11-16","M","95054","06085","CA","2026-04-18","","ACTIVE","FALSE","FALSE","","0.3514","0.3118","LOW","1","0.3955","FALSE","3","1822418424","ELIGIBILITY_834","2026-09-15 00:00:00","","TRUE","2026-09-15 10:31:41","df5fc6bbb6b44fcc0abdbc6519b0f1a5e55c0bfa50ae5c4a6b1d63da7ee560c0"
"509d9234-93e9-5d40-9fb6-7a1d9fc9b7aa","SH100365","J62Q-Q0-0551","","SELF","MED-2024-03","Sutter Health Medicare Advantage Gold","MEDICARE_ADVANTAGE","MEDICARE","GRP10175","NorCal Tech Coalition","1988-01-02","F","95054","06085","CA","2024-05-19","","ACTIVE","FALSE","FALSE","LIS1","3.3679","3.2032","VERY_HIGH","40","3.6393","FALSE","0","1977082994","ELIGIBILITY_834","2026-08-19 00:00:00","","TRUE","2026-09-15 10:31:41","82660923af5dd249d60c0df3b007bed00096cf394d66a0cb649ac6dbb4569dcb"
"d2ba203a-3153-5507-aeaa-df20372b0f03","SH100366","N8J0-VQ-9156","","DEPENDENT","MED-2024-08","Sutter Health Medicare Advantage Gold","MEDICARE_ADVANTAGE","MEDICARE","GRP10447","Sutter Medical Foundation","1979-11-15","F","95054","06085","CA","2026-05-14","","ACTIVE","FALSE","FALSE","LIS1","1.4942","1.2715","MODERATE","22","1.6739","FALSE","4","1967108597","ELIGIBILITY_834","2026-09-06 00:00:00","","TRUE","2026-09-15 10:31:41","283717556b99b296944f828ca33db70fecf91cb387c1d1c584f50612fc092629"
"c196079e-05f0-544f-ad8d-7acab24080f6","SH100367","","","SELF","POS-2024-02","Sutter Health Pos Gold","POS","COMMERCIAL","GRP10339","Kaiser Community Partners","1943-01-21","M","94122","06075","CA","2023-12-17","2027-02-15","COBRA","TRUE","FALSE","","0.7994","0.9184","LOW","11","0.7448","FALSE","1","1358666136","ELIGIBILITY_834","2026-08-24 00:00:00","","TRUE","2026-09-15 10:31:41","6f93eae38c96ae7516276ec9fcb0a09a4420e0f75c8ddbff5034e47a6185070f"
"135625ab-50a4-58e7-89a2-f9974b34ba2a","SH100368","","","SPOUSE","PPO-2024-06","Sutter Health Ppo Gold","PPO","COMMERCIAL","GRP10046","NorCal Tech Coalition","1951-05-14","M","94578","06001","CA","2022-11-28","","ACTIVE","FALSE","FALSE","","2.6975","2.3925","HIGH","28","2.7328","FALSE","4","1340310093","ELIGIBILITY_834","2026-08-24 00:00:00","","TRUE","2026-09-15 10:31:41","1557b72768e5bff1d28cb64346308655f57b9bcb7d015c92644818034a4f263c"
"841fb799-3f85-5a78-9c41-1778b632812e","SH100369","","","SELF","HMO-2024-09","Sutter Health Hmo Gold","HMO","COMMERCIAL","GRP10160","California State Employees","1979-05-02","M","94603","06075","CA","2024-05-25","","ACTIVE","FALSE","FALSE","","1.7435","1.8714","MODERATE","16","1.6685","FALSE","3","1719459743","ELIGIBILITY_834","2026-09-03 00:00:00","","TRUE","2026-09-15 10:31:41","4aafb0a32b15168a7c348d370a4f3342225eccc2356de442f0d79592d29429d4"
"631f8a09-abf1-5dd7-9d30-2eb315ebb554","SH100370","","","SELF","HDH-2024-05","Sutter Health Hdhp Gold","HDHP","COMMERCIAL","GRP10151","Bay Area Health Alliance","1940-08-03","F","95054","06085","CA","2025-08-25","","ACTIVE","FALSE","FALSE","","1.2558","1.2702","MODERATE","16","1.1852","FALSE","3","1636691235","ELIGIBILITY_834","2026-08-25 00:00:00","","TRUE","2026-09-15 10:31:41","07fa8a9955132578131f1bd2ea601e015775eb7789e7839b506fc1e6054e1044"
"f0207641-214c-5a10-9867-eb009bb0dd71","SH100371","","","DEPENDENT","HDH-2024-03","Sutter Health Hdhp Gold","HDHP","COMMERCIAL","GRP10434","Bay Area Health Alliance","1997-09-26","F","95054","06085","CA","2025-08-09","2026-04-11","TERMED","FALSE","FALSE","","0.4749","0.5414","LOW","1","0.5495","FALSE","3","1852056728","ELIGIBILITY_834","2026-08-23 00:00:00","","TRUE","2026-09-15 10:31:41","4b231ed873791bda2409b51f4f8cffb9d3522e3e7d2f1e6df3f8cdc75229372f"
"85be463d-37b6-52ff-9b35-c9a8f049f304","SH100372","","","SELF","PPO-2024-01","Sutter Health Ppo Gold","PPO","COMMERCIAL","GRP10472","Bay Area Health Alliance","1955-12-27","M","94577","06001","CA","2024-11-15","","ACTIVE","FALSE","FALSE","","2.1483","2.0783","HIGH","21","2.4812","TRUE","4","1852809702","ELIGIBILITY_834","2026-08-24 00:00:00","","TRUE","2026-09-15 10:31:41","a0d4fafbdc0d8198faffc911f29e053a0ba7806738985a5889caad323aa65b16"
"0e006462-be00-53aa-a3c3-277c288be47d","SH100373","F7R2-7G-0157","","SELF","MED-2024-09","Sutter Health Medicare Advantage Gold","MEDICARE_ADVANTAGE","MEDICARE","GRP10294","Palo Alto Medical Foundation","1993-10-02","F","94102","06075","CA","2024-06-06","","ACTIVE","FALSE","FALSE","LIS3","0.7826","0.7111","LOW","14","0.8437","FALSE","0","1828338194","ELIGIBILITY_834","2026-09-11 00:00:00","","TRUE","2026-09-15 10:31:41","afbea9cb74b78a1601547e9ddc7c1bab983fac350957d236d12f3fe3c902a746"
"14ace281-9d0d-53f9-a4ac-efc83175ee69","SH100374","","CA7206735763","SELF","MED-2024-02","Sutter Health Medicaid Managed Gold","MEDICAID_MANAGED","MEDICAID","GRP10442","California State Employees","1991-04-23","F","93711","06085","CA","2025-12-16","","ACTIVE","FALSE","FALSE","","1.2378","1.309","MODERATE","19","1.1447","FALSE","2","1395510969","ELIGIBILITY_834","2026-08-31 00:00:00","","TRUE","2026-09-15 10:31:41","bff68cb475b67fa7f211aaa5cf9c5e825f3cb158807fd30018b21c10be2175e9"
"3ae01ada-e342-5837-a591-f85984ee796a","SH100375","D9GQ-73-0688","","SELF","MED-2024-09","Sutter Health Medicare Advantage Gold","MEDICARE_ADVANTAGE","MEDICARE","GRP10064","Palo Alto Medical Foundation","1943-02-03","M","93720","06085","CA","2024-01-11","","ACTIVE","FALSE","FALSE","LIS1","3.0173","3.003","VERY_HIGH","40","3.3976","TRUE","3","1449211955","ELIGIBILITY_834","2026-09-09 00:00:00","","TRUE","2026-09-15 10:31:41","3b5e03212c5cbfd23698ee3eff975d367911668d41c18fb68c3ddd5c8b411082"
"028e8d6d-f4fd-5928-8078-0ddce5411843","SH100376","","","DEPENDENT","PPO-2024-03","Sutter Health Ppo Gold","PPO","COMMERCIAL","GRP10043","Palo Alto Medical Foundation","2002-12-11","M","94578","06001","CA","2025-01-08","2025-03-14","TERMED","FALSE","FALSE","","0.645","0.6745","LOW","3","0.6624","FALSE","1","1643472611","ELIGIBILITY_834","2026-08-16 00:00:00","","TRUE","2026-09-15 10:31:41","5e92205b2ccb2f120dc72c3bdda2b84b2edfc49fbae5cf9c61b2efc0e4f75f62"
"10191280-853a-5903-9d99-ee4122006520","SH100377","","","SELF","PPO-2024-05","Sutter Health Ppo Gold","PPO","COMMERCIAL","GRP10352","Palo Alto Medical Foundation","1945-05-08","F","94609","06075","CA","2023-06-11","","ACTIVE","FALSE","FALSE","","2.4951","2.5121","HIGH","29","2.8864","TRUE","3","1811479581","ELIGIBILITY_834","2026-09-09 00:00:00","","TRUE","2026-09-15 10:31:41","1af6f753af0c1d5b481e2b2040e20f24ca7cebe6790f9a2fa43da1f24604d50b"
"5fb479a5-2947-5c1d-9634-a53f31d6e67d","SH100378","","","SPOUSE","POS-2024-05","Sutter Health Pos Gold","POS","COMMERCIAL","GRP10481","UCSF Health Partners","2001-11-07","M","94115","06075","CA","2025-01-13","","ACTIVE","FALSE","FALSE","","0.6899","0.6202","LOW","10","0.8269","FALSE","1","1675422885","ELIGIBILITY_834","2026-08-24 00:00:00","","TRUE","2026-09-15 10:31:41","a1d31807221eadcbd095b1ce85a862e129868fd8c30eb253e8bc10fe9aaa44f8"
"96e6ee7b-85e2-5356-a1b6-3c5a78906163","SH100379","X7DN-1D-5542","","SELF","MED-2024-01","Sutter Health Medicare Advantage Gold","MEDICARE_ADVANTAGE","MEDICARE","GRP10272","Palo Alto Medical Foundation","1940-12-01","M","94131","06075","CA","2026-01-10","","ACTIVE","FALSE","FALSE","LIS1","1.609","1.5506","MODERATE","22","1.6302","FALSE","4","1834417124","ELIGIBILITY_834","2026-09-08 00:00:00","","TRUE","2026-09-15 10:31:41","9518db974528915e66586abd753663704e3d8628ec54bd1c3a7460ec095a0a7b"
"352e063f-422e-5c86-87ce-1eed97375bf8","SH100380","N7GP-64-8896","","SELF","MED-2024-01","Sutter Health Medicare Advantage Gold","MEDICARE_ADVANTAGE","MEDICARE","GRP10459","Sutter Medical Foundation","2005-04-17","F","94578","06001","CA","2024-12-09","","ACTIVE","FALSE","FALSE","LIS2","0.5093","0.5203","LOW","4","0.5588","FALSE","2","1283338643","ELIGIBILITY_834","2026-09-11 00:00:00","","TRUE","2026-09-15 10:31:41","52ff842efc16d81dc46a20db2b3271c07f707c3f4a31646b51acec5ee1be9a47"
"56b48bc5-491b-53c3-b152-182e03424ef8","SH100381","","","DEPENDENT","PPO-2024-05","Sutter Health Ppo Gold","PPO","COMMERCIAL","GRP10487","California State Employees","1962-03-26","F","95148","06085","CA","2023-08-24","","ACTIVE","FALSE","FALSE","","2.5068","2.2685","HIGH","29","2.7341","FALSE","4","1658984263","ELIGIBILITY_834","2026-09-13 00:00:00","","TRUE","2026-09-15 10:31:41","b4d499c2d4fc49836341c5250cb7d52cb84eeff8c6060d8c6de0e1d7e6d052dc"
"971099f5-1c20-5908-ab38-8524e30da104","SH100382","","CA5830513583","SELF","MED-2024-04","Sutter Health Medicaid Managed Gold","MEDICAID_MANAGED","MEDICAID","GRP10346","Kaiser Community Partners","1971-08-21","F","94501","06001","CA","2026-05-27","2027-01-31","COBRA","TRUE","FALSE","","0.9517","1.0212","MODERATE","14","1.1166","FALSE","0","1884687698","ELIGIBILITY_834","2026-08-23 00:00:00","","TRUE","2026-09-15 10:31:41","4ad962b61df9523af9b92c96704e1f890f591f833f24db8d93b41a0150c77cfe"
"3000ed4b-3678-5d09-b22d-29f507f48769","SH100383","G2P7-FW-5067","","SELF","MED-2024-04","Sutter Health Medicare Advantage Gold","MEDICARE_ADVANTAGE","MEDICARE","GRP10451","Kaiser Community Partners","1979-10-24","F","95148","06085","CA","2025-07-07","","ACTIVE","FALSE","FALSE","LIS1","2.3281","2.4044","HIGH","31","2.2979","TRUE","1","1341665544","ELIGIBILITY_834","2026-08-31 00:00:00","","TRUE","2026-09-15 10:31:41","bf8696e2e641ad722e255751614e31e3ddac3618825bad3c95e85834ed695d27"
"277c6e6b-5ce5-5ff4-8473-34dcf917f00a","SH100384","","","SELF","PPO-2024-06","Sutter Health Ppo Gold","PPO","COMMERCIAL","GRP10182","Sutter Medical Foundation","1976-03-10","M","95148","06085","CA","2022-12-30","2023-03-28","TERMED","FALSE","FALSE","","6.8934","7.567","CATASTROPHIC","76","8.045","TRUE","2","1760920570","ELIGIBILITY_834","2026-09-10 00:00:00","","TRUE","2026-09-15 10:31:41","e95975fc464020a2d41381612f9fb753a8fa12d20571ef5c8941c7a153ebe0ae"
"2461522f-326b-5c56-8169-c53dcafe94ca","SH100385","R3X6-KE-7722","","SELF","MED-2024-06","Sutter Health Medicare Advantage Gold","MEDICARE_ADVANTAGE","MEDICARE","GRP10191","Central Valley Employers Group","1975-08-16","F","94132","06075","CA","2025-03-11","","ACTIVE","FALSE","FALSE","LIS2","1.7218","1.4671","MODERATE","25","1.6068","FALSE","1","1491374277","ELIGIBILITY_834","2026-09-06 00:00:00","","TRUE","2026-09-15 10:31:41","2eefd32d8c1126163fb3efa191491578859c61baa229661ed5a76d39acd8fee8"
"fdcbd70c-04c0-530e-afd8-92c54b899efe","SH100386","","","SPOUSE","HMO-2024-07","Sutter Health Hmo Gold","HMO","COMMERCIAL","GRP10349","UCSF Health Partners","1985-09-09","M","94501","06001","CA","2023-05-18","","ACTIVE","FALSE","FALSE","","1.4987","1.3934","MODERATE","18","1.5745","FALSE","3","1448845506","ELIGIBILITY_834","2026-08-17 00:00:00","","TRUE","2026-09-15 10:31:41","e48f46c1fd34d5c38a1a4bfde96d66f812b4970d4d71fec8a4983a4e891a0b10"
"68768ba7-b598-53d3-9ef7-358cb9ae34e3","SH100387","D7J0-F4-8234","","DEPENDENT","MED-2024-04","Sutter Health Medicare Advantage Gold","MEDICARE_ADVANTAGE","MEDICARE","GRP10148","Central Valley Employers Group","2004-03-28","F","93722","06085","CA","2026-06-01","","ACTIVE","FALSE","FALSE","","0.707","0.6735","LOW","12","0.6784","FALSE","3","1621762558","ELIGIBILITY_834","2026-08-24 00:00:00","","TRUE","2026-09-15 10:31:41","44886c74c69bf550e2241511c4383c569c6416b522278c5794bfc911f870676a"
"dc5f844a-398e-5fa6-8178-3d1ec371a13b","SH100388","","","SELF","HMO-2024-04","Sutter Health Hmo Gold","HMO","COMMERCIAL","GRP10102","Palo Alto Medical Foundation","1954-12-05","F","94121","06075","CA","2024-01-26","","ACTIVE","FALSE","FALSE","","0.5408","0.5041","LOW","4","0.5227","FALSE","1","1154712904","ELIGIBILITY_834","2026-09-02 00:00:00","","TRUE","2026-09-15 10:31:41","16a9f179e2a8c439038c79301f8a0268605b6ca4de9c1a5ecf6455f0687ace03"
"f9a7a723-eb91-5395-92f2-c51f831c763e","SH100389","","","SELF","PPO-2024-02","Sutter Health Ppo Gold","PPO","COMMERCIAL","GRP10338","NorCal Tech Coalition","2011-07-25","M","94122","06075","CA","2026-03-26","","ACTIVE","FALSE","FALSE","","0.5508","0.521","LOW","1","0.5669","FALSE","1","1327609166","ELIGIBILITY_834","2026-09-07 00:00:00","","TRUE","2026-09-15 10:31:41","11a20810b7d9a801e904b01ccea12219718fd4a9e92117b4c2d9cc9e8f3a0daa"
"8e180c16-a1f8-5bb0-9acb-98047edfecfb","SH100390","Y7D9-EF-9109","","DEPENDENT","MED-2024-04","Sutter Health Medicare Advantage Gold","MEDICARE_ADVANTAGE","MEDICARE","GRP10332","Central Valley Employers Group","1997-09-16","F","94577","06001","CA","2023-01-26","","ACTIVE","FALSE","FALSE","LIS2","0.5163","0.5643","LOW","10","0.5738","FALSE","5","1325521538","ELIGIBILITY_834","2026-08-17 00:00:00","","TRUE","2026-09-15 10:31:41","ee02fe6e2e8278b7a29c2261314b9eef5a3f9d64c83f932dcbcb7683cce5718b"
"6e0ef986-0aed-5f72-bfbe-c9673b01892d","SH100391","","","SPOUSE","PPO-2024-07","Sutter Health Ppo Gold","PPO","COMMERCIAL","GRP10499","NorCal Tech Coalition","1983-01-27","F","93720","06085","CA","2025-01-16","2026-09-11","TERMED","FALSE","FALSE","","0.9394","0.8525","MODERATE","14","0.8645","FALSE","1","1493002419","ELIGIBILITY_834","2026-09-02 00:00:00","","TRUE","2026-09-15 10:31:41","3415f7a25dde67947a562de7c77a41ec27343c938ca0b061205ad5f9c9fe93fc"
"12fd95a4-c506-5ecf-b105-7944340d677c","SH100392","","","SELF","PPO-2024-07","Sutter Health Ppo Gold","PPO","COMMERCIAL","GRP10272","Kaiser Community Partners","1975-10-07","F","93722","06085","CA","2024-03-25","","ACTIVE","FALSE","FALSE","","4.2736","4.8793","CATASTROPHIC","48","4.3602","FALSE","0","1180515099","ELIGIBILITY_834","2026-09-07 00:00:00","","TRUE","2026-09-15 10:31:41","83029d6ecc0f6ea03f25e44d65973cb536990bea0f9a0b991efee7b80d2a7d3a"
"1fa7d21b-88db-5799-a53e-a269a43ffc10","SH100393","","CA9785838644","SELF","MED-2024-01","Sutter Health Medicaid Managed Gold","MEDICAID_MANAGED","MEDICAID","GRP10137","Kaiser Community Partners","1990-10-03","M","95014","06085","CA","2025-03-23","","ACTIVE","FALSE","FALSE","","1.3534","1.443","MODERATE","14","1.4778","FALSE","0","1227886302","ELIGIBILITY_834","2026-08-16 00:00:00","","TRUE","2026-09-15 10:31:41","897b17267552006a6a7cdb6007955134f5582f82295bd6626c57af4ea62f218a"
"e20952b8-da6e-59b6-b05b-9b76d965e0bb","SH100394","","","SELF","PPO-2024-01","Sutter Health Ppo Gold","PPO","COMMERCIAL","GRP10135","UCSF Health Partners","1963-05-27","F","95054","06085","CA","2025-12-29","2027-03-04","COBRA","TRUE","FALSE","","0.6892","0.7166","LOW","8","0.7497","FALSE","4","1538454827","ELIGIBILITY_834","2026-09-15 00:00:00","","TRUE","2026-09-15 10:31:41","ae2915801db278c8c71d93608f8536c8cc43997f2ccff8491e766437381211c9"
"d211118b-4d75-57f7-84da-0b529e85b843","SH100395","","CA2154459322","SPOUSE","MED-2024-07","Sutter Health Medicaid Managed Gold","MEDICAID_MANAGED","MEDICAID","GRP10309","Kaiser Community Partners","1980-09-18","F","93701","06085","CA","2025-01-06","2026-11-16","TERMED","FALSE","FALSE","","2.5805","2.2758","HIGH","31","2.4429","TRUE","3","1321361544","ELIGIBILITY_834","2026-09-08 00:00:00","","TRUE","2026-09-15 10:31:41","91661f72b47d04a3acf246e06f19549b9d1a6deaf8f03c122d96db857eba9ba2"
"f8c9bf81-fa75-5cc0-ad23-c08e7aae2711","SH100396","Q4DF-DR-3761","","SELF","MED-2024-01","Sutter Health Medicare Advantage Gold","MEDICARE_ADVANTAGE","MEDICARE","GRP10083","UCSF Health Partners","1997-06-22","M","93701","06085","CA","2024-11-17","","ACTIVE","FALSE","FALSE","LIS1","0.6418","0.7272","LOW","4","0.6504","FALSE","3","1977783087","ELIGIBILITY_834","2026-09-15 00:00:00","","TRUE","2026-09-15 10:31:41","b2ce337fd193da8f427901089b842eebf191a9ee136fc7eb25aeb4cf90da7ec8"
"466d0ff7-7a9f-569f-85e9-23ad138db6ee","SH100397","","","SPOUSE","HMO-2024-08","Sutter Health Hmo Gold","HMO","COMMERCIAL","GRP10173","Palo Alto Medical Foundation","1941-07-31","M","94118","06075","CA","2023-06-03","","ACTIVE","FALSE","FALSE","","0.6764","0.5777","LOW","2","0.7742","FALSE","0","1317241211","ELIGIBILITY_834","2026-09-06 00:00:00","","TRUE","2026-09-15 10:31:41","7b563dc011596cb3e7f624f047edf1498f4fbe65808657440e788c5f1eeaccaf"
"40ed3083-5753-5027-b327-85d4e6776c37","SH100398","","","SPOUSE","HMO-2024-04","Sutter Health Hmo Gold","HMO","COMMERCIAL","GRP10114","Sutter Medical Foundation","1973-05-15","F","95131","06085","CA","2025-08-31","","ACTIVE","FALSE","FALSE","","2.9234","2.7451","VERY_HIGH","37","3.4394","TRUE","1","1343390582","ELIGIBILITY_834","2026-08-25 00:00:00","","TRUE","2026-09-15 10:31:41","a551516fea71c4356ebdfa65e7d29d8d8d028fb40d4822945c43c9a460fae806"
"86f54230-4615-56e4-bd2f-88e836246cfa","SH100399","","","SELF","HDH-2024-05","Sutter Health Hdhp Gold","HDHP","COMMERCIAL","GRP10271","NorCal Tech Coalition","1984-05-04","M","94609","06075","CA","2025-08-12","","ACTIVE","FALSE","FALSE","","0.854","0.9616","LOW","5","0.9287","FALSE","0","1743827930","ELIGIBILITY_834","2026-09-06 00:00:00","","TRUE","2026-09-15 10:31:41","a1a917106231b9f69407cc7471bc11231dd07ddde5ee860a1583c4b43f290d69"
"bdaf226f-1dd1-56f0-bf46-e2ddc496cf53","SH100400","V2EY-R4-4215","","SELF","MED-2024-07","Sutter Health Medicare Advantage Gold","MEDICARE_ADVANTAGE","MEDICARE","GRP10075","California State Employees","1962-05-19","F","93727","06085","CA","2022-10-13","","ACTIVE","FALSE","FALSE","LIS3","0.3013","0.3404","LOW","1","0.3","FALSE","5","1579635523","ELIGIBILITY_834","2026-09-02 00:00:00","","TRUE","2026-09-15 10:31:41","964c18be61dc1c6eb186ec7c1ad4c0d792311c1118b8a4285e3a5eed602b1435"
"6e97f279-1f91-5bd3-bbb6-2f95fb6c9607","SH100401","","","SPOUSE","PPO-2024-04","Sutter Health Ppo Gold","PPO","COMMERCIAL","GRP10366","California State Employees","1981-10-27","F","94131","06075","CA","2024-04-21","","ACTIVE","FALSE","FALSE","","1.3849","1.3818","MODERATE","19","1.5385","FALSE","2","1665803901","ELIGIBILITY_834","2026-09-08 00:00:00","","TRUE","2026-09-15 10:31:41","5a5bdf7c698f0cda7a5f02242822d25051fdbbf92c95bcac7826371461f964da"
"aaacc338-9256-5b78-ad6c-e96cb140b75e","SH100402","","CA4555467593","SELF","MED-2024-03","Sutter Health Medicaid Managed Gold","MEDICAID_MANAGED","MEDICAID","GRP10436","Kaiser Community Partners","1988-01-26","F","95014","06085","CA","2023-11-18","","ACTIVE","FALSE","FALSE","","0.5096","0.5629","LOW","2","0.4766","FALSE","1","1552127953","ELIGIBILITY_834","2026-08-24 00:00:00","","TRUE","2026-09-15 10:31:41","c4c9bd511897f1a212797eea3c9ccd6839deb38d3fbb7b379176cc5c775e551b"
"1725ee27-17da-521c-a5cf-a07df4f0ac4a","SH100403","","","SELF","HMO-2024-03","Sutter Health Hmo Gold","HMO","COMMERCIAL","GRP10040","Bay Area Health Alliance","1939-03-31","M","94102","06075","CA","2025-08-21","","ACTIVE","FALSE","FALSE","","2.2768","2.341","HIGH","23","2.37","FALSE","0","1182748233","ELIGIBILITY_834","2026-09-11 00:00:00","","TRUE","2026-09-15 10:31:41","973addba9037c79f5a547931cd780388a5a860ba0b1a538b7f68291cb11eea52"
"0ed308aa-5664-51e3-82ad-3655df200074","SH100404","","","SELF","PPO-2024-05","Sutter Health Ppo Gold","PPO","COMMERCIAL","GRP10426","California State Employees","1983-10-31","F","94577","06001","CA","2025-07-24","","ACTIVE","FALSE","FALSE","","0.8287","0.7124","LOW","6","0.9743","FALSE","4","1830040870","ELIGIBILITY_834","2026-08-30 00:00:00","","TRUE","2026-09-15 10:31:41","b08b1ec63db75e09a278c1db32e5c8384e7fbcc023e902c66526f10e12113452"
"d31dddc0-98b8-53f8-913d-e2bd1c3a0e2e","SH100405","","CA7345454550","SPOUSE","MED-2024-07","Sutter Health Medicaid Managed Gold","MEDICAID_MANAGED","MEDICAID","GRP10309","Palo Alto Medical Foundation","1985-08-09","F","95128","06085","CA","2025-06-06","2027-01-29","TERMED","FALSE","FALSE","","0.4271","0.4424","LOW","3","0.4904","FALSE","3","1976773369","ELIGIBILITY_834","2026-09-10 00:00:00","","TRUE","2026-09-15 10:31:41","de54190d299a66e5d759116f270dce34fc70e6b6f3999f709db746bcfe88b837"
"c315aa67-7f95-5cb0-9cd9-d0a9688a24bf","SH100406","","","SELF","HDH-2024-05","Sutter Health Hdhp Gold","HDHP","COMMERCIAL","GRP10005","Central Valley Employers Group","1981-08-04","M","94118","06075","CA","2026-02-04","","ACTIVE","FALSE","FALSE","","1.828","1.7086","HIGH","24","1.6918","FALSE","2","1301588378","ELIGIBILITY_834","2026-08-28 00:00:00","","TRUE","2026-09-15 10:31:41","a360f12feacb3005c6701744d5aacb1670d767114187c3a912bd7042f3a9beb9"
"504d027f-75ca-532d-8d2c-ab2f16973676","SH100407","","","SPOUSE","PPO-2024-02","Sutter Health Ppo Gold","PPO","COMMERCIAL","GRP10359","Palo Alto Medical Foundation","1993-04-18","M","93722","06085","CA","2024-06-19","","PENDING","FALSE","FALSE","","0.5389","0.4896","LOW","7","0.5662","FALSE","1","1455750197","ELIGIBILITY_834","2026-08-22 00:00:00","","TRUE","2026-09-15 10:31:41","12722a288e663346d92d04bce9c67a383c3e19a98b7af5799e4df7533b8e82ae"
"a26768f7-24c0-5509-b926-cb3e6fd42286","SH100408","","","SPOUSE","HMO-2024-06","Sutter Health Hmo Gold","HMO","COMMERCIAL","GRP10367","UCSF Health Partners","1964-09-11","M","94123","06075","CA","2022-10-17","","ACTIVE","FALSE","FALSE","","2.6852","2.3576","HIGH","29","2.7772","FALSE","2","1638610283","ELIGIBILITY_834","2026-09-11 00:00:00","","TRUE","2026-09-15 10:31:41","2201347c4d1e26b5a348463e38ff5b0a1d99690eef29e00c752da32b26cebf8a"
"865f3c98-5c98-515b-ba31-eb8b1b48ce46","SH100409","","","SELF","PPO-2024-02","Sutter Health Ppo Gold","PPO","COMMERCIAL","GRP10049","Sutter Medical Foundation","2015-09-19","F","94603","06075","CA","2022-12-10","","PENDING","FALSE","FALSE","","0.6662","0.5813","LOW","4","0.6993","FALSE","3","1253139764","ELIGIBILITY_834","2026-09-01 00:00:00","","TRUE","2026-09-15 10:31:41","524ff3e0aad5eb536c64fc25e4d921f24bbfc213cdc6fd785648d825773e8a3b"
"3fc65276-dff0-548e-91ad-5411668751f6","SH100410","","","SELF","HMO-2024-05","Sutter Health Hmo Gold","HMO","COMMERCIAL","GRP10071","Palo Alto Medical Foundation","2015-11-27","M","94132","06075","CA","2023-12-25","","ACTIVE","FALSE","FALSE","","0.7632","0.7078","LOW","10","0.7787","FALSE","2","1710672894","ELIGIBILITY_834","2026-08-19 00:00:00","","TRUE","2026-09-15 10:31:41","c1622b5d23eb5e82c31a2d8940a1f12f901ce9b0c062dc085454bfbc362b74da"
"8e4cce00-67a0-5061-ae41-a7ee03876ca8","SH100411","","","DEPENDENT","PPO-2024-05","Sutter Health Ppo Gold","PPO","COMMERCIAL","GRP10404","Bay Area Health Alliance","1942-03-29","M","94609","06075","CA","2022-11-07","","ACTIVE","FALSE","FALSE","","2.6774","3.072","HIGH","26","2.7115","TRUE","3","1851345788","ELIGIBILITY_834","2026-08-28 00:00:00","","TRUE","2026-09-15 10:31:41","2d07791c601e48636745d12a64f7632a52b4a6d97cf6b2b672487c00e0dbb20d"
"330b9530-a928-5914-a280-bd22a9161559","SH100412","","","SELF","HDH-2024-08","Sutter Health Hdhp Gold","HDHP","COMMERCIAL","GRP10168","Palo Alto Medical Foundation","1970-04-04","M","95128","06085","CA","2024-01-12","","ACTIVE","FALSE","FALSE","","3.3578","2.9406","VERY_HIGH","35","3.1372","FALSE","1","1440682024","ELIGIBILITY_834","2026-09-01 00:00:00","","TRUE","2026-09-15 10:31:41","008aab69c9c80354e27f21b5dacf60f1ac02e717a04510fc1764f9cf9110022e"
"752f59d0-b162-55de-a310-3a34989561a0","SH100413","","","SELF","HDH-2024-03","Sutter Health Hdhp Gold","HDHP","COMMERCIAL","GRP10444","Sutter Medical Foundation","1983-12-10","M","94501","06001","CA","2025-04-06","","ACTIVE","FALSE","FALSE","","0.8619","0.8261","LOW","11","0.7973","FALSE","3","1914558145","ELIGIBILITY_834","2026-09-13 00:00:00","","TRUE","2026-09-15 10:31:41","b696abab51a6543ee3eb2c159f7810250b7f753dcbb7d85fda205c9f8f7c3a49"
"5971d9a7-8092-5dff-8d9b-0222a5f664af","SH100414","","","SPOUSE","HDH-2024-03","Sutter Health Hdhp Gold","HDHP","COMMERCIAL","GRP10178","California State Employees","1972-02-27","F","95054","06085","CA","2024-10-17","","ACTIVE","FALSE","FALSE","","1.6475","1.4461","MODERATE","20","1.96","FALSE","2","1617141182","ELIGIBILITY_834","2026-09-02 00:00:00","","TRUE","2026-09-15 10:31:41","7ee76a60a95f3f378f202bd3dac7989c3a423abf36749f04173cc9a4ee35353b"
"af50b6bf-caed-5d4a-a83f-b5401e0f6128","SH100415","R5W4-AT-2791","","SELF","MED-2024-09","Sutter Health Medicare Advantage Gold","MEDICARE_ADVANTAGE","MEDICARE","GRP10255","NorCal Tech Coalition","1943-12-05","M","94102","06075","CA","2025-08-13","2026-02-10","TERMED","FALSE","FALSE","LIS2","1.9446","2.0403","HIGH","22","2.1007","FALSE","0","1221984455","ELIGIBILITY_834","2026-09-09 00:00:00","","TRUE","2026-09-15 10:31:41","eb4678b00be53d7dd1b659a1fc80b4f167a1d50009122a9bcc70fbc1ed51e4f8"
"2bb5b028-188a-5484-bd3d-d4b01edb47e6","SH100416","","","SPOUSE","HMO-2024-02","Sutter Health Hmo Gold","HMO","COMMERCIAL","GRP10180","NorCal Tech Coalition","1943-03-31","F","93701","06085","CA","2023-11-27","","ACTIVE","FALSE","FALSE","","3.4025","3.7779","VERY_HIGH","42","4.0078","TRUE","2","1989257792","ELIGIBILITY_834","2026-09-01 00:00:00","","TRUE","2026-09-15 10:31:41","3bd539b3b4a28cd7273a2d33dc825b28ec9bd306d3cee78c405202c3ffdd4e80"
"348e8cb5-bd5d-56f2-8760-780a521d3b1e","SH100417","A7EV-45-9817","","DEPENDENT","MED-2024-05","Sutter Health Medicare Advantage Gold","MEDICARE_ADVANTAGE","MEDICARE","GRP10053","Palo Alto Medical Foundation","1997-02-11","M","94118","06075","CA","2025-12-20","","ACTIVE","FALSE","FALSE","","1.2937","1.2096","MODERATE","19","1.2466","FALSE","2","1797529095","ELIGIBILITY_834","2026-08-22 00:00:00","","TRUE","2026-09-15 10:31:41","219bbb22c38bc99802e49bff511c57057ae0005c4848c37ae7fa6df292e9483e"
"7817c910-b503-5678-9948-2890fc2ce3aa","SH100418","","CA6430982163","DEPENDENT","MED-2024-07","Sutter Health Medicaid Managed Gold","MEDICAID_MANAGED","MEDICAID","GRP10259","Central Valley Employers Group","1946-04-09","F","94102","06075","CA","2024-05-11","","ACTIVE","FALSE","FALSE","","1.6384","1.7386","MODERATE","20","1.4766","FALSE","4","1387343124","ELIGIBILITY_834","2026-08-17 00:00:00","","TRUE","2026-09-15 10:31:41","69dcded93ddf53c1637b12ecbdcde6179a0dd1e495642730d0b443ee82713076"
"9e514f14-4c34-5031-b52c-9165150d2dec","SH100419","","","DEPENDENT","HDH-2024-07","Sutter Health Hdhp Gold","HDHP","COMMERCIAL","GRP10329","California State Employees","1957-01-10","F","94578","06001","CA","2024-04-07","","ACTIVE","FALSE","FALSE","","1.7632","2.0239","MODERATE","18","1.655","FALSE","0","1989648687","ELIGIBILITY_834","2026-08-26 00:00:00","","TRUE","2026-09-15 10:31:41","05b080630cc9c6fe1300bc80c05eb042451b2bd147391ca1524b98626547f5a7"
"3803dd0d-0d3c-5a84-8238-1dfebc8b7af4","SH100420","D2AR-A1-9209","","DEPENDENT","MED-2024-02","Sutter Health Medicare Advantage Gold","MEDICARE_ADVANTAGE","MEDICARE","GRP10081","NorCal Tech Coalition","1962-02-20","M","93727","06085","CA","2022-12-11","2024-07-29","TERMED","FALSE","FALSE","","0.371","0.3796","LOW","5","0.3367","FALSE","3","1318788403","ELIGIBILITY_834","2026-08-23 00:00:00","","TRUE","2026-09-15 10:31:41","797ec26940fcecb4c7842fff3eedee3afd5120338726d97e05e4ae7476571c71"
"e3ccddd6-1a5b-56d4-840f-ef2052084e63","SH100421","","","SPOUSE","PPO-2024-02","Sutter Health Ppo Gold","PPO","COMMERCIAL","GRP10140","Palo Alto Medical Foundation","1981-05-27","F","93727","06085","CA","2024-12-31","","ACTIVE","FALSE","FALSE","","0.8043","0.8589","LOW","10","0.7506","FALSE","2","1254371352","ELIGIBILITY_834","2026-08-17 00:00:00","","TRUE","2026-09-15 10:31:41","f08f45d22763375988ab7546894f9e5a2d38641f6c45203bb97e37d15477d363"
"d1986e90-d126-5753-88b5-edac95f0cf3a","SH100422","R79N-1T-2240","","SPOUSE","MED-2024-01","Sutter Health Medicare Advantage Gold","MEDICARE_ADVANTAGE","MEDICARE","GRP10320","Palo Alto Medical Foundation","1953-08-17","M","95131","06085","CA","2026-01-18","","ACTIVE","FALSE","FALSE","LIS1","3.0496","2.6843","VERY_HIGH","30","3.6375","FALSE","4","1325803577","ELIGIBILITY_834","2026-09-04 00:00:00","","TRUE","2026-09-15 10:31:41","39d57104fd15e19f217ddee33570cd4e9c9a1a120639466250fc68221c4357f9"
"5e954994-e759-5f08-8e20-336a3d20d279","SH100423","","","DEPENDENT","HMO-2024-05","Sutter Health Hmo Gold","HMO","COMMERCIAL","GRP10070","Bay Area Health Alliance","1989-07-24","M","94118","06075","CA","2025-03-30","","ACTIVE","FALSE","FALSE","","0.607","0.5437","LOW","7","0.5961","FALSE","3","1189595982","ELIGIBILITY_834","2026-09-09 00:00:00","","TRUE","2026-09-15 10:31:41","8e9d6459b3fe68358a5d6559031878fe9586c0e91ec6eace829f06dd90f4ac26"
"c63ad05f-f168-59f5-b2a6-227861081ffc","SH100424","","CA7390188891","DEPENDENT","MED-2024-07","Sutter Health Medicaid Managed Gold","MEDICAID_MANAGED","MEDICAID","GRP10392","Central Valley Employers Group","1980-01-17","M","95128","06085","CA","2025-11-19","","ACTIVE","FALSE","FALSE","","3.1001","2.8191","VERY_HIGH","35","3.3447","FALSE","3","1277868678","ELIGIBILITY_834","2026-09-07 00:00:00","","TRUE","2026-09-15 10:31:41","a4fd862c756963a4579afb2da98e839eabbafc5af34e436fc04ec48e6c5d99db"
"625ceee1-3127-58f4-9612-dc1221063676","SH100425","","","SELF","HDH-2024-06","Sutter Health Hdhp Gold","HDHP","COMMERCIAL","GRP10309","Kaiser Community Partners","2005-03-24","M","94132","06075","CA","2023-03-04","","ACTIVE","FALSE","FALSE","","0.4003","0.3443","LOW","7","0.4118","FALSE","1","1478229142","ELIGIBILITY_834","2026-09-10 00:00:00","","TRUE","2026-09-15 10:31:41","386ee412acd07256cff9deae62ee653163f2dd564340d3123cdfb973e0db729a"
"8abda363-5e83-5d66-a777-d1455588f3ba","SH100426","","","SELF","HMO-2024-02","Sutter Health Hmo Gold","HMO","COMMERCIAL","GRP10033","California State Employees","1990-07-12","F","94603","06075","CA","2024-08-28","2026-04-25","TERMED","FALSE","FALSE","","0.3065","0.2908","LOW","5","0.3274","FALSE","2","1404528485","ELIGIBILITY_834","2026-08-24 00:00:00","","TRUE","2026-09-15 10:31:41","baf095eb72bd3e48dac281f89e2aac2ebead1adeb8318e8eba14d32bc0b9d40f"
"88122566-caea-57f4-84cf-e17c4453a61f","SH100427","","","SELF","HMO-2024-01","Sutter Health Hmo Gold","HMO","COMMERCIAL","GRP10167","California State Employees","1981-04-16","M","94118","06075","CA","2023-12-03","","ACTIVE","FALSE","FALSE","","0.9421","0.8783","MODERATE","7","1.1055","FALSE","2","1353856096","ELIGIBILITY_834","2026-09-06 00:00:00","","TRUE","2026-09-15 10:31:41","759566239f5f1c091cc0ad1ae2e8e42d59a6923b23797b43a6ddc847b72ab0e5"
"0c376032-0765-5b16-9de2-32785ad0ef6d","SH100428","","","SELF","HMO-2024-05","Sutter Health Hmo Gold","HMO","COMMERCIAL","GRP10204","Palo Alto Medical Foundation","1944-09-15","M","94132","06075","CA","2024-09-06","","ACTIVE","FALSE","FALSE","","2.6299","2.5629","HIGH","29","2.9164","TRUE","3","1697483848","ELIGIBILITY_834","2026-09-01 00:00:00","","TRUE","2026-09-15 10:31:41","acb081cc67cc79ebab4e3dbcfb3492f586244ac4a692944e04ed7e1d66fbf6e1"
"9a8d97e0-708f-5303-bbd4-9aa7f9b14c59","SH100429","","","DEPENDENT","HMO-2024-01","Sutter Health Hmo Gold","HMO","COMMERCIAL","GRP10370","NorCal Tech Coalition","2005-05-29","M","94131","06075","CA","2025-07-04","","ACTIVE","FALSE","FALSE","","0.4937","0.5215","LOW","6","0.4828","FALSE","4","1976331829","ELIGIBILITY_834","2026-08-21 00:00:00","","TRUE","2026-09-15 10:31:41","112411b9b312b37ad1e2beb426f1958a8af490162038a7cf8d7938d8e1dee9cb"
"15dcda04-3bbf-5b70-a302-cff2f6787829","SH100430","T2WW-JY-7745","","SELF","MED-2024-02","Sutter Health Medicare Advantage Gold","MEDICARE_ADVANTAGE","MEDICARE","GRP10075","California State Employees","1990-10-07","F","94118","06075","CA","2025-10-02","","ACTIVE","FALSE","FALSE","LIS3","0.4022","0.3585","LOW","6","0.4544","FALSE","3","1783870083","ELIGIBILITY_834","2026-08-24 00:00:00","","TRUE","2026-09-15 10:31:41","86265720c1fbf20ffada70c31bde047bba6e8f3adf72aca141d5b7201f5712b3"
"0a5bc919-e77c-52ef-be32-1ff7c7492ada","SH100431","","","DEPENDENT","HMO-2024-05","Sutter Health Hmo Gold","HMO","COMMERCIAL","GRP10174","Bay Area Health Alliance","1963-06-18","F","95128","06085","CA","2025-05-29","","ACTIVE","FALSE","FALSE","","2.0125","2.1154","HIGH","25","2.239","TRUE","2","1974020920","ELIGIBILITY_834","2026-08-26 00:00:00","","TRUE","2026-09-15 10:31:41","18e4c6f8b4f70fa3fa261129349909b335c4215bab1540a6f01a45230a6ca426"
"9d5e0ea7-102e-5d8d-8375-5088643340ed","SH100432","","","SELF","POS-2024-02","Sutter Health Pos Gold","POS","COMMERCIAL","GRP10157","Palo Alto Medical Foundation","1990-03-22","M","94132","06075","CA","2024-02-02","","ACTIVE","FALSE","FALSE","","1.0827","1.0503","MODERATE","8","1.0526","FALSE","2","1258151146","ELIGIBILITY_834","2026-08-18 00:00:00","","TRUE","2026-09-15 10:31:41","e8512cfd8828752d1b7a2354cd5a32aab560c6359bf4782eca14e2f7442abcc2"
"f38d8206-ee1f-5915-98cf-de4b90317b0b","SH100433","","","SELF","HMO-2024-07","Sutter Health Hmo Gold","HMO","COMMERCIAL","GRP10027","Safeway Health Plan","1976-02-09","M","94577","06001","CA","2024-01-17","","ACTIVE","FALSE","FALSE","","2.1544","1.9683","HIGH","26","2.0643","TRUE","1","1392690066","ELIGIBILITY_834","2026-09-09 00:00:00","","TRUE","2026-09-15 10:31:41","76b85a1d22b095bdba48a32206ba6818b53a0d081f754fde71e1bbd20a90a9b4"
"336144bb-3a6e-5917-94dc-f770e93f85f0","SH100434","","","SPOUSE","HDH-2024-07","Sutter Health Hdhp Gold","HDHP","COMMERCIAL","GRP10033","Kaiser Community Partners","1972-01-07","M","94103","06075","CA","2023-03-27","","ACTIVE","FALSE","FALSE","","2.759","2.5269","HIGH","27","2.8075","FALSE","1","1208482276","ELIGIBILITY_834","2026-09-12 00:00:00","","TRUE","2026-09-15 10:31:41","da18fcebdcca453de0d4642f8f8db3c1ec7b7043034bc36c1857b3b603d621e7"
"a3c30e05-b39e-5fe7-b2ea-6833c1fadd9a","SH100435","D3GN-9T-2076","","SELF","MED-2024-05","Sutter Health Medicare Advantage Gold","MEDICARE_ADVANTAGE","MEDICARE","GRP10087","NorCal Tech Coalition","1956-04-08","F","94501","06001","CA","2024-09-30","2025-07-01","TERMED","FALSE","FALSE","LIS1","0.9028","0.8175","MODERATE","14","0.8588","FALSE","1","1831693296","ELIGIBILITY_834","2026-08-22 00:00:00","","TRUE","2026-09-15 10:31:41","33564543dfbae0036045160c1c49c28c638c8dda91573b6c3660b622487d6f3a"
"817adfa4-1003-5f95-b84b-86b962dbd7c9","SH100436","","","SPOUSE","HMO-2024-08","Sutter Health Hmo Gold","HMO","COMMERCIAL","GRP10075","Palo Alto Medical Foundation","1967-05-27","F","94577","06001","CA","2023-08-22","","ACTIVE","FALSE","FALSE","","0.708","0.6635","LOW","6","0.7414","FALSE","1","1207366094","ELIGIBILITY_834","2026-09-04 00:00:00","","TRUE","2026-09-15 10:31:41","87ca56fd5bc70d90a21b23106ea15f320957a1a4c7fda8d80f168b3694046fda"
"b9ccfc6d-ce7a-56df-ad59-93aff0cbe1cb","SH100437","","","DEPENDENT","PPO-2024-03","Sutter Health Ppo Gold","PPO","COMMERCIAL","GRP10265","Sutter Medical Foundation","1981-09-20","F","94501","06001","CA","2025-10-30","","ACTIVE","FALSE","FALSE","","0.6107","0.6407","LOW","11","0.6151","FALSE","5","1258806824","ELIGIBILITY_834","2026-09-15 00:00:00","","TRUE","2026-09-15 10:31:41","a1a230d0706b2797c68f6a50a931354e84ba01e2ae18ba610d2c439c86a884a0"
"a9a87f5e-78c3-59cc-b18d-0353de0d9fec","SH100438","","CA9563923030","SELF","MED-2024-01","Sutter Health Medicaid Managed Gold","MEDICAID_MANAGED","MEDICAID","GRP10347","NorCal Tech Coalition","1995-03-14","F","94577","06001","CA","2025-06-24","","ACTIVE","FALSE","FALSE","","2.4788","2.7757","HIGH","31","2.6619","TRUE","1","1455618641","ELIGIBILITY_834","2026-08-24 00:00:00","","TRUE","2026-09-15 10:31:41","cef44f4cd482e7cb48751d040080c343505dc1626a8dcf4118728843823408dc"
"62b0bf92-7e9d-5a24-8ef5-8cf97b00ba47","SH100439","","CA2265841695","SELF","MED-2024-04","Sutter Health Medicaid Managed Gold","MEDICAID_MANAGED","MEDICAID","GRP10340","UCSF Health Partners","1964-04-06","M","94577","06001","CA","2024-11-01","","ACTIVE","FALSE","FALSE","","2.4855","2.4604","HIGH","26","2.448","TRUE","2","1426036979","ELIGIBILITY_834","2026-08-28 00:00:00","","TRUE","2026-09-15 10:31:41","4a4f7a6a81849170590e18aa05e6bc7c4af55632c5a4f67876f0c7b050a27edd"
"e21236b4-edeb-5e76-9f82-7b99e310448f","SH100440","","","SELF","HMO-2024-02","Sutter Health Hmo Gold","HMO","COMMERCIAL","GRP10044","Central Valley Employers Group","1971-10-26","F","93711","06085","CA","2023-04-26","","ACTIVE","FALSE","FALSE","","0.8272","0.898","LOW","12","0.8166","FALSE","5","1253163103","ELIGIBILITY_834","2026-09-14 00:00:00","","TRUE","2026-09-15 10:31:41","bf026582816d1cf855ef162ac750bcc37820c71e73e6d83194dd7e31eeb3d9ed"
"486be5e6-8218-56e0-afa9-acb97bcb17d3","SH100441","","CA6151912812","SELF","MED-2024-05","Sutter Health Medicaid Managed Gold","MEDICAID_MANAGED","MEDICAID","GRP10165","UCSF Health Partners","1964-02-27","M","94603","06075","CA","2024-01-07","","ACTIVE","FALSE","FALSE","","3.9042","4.0179","VERY_HIGH","42","4.1775","TRUE","3","1833710528","ELIGIBILITY_834","2026-08-26 00:00:00","","TRUE","2026-09-15 10:31:41","7a98f5a54a1d62c591e01399004c4f622f8c97d05f1df92e5c8888079d5da9a0"
"e1a75bab-5a53-51e8-8f90-80552679d144","SH100442","","","SPOUSE","PPO-2024-05","Sutter Health Ppo Gold","PPO","COMMERCIAL","GRP10014","Kaiser Community Partners","2002-12-26","M","95148","06085","CA","2024-02-07","2027-02-10","COBRA","TRUE","FALSE","","3.6551","3.6204","VERY_HIGH","44","4.1522","TRUE","5","1128370531","ELIGIBILITY_834","2026-08-28 00:00:00","","TRUE","2026-09-15 10:31:41","56bc7da6bc7ea81ef81328c5b36af2243244c046352bb684ea4c431e7e448e54"
"247a712e-580d-534b-ace4-1004cb216284","SH100443","E5YV-3N-0198","","SELF","MED-2024-04","Sutter Health Medicare Advantage Gold","MEDICARE_ADVANTAGE","MEDICARE","GRP10138","Palo Alto Medical Foundation","1944-05-08","M","95148","06085","CA","2026-02-26","","ACTIVE","FALSE","FALSE","LIS2","0.702","0.6942","LOW","11","0.7502","FALSE","3","1458075133","ELIGIBILITY_834","2026-08-16 00:00:00","","TRUE","2026-09-15 10:31:41","7a3caccf994c00a8e5823761798f6752da395489e4e7523aec765ee37b0a4b37"
"129d298c-8bd4-5508-9413-c200c4e42ac2","SH100444","","","SELF","PPO-2024-09","Sutter Health Ppo Gold","PPO","COMMERCIAL","GRP10309","Palo Alto Medical Foundation","1962-07-14","M","94118","06075","CA","2026-01-31","","ACTIVE","FALSE","FALSE","","4.029","4.0108","CATASTROPHIC","45","4.1625","TRUE","0","1658155227","ELIGIBILITY_834","2026-09-14 00:00:00","","TRUE","2026-09-15 10:31:41","56eb1ea729f9eddeb04a73c3b90a249877cfa308fec284a5384659ccb83f8f46"
"81fef492-ef30-55d0-8ab4-d89a625575e9","SH100445","","","SPOUSE","HDH-2024-04","Sutter Health Hdhp Gold","HDHP","COMMERCIAL","GRP10419","Bay Area Health Alliance","1955-12-28","M","93701","06085","CA","2026-05-04","","ACTIVE","FALSE","FALSE","","1.4923","1.3236","MODERATE","14","1.5562","FALSE","2","1283368785","ELIGIBILITY_834","2026-09-06 00:00:00","","TRUE","2026-09-15 10:31:41","cab7c92034ab0e8a09e69352626c66e4548f0912c9ec23f6f3bc51f4d0bddca4"
"95e6e945-0edd-552e-8cb1-407dfeb18cc5","SH100446","T1PF-T9-7402","","SELF","MED-2024-06","Sutter Health Medicare Advantage Gold","MEDICARE_ADVANTAGE","MEDICARE","GRP10005","Central Valley Employers Group","1969-03-13","M","95148","06085","CA","2025-10-14","","ACTIVE","FALSE","FALSE","","2.6135","2.3376","HIGH","29","2.7544","FALSE","1","1136596922","ELIGIBILITY_834","2026-09-10 00:00:00","","TRUE","2026-09-15 10:31:41","d262cad49534fe7c0b9c4cd38ac9526518d471a273aabdaf2427f04273242d73"
"f5d55b86-814d-5aeb-a40d-b5c63a3cf28b","SH100447","W5F3-NY-9599","","SELF","MED-2024-01","Sutter Health Medicare Advantage Gold","MEDICARE_ADVANTAGE","MEDICARE","GRP10294","Kaiser Community Partners","1981-07-17","M","94501","06001","CA","2024-05-07","2026-11-30","COBRA","TRUE","FALSE","LIS2","0.5364","0.6034","LOW","11","0.52","FALSE","3","1932577261","ELIGIBILITY_834","2026-08-25 00:00:00","","TRUE","2026-09-15 10:31:41","82c12189cc717958b2e0183f8a233d11f88db186fe31149deed386f01e56effa"
"ce395547-71d8-51c4-8ec3-952e2c1baf89","SH100448","K2C8-4D-7590","","SELF","MED-2024-08","Sutter Health Medicare Advantage Gold","MEDICARE_ADVANTAGE","MEDICARE","GRP10215","Palo Alto Medical Foundation","1977-06-01","F","93722","06085","CA","2024-04-22","","ACTIVE","FALSE","FALSE","","1.113","1.2465","MODERATE","10","1.0462","FALSE","4","1166493225","ELIGIBILITY_834","2026-08-26 00:00:00","","TRUE","2026-09-15 10:31:41","ecfc29c1ed3d3e4a56bc9fb62d0d98e1b3ed836ab35bee0b7b9017a00a6da359"
"91dfdca9-8200-5c6d-b4cf-f426f6190666","SH100449","C39A-P5-6981","","SPOUSE","MED-2024-09","Sutter Health Medicare Advantage Gold","MEDICARE_ADVANTAGE","MEDICARE","GRP10342","Palo Alto Medical Foundation","1972-05-05","M","94603","06075","CA","2026-04-29","","ACTIVE","FALSE","FALSE","","1.3757","1.4954","MODERATE","12","1.3166","FALSE","1","1318548994","ELIGIBILITY_834","2026-09-09 00:00:00","","TRUE","2026-09-15 10:31:41","c36e5c7c42e090ec866d5d6db0c6e83aa37b7b81c7f879d1aa44af3deabb80f0"
"e2440cb3-c704-5a84-b685-014ebcdd8f29","SH100450","","","SELF","PPO-2024-05","Sutter Health Ppo Gold","PPO","COMMERCIAL","GRP10255","Bay Area Health Alliance","1942-07-28","F","94577","06001","CA","2024-10-15","","ACTIVE","FALSE","FALSE","","2.674","2.7295","HIGH","28","3.1464","TRUE","2","1155275164","ELIGIBILITY_834","2026-09-07 00:00:00","","TRUE","2026-09-15 10:31:41","6f5a4f7e5b108a251f550ed818d587d7874c4fe4ec0559f8a007e59c3c31b762"
"bd53446c-5804-5868-9b0e-717f049d7ebd","SH100451","","","SELF","PPO-2024-04","Sutter Health Ppo Gold","PPO","COMMERCIAL","GRP10056","Safeway Health Plan","1956-08-25","F","94103","06075","CA","2023-05-26","","ACTIVE","FALSE","FALSE","","2.4112","2.2754","HIGH","32","2.4121","TRUE","2","1382451081","ELIGIBILITY_834","2026-08-22 00:00:00","","TRUE","2026-09-15 10:31:41","67d21e58968b48c776b856f282c0234cae0a42d8f287cade6cb5e58f63584bdd"
"d0c889ad-3950-5bd3-9e4c-aabf977ffa4b","SH100452","","","DEPENDENT","HMO-2024-09","Sutter Health Hmo Gold","HMO","COMMERCIAL","GRP10036","California State Employees","1987-10-21","F","93720","06085","CA","2026-04-06","","ACTIVE","FALSE","FALSE","","1.6251","1.6562","MODERATE","23","1.696","FALSE","3","1742256122","ELIGIBILITY_834","2026-09-11 00:00:00","","TRUE","2026-09-15 10:31:41","0fc189fed243de08256b857d63aea954cc2228ce2cd1a034082772634754367b"
"b58122b4-5343-5297-b248-37c9415508e4","SH100453","","","SELF","POS-2024-07","Sutter Health Pos Gold","POS","COMMERCIAL","GRP10440","California State Employees","1975-10-31","M","94102","06075","CA","2025-05-12","","ACTIVE","FALSE","FALSE","","3.8517","3.5371","VERY_HIGH","40","4.3513","TRUE","3","1832228806","ELIGIBILITY_834","2026-08-24 00:00:00","","TRUE","2026-09-15 10:31:41","e4a6820df0b71b465cce02d0e4178b67125f3d926a7ff0aff647f4be90082e84"
"d4b0baf5-597a-5750-a12c-23dea9e5db3b","SH100454","","","SPOUSE","HDH-2024-01","Sutter Health Hdhp Gold","HDHP","COMMERCIAL","GRP10005","Bay Area Health Alliance","1995-02-11","M","94131","06075","CA","2025-02-27","","ACTIVE","FALSE","FALSE","","3.2221","3.0705","VERY_HIGH","32","3.8578","FALSE","3","1543525682","ELIGIBILITY_834","2026-09-15 00:00:00","","TRUE","2026-09-15 10:31:41","471a7315f4bab1d4ea896089355868f77b471d0d4b1e1c356555387bc74aa036"
"b6fc7d91-d3ba-5987-8fb1-8a364cd97d6b","SH100455","","","SELF","PPO-2024-06","Sutter Health Ppo Gold","PPO","COMMERCIAL","GRP10336","Palo Alto Medical Foundation","1976-05-06","M","95128","06085","CA","2023-10-11","","ACTIVE","FALSE","FALSE","","2.0442","1.9169","HIGH","28","2.3903","TRUE","1","1182010113","ELIGIBILITY_834","2026-08-19 00:00:00","","TRUE","2026-09-15 10:31:41","f326152ae60bd6af537cf852696072e7b44a1799b23be974e7e97a713d233c74"
"cc88fa7b-736d-59c6-9627-36550d48a8b4","SH100456","","","DEPENDENT","PPO-2024-04","Sutter Health Ppo Gold","PPO","COMMERCIAL","GRP10248","Central Valley Employers Group","1950-05-08","F","94103","06075","CA","2024-07-08","2026-05-05","TERMED","FALSE","FALSE","","3.1826","3.2221","VERY_HIGH","33","3.1555","TRUE","1","1184230838","ELIGIBILITY_834","2026-08-29 00:00:00","","TRUE","2026-09-15 10:31:41","f5f7f1150e34d55205d1f20329156ec44ef4210ed6bf894c0a270303d76995a7"
"f9289f13-bf7d-5808-b652-bd8131c1f7b9","SH100457","","","SPOUSE","HDH-2024-08","Sutter Health Hdhp Gold","HDHP","COMMERCIAL","GRP10153","Palo Alto Medical Foundation","2020-05-19","F","94132","06075","CA","2024-11-25","","ACTIVE","FALSE","FALSE","","1.0028","1.0025","MODERATE","6","0.9082","FALSE","1","1164123910","ELIGIBILITY_834","2026-09-03 00:00:00","","TRUE","2026-09-15 10:31:41","58af193c749f20f861a43f49d3e416309c1b2775725ac5fbb1788b43f88745f6"
"b04a8834-1b47-5674-a84a-1a16e847f548","SH100458","","","SPOUSE","HMO-2024-07","Sutter Health Hmo Gold","HMO","COMMERCIAL","GRP10414","Bay Area Health Alliance","1990-10-22","M","94609","06075","CA","2024-07-29","2026-12-21","COBRA","TRUE","FALSE","","0.6249","0.5964","LOW","2","0.7247","FALSE","0","1913093378","ELIGIBILITY_834","2026-08-21 00:00:00","","TRUE","2026-09-15 10:31:41","a7c31d174aef53e0153ed1fe79d1a99a6b73f241d3c208053390cf14386527ea"
"f53f3a42-647a-51c6-ad94-a0dd4e9797a7","SH100459","","CA2178508211","DEPENDENT","MED-2024-09","Sutter Health Medicaid Managed Gold","MEDICAID_MANAGED","MEDICAID","GRP10381","Bay Area Health Alliance","1938-05-13","F","94132","06075","CA","2025-07-20","2027-02-11","COBRA","TRUE","FALSE","","2.3726","2.4212","HIGH","30","2.5418","TRUE","4","1241597244","ELIGIBILITY_834","2026-09-14 00:00:00","","TRUE","2026-09-15 10:31:41","3ae17805810894e7d69ea1917c123932e138ad971c0fb6f007a349dd78d0c313"
"2326f2b8-b13a-5597-8f58-0fea1f68ef2f","SH100460","","","SELF","PPO-2024-01","Sutter Health Ppo Gold","PPO","COMMERCIAL","GRP10238","Sutter Medical Foundation","1952-11-26","M","95148","06085","CA","2026-05-13","","ACTIVE","FALSE","FALSE","","2.636","2.9109","HIGH","33","2.8307","FALSE","2","1485176589","ELIGIBILITY_834","2026-09-13 00:00:00","","TRUE","2026-09-15 10:31:41","d0f84ebf3969caa6402514765188bf3575478cf8c5d701948faec22a9a839511"
"2292bca5-124e-5614-99a6-c92448f95218","SH100461","","","SELF","POS-2024-06","Sutter Health Pos Gold","POS","COMMERCIAL","GRP10019","UCSF Health Partners","1990-05-06","M","94103","06075","CA","2025-02-26","","ACTIVE","FALSE","FALSE","","0.4047","0.4498","LOW","9","0.3693","FALSE","2","1834913342","ELIGIBILITY_834","2026-08-24 00:00:00","","TRUE","2026-09-15 10:31:41","380d05f9a64bae85de794de9a3a6cabafaf33cce061c7ac780ac1fad448f4d09"
"4a42911a-2b10-5756-a51f-a61244420cea","SH100462","","","SELF","HMO-2024-07","Sutter Health Hmo Gold","HMO","COMMERCIAL","GRP10166","NorCal Tech Coalition","2019-03-21","F","94577","06001","CA","2026-01-10","","ACTIVE","FALSE","FALSE","","0.3655","0.3663","LOW","1","0.425","FALSE","3","1990279988","ELIGIBILITY_834","2026-09-11 00:00:00","","TRUE","2026-09-15 10:31:41","3db1c1f392cc270ae94db86c0c6b4b9ad36c723b9ecd8c951ec9963643caae59"
"f91f6584-00af-5542-899e-7c4a35305ffc","SH100463","","","SPOUSE","PPO-2024-06","Sutter Health Ppo Gold","PPO","COMMERCIAL","GRP10054","Bay Area Health Alliance","1982-03-02","F","94103","06075","CA","2024-10-30","2026-10-21","COBRA","TRUE","FALSE","","3.1529","2.7094","VERY_HIGH","37","3.7267","FALSE","1","1967620130","ELIGIBILITY_834","2026-09-03 00:00:00","","TRUE","2026-09-15 10:31:41","d665fb8e88fd661bc5a51e0d6eb0520cc4392de95fe325a7f79a987df4630e6a"
"d60b954c-4ad1-5c06-b99a-cabfe1a095a6","SH100464","","CA7189122676","SELF","MED-2024-05","Sutter Health Medicaid Managed Gold","MEDICAID_MANAGED","MEDICAID","GRP10408","Sutter Medical Foundation","2025-08-07","F","94578","06001","CA","2025-10-12","2027-05-05","TERMED","FALSE","FALSE","","1.798","1.8683","MODERATE","22","2.1096","FALSE","2","1751870820","ELIGIBILITY_834","2026-09-05 00:00:00","","TRUE","2026-09-15 10:31:41","342312a5b1bcedf120686c01a80d5033683d0dc516b65d285f5d35c55e9d4b63"
"df09aeb7-46b3-5813-a587-6bc147e5b7c8","SH100465","","","DEPENDENT","PPO-2024-03","Sutter Health Ppo Gold","PPO","COMMERCIAL","GRP10247","Bay Area Health Alliance","1951-08-06","F","94577","06001","CA","2026-01-12","2027-12-12","TERMED","FALSE","FALSE","","5.8447","5.1077","CATASTROPHIC","71","6.8834","TRUE","3","1582075743","ELIGIBILITY_834","2026-09-08 00:00:00","","TRUE","2026-09-15 10:31:41","60a7058f3b1e298508beff93b3065df291d00c51e7d34c01647f810f4fbdce8d"
"c543102a-534d-5ff2-a13b-15045ea0f81e","SH100466","","","SELF","PPO-2024-02","Sutter Health Ppo Gold","PPO","COMMERCIAL","GRP10061","California State Employees","1982-07-28","M","94122","06075","CA","2023-12-01","","ACTIVE","FALSE","FALSE","","6.5921","6.8544","CATASTROPHIC","75","6.1829","FALSE","3","1382797958","ELIGIBILITY_834","2026-09-14 00:00:00","","TRUE","2026-09-15 10:31:41","0ae3c45af59de8fcc047a589e418a6ccbc7d079d6061e52bf982bcef3a2387b3"
"cc9ec89a-1aef-5166-8f2f-86903ab0d396","SH100467","","CA8880426060","SELF","MED-2024-08","Sutter Health Medicaid Managed Gold","MEDICAID_MANAGED","MEDICAID","GRP10302","Palo Alto Medical Foundation","2007-12-23","F","94118","06075","CA","2024-07-28","2025-08-06","TERMED","FALSE","FALSE","","0.5414","0.5506","LOW","5","0.601","FALSE","0","1875434424","ELIGIBILITY_834","2026-08-23 00:00:00","","TRUE","2026-09-15 10:31:41","ea8e264f11506759c80b678872f795dd1284e63d0d1f362c422df17fd74a07fe"
"0025c8a9-b69f-5c74-b5e6-deb7b1242ec5","SH100468","","","DEPENDENT","POS-2024-09","Sutter Health Pos Gold","POS","COMMERCIAL","GRP10252","NorCal Tech Coalition","1974-03-23","F","93727","06085","CA","2025-12-01","","ACTIVE","FALSE","FALSE","","1.0591","1.1298","MODERATE","11","1.2214","FALSE","2","1151848784","ELIGIBILITY_834","2026-09-02 00:00:00","","TRUE","2026-09-15 10:31:41","39938c6d9d6a464071ad5246c9bb3b86fcdf6236aaa22b684525e3728caa7a18"
"1413140e-954c-5de3-9a1d-5ed45856cc26","SH100469","","CA2885133086","DEPENDENT","MED-2024-05","Sutter Health Medicaid Managed Gold","MEDICAID_MANAGED","MEDICAID","GRP10177","Central Valley Employers Group","1998-07-11","M","94603","06075","CA","2023-01-04","","ACTIVE","FALSE","FALSE","","2.531","2.4783","HIGH","28","2.991","TRUE","0","1277803636","ELIGIBILITY_834","2026-09-07 00:00:00","","TRUE","2026-09-15 10:31:41","2d751b25d180f63b1bf51806d05423b5fc222d3e87fb9f4db54fa0bdd529c2c4"
"96e5e5e8-bb3c-5dba-8156-ea35d4315f3a","SH100470","H5YR-4T-8274","","SPOUSE","MED-2024-02","Sutter Health Medicare Advantage Gold","MEDICARE_ADVANTAGE","MEDICARE","GRP10426","Sutter Medical Foundation","2000-12-13","F","94578","06001","CA","2025-05-14","","ACTIVE","FALSE","FALSE","","0.8415","0.9576","LOW","12","0.9817","FALSE","4","1496791155","ELIGIBILITY_834","2026-08-31 00:00:00","","TRUE","2026-09-15 10:31:41","843ef4e585f430f8090b30a57c521b6335d4fe45723b9ecf85b9e0e97bf58d75"
"0583efbd-d42b-5630-b218-14e67a664dd4","SH100471","D69C-RE-8538","","SELF","MED-2024-01","Sutter Health Medicare Advantage Gold","MEDICARE_ADVANTAGE","MEDICARE","GRP10322","Kaiser Community Partners","1953-08-05","F","94577","06001","CA","2024-07-31","","ACTIVE","FALSE","FALSE","LIS2","2.0224","1.7641","HIGH","20","1.9032","FALSE","2","1821641990","ELIGIBILITY_834","2026-09-03 00:00:00","","TRUE","2026-09-15 10:31:41","b9a2529909c974c43a54c3c240eb0af08769bcd800587a4453925baf8e5517b7"
"42473961-3749-5867-9ba2-fa8a8c5b1ce5","SH100472","","","SELF","PPO-2024-05","Sutter Health Ppo Gold","PPO","COMMERCIAL","GRP10285","Bay Area Health Alliance","1969-06-26","F","94102","06075","CA","2024-01-10","","ACTIVE","FALSE","FALSE","","1.6883","1.9166","MODERATE","17","1.8301","FALSE","0","1862346505","ELIGIBILITY_834","2026-08-26 00:00:00","","TRUE","2026-09-15 10:31:41","700e8a791b4817e5fa683c14313f743654f3e032ba5b5e9ddbaaa78745270454"
"fdc76efd-e3f4-5eb3-bc75-25d93cf03a52","SH100473","M7TN-J2-6127","","SELF","MED-2024-07","Sutter Health Medicare Advantage Gold","MEDICARE_ADVANTAGE","MEDICARE","GRP10049","Bay Area Health Alliance","1940-05-06","F","95126","06085","CA","2023-06-01","","ACTIVE","FALSE","FALSE","LIS2","2.2902","2.3795","HIGH","30","2.5927","FALSE","5","1220653592","ELIGIBILITY_834","2026-08-31 00:00:00","","TRUE","2026-09-15 10:31:41","2e36e3e180cad7e0cf92c0327c9d2addf5cb4e038444f584494b4561aec8d45e"
"4eb41dbd-8b35-55cf-9bdf-bec06bd99ad9","SH100474","K1KV-4J-5047","","SPOUSE","MED-2024-03","Sutter Health Medicare Advantage Gold","MEDICARE_ADVANTAGE","MEDICARE","GRP10226","California State Employees","1981-01-10","M","95054","06085","CA","2024-02-26","","ACTIVE","FALSE","FALSE","LIS2","1.406","1.3314","MODERATE","21","1.5942","FALSE","1","1528078864","ELIGIBILITY_834","2026-09-12 00:00:00","","TRUE","2026-09-15 10:31:41","72456664b2addde4d2a0d51ba71bd66f601f098e61855869087c86656aa92551"
"f34a88f2-248d-5617-b542-8804ac3c411e","SH100475","","","SELF","HMO-2024-04","Sutter Health Hmo Gold","HMO","COMMERCIAL","GRP10107","NorCal Tech Coalition","1961-09-21","F","94115","06075","CA","2022-10-15","","ACTIVE","FALSE","FALSE","","2.7122","2.9293","HIGH","34","2.6771","TRUE","0","1674959397","ELIGIBILITY_834","2026-09-10 00:00:00","","TRUE","2026-09-15 10:31:41","cc64939996e1ef991e7eb498067f0663ee064643719db88d962f671556b8fe39"
"dffb9e63-96af-5e68-8ecd-b530d511b0fc","SH100476","","","SELF","HMO-2024-02","Sutter Health Hmo Gold","HMO","COMMERCIAL","GRP10012","Bay Area Health Alliance","1944-09-29","M","94103","06075","CA","2025-07-31","","ACTIVE","FALSE","FALSE","","4.4613","4.3247","CATASTROPHIC","54","5.1033","TRUE","3","1778127557","ELIGIBILITY_834","2026-09-03 00:00:00","","TRUE","2026-09-15 10:31:41","490bbfc4ddf8f8688a33e301890d2f5a7bd8de7eb4c59da25717aec495d024f0"
"6aa522cd-f81a-5188-9e46-6f8aa1bb63d5","SH100477","M6RW-4A-4473","","SPOUSE","MED-2024-07","Sutter Health Medicare Advantage Gold","MEDICARE_ADVANTAGE","MEDICARE","GRP10301","California State Employees","1953-08-25","M","94609","06075","CA","2025-08-11","","ACTIVE","FALSE","FALSE","LIS3","3.2985","2.8183","VERY_HIGH","41","3.3937","FALSE","0","1308610937","ELIGIBILITY_834","2026-09-08 00:00:00","","TRUE","2026-09-15 10:31:41","dfebe5365f67ac8dd9b1ea66195d81c165ba1c78a9852a8214c574ddaf3843fa"
"91f02ed5-2883-5ab3-8267-ca56c25b4e9d","SH100478","","CA3418724889","SPOUSE","MED-2024-06","Sutter Health Medicaid Managed Gold","MEDICAID_MANAGED","MEDICAID","GRP10012","California State Employees","1972-05-26","M","95148","06085","CA","2025-03-16","","ACTIVE","FALSE","FALSE","","2.7515","2.9683","HIGH","28","2.595","TRUE","1","1928075914","ELIGIBILITY_834","2026-08-26 00:00:00","","TRUE","2026-09-15 10:31:41","2bba5edc04e3032addbdcc0bb3cad465cb8622aa0fa869f1e05e2487e4476bde"
"a511b5e5-e689-5e1b-98f1-94b870848604","SH100479","","","SELF","HMO-2024-03","Sutter Health Hmo Gold","HMO","COMMERCIAL","GRP10252","Central Valley Employers Group","1955-01-26","F","93727","06085","CA","2025-02-26","","ACTIVE","FALSE","FALSE","","1.6543","1.6659","MODERATE","23","1.507","FALSE","1","1542229789","ELIGIBILITY_834","2026-08-24 00:00:00","","TRUE","2026-09-15 10:31:41","8455d6ce361258957645f37a9c33accf835f46886f14784ba51f10d645dd6020"
"3c42f42a-1c22-599b-8c7e-6c2b8e5c6057","SH100480","","","SELF","PPO-2024-02","Sutter Health Ppo Gold","PPO","COMMERCIAL","GRP10358","Palo Alto Medical Foundation","1955-01-26","F","94578","06001","CA","2026-01-02","2027-01-31","COBRA","TRUE","FALSE","","2.1218","2.2548","HIGH","27","2.0154","TRUE","0","1503389825","ELIGIBILITY_834","2026-09-01 00:00:00","","TRUE","2026-09-15 10:31:41","ab1a5a25d493ea4fabefd8d1859c40aa581878e39dfc5bae8386fa7521addc4f"
"47253747-7b83-5c27-a86d-24786645d160","SH100481","G3MW-2H-9589","","SELF","MED-2024-06","Sutter Health Medicare Advantage Gold","MEDICARE_ADVANTAGE","MEDICARE","GRP10314","NorCal Tech Coalition","2006-12-26","F","95014","06085","CA","2024-12-09","","ACTIVE","FALSE","FALSE","LIS2","1.2595","1.1827","MODERATE","15","1.1956","FALSE","1","1705386785","ELIGIBILITY_834","2026-08-24 00:00:00","","TRUE","2026-09-15 10:31:41","5bc3b5aeaf6b418eedaee44591a9fcff59ea69dfa8fb6112cab4cc6a328292c2"
"8b0704e8-f648-5614-9e76-14bc3727cc68","SH100482","","","SPOUSE","HMO-2024-04","Sutter Health Hmo Gold","HMO","COMMERCIAL","GRP10239","UCSF Health Partners","2008-08-16","F","95054","06085","CA","2025-12-06","","ACTIVE","FALSE","FALSE","","1.0793","0.9478","MODERATE","14","1.0831","FALSE","1","1171695888","ELIGIBILITY_834","2026-09-15 00:00:00","","TRUE","2026-09-15 10:31:41","c971d8a16530456dcc1d8669ac618c9b2b9d1153c06ad8c699bcb1156d314629"
"cc64fbe3-629d-5af3-b3fb-03ff1faad415","SH100483","G5YE-F6-8965","","SPOUSE","MED-2024-08","Sutter Health Medicare Advantage Gold","MEDICARE_ADVANTAGE","MEDICARE","GRP10374","Bay Area Health Alliance","1963-04-28","M","94115","06075","CA","2023-02-20","","ACTIVE","FALSE","FALSE","LIS2","6.525","6.8022","CATASTROPHIC","74","6.2016","FALSE","2","1400632183","ELIGIBILITY_834","2026-08-21 00:00:00","","TRUE","2026-09-15 10:31:41","b48f282e0649b6aa2bc03c71633fade75ca26a058c92b85750895843948a00fa"
"b594d563-5701-561f-ad63-c85bf7dbff73","SH100484","","","SPOUSE","HMO-2024-07","Sutter Health Hmo Gold","HMO","COMMERCIAL","GRP10154","Kaiser Community Partners","2002-06-29","F","95131","06085","CA","2022-09-25","","ACTIVE","FALSE","FALSE","","0.8819","0.7859","LOW","12","0.9985","FALSE","0","1916051762","ELIGIBILITY_834","2026-08-24 00:00:00","","TRUE","2026-09-15 10:31:41","deb6a87ceb08ec907e5ca99c53d82fd0a014b3bcf24f61c97f40c3b51883e65a"
"7068d69b-40cb-54f8-b64a-c3e49d3e4c8f","SH100485","E99R-1P-2057","","SELF","MED-2024-09","Sutter Health Medicare Advantage Gold","MEDICARE_ADVANTAGE","MEDICARE","GRP10355","Central Valley Employers Group","1987-08-16","F","95131","06085","CA","2023-04-27","","ACTIVE","FALSE","FALSE","LIS2","3.9346","4.3284","VERY_HIGH","43","3.9926","TRUE","3","1835907840","ELIGIBILITY_834","2026-09-10 00:00:00","","TRUE","2026-09-15 10:31:41","e54305d50b757d4f0d170ffc403f09ddfc339e49a3b72106930f7c4f27064761"
"36d58bba-ff23-5160-92fc-d0e1e37dfc18","SH100486","","","SPOUSE","HMO-2024-05","Sutter Health Hmo Gold","HMO","COMMERCIAL","GRP10328","Safeway Health Plan","2001-11-25","M","94132","06075","CA","2026-04-10","","ACTIVE","FALSE","FALSE","","0.4523","0.5095","LOW","9","0.4443","FALSE","0","1527664933","ELIGIBILITY_834","2026-09-14 00:00:00","","TRUE","2026-09-15 10:31:41","289cd0759b69d41b3392304f48a69f4a4438714c1432801f6b4fe16b5c2eab95"
"610aecc2-0bef-5dcf-bae0-16c514447731","SH100487","","","SELF","HDH-2024-01","Sutter Health Hdhp Gold","HDHP","COMMERCIAL","GRP10090","UCSF Health Partners","1966-01-31","F","93720","06085","CA","2025-08-08","","ACTIVE","FALSE","FALSE","","1.9039","1.8294","HIGH","26","1.893","FALSE","1","1188932256","ELIGIBILITY_834","2026-08-19 00:00:00","","TRUE","2026-09-15 10:31:41","584f8a66ca6835b022e2dfdcfac22c695aef1d43e4ec778776cb74359be22dd9"
"a116b0d0-61d5-5404-be2d-e1718c393c09","SH100488","","","SELF","HDH-2024-09","Sutter Health Hdhp Gold","HDHP","COMMERCIAL","GRP10481","California State Employees","1973-09-20","M","93722","06085","CA","2024-05-28","","ACTIVE","FALSE","FALSE","","3.8773","3.4925","VERY_HIGH","49","3.6612","FALSE","3","1547083251","ELIGIBILITY_834","2026-09-07 00:00:00","","TRUE","2026-09-15 10:31:41","dbbb7b6b70a048682b58c069e6efb8c1f5e68daea843764cbebce7a924c6d30c"
"00ea21c0-fe90-53b8-8c70-ab85ed56d4a1","SH100489","","","DEPENDENT","HMO-2024-03","Sutter Health Hmo Gold","HMO","COMMERCIAL","GRP10238","Palo Alto Medical Foundation","1975-10-11","F","94578","06001","CA","2024-06-29","","ACTIVE","FALSE","FALSE","","2.6379","2.2448","HIGH","30","2.9515","TRUE","4","1707941115","ELIGIBILITY_834","2026-09-10 00:00:00","","TRUE","2026-09-15 10:31:41","4b52c4e6070b86fbaed2090bf1ebc959a9bda155e4b424eff3ed8b130fcba2a9"
"0f20e473-aa27-521d-85ab-35d7f57e3da3","SH100490","K3YN-RJ-3432","","SELF","MED-2024-02","Sutter Health Medicare Advantage Gold","MEDICARE_ADVANTAGE","MEDICARE","GRP10194","Central Valley Employers Group","1979-03-20","M","93722","06085","CA","2025-09-19","","ACTIVE","FALSE","FALSE","","3.1693","3.3413","VERY_HIGH","35","3.19","TRUE","5","1291130376","ELIGIBILITY_834","2026-09-04 00:00:00","","TRUE","2026-09-15 10:31:41","551c5ce153bb73e6bb481a9ba55e6dee3842cddc70415ef033e6b3ab6c8b848e"
"bc995327-1a56-5eea-9920-1051d31805b8","SH100491","N9X7-46-4183","","SELF","MED-2024-01","Sutter Health Medicare Advantage Gold","MEDICARE_ADVANTAGE","MEDICARE","GRP10407","Central Valley Employers Group","1963-07-06","M","95126","06085","CA","2022-11-02","","ACTIVE","FALSE","FALSE","LIS1","1.3842","1.264","MODERATE","17","1.4605","FALSE","1","1322744472","ELIGIBILITY_834","2026-08-26 00:00:00","","TRUE","2026-09-15 10:31:41","b474b2936217cf241d6ed78eac1c49f3f9d9b67c669d42320d0c8c767abbe133"
"5fde46c9-29c8-55fc-a4a0-ecb2289107ee","SH100492","","","SELF","HDH-2024-08","Sutter Health Hdhp Gold","HDHP","COMMERCIAL","GRP10172","Palo Alto Medical Foundation","1988-12-10","M","94122","06075","CA","2024-02-05","","ACTIVE","FALSE","FALSE","","0.7208","0.7488","LOW","3","0.767","FALSE","4","1300909460","ELIGIBILITY_834","2026-08-22 00:00:00","","TRUE","2026-09-15 10:31:41","0a961b9944468225090976b786dd036857b38108ef632ddb163b7ef92d885de8"
"1a41600c-d8c9-5040-b358-10576c51f620","SH100493","","","SELF","PPO-2024-07","Sutter Health Ppo Gold","PPO","COMMERCIAL","GRP10497","Bay Area Health Alliance","1966-10-10","M","94501","06001","CA","2024-03-18","","ACTIVE","FALSE","FALSE","","3.1031","2.9851","VERY_HIGH","36","3.5134","FALSE","4","1919450756","ELIGIBILITY_834","2026-08-16 00:00:00","","TRUE","2026-09-15 10:31:41","c5d2611ef41088dcb09b5ff819fed92127a035e1c8807d6d1b1233076e53b4f5"
"f360bbd3-c605-5496-99fe-7a12f7d2cc8b","SH100494","","CA6781465992","SELF","MED-2024-08","Sutter Health Medicaid Managed Gold","MEDICAID_MANAGED","MEDICAID","GRP10027","Palo Alto Medical Foundation","1955-12-02","F","93711","06085","CA","2024-08-04","","ACTIVE","FALSE","TRUE","","1.7752","1.9093","MODERATE","17","1.6762","FALSE","3","1432079935","ELIGIBILITY_834","2026-08-18 00:00:00","","TRUE","2026-09-15 10:31:41","c3b5a78702fbb33c85e890dfca123c2295d4bf8c03277d66682abbf7915c17a4"
"ed4bf3f3-769e-58b2-8051-2ba1b201f3f1","SH100495","Q4V2-Q7-7316","","SPOUSE","MED-2024-03","Sutter Health Medicare Advantage Gold","MEDICARE_ADVANTAGE","MEDICARE","GRP10241","Kaiser Community Partners","1987-06-13","M","94501","06001","CA","2025-07-26","","ACTIVE","FALSE","FALSE","","0.6332","0.6856","LOW","2","0.7168","FALSE","0","1837431324","ELIGIBILITY_834","2026-08-18 00:00:00","","TRUE","2026-09-15 10:31:41","d0aeea4e1372e3b307b6161d144b28115f7b591acb550b677f9cf8263e9ed518"
"2af16746-ee33-536e-a00e-20df9cc185ca","SH100496","","CA9921805120","SELF","MED-2024-08","Sutter Health Medicaid Managed Gold","MEDICAID_MANAGED","MEDICAID","GRP10421","Sutter Medical Foundation","2017-01-10","F","95126","06085","CA","2024-06-06","","ACTIVE","FALSE","FALSE","","0.8314","0.7511","LOW","7","0.7951","FALSE","2","1755590808","ELIGIBILITY_834","2026-09-09 00:00:00","","TRUE","2026-09-15 10:31:41","87aeb4ebc287eb7e66bf0de41cd87d088658b39d566cbaeaa0db84bca325edd4"
"91c41442-8693-5572-bd6d-777217d3fff3","SH100497","","","SPOUSE","PPO-2024-07","Sutter Health Ppo Gold","PPO","COMMERCIAL","GRP10264","Palo Alto Medical Foundation","1971-02-24","M","94122","06075","CA","2025-07-18","","ACTIVE","FALSE","FALSE","","2.2807","2.1172","HIGH","27","2.6024","TRUE","3","1599206945","ELIGIBILITY_834","2026-09-15 00:00:00","","TRUE","2026-09-15 10:31:41","de7c8f83d7a58b7bb47090bbea4e638a9f33b0f31680e53e34a146bcf6c33b0c"
"0569b55a-d3f6-5357-a62c-dc8e67e4c8e9","SH100498","","","SELF","HDH-2024-06","Sutter Health Hdhp Gold","HDHP","COMMERCIAL","GRP10413","Safeway Health Plan","1989-02-04","M","94132","06075","CA","2022-11-27","","ACTIVE","FALSE","FALSE","","1.2802","1.1091","MODERATE","16","1.4764","FALSE","1","1639084522","ELIGIBILITY_834","2026-09-04 00:00:00","","TRUE","2026-09-15 10:31:41","d13cb57de31f2c78891a7da2f476662e3e0e8efcdd3c3e85778b5500032bab8e"
"dfc59b80-f856-5ba4-bf20-bf76dc15ec75","SH100499","","","SELF","HMO-2024-06","Sutter Health Hmo Gold","HMO","COMMERCIAL","GRP10237","Central Valley Employers Group","1984-10-15","M","94609","06075","CA","2023-11-29","","ACTIVE","FALSE","FALSE","","3.6491","3.384","VERY_HIGH","45","3.5604","TRUE","0","1142782651","ELIGIBILITY_834","2026-09-05 00:00:00","","TRUE","2026-09-15 10:31:41","ba5072bfe11ccbb86e4153f2a15b57d568a29f01571ecc8d47e3e0223cb6a07b"
"73b1810a-9d21-5862-ac30-1b31f7e87fcd","SH100500","","","SELF","PPO-2024-08","Sutter Health Ppo Gold","PPO","COMMERCIAL","GRP10043","Kaiser Community Partners","1983-02-25","M","94578","06001","CA","2024-03-28","","ACTIVE","FALSE","FALSE","","1.4362","1.3747","MODERATE","11","1.4783","FALSE","0","1201546534","ELIGIBILITY_834","2026-09-07 00:00:00","","TRUE","2026-09-15 10:31:41","ab25d647349b70a1364fb107481cabd4eecff3d432d3648f4aab7e10d47f6759"
"cedb8412-7d11-51ba-8978-23544598aed0","SH100501","","","SPOUSE","HMO-2024-07","Sutter Health Hmo Gold","HMO","COMMERCIAL","GRP10371","Palo Alto Medical Foundation","1954-01-08","F","94118","06075","CA","2024-04-26","","ACTIVE","FALSE","FALSE","","0.9345","0.9652","MODERATE","15","0.9534","FALSE","4","1462680716","ELIGIBILITY_834","2026-09-10 00:00:00","","TRUE","2026-09-15 10:31:41","e5e44b7b41f92eb1ed4565a77a99f3d9418b4754f53a36d2771a0efa3126d7b4"
"83d52ac3-7158-5065-bfa5-6dc678441a67","SH100502","","CA3883811315","SPOUSE","MED-2024-03","Sutter Health Medicaid Managed Gold","MEDICAID_MANAGED","MEDICAID","GRP10389","California State Employees","1948-06-28","F","95126","06085","CA","2023-03-31","","ACTIVE","FALSE","FALSE","","2.3392","2.5453","HIGH","22","2.2966","FALSE","3","1395050028","ELIGIBILITY_834","2026-09-02 00:00:00","","TRUE","2026-09-15 10:31:41","a4ce338fc744d3cb6d4e06904a8adaab137bab88a80dc96fd65392f0001686bf"
"851f6690-78d3-5381-94de-e6de56789e9d","SH100503","R6XQ-VX-0555","","SELF","MED-2024-08","Sutter Health Medicare Advantage Gold","MEDICARE_ADVANTAGE","MEDICARE","GRP10372","Safeway Health Plan","2008-05-06","M","94131","06075","CA","2026-02-07","","ACTIVE","FALSE","FALSE","","0.9874","0.9059","MODERATE","11","0.9511","FALSE","1","1731268027","ELIGIBILITY_834","2026-08-24 00:00:00","","TRUE","2026-09-15 10:31:41","80efe13974928f9f9f8db81f51d8ddd76e1c9333ed84c0148c8ae8201c141398"
"d7932dd7-f550-5a5a-a5b7-cbe089bb5168","SH100504","","","SPOUSE","HDH-2024-06","Sutter Health Hdhp Gold","HDHP","COMMERCIAL","GRP10161","Safeway Health Plan","1969-12-11","F","95126","06085","CA","2024-10-03","","ACTIVE","FALSE","FALSE","","2.1453","1.9571","HIGH","28","2.2943","TRUE","2","1824240334","ELIGIBILITY_834","2026-09-02 00:00:00","","TRUE","2026-09-15 10:31:41","a6bc61cbb74f2bb5c74fa689ca6088a88cc2989df9daa860e50b2c5087970b2d"
"1aaf4343-3f74-506e-ae4e-423e6f70f111","SH100505","","","SELF","HMO-2024-07","Sutter Health Hmo Gold","HMO","COMMERCIAL","GRP10091","UCSF Health Partners","1946-03-27","F","94123","06075","CA","2025-11-03","","ACTIVE","FALSE","FALSE","","2.6497","2.3293","HIGH","29","2.6646","FALSE","3","1923425368","ELIGIBILITY_834","2026-09-09 00:00:00","","TRUE","2026-09-15 10:31:41","503d1db471405e3046a513eccae839e4f99b82077fb8d44767dc13a170c50df1"
"8007f055-bc60-5204-9663-edb465b197cb","SH100506","","CA4750974892","SELF","MED-2024-01","Sutter Health Medicaid Managed Gold","MEDICAID_MANAGED","MEDICAID","GRP10237","Central Valley Employers Group","1963-10-26","F","94131","06075","CA","2024-03-12","","ACTIVE","FALSE","FALSE","","3.1813","3.2153","VERY_HIGH","38","3.3715","TRUE","4","1987059388","ELIGIBILITY_834","2026-09-05 00:00:00","","TRUE","2026-09-15 10:31:41","be8fd05fb654e8330785e242926174e1de7913d33c439a3f41d0537fc77fb168"
"5dc9120c-6ac6-5abe-af41-ea142e8d035a","SH100507","","","SELF","PPO-2024-08","Sutter Health Ppo Gold","PPO","COMMERCIAL","GRP10306","California State Employees","1980-10-27","M","94609","06075","CA","2023-08-22","","PENDING","FALSE","FALSE","","0.3174","0.2911","LOW","7","0.3508","FALSE","1","1124517413","ELIGIBILITY_834","2026-08-16 00:00:00","","TRUE","2026-09-15 10:31:41","49a3cb6522afdad5f65e2efa660cd6a379fb59cdb7c15845b6d7b70691913e70"
"2cff55b5-c43e-5d82-a976-980a4a02bfab","SH100508","H8TJ-20-7327","","SELF","MED-2024-06","Sutter Health Medicare Advantage Gold","MEDICARE_ADVANTAGE","MEDICARE","GRP10150","Palo Alto Medical Foundation","1980-01-09","F","94501","06001","CA","2025-05-04","","ACTIVE","FALSE","FALSE","LIS2","0.5214","0.58","LOW","3","0.5076","FALSE","2","1133167626","ELIGIBILITY_834","2026-08-23 00:00:00","","TRUE","2026-09-15 10:31:41","50e8fbb521d2c9f93d4dcc4ae2e3e7a275c682f96e3aa90f39e624c8dba63464"
"913d644d-ac92-53b6-9b6c-2f69c1fa09b8","SH100509","V1M6-Q7-0568","","SELF","MED-2024-02","Sutter Health Medicare Advantage Gold","MEDICARE_ADVANTAGE","MEDICARE","GRP10273","Sutter Medical Foundation","1976-01-05","F","94118","06075","CA","2023-01-21","","ACTIVE","FALSE","FALSE","LIS1","0.5503","0.5107","LOW","9","0.5194","FALSE","2","1570858471","ELIGIBILITY_834","2026-09-07 00:00:00","","TRUE","2026-09-15 10:31:41","476e7517a7defea9bd87bcdb98b9504c476c2a7549e1baa6397a007ae05c669f"
"a99954c0-2a9b-56d8-88a3-6295f85934e8","SH100510","","","SPOUSE","PPO-2024-05","Sutter Health Ppo Gold","PPO","COMMERCIAL","GRP10175","Central Valley Employers Group","1986-05-24","F","93727","06085","CA","2025-02-01","","ACTIVE","FALSE","FALSE","","0.6852","0.5976","LOW","10","0.7335","FALSE","1","1840016544","ELIGIBILITY_834","2026-08-27 00:00:00","","TRUE","2026-09-15 10:31:41","c82a8dfcf3368e14c85682442e7ee4965591ad0992e758ecd4d481de41579ac3"
"98785ac9-a60d-5a28-a3c5-2f66f085c7ef","SH100511","M7K1-JA-3942","","SELF","MED-2024-09","Sutter Health Medicare Advantage Gold","MEDICARE_ADVANTAGE","MEDICARE","GRP10079","UCSF Health Partners","2025-03-10","F","94501","06001","CA","2023-12-30","","ACTIVE","FALSE","FALSE","","0.7295","0.7443","LOW","7","0.7609","FALSE","2","1257331241","ELIGIBILITY_834","2026-08-18 00:00:00","","TRUE","2026-09-15 10:31:41","cd6ce234ac0b755884c1fd8afa750b16a95ee6b9fe6947b3155270fcdcbe754d"
"5c4bf546-f6e9-5b87-9c18-5e2f76ac3676","SH100512","","","SELF","PPO-2024-02","Sutter Health Ppo Gold","PPO","COMMERCIAL","GRP10342","Palo Alto Medical Foundation","1943-04-29","F","94122","06075","CA","2023-09-30","2023-11-13","TERMED","FALSE","FALSE","","3.5781","3.9761","VERY_HIGH","44","3.918","TRUE","1","1467613766","ELIGIBILITY_834","2026-09-04 00:00:00","","TRUE","2026-09-15 10:31:41","7002ffd4d9523585b0b205f48acd18c15a60a5464f517314b82a174d0fd96248"
"21f941b1-286c-5f88-9899-09e4d635b9e3","SH100513","X26C-TY-8334","","SELF","MED-2024-04","Sutter Health Medicare Advantage Gold","MEDICARE_ADVANTAGE","MEDICARE","GRP10492","Kaiser Community Partners","1941-01-11","F","94577","06001","CA","2026-01-31","","ACTIVE","FALSE","FALSE","LIS2","0.9296","0.9649","MODERATE","10","1.029","FALSE","3","1895919598","ELIGIBILITY_834","2026-09-01 00:00:00","","TRUE","2026-09-15 10:31:41","58bf8d729c3e0bbe581ac161138a1ff0bf020f11e2b31859fe0fdc6837a57a94"
"66fe3da0-d452-5ed9-81e7-b1a696cb7b47","SH100514","","CA5514366267","SPOUSE","MED-2024-02","Sutter Health Medicaid Managed Gold","MEDICAID_MANAGED","MEDICAID","GRP10297","Safeway Health Plan","1982-06-21","F","94131","06075","CA","2025-02-03","","ACTIVE","FALSE","FALSE","","2.9591","2.784","VERY_HIGH","32","2.8376","FALSE","0","1598507504","ELIGIBILITY_834","2026-09-12 00:00:00","","TRUE","2026-09-15 10:31:41","f7bdef521a364a1470ed1e7fa07f2d1e5b91bcf11125c6a68d0bc3f00e74413c"
"0a592fc9-2c10-54ee-92fa-4682e00279e8","SH100515","","","SELF","PPO-2024-05","Sutter Health Ppo Gold","PPO","COMMERCIAL","GRP10412","Safeway Health Plan","1973-06-10","F","93727","06085","CA","2022-11-09","","ACTIVE","FALSE","FALSE","","0.5579","0.6257","LOW","8","0.5846","FALSE","1","1100531633","ELIGIBILITY_834","2026-09-10 00:00:00","","TRUE","2026-09-15 10:31:41","d8b828be901648e2c8e253f34be78cb918454bc9b9393bf482ffb75374eae426"
"f29f23e4-e150-5351-a12f-685ea3bb7db7","SH100516","","","DEPENDENT","POS-2024-09","Sutter Health Pos Gold","POS","COMMERCIAL","GRP10484","UCSF Health Partners","1952-05-03","M","95148","06085","CA","2025-11-01","","PENDING","FALSE","FALSE","","1.5101","1.5115","MODERATE","22","1.5722","FALSE","0","1623535512","ELIGIBILITY_834","2026-09-10 00:00:00","","TRUE","2026-09-15 10:31:41","c44b5b79e89f8675182754c665df09e5a0335eeb79201f0e83d161f6ad790604"
"e618e838-a571-581e-839c-5c24209c8d7a","SH100517","","","SPOUSE","HDH-2024-03","Sutter Health Hdhp Gold","HDHP","COMMERCIAL","GRP10163","Kaiser Community Partners","1979-02-13","M","94123","06075","CA","2024-09-26","","ACTIVE","FALSE","FALSE","","1.9936","1.7596","HIGH","21","1.9879","TRUE","0","1606672610","ELIGIBILITY_834","2026-09-09 00:00:00","","TRUE","2026-09-15 10:31:41","9b17156a6f88dfcbd8087f46524a1b9e194df97e26432a907cb6386a22e5166a"
"bf834a28-e742-5079-b641-6fde0e64ed19","SH100518","","CA8495636795","SELF","MED-2024-07","Sutter Health Medicaid Managed Gold","MEDICAID_MANAGED","MEDICAID","GRP10438","Central Valley Employers Group","1974-04-15","F","94131","06075","CA","2024-12-26","","ACTIVE","FALSE","FALSE","","2.5887","2.806","HIGH","29","2.7673","TRUE","0","1498133949","ELIGIBILITY_834","2026-08-22 00:00:00","","TRUE","2026-09-15 10:31:41","68a0d352b6190356ab3d07e9548760b13eb1c8ea3497699ba850b60ca15374d8"
"376e4570-2473-5e2d-beee-893a5045374b","SH100519","","","SELF","HMO-2024-09","Sutter Health Hmo Gold","HMO","COMMERCIAL","GRP10150","NorCal Tech Coalition","1960-04-03","F","94123","06075","CA","2022-10-01","","ACTIVE","FALSE","FALSE","","2.0742","2.2724","HIGH","22","2.3266","FALSE","1","1125425133","ELIGIBILITY_834","2026-08-21 00:00:00","","TRUE","2026-09-15 10:31:41","8e98c53077a97134603ff854b5e0f2d6db04453ebc883bbcf483bbeae0330c57"
"b3caa1b3-102a-5738-a449-a07308838ff7","SH100520","K7CE-C1-5485","","SELF","MED-2024-02","Sutter Health Medicare Advantage Gold","MEDICARE_ADVANTAGE","MEDICARE","GRP10491","Safeway Health Plan","1992-05-22","M","93727","06085","CA","2022-10-06","","ACTIVE","FALSE","FALSE","LIS3","3.5115","3.9877","VERY_HIGH","36","4.1898","TRUE","1","1368270238","ELIGIBILITY_834","2026-08-23 00:00:00","","TRUE","2026-09-15 10:31:41","fd6031c045dd16d3da9737168bd458a055ecd0229b31afca8702aa17874ae603"
"64b216c9-8a7f-5889-b97a-3e9c2e70fdc0","SH100521","","","SPOUSE","PPO-2024-06","Sutter Health Ppo Gold","PPO","COMMERCIAL","GRP10071","Palo Alto Medical Foundation","1978-06-17","F","94577","06001","CA","2024-10-29","","ACTIVE","FALSE","FALSE","","0.628","0.6583","LOW","10","0.7357","FALSE","3","1943854460","ELIGIBILITY_834","2026-09-01 00:00:00","","TRUE","2026-09-15 10:31:41","d033e52989399363a4c0d2b93d2d474c089d4a7db3bc9411ccc5b0a4c34b89af"
"da32a83b-c173-51e7-a57b-6033edfb8398","SH100522","","CA3269449477","DEPENDENT","MED-2024-09","Sutter Health Medicaid Managed Gold","MEDICAID_MANAGED","MEDICAID","GRP10202","Safeway Health Plan","1969-04-12","M","94118","06075","CA","2022-11-10","","ACTIVE","FALSE","FALSE","","1.4433","1.6306","MODERATE","13","1.4607","FALSE","0","1956950131","ELIGIBILITY_834","2026-08-28 00:00:00","","TRUE","2026-09-15 10:31:41","8f4a89e1d50e1b3b80172a04ec16fd3fffc307b492d2f21538b4c3b06b1dd151"
"c53784dd-e7d0-561b-9e5c-ab5546c5376f","SH100523","","","SELF","PPO-2024-04","Sutter Health Ppo Gold","PPO","COMMERCIAL","GRP10408","Kaiser Community Partners","1951-01-26","M","93727","06085","CA","2025-10-30","","ACTIVE","FALSE","FALSE","","0.3453","0.3031","LOW","7","0.3887","FALSE","2","1194199647","ELIGIBILITY_834","2026-08-22 00:00:00","","TRUE","2026-09-15 10:31:41","a2219722a1e7c175356a62c2c06712a60b4e2120339da7421e6801a46427a951"
"c8c62815-5ad4-5a74-be07-010bd984a122","SH100524","","","SELF","HDH-2024-03","Sutter Health Hdhp Gold","HDHP","COMMERCIAL","GRP10003","California State Employees","2000-04-05","M","94102","06075","CA","2024-03-17","","ACTIVE","FALSE","FALSE","","0.6166","0.6522","LOW","8","0.6028","FALSE","0","1120263286","ELIGIBILITY_834","2026-09-08 00:00:00","","TRUE","2026-09-15 10:31:41","61686ea4c206126d6081987c71a9b4ab5bdbcecdf2762256ac9682ae4ae8aa14"
"21e7cb6e-55e4-5b86-b227-2e9ace7601a6","SH100525","C3XP-DN-5333","","SELF","MED-2024-04","Sutter Health Medicare Advantage Gold","MEDICARE_ADVANTAGE","MEDICARE","GRP10013","Kaiser Community Partners","1954-12-13","F","94123","06075","CA","2024-09-24","","ACTIVE","FALSE","FALSE","LIS3","2.3769","2.155","HIGH","24","2.1587","TRUE","1","1746308250","ELIGIBILITY_834","2026-08-18 00:00:00","","TRUE","2026-09-15 10:31:41","8530317a0381602b752ef45e2bed8a3b348ce28a6765b14c603ed4de588198e8"
"0e4a1da6-46df-5f35-907f-e15ceae62c85","SH100526","","","SELF","PPO-2024-08","Sutter Health Ppo Gold","PPO","COMMERCIAL","GRP10296","Kaiser Community Partners","1970-06-15","M","94115","06075","CA","2025-06-24","","ACTIVE","FALSE","FALSE","","1.0851","1.0462","MODERATE","8","1.2177","FALSE","0","1230678411","ELIGIBILITY_834","2026-09-04 00:00:00","","TRUE","2026-09-15 10:31:41","137705448173424bac2a29302e080966134bff6cf402b29c95745951cb9dc835"
"2f18921b-fcdd-534a-8524-7291037363e5","SH100527","","","SPOUSE","POS-2024-04","Sutter Health Pos Gold","POS","COMMERCIAL","GRP10484","Central Valley Employers Group","1959-04-01","F","95128","06085","CA","2025-11-25","","ACTIVE","FALSE","FALSE","","4.0727","3.9261","CATASTROPHIC","48","4.8869","FALSE","0","1998222227","ELIGIBILITY_834","2026-09-13 00:00:00","","TRUE","2026-09-15 10:31:41","ef7db9bc211b22aa8c148734b886971812ba808461e5a4ea5fd437744b9a6481"
"62c0a437-524f-519b-beee-df1c7536b1af","SH100528","M60R-7G-6228","","SPOUSE","MED-2024-03","Sutter Health Medicare Advantage Gold","MEDICARE_ADVANTAGE","MEDICARE","GRP10031","Bay Area Health Alliance","1972-04-16","M","93720","06085","CA","2023-10-29","","ACTIVE","FALSE","FALSE","LIS3","0.9083","0.9134","MODERATE","7","1.057","FALSE","5","1894407040","ELIGIBILITY_834","2026-09-12 00:00:00","","TRUE","2026-09-15 10:31:41","a55ab30e52648bb067d7b46c2704b87afa8b42caa955c3dbe39b71e00808b1e6"
"5b48104e-315e-5fd9-8a1e-83893d4e0fd0","SH100529","","","SELF","PPO-2024-03","Sutter Health Ppo Gold","PPO","COMMERCIAL","GRP10276","California State Employees","1973-03-21","F","94103","06075","CA","2025-08-26","2025-11-11","TERMED","FALSE","FALSE","","1.6049","1.5238","MODERATE","20","1.4926","FALSE","2","1918730606","ELIGIBILITY_834","2026-09-04 00:00:00","","TRUE","2026-09-15 10:31:41","1cd853af1cdd5d43e03f43594f5649c4bd8593c1b64003eaf836124dc02e7c14"
"9bd6883f-d9ce-5d14-994f-ed1e38fa9ba0","SH100530","N9P0-23-1779","","SELF","MED-2024-03","Sutter Health Medicare Advantage Gold","MEDICARE_ADVANTAGE","MEDICARE","GRP10460","Central Valley Employers Group","1958-02-07","F","94102","06075","CA","2024-09-18","","ACTIVE","FALSE","FALSE","LIS2","1.9344","1.9943","HIGH","27","2.1235","TRUE","0","1237652208","ELIGIBILITY_834","2026-08-23 00:00:00","","TRUE","2026-09-15 10:31:41","5a1327a669e4bea9277810ed939752344dd09a472ca1c064d805c9217edc9333"
"0971238c-7834-51a8-ba07-c4328ceff628","SH100531","F6RP-2F-9060","","DEPENDENT","MED-2024-01","Sutter Health Medicare Advantage Gold","MEDICARE_ADVANTAGE","MEDICARE","GRP10452","Central Valley Employers Group","1996-05-30","M","94577","06001","CA","2023-07-25","","ACTIVE","FALSE","FALSE","LIS2","0.7263","0.7181","LOW","12","0.7919","FALSE","3","1915929556","ELIGIBILITY_834","2026-08-20 00:00:00","","TRUE","2026-09-15 10:31:41","f66ec7e541df03d7e29fa3db1be878ae412609fde8a24206a0ddc93bfa20edc3"
"dd01fd4c-5104-5a63-810a-e250bc79d1ea","SH100532","","","DEPENDENT","HMO-2024-06","Sutter Health Hmo Gold","HMO","COMMERCIAL","GRP10225","Palo Alto Medical Foundation","1971-01-25","F","95148","06085","CA","2022-12-23","","ACTIVE","FALSE","FALSE","","3.9649","3.8527","VERY_HIGH","44","4.7539","FALSE","1","1899895171","ELIGIBILITY_834","2026-09-10 00:00:00","","TRUE","2026-09-15 10:31:41","9c665af860956172bddeefb5dc0c6cc2f45813cdd7479f372166c11f18999a59"
"60b7d10a-f59e-55e1-8224-8ca2599a758c","SH100533","","","SELF","HDH-2024-02","Sutter Health Hdhp Gold","HDHP","COMMERCIAL","GRP10278","UCSF Health Partners","1946-02-14","F","95131","06085","CA","2022-11-10","","ACTIVE","FALSE","FALSE","","1.3672","1.188","MODERATE","16","1.2798","FALSE","1","1201558281","ELIGIBILITY_834","2026-08-24 00:00:00","","TRUE","2026-09-15 10:31:41","e2390be220492757eb0bdc59341aeefa4715cd885f9bab1eaab611149c5a97bd"
"65758c21-db75-5d9b-8012-87cf596ea9af","SH100534","","","SPOUSE","HMO-2024-03","Sutter Health Hmo Gold","HMO","COMMERCIAL","GRP10397","Sutter Medical Foundation","1970-12-20","F","94123","06075","CA","2025-08-31","2026-05-15","TERMED","FALSE","FALSE","","3.4057","3.301","VERY_HIGH","43","3.6402","TRUE","3","1313327931","ELIGIBILITY_834","2026-08-30 00:00:00","","TRUE","2026-09-15 10:31:41","e30dd066f7c3fb1b2d392de7f087d1136f9fd1e777865e265c9e18135f35dd15"
"dd35986a-77b1-5a8e-b0ca-78361fed9d15","SH100535","","","DEPENDENT","POS-2024-07","Sutter Health Pos Gold","POS","COMMERCIAL","GRP10276","California State Employees","1967-10-10","F","94609","06075","CA","2025-03-11","2025-09-12","TERMED","FALSE","FALSE","","0.9901","0.8908","MODERATE","16","0.9792","FALSE","1","1317106437","ELIGIBILITY_834","2026-08-18 00:00:00","","TRUE","2026-09-15 10:31:41","803615998f0f0fa8aed93d46523628bf8ef7567c2d35b8f26e70ff34890ae50d"
"ec6b8209-0c6e-5d45-934e-dc0bde10c818","SH100536","","","SELF","PPO-2024-04","Sutter Health Ppo Gold","PPO","COMMERCIAL","GRP10210","UCSF Health Partners","1977-04-27","M","94609","06075","CA","2026-02-01","","ACTIVE","FALSE","FALSE","","1.1804","1.3302","MODERATE","17","1.2009","FALSE","2","1254395018","ELIGIBILITY_834","2026-09-10 00:00:00","","TRUE","2026-09-15 10:31:41","14f07cbccf61230ed611daa33962f21b09ad376a3181759dc967d9ebd1bfaf62"
"9004a9bc-0723-594d-ae7c-385bf24d8720","SH100537","","CA3734848801","SELF","MED-2024-09","Sutter Health Medicaid Managed Gold","MEDICAID_MANAGED","MEDICAID","GRP10072","Central Valley Employers Group","1954-08-28","M","93711","06085","CA","2025-08-11","","ACTIVE","FALSE","TRUE","","0.5409","0.5776","LOW","10","0.5888","FALSE","1","1916671494","ELIGIBILITY_834","2026-08-31 00:00:00","","TRUE","2026-09-15 10:31:41","e0bcf9fa5583bd9a80bc77523688abf768cf0f176ec8c22b649f3987475502dc"
"431bbe6c-461e-5681-9e09-8e622f70e5cf","SH100538","","","SPOUSE","HMO-2024-08","Sutter Health Hmo Gold","HMO","COMMERCIAL","GRP10057","Safeway Health Plan","1962-11-23","M","94103","06075","CA","2024-04-27","2025-02-12","TERMED","FALSE","FALSE","","8.0973","7.712","CATASTROPHIC","94","9.13","FALSE","2","1557317997","ELIGIBILITY_834","2026-09-08 00:00:00","","TRUE","2026-09-15 10:31:41","b4d93e8b028d2279d191d25b6620f41b352122efbfda35a22a115075e45053b3"
"4ac018ca-b5b6-5765-878b-56b1d5fec177","SH100539","W6R2-7K-5101","","SPOUSE","MED-2024-04","Sutter Health Medicare Advantage Gold","MEDICARE_ADVANTAGE","MEDICARE","GRP10431","Central Valley Employers Group","1942-04-04","M","93701","06085","CA","2025-11-14","2026-09-26","TERMED","FALSE","FALSE","","2.5016","2.4509","HIGH","24","2.751","TRUE","3","1370229471","ELIGIBILITY_834","2026-09-12 00:00:00","","TRUE","2026-09-15 10:31:41","1548719b79c377b8d2f9af5eef33b48251be5026f7a36596f41cc038318f049f"
"e1960db5-318e-5876-acf5-7965dd8275df","SH100540","Q1P1-6T-7980","","DEPENDENT","MED-2024-07","Sutter Health Medicare Advantage Gold","MEDICARE_ADVANTAGE","MEDICARE","GRP10462","California State Employees","1981-11-22","M","95126","06085","CA","2023-03-17","","ACTIVE","FALSE","FALSE","LIS1","0.9887","0.8685","MODERATE","9","0.9539","FALSE","4","1975404036","ELIGIBILITY_834","2026-09-10 00:00:00","","TRUE","2026-09-15 10:31:41","f1386e3968353d486113fdb6eec66dd8c37b4c2181cd89114e4589a6e681d951"
"cfbaa49f-4824-5d4e-9496-bbebc4589aa8","SH100541","","","SPOUSE","PPO-2024-04","Sutter Health Ppo Gold","PPO","COMMERCIAL","GRP10166","Safeway Health Plan","1948-02-14","F","94132","06075","CA","2023-12-17","","ACTIVE","FALSE","FALSE","","3.2129","3.6694","VERY_HIGH","35","3.4299","TRUE","5","1850657658","ELIGIBILITY_834","2026-08-19 00:00:00","","TRUE","2026-09-15 10:31:41","f2d516ce552e9df296269851513968579c19f717000357578d772d2f64bbc44a"
"61b95a33-c0b7-548d-adbf-6cf330a4d389","SH100542","Q60V-1G-6347","","DEPENDENT","MED-2024-06","Sutter Health Medicare Advantage Gold","MEDICARE_ADVANTAGE","MEDICARE","GRP10369","Palo Alto Medical Foundation","1980-06-30","F","95054","06085","CA","2024-09-29","","ACTIVE","FALSE","FALSE","LIS2","0.6698","0.718","LOW","5","0.7956","FALSE","1","1786606073","ELIGIBILITY_834","2026-09-05 00:00:00","","TRUE","2026-09-15 10:31:41","886c6cd0e5cc7d7023de0a61aee71bce3d2b6c6aa082b362d83e8fda17246309"
"4ff4922d-7619-5a37-858c-b713a9cbc033","SH100543","","","SELF","PPO-2024-03","Sutter Health Ppo Gold","PPO","COMMERCIAL","GRP10306","California State Employees","1951-10-11","F","94123","06075","CA","2025-12-08","","ACTIVE","FALSE","FALSE","","1.9779","2.0482","HIGH","19","2.3268","TRUE","0","1382791433","ELIGIBILITY_834","2026-09-12 00:00:00","","TRUE","2026-09-15 10:31:41","b9a447ad1513f541b6484fdae4f303f40fbdd7dca45a14c8f98b36777b5ec8f1"
"ec8329c8-1e9f-5216-8f2a-e40212251ddb","SH100544","","","SELF","HDH-2024-01","Sutter Health Hdhp Gold","HDHP","COMMERCIAL","GRP10415","Bay Area Health Alliance","1947-06-02","F","94131","06075","CA","2025-03-12","","ACTIVE","FALSE","FALSE","","1.345","1.4795","MODERATE","13","1.5565","FALSE","0","1256097045","ELIGIBILITY_834","2026-08-31 00:00:00","","TRUE","2026-09-15 10:31:41","8b8bbed46aca75b840ced6178876c296182d3000013087c2ca8a5e2900320c37"
"abc4e43d-0b8b-56b5-be14-6a7f8f1da13f","SH100545","","","DEPENDENT","HDH-2024-04","Sutter Health Hdhp Gold","HDHP","COMMERCIAL","GRP10134","California State Employees","1995-06-20","F","93720","06085","CA","2024-06-02","","ACTIVE","FALSE","FALSE","","1.6997","1.944","MODERATE","18","1.693","FALSE","1","1497529831","ELIGIBILITY_834","2026-09-04 00:00:00","","TRUE","2026-09-15 10:31:41","83f81298ff1cfa5e6834dc809d8cb8e5d337b71fd6dd8c9245b5cfb6ec7fa27a"
"30de0fcc-259f-5e72-9063-0f4b24a09f21","SH100546","","","DEPENDENT","HMO-2024-04","Sutter Health Hmo Gold","HMO","COMMERCIAL","GRP10309","Bay Area Health Alliance","1985-12-24","F","95054","06085","CA","2025-11-15","","ACTIVE","FALSE","FALSE","","3.9826","4.2315","VERY_HIGH","49","4.1403","FALSE","1","1873208192","ELIGIBILITY_834","2026-08-28 00:00:00","","TRUE","2026-09-15 10:31:41","13cc1b73ba4eec70c2a80a4d78f1d6578d14245fd178ffe3fa5a7caa4b8de0a2"
"675f61e6-2184-5986-ad67-e2b41c0c099f","SH100547","","","DEPENDENT","HMO-2024-01","Sutter Health Hmo Gold","HMO","COMMERCIAL","GRP10181","Palo Alto Medical Foundation","1969-08-27","F","94501","06001","CA","2025-08-19","","ACTIVE","FALSE","FALSE","","2.359","2.0459","HIGH","27","2.6281","TRUE","1","1871879492","ELIGIBILITY_834","2026-08-31 00:00:00","","TRUE","2026-09-15 10:31:41","981e94096f415dc9fe4fec7cf0d67847b3e088033a33fe1dee5692a995edc972"
"b6f85d54-4343-549a-b185-94e9a8679ca4","SH100548","","","SELF","PPO-2024-06","Sutter Health Ppo Gold","PPO","COMMERCIAL","GRP10300","NorCal Tech Coalition","1972-12-27","F","94121","06075","CA","2023-06-08","","PENDING","FALSE","FALSE","","1.6186","1.6225","MODERATE","20","1.742","FALSE","5","1107274967","ELIGIBILITY_834","2026-08-22 00:00:00","","TRUE","2026-09-15 10:31:41","28e64c6c2bda067429031ed87a0f422cf5f7af65903b7b1fe1e70a67ad7f6754"
"9c3d924e-3911-5a7f-ae70-37794e0fe9d5","SH100549","","","DEPENDENT","HDH-2024-07","Sutter Health Hdhp Gold","HDHP","COMMERCIAL","GRP10048","California State Employees","2006-06-13","M","94501","06001","CA","2025-10-16","","ACTIVE","FALSE","FALSE","","1.9793","1.79","HIGH","28","2.1949","FALSE","3","1716330906","ELIGIBILITY_834","2026-09-11 00:00:00","","TRUE","2026-09-15 10:31:41","fff8254851b8c22c086185642479e28b04251031e3e7524e7cfd86c1a4e4a5d7"
"a1050fe3-1edd-5af4-a0c5-859ce6ec9902","SH100550","","","DEPENDENT","POS-2024-01","Sutter Health Pos Gold","POS","COMMERCIAL","GRP10384","Palo Alto Medical Foundation","2003-02-13","F","93701","06085","CA","2026-01-01","","ACTIVE","FALSE","FALSE","","0.5409","0.4965","LOW","11","0.6462","FALSE","1","1662498203","ELIGIBILITY_834","2026-09-14 00:00:00","","TRUE","2026-09-15 10:31:41","2bba5c6a23e780286dccc1a090a6d90c4e4667ae4200e3202e1c4a25754855d0"
"1a53716b-daea-5669-8f3e-8da519696044","SH100551","","","SPOUSE","HMO-2024-03","Sutter Health Hmo Gold","HMO","COMMERCIAL","GRP10093","Kaiser Community Partners","2015-04-04","M","94123","06075","CA","2022-11-22","","ACTIVE","FALSE","FALSE","","3.476","3.8507","VERY_HIGH","37","3.7538","TRUE","5","1334477138","ELIGIBILITY_834","2026-08-28 00:00:00","","TRUE","2026-09-15 10:31:41","ecbe28734e53fbb534204e8464e473fc6a497fc43e683a7f185fe480cb30e5c4"
"670a4474-c566-51fe-a9e5-5cc7429ade1f","SH100552","","","DEPENDENT","PPO-2024-08","Sutter Health Ppo Gold","PPO","COMMERCIAL","GRP10349","UCSF Health Partners","1994-07-09","F","95014","06085","CA","2024-10-29","","ACTIVE","FALSE","FALSE","","1.7418","1.9447","MODERATE","16","1.6686","FALSE","2","1733621841","ELIGIBILITY_834","2026-09-11 00:00:00","","TRUE","2026-09-15 10:31:41","4710ea66630f5b294df428afd3aae8ac4af0a8a3a94314b9e4c0565f0e2b576a"
"5e77c2ef-f32a-5226-aaf9-222833329fe7","SH100553","","","SPOUSE","HDH-2024-02","Sutter Health Hdhp Gold","HDHP","COMMERCIAL","GRP10030","Safeway Health Plan","1944-02-19","F","94123","06075","CA","2024-03-12","","ACTIVE","FALSE","FALSE","","0.4477","0.3995","LOW","7","0.5168","FALSE","3","1970705148","ELIGIBILITY_834","2026-09-13 00:00:00","","TRUE","2026-09-15 10:31:41","3c0d0472fc7e5a920df6fe57dfd5b02299676c29cce945d6b391fea859c4ace3"
"7dcf625a-535b-500c-b08c-99b7b387dc01","SH100554","","","SELF","HDH-2024-09","Sutter Health Hdhp Gold","HDHP","COMMERCIAL","GRP10193","Palo Alto Medical Foundation","1967-03-13","F","93701","06085","CA","2024-01-26","","ACTIVE","FALSE","FALSE","","1.0219","1.1027","MODERATE","11","1.0681","FALSE","0","1626633153","ELIGIBILITY_834","2026-09-03 00:00:00","","TRUE","2026-09-15 10:31:41","dc583066f731ade9ee326cfb4ecd680e3730e45261575ad556078b576836b8a6"
"0d5b2355-b7f3-572e-98f5-7a7b19606d28","SH100555","A1MQ-HP-8068","","SELF","MED-2024-06","Sutter Health Medicare Advantage Gold","MEDICARE_ADVANTAGE","MEDICARE","GRP10378","Sutter Medical Foundation","1951-10-12","M","94578","06001","CA","2025-06-27","","ACTIVE","FALSE","FALSE","LIS1","0.9803","1.0956","MODERATE","15","1.1501","FALSE","2","1673691810","ELIGIBILITY_834","2026-09-12 00:00:00","","TRUE","2026-09-15 10:31:41","8078535fa0a532e235cd8e3e7ff91c7e36654d6490790061c9e3445b4f6a06fe"
"1db14f7b-ce5a-5474-9ecb-30e6b436aa7c","SH100556","","","DEPENDENT","HDH-2024-06","Sutter Health Hdhp Gold","HDHP","COMMERCIAL","GRP10416","NorCal Tech Coalition","1977-06-15","F","95014","06085","CA","2026-06-08","2028-05-13","TERMED","FALSE","FALSE","","0.9407","0.9073","MODERATE","7","1.1056","FALSE","5","1290114308","ELIGIBILITY_834","2026-09-03 00:00:00","","TRUE","2026-09-15 10:31:41","4fb21e4ec7ad53b7845ff0d50bad4ec17ad37891db349a277f38d1b4a8d08752"
"736cf289-39a4-509f-8afc-907f932f6244","SH100557","","","DEPENDENT","PPO-2024-08","Sutter Health Ppo Gold","PPO","COMMERCIAL","GRP10005","California State Employees","1967-05-21","F","93701","06085","CA","2024-12-06","","ACTIVE","FALSE","FALSE","","2.6637","2.7645","HIGH","29","2.5998","TRUE","1","1984285361","ELIGIBILITY_834","2026-09-15 00:00:00","","TRUE","2026-09-15 10:31:41","284eeadc842005c0710b47727be2a86f061d9e3a66f6c20754f9d01c88dc6441"
"bbe0193e-dd26-513d-8e41-e1ffc5d614d4","SH100558","","","SPOUSE","HDH-2024-05","Sutter Health Hdhp Gold","HDHP","COMMERCIAL","GRP10378","Central Valley Employers Group","2006-10-02","M","94578","06001","CA","2024-08-16","","ACTIVE","FALSE","FALSE","","0.8413","0.8384","LOW","6","0.8925","FALSE","3","1831116823","ELIGIBILITY_834","2026-09-06 00:00:00","","TRUE","2026-09-15 10:31:41","113f25c625bbc77a5e9cbfc36950df6a0eb05c75143663f39b20cbbe7a71a4b4"
"18c8a4ab-f0e6-5bf8-a065-cd9991933149","SH100559","","","SELF","HDH-2024-07","Sutter Health Hdhp Gold","HDHP","COMMERCIAL","GRP10019","California State Employees","1949-06-23","F","94501","06001","CA","2025-11-06","","ACTIVE","FALSE","FALSE","","1.9271","2.2136","HIGH","24","2.0901","FALSE","0","1298082098","ELIGIBILITY_834","2026-09-01 00:00:00","","TRUE","2026-09-15 10:31:41","5677cf6ab8b74564acccc71f63c1950192cf8dc067d50f657a8e1648e6da627e"
"dee346f5-e8ce-509b-ae32-37a3c8692320","SH100560","","","SELF","HMO-2024-05","Sutter Health Hmo Gold","HMO","COMMERCIAL","GRP10236","Bay Area Health Alliance","1964-01-17","F","95054","06085","CA","2025-01-20","2027-01-12","COBRA","TRUE","FALSE","","1.1861","1.2106","MODERATE","10","1.2474","FALSE","0","1791634879","ELIGIBILITY_834","2026-09-08 00:00:00","","TRUE","2026-09-15 10:31:41","2c2386f91e6cd8dc03c8147793520279df0a1b880e8b0037570e6f0c708b00e0"
"48b8a521-c2d6-54a1-93ee-170a98c8abbe","SH100561","","","SPOUSE","PPO-2024-06","Sutter Health Ppo Gold","PPO","COMMERCIAL","GRP10209","Kaiser Community Partners","1966-02-17","M","94103","06075","CA","2025-11-01","","ACTIVE","FALSE","FALSE","","2.3569","2.1047","HIGH","27","2.3831","FALSE","0","1673672094","ELIGIBILITY_834","2026-09-11 00:00:00","","TRUE","2026-09-15 10:31:41","c088d708816d50d856d87c9107912f6e75266d477f90c770ac5c193b9e9641bb"
"b59310d2-3ef3-555e-8b67-122f550c9844","SH100562","","","SELF","HMO-2024-04","Sutter Health Hmo Gold","HMO","COMMERCIAL","GRP10479","California State Employees","1970-03-15","F","94102","06075","CA","2022-10-28","2024-03-28","TERMED","FALSE","FALSE","","1.4655","1.4935","MODERATE","13","1.6192","FALSE","3","1403298186","ELIGIBILITY_834","2026-08-27 00:00:00","","TRUE","2026-09-15 10:31:41","7c416b7ae76d7b7da95738fa348bf7064fd7e61127b1d30be4d3fbfce3218e09"
"d01abc63-1e16-5a4e-b34a-0ec9e97c6ab3","SH100563","M3CT-R3-8362","","SELF","MED-2024-07","Sutter Health Medicare Advantage Gold","MEDICARE_ADVANTAGE","MEDICARE","GRP10010","California State Employees","1946-07-19","M","94132","06075","CA","2025-07-24","","ACTIVE","FALSE","FALSE","","1.1582","1.2385","MODERATE","14","1.3494","FALSE","3","1964845867","ELIGIBILITY_834","2026-09-01 00:00:00","","TRUE","2026-09-15 10:31:41","2a4e5f0aae5404ca0eed1e284b1f2e22efd708fe1f257c38f5b728afc3dbd894"
"8f4035a7-23e7-5f71-bed1-c4dc807e7239","SH100564","R61M-HQ-2718","","SELF","MED-2024-07","Sutter Health Medicare Advantage Gold","MEDICARE_ADVANTAGE","MEDICARE","GRP10186","Safeway Health Plan","1984-10-20","M","93722","06085","CA","2022-10-06","","ACTIVE","FALSE","FALSE","LIS1","0.4302","0.3903","LOW","3","0.4129","FALSE","2","1688631184","ELIGIBILITY_834","2026-09-05 00:00:00","","TRUE","2026-09-15 10:31:41","23bd3107d1b2bb736b7d3115e9ef08245d74abaf5aa9cd174ee412993d575988"
"56feddcb-3d36-54ea-bdea-3a616fb7924e","SH100565","","","DEPENDENT","PPO-2024-03","Sutter Health Ppo Gold","PPO","COMMERCIAL","GRP10294","Bay Area Health Alliance","1970-02-15","M","94603","06075","CA","2025-08-02","","ACTIVE","FALSE","FALSE","","1.9723","2.2585","HIGH","28","2.2263","TRUE","1","1261794917","ELIGIBILITY_834","2026-08-31 00:00:00","","TRUE","2026-09-15 10:31:41","bfbf44bc0eed8591fb8dfb3114e951924c3dba0d4258e5b5bdc05c922b9cb483"
"847042dc-6515-529f-a7fa-61c8d1d312e9","SH100566","","","DEPENDENT","HMO-2024-08","Sutter Health Hmo Gold","HMO","COMMERCIAL","GRP10490","Bay Area Health Alliance","1966-08-28","M","95126","06085","CA","2025-04-28","","ACTIVE","FALSE","FALSE","","2.8633","3.1662","VERY_HIGH","33","2.9851","TRUE","3","1430242008","ELIGIBILITY_834","2026-08-24 00:00:00","","TRUE","2026-09-15 10:31:41","b5ba39aa9e0713a380f535cf79f00292c03bdd014679330ba9e5d664ebd74944"
"65739c52-ca7b-580f-8211-9ab2439882d1","SH100567","","","SELF","HMO-2024-01","Sutter Health Hmo Gold","HMO","COMMERCIAL","GRP10462","Bay Area Health Alliance","1999-07-07","M","94501","06001","CA","2024-11-19","","ACTIVE","FALSE","FALSE","","3.2916","3.3525","VERY_HIGH","43","3.0963","TRUE","2","1221719840","ELIGIBILITY_834","2026-09-03 00:00:00","","TRUE","2026-09-15 10:31:41","77b5e69d5fdb3e7c965e2b40aa87f68c872b725de10ebabb055e04124e80cb97"
"be860f3a-e441-57c6-be2f-134e922ff517","SH100568","","","SELF","PPO-2024-05","Sutter Health Ppo Gold","PPO","COMMERCIAL","GRP10173","Palo Alto Medical Foundation","2010-10-02","F","94501","06001","CA","2023-04-14","","ACTIVE","FALSE","FALSE","","1.4147","1.3923","MODERATE","11","1.5607","FALSE","0","1497250289","ELIGIBILITY_834","2026-08-17 00:00:00","","TRUE","2026-09-15 10:31:41","58d07998ff811021148c6a27d18e22c64a0d2297ac940f47c05cda5cb44fdddb"
"2d7ee211-eecd-558d-9a8b-cbd023234a96","SH100569","H9KW-9A-7520","","SELF","MED-2024-07","Sutter Health Medicare Advantage Gold","MEDICARE_ADVANTAGE","MEDICARE","GRP10086","NorCal Tech Coalition","2004-10-31","M","94102","06075","CA","2022-12-22","2024-03-23","TERMED","FALSE","FALSE","LIS3","2.8997","2.9891","VERY_HIGH","36","2.6449","FALSE","2","1371351496","ELIGIBILITY_834","2026-08-23 00:00:00","","TRUE","2026-09-15 10:31:41","fa333bd849a9ba74e2d5209264fcca5c473b463262f4fe84bf92e4e676e3b860"
"4b2ec36e-ea0f-5c35-bdf5-5d4a0411ba91","SH100570","","","DEPENDENT","HDH-2024-07","Sutter Health Hdhp Gold","HDHP","COMMERCIAL","GRP10171","NorCal Tech Coalition","2005-11-05","M","94103","06075","CA","2024-12-11","","ACTIVE","FALSE","FALSE","","0.4198","0.416","LOW","5","0.4291","FALSE","2","1962371481","ELIGIBILITY_834","2026-09-05 00:00:00","","TRUE","2026-09-15 10:31:41","064240da824fe15f8d47a4ce12f25bc4588b18875dd259d89bcd65017c7e8c6c"
"f015475b-387a-50d3-866d-63dfe91c34a5","SH100571","","CA4442231856","SPOUSE","MED-2024-02","Sutter Health Medicaid Managed Gold","MEDICAID_MANAGED","MEDICAID","GRP10065","Palo Alto Medical Foundation","1997-05-01","M","94577","06001","CA","2025-10-28","","ACTIVE","FALSE","FALSE","","2.9018","3.0465","VERY_HIGH","34","2.62","TRUE","0","1360877421","ELIGIBILITY_834","2026-09-15 00:00:00","","TRUE","2026-09-15 10:31:41","827bd707779adc26b6c9209b4fb2382d2a2a35c8a2784ec743b5c7a7c4cfe48f"
"460f0944-f945-58a3-bb31-b66954c0c132","SH100572","","","SELF","PPO-2024-02","Sutter Health Ppo Gold","PPO","COMMERCIAL","GRP10367","Palo Alto Medical Foundation","1941-02-13","F","94123","06075","CA","2026-01-02","","ACTIVE","FALSE","FALSE","","2.4126","2.0914","HIGH","25","2.4514","FALSE","1","1104124388","ELIGIBILITY_834","2026-08-26 00:00:00","","TRUE","2026-09-15 10:31:41","f70ed055302afc2a9a8c086559989cca30b533a1570e2ce3cdf60415e127bf3f"
"8a988058-daf6-52f9-841b-292d8c61e930","SH100573","","","DEPENDENT","HMO-2024-04","Sutter Health Hmo Gold","HMO","COMMERCIAL","GRP10040","UCSF Health Partners","1955-01-23","F","95148","06085","CA","2025-06-04","","ACTIVE","FALSE","FALSE","","1.5085","1.6737","MODERATE","12","1.6744","FALSE","1","1312300775","ELIGIBILITY_834","2026-08-24 00:00:00","","TRUE","2026-09-15 10:31:41","2135b30e872bae015a80dca67e1f71c43ceeda14fe1be87c0d5cb1203db4c4e9"
"0143be7a-6850-5105-9f44-1161263076fe","SH100574","","","SPOUSE","HDH-2024-05","Sutter Health Hdhp Gold","HDHP","COMMERCIAL","GRP10176","Bay Area Health Alliance","1951-06-10","M","94123","06075","CA","2024-01-26","","ACTIVE","FALSE","FALSE","","2.4016","2.4064","HIGH","27","2.7049","FALSE","0","1669674636","ELIGIBILITY_834","2026-09-13 00:00:00","","TRUE","2026-09-15 10:31:41","225e5476b53abd50ffd8a2b12c4ec3c0c3911083d8337c415ca184dc57357333"
"d49106b2-5557-5f99-afe4-02b748c28691","SH100575","D547-NT-5757","","SELF","MED-2024-09","Sutter Health Medicare Advantage Gold","MEDICARE_ADVANTAGE","MEDICARE","GRP10468","NorCal Tech Coalition","2025-02-07","M","95054","06085","CA","2023-03-01","","ACTIVE","FALSE","FALSE","LIS2","0.9108","0.9775","MODERATE","6","0.882","FALSE","1","1849553368","ELIGIBILITY_834","2026-09-10 00:00:00","","TRUE","2026-09-15 10:31:41","f50c6ae2c34d65c9c489849074127deb995633be3b8c9164896deb5900b2971c"
"476e74e2-ba77-5d72-b981-22c74118b993","SH100576","P1R6-72-2292","","SELF","MED-2024-08","Sutter Health Medicare Advantage Gold","MEDICARE_ADVANTAGE","MEDICARE","GRP10195","UCSF Health Partners","1985-03-03","M","94102","06075","CA","2025-09-05","","ACTIVE","FALSE","FALSE","LIS2","1.0279","1.1052","MODERATE","13","1.0086","FALSE","1","1528872082","ELIGIBILITY_834","2026-09-09 00:00:00","","TRUE","2026-09-15 10:31:41","5e7e658c0a271acdf1f720368cdf5a92e60529471831da8b11bca93027feeb66"
"27cdfc9c-f73e-53c2-b7d2-2546018ec73f","SH100577","","","SPOUSE","HMO-2024-03","Sutter Health Hmo Gold","HMO","COMMERCIAL","GRP10492","Palo Alto Medical Foundation","1951-12-27","M","94501","06001","CA","2022-09-23","","ACTIVE","FALSE","FALSE","","2.2991","2.2543","HIGH","24","2.2314","FALSE","5","1171839853","ELIGIBILITY_834","2026-08-16 00:00:00","","TRUE","2026-09-15 10:31:41","1eb7f98a2b5b9fb94cadc6f660d2a72a79125f1b4501d42c2747695cb66ec0e2"
"f34de974-f249-5c0c-857f-2dd9e127ca7e","SH100578","","","SELF","HDH-2024-06","Sutter Health Hdhp Gold","HDHP","COMMERCIAL","GRP10191","UCSF Health Partners","1960-11-12","M","94577","06001","CA","2024-11-17","","ACTIVE","FALSE","FALSE","","2.229","1.9761","HIGH","23","2.2849","TRUE","2","1496820123","ELIGIBILITY_834","2026-09-09 00:00:00","","TRUE","2026-09-15 10:31:41","a07bbef6e213c3adf605ce302c87eee9f41d1c22d3425210903f587b3c2a1282"
"c8c706b1-4821-53e3-b581-dd8f69a74b25","SH100579","","","DEPENDENT","HDH-2024-08","Sutter Health Hdhp Gold","HDHP","COMMERCIAL","GRP10466","Bay Area Health Alliance","1963-01-31","F","95054","06085","CA","2022-11-30","","ACTIVE","FALSE","FALSE","","2.1311","1.9357","HIGH","22","2.2781","TRUE","2","1860321828","ELIGIBILITY_834","2026-08-18 00:00:00","","TRUE","2026-09-15 10:31:41","19d107df911d250dc2bd7894563103fa2b82bf48d86fa095f67f3f84afb041f7"
"63d46d5e-5105-5540-8917-e77d1c3c1e88","SH100580","","","DEPENDENT","HMO-2024-01","Sutter Health Hmo Gold","HMO","COMMERCIAL","GRP10098","Central Valley Employers Group","1983-07-13","F","94115","06075","CA","2023-12-10","","ACTIVE","FALSE","FALSE","","1.4423","1.6114","MODERATE","15","1.5031","FALSE","0","1864404989","ELIGIBILITY_834","2026-09-08 00:00:00","","TRUE","2026-09-15 10:31:41","a6e4eae4a0f11b76b238872625c60c1460a8ea65685f4338acf50aff06a658a2"
"e50e00bb-dc06-57c5-84b5-7e1cf2fb4bb6","SH100581","","CA7460185920","SELF","MED-2024-07","Sutter Health Medicaid Managed Gold","MEDICAID_MANAGED","MEDICAID","GRP10151","Sutter Medical Foundation","1963-07-19","F","93701","06085","CA","2025-05-28","2026-11-14","COBRA","TRUE","FALSE","","2.1142","2.3573","HIGH","22","2.1711","TRUE","4","1889731609","ELIGIBILITY_834","2026-08-20 00:00:00","","TRUE","2026-09-15 10:31:41","5865fac1e336e3ed90f30892a0c1c7ba67837ce591f0cd9089cf601c3defd5e5"
"3e8710d6-dc9a-598f-83ec-8d87a84afb66","SH100582","N2KT-KH-9742","","SELF","MED-2024-01","Sutter Health Medicare Advantage Gold","MEDICARE_ADVANTAGE","MEDICARE","GRP10080","Safeway Health Plan","1987-09-11","F","95148","06085","CA","2022-12-14","","ACTIVE","FALSE","FALSE","LIS1","0.579","0.6502","LOW","3","0.5302","FALSE","2","1914391910","ELIGIBILITY_834","2026-09-05 00:00:00","","TRUE","2026-09-15 10:31:41","9fbcb316f8cc4bfeb3ac65a7e98a21ed3c286443399f2512b4ac8a8e8b9f90ff"
"59566584-0387-5641-a29a-df168008d425","SH100583","","","SELF","HDH-2024-02","Sutter Health Hdhp Gold","HDHP","COMMERCIAL","GRP10387","Sutter Medical Foundation","1951-03-26","F","93701","06085","CA","2024-11-15","","ACTIVE","FALSE","FALSE","","2.1955","2.0813","HIGH","20","2.5865","FALSE","0","1649442680","ELIGIBILITY_834","2026-09-11 00:00:00","","TRUE","2026-09-15 10:31:41","0f504720787976a92fd1fd2e635200f127139621cf97d71b1d19d5a0f970cf0c"
"764c3b3d-3ea6-5811-b4df-4cea1b388005","SH100584","","","DEPENDENT","PPO-2024-04","Sutter Health Ppo Gold","PPO","COMMERCIAL","GRP10404","California State Employees","1983-03-26","F","94103","06075","CA","2023-07-09","","ACTIVE","FALSE","FALSE","","1.5758","1.5722","MODERATE","21","1.6302","FALSE","0","1845806690","ELIGIBILITY_834","2026-09-12 00:00:00","","TRUE","2026-09-15 10:31:41","b6d64024da380b74f2d2afe61b66b387bd0d7ecc0f20f1c52be94aa01c12e98c"
"788712c8-8238-5339-ada2-356a95075978","SH100585","Q1W5-MV-0681","","SPOUSE","MED-2024-04","Sutter Health Medicare Advantage Gold","MEDICARE_ADVANTAGE","MEDICARE","GRP10165","California State Employees","1976-09-15","M","94121","06075","CA","2025-09-09","","ACTIVE","FALSE","FALSE","LIS2","0.9382","0.8591","MODERATE","9","1.0084","FALSE","0","1911709171","ELIGIBILITY_834","2026-09-15 00:00:00","","TRUE","2026-09-15 10:31:41","a9008153ef2be8f8b7c4fb46f98f632af8255faaefd344264fb1d0bcd4378776"
"c94e3025-2d3d-5301-b04b-9ed7437b7c12","SH100586","","","SELF","HMO-2024-06","Sutter Health Hmo Gold","HMO","COMMERCIAL","GRP10081","Bay Area Health Alliance","1962-07-09","M","94578","06001","CA","2024-05-12","","ACTIVE","FALSE","FALSE","","0.6766","0.7015","LOW","6","0.7912","FALSE","2","1909785449","ELIGIBILITY_834","2026-09-03 00:00:00","","TRUE","2026-09-15 10:31:41","72794619c0982ede07ef9fb964c857cbfe05024667186a7270ff9961ad0a1829"
"a1bb7ebe-d874-5a25-a508-053371924cc0","SH100587","H5PT-C1-3943","","SELF","MED-2024-04","Sutter Health Medicare Advantage Gold","MEDICARE_ADVANTAGE","MEDICARE","GRP10291","Central Valley Employers Group","1975-10-30","F","93722","06085","CA","2025-04-22","","ACTIVE","FALSE","FALSE","LIS2","1.0014","0.9676","MODERATE","7","1.1597","FALSE","2","1994351449","ELIGIBILITY_834","2026-09-09 00:00:00","","TRUE","2026-09-15 10:31:41","e287df5c702c2b98f4db83e0bee56aa7c5ba2907059dc242f26da10774fc82f7"
"70e9e8a4-fd29-5d7d-9204-e848f5970a8b","SH100588","","CA9361386989","DEPENDENT","MED-2024-05","Sutter Health Medicaid Managed Gold","MEDICAID_MANAGED","MEDICAID","GRP10452","Sutter Medical Foundation","1946-12-01","F","94131","06075","CA","2026-01-09","","ACTIVE","FALSE","FALSE","","2.3967","2.6088","HIGH","33","2.681","FALSE","2","1133500672","ELIGIBILITY_834","2026-08-16 00:00:00","","TRUE","2026-09-15 10:31:41","4d227b0d60f1452ff19da4e577ba3edcc5019f2dc475b1192b410066ac7529f3"
"fc5cdec1-00d5-5587-a952-625e26faeef4","SH100589","","","SPOUSE","PPO-2024-01","Sutter Health Ppo Gold","PPO","COMMERCIAL","GRP10233","Bay Area Health Alliance","1971-02-25","F","94118","06075","CA","2024-10-07","","ACTIVE","FALSE","FALSE","","1.4883","1.3979","MODERATE","12","1.7325","FALSE","4","1229198005","ELIGIBILITY_834","2026-08-17 00:00:00","","TRUE","2026-09-15 10:31:41","cc5a82ba556474375cea57a0764e62291574569e0c870ffb8de079502cdd6f0b"
"e5dff58c-4b84-579b-bd9d-93d65db9f1d6","SH100590","","","SELF","HDH-2024-03","Sutter Health Hdhp Gold","HDHP","COMMERCIAL","GRP10203","California State Employees","1959-02-11","F","94115","06075","CA","2025-08-08","","ACTIVE","FALSE","FALSE","","2.0701","2.1961","HIGH","26","2.4673","TRUE","0","1132102862","ELIGIBILITY_834","2026-08-28 00:00:00","","TRUE","2026-09-15 10:31:41","3153631c65123ec5cffc388a4099cff550bcd7e5d4965154fe0d9c465548513d"
"4e8cf672-d8d7-54e4-8a26-0e9d9d820d1b","SH100591","","","SELF","PPO-2024-01","Sutter Health Ppo Gold","PPO","COMMERCIAL","GRP10288","California State Employees","1953-01-31","M","94102","06075","CA","2022-10-25","","ACTIVE","FALSE","FALSE","","2.7632","2.5046","HIGH","34","2.7244","TRUE","5","1700161968","ELIGIBILITY_834","2026-09-13 00:00:00","","TRUE","2026-09-15 10:31:41","85a2a0b0b7141e0053c251d99a9b11c105e3695952173d44033e54679ec0ebdc"
"b0040dbc-7304-51f9-b3a9-9b2ce025c3e7","SH100592","M372-59-7865","","SELF","MED-2024-05","Sutter Health Medicare Advantage Gold","MEDICARE_ADVANTAGE","MEDICARE","GRP10239","NorCal Tech Coalition","1993-10-21","F","94122","06075","CA","2023-03-17","","ACTIVE","FALSE","FALSE","LIS2","1.1886","1.2383","MODERATE","14","1.1884","FALSE","5","1923896371","ELIGIBILITY_834","2026-09-04 00:00:00","","TRUE","2026-09-15 10:31:41","a76cf60837f8d0a646812e52690e41daf7b8c61b19e906eb54b80a63aebc4122"
"4ae7a84c-78f0-5f52-ab4e-6a0d86fc2ecc","SH100593","","CA9770230531","SELF","MED-2024-01","Sutter Health Medicaid Managed Gold","MEDICAID_MANAGED","MEDICAID","GRP10071","Bay Area Health Alliance","1994-09-02","M","93722","06085","CA","2025-07-26","2027-04-04","TERMED","FALSE","FALSE","","4.6527","4.4317","CATASTROPHIC","59","4.543","TRUE","3","1985499313","ELIGIBILITY_834","2026-08-29 00:00:00","","TRUE","2026-09-15 10:31:41","1f3a63fc7d975548a643bcb947b2c6481fd2623746cc08de4ea4cafe5a05c002"
"b5c6ec94-eb10-53a4-af53-ba119cf1a690","SH100594","T373-95-3081","","SPOUSE","MED-2024-05","Sutter Health Medicare Advantage Gold","MEDICARE_ADVANTAGE","MEDICARE","GRP10208","Palo Alto Medical Foundation","1965-04-17","F","94131","06075","CA","2023-03-24","","ACTIVE","FALSE","FALSE","LIS2","2.195","2.2983","HIGH","26","2.4732","FALSE","2","1342466812","ELIGIBILITY_834","2026-09-06 00:00:00","","TRUE","2026-09-15 10:31:41","550c852a563b8fd24bbd0a37a2dfecec9e8d58c6867006747970db7b0e58a7b5"
"ae4da863-729a-5317-afda-5b6d753464f5","SH100595","","","SELF","HMO-2024-08","Sutter Health Hmo Gold","HMO","COMMERCIAL","GRP10005","Central Valley Employers Group","2020-04-18","M","95131","06085","CA","2024-06-15","","ACTIVE","FALSE","FALSE","","1.8713","1.7329","HIGH","18","2.0408","TRUE","1","1468475537","ELIGIBILITY_834","2026-08-28 00:00:00","","TRUE","2026-09-15 10:31:41","a189480a30efa5363c077eddd1e4ea37923e94ea39e561cf1607cfe51a399931"
"866935be-e7f5-5e14-bf56-12bf1993189a","SH100596","V2VK-XD-1317","","SELF","MED-2024-08","Sutter Health Medicare Advantage Gold","MEDICARE_ADVANTAGE","MEDICARE","GRP10013","California State Employees","1991-05-17","F","94609","06075","CA","2024-06-29","2027-02-17","COBRA","TRUE","FALSE","LIS1","0.6234","0.5482","LOW","11","0.6214","FALSE","1","1141523282","ELIGIBILITY_834","2026-08-29 00:00:00","","TRUE","2026-09-15 10:31:41","32ca895d2f746a380e3c9710e14387f94e07eee2375fc05c4f98d359067f56ed"
"64b3006d-dbbf-5646-9889-a04b57ddc4ac","SH100597","","","SELF","HDH-2024-02","Sutter Health Hdhp Gold","HDHP","COMMERCIAL","GRP10198","Kaiser Community Partners","2012-07-15","F","95148","06085","CA","2024-12-02","","ACTIVE","FALSE","FALSE","","0.6038","0.5257","LOW","4","0.6699","FALSE","3","1801907516","ELIGIBILITY_834","2026-08-31 00:00:00","","TRUE","2026-09-15 10:31:41","422bf7a4e113e829aa617f1b4dd82469638b982e99337d2ca3f37bc30c329ca6"
"b0488f81-80ca-5139-9e2e-2eaf4257f6c2","SH100598","","","SELF","HMO-2024-04","Sutter Health Hmo Gold","HMO","COMMERCIAL","GRP10381","UCSF Health Partners","2020-11-13","M","94131","06075","CA","2026-06-06","","ACTIVE","FALSE","FALSE","","0.8024","0.73","LOW","11","0.804","FALSE","1","1929425473","ELIGIBILITY_834","2026-08-25 00:00:00","","TRUE","2026-09-15 10:31:41","8350e6a635aeab49ec4e376704dcaeb0d989d53c0445b5a6bce13f75aeb82246"
"8ce43a40-3ea2-551f-affa-21af9878f45a","SH100599","","","SPOUSE","HMO-2024-02","Sutter Health Hmo Gold","HMO","COMMERCIAL","GRP10220","Sutter Medical Foundation","1939-08-09","M","94501","06001","CA","2024-05-28","","ACTIVE","FALSE","FALSE","","2.7467","2.7984","HIGH","34","2.817","FALSE","2","1860648163","ELIGIBILITY_834","2026-09-14 00:00:00","","TRUE","2026-09-15 10:31:41","2cabf03c42955ffa44c75ae660b1b1690227ade0d056af46e5c320ad5b4d4738"
"0ae66387-b467-50db-a876-ca781f2be667","SH100600","","CA7639671096","SPOUSE","MED-2024-08","Sutter Health Medicaid Managed Gold","MEDICAID_MANAGED","MEDICAID","GRP10292","UCSF Health Partners","2018-08-04","M","94118","06075","CA","2026-04-29","","ACTIVE","FALSE","FALSE","","0.5408","0.6088","LOW","3","0.4976","FALSE","0","1813652790","ELIGIBILITY_834","2026-08-21 00:00:00","","TRUE","2026-09-15 10:31:41","50c9455dc4f5ae4f8aa961e2922b0daee6ad93fa3c4eb7a34a8182a5b43d7ca4"
"85854127-ce36-5751-aa96-6293e2b2d9d2","SH100601","M3NJ-8V-3377","","SELF","MED-2024-07","Sutter Health Medicare Advantage Gold","MEDICARE_ADVANTAGE","MEDICARE","GRP10299","Kaiser Community Partners","1990-07-11","M","94118","06075","CA","2023-07-09","","ACTIVE","FALSE","FALSE","LIS1","0.5231","0.5247","LOW","1","0.4937","FALSE","2","1109510660","ELIGIBILITY_834","2026-09-11 00:00:00","","TRUE","2026-09-15 10:31:41","2b19f16eefe4c536521517612f23c1e85061a51c7055f20c10cb4ac6f50c431e"
"330526a2-4728-5d93-a839-b229895460d4","SH100602","","","SPOUSE","PPO-2024-06","Sutter Health Ppo Gold","PPO","COMMERCIAL","GRP10221","Sutter Medical Foundation","1964-08-24","F","94132","06075","CA","2024-03-07","","ACTIVE","FALSE","FALSE","","3.8077","3.6497","VERY_HIGH","42","3.8733","TRUE","3","1444120916","ELIGIBILITY_834","2026-08-27 00:00:00","","TRUE","2026-09-15 10:31:41","e86f1331af2c991845e9b70618c2cd515687eaa5c60938f9efe542a60719b1ac"
"ffb7c940-51e4-5d67-b36e-aa230cc7438a","SH100603","","","SPOUSE","HDH-2024-01","Sutter Health Hdhp Gold","HDHP","COMMERCIAL","GRP10033","Kaiser Community Partners","1944-11-09","F","95131","06085","CA","2023-02-05","","ACTIVE","FALSE","FALSE","","1.3691","1.3679","MODERATE","12","1.384","FALSE","3","1191099113","ELIGIBILITY_834","2026-09-03 00:00:00","","TRUE","2026-09-15 10:31:41","de407b6c457458f29f21d350fc79300cfebdfbe53428d702d18bb4e3e14ecd43"
"dcc62c7f-0bc9-5efc-afd4-82202b639abc","SH100604","","CA3711695796","SELF","MED-2024-05","Sutter Health Medicaid Managed Gold","MEDICAID_MANAGED","MEDICAID","GRP10070","Safeway Health Plan","1980-12-26","F","93720","06085","CA","2023-04-27","2027-03-10","COBRA","TRUE","FALSE","","2.2699","2.2616","HIGH","30","2.679","TRUE","0","1461931800","ELIGIBILITY_834","2026-08-19 00:00:00","","TRUE","2026-09-15 10:31:41","36e6b5d7439e434536ec1a9b82482d15c6b1ff00d4c4b06f54904fe3132fcf87"
"56325502-d15c-5751-91c4-572f603812bd","SH100605","","CA4379681353","DEPENDENT","MED-2024-05","Sutter Health Medicaid Managed Gold","MEDICAID_MANAGED","MEDICAID","GRP10337","Bay Area Health Alliance","1950-12-19","M","94132","06075","CA","2023-02-09","","ACTIVE","FALSE","TRUE","","1.2015","1.265","MODERATE","13","1.3286","FALSE","2","1924970932","ELIGIBILITY_834","2026-08-24 00:00:00","","TRUE","2026-09-15 10:31:41","ccaf6c9d818a63c758e8ccc200a6ada7713e0101506c3535f8808ecac0c14f5a"
"80610eed-c3a6-5381-9c58-d2275b9663fd","SH100606","V5YT-XN-2491","","DEPENDENT","MED-2024-09","Sutter Health Medicare Advantage Gold","MEDICARE_ADVANTAGE","MEDICARE","GRP10191","Bay Area Health Alliance","1964-07-04","M","95054","06085","CA","2025-06-08","2026-11-28","TERMED","FALSE","FALSE","","1.1223","1.1553","MODERATE","18","1.0112","FALSE","1","1520509767","ELIGIBILITY_834","2026-09-09 00:00:00","","TRUE","2026-09-15 10:31:41","8b0a25f76809258ced914af0fe2d994b5594277369fcde4035b4de1f90123cb0"
"2d04234b-9aef-5ebd-a2c4-eef96e1d0e1d","SH100607","","","SELF","PPO-2024-01","Sutter Health Ppo Gold","PPO","COMMERCIAL","GRP10198","NorCal Tech Coalition","1962-05-13","F","94609","06075","CA","2025-11-08","","ACTIVE","FALSE","FALSE","","1.7834","1.8519","MODERATE","22","1.627","FALSE","0","1228252853","ELIGIBILITY_834","2026-09-13 00:00:00","","TRUE","2026-09-15 10:31:41","b1da7a15ec9c6f78eab0268016c3c444410a6b5b6e6b442af56a710b7d608bc2"
"c9b56135-f06d-5314-b523-d20da5d5fb79","SH100608","","","SELF","HDH-2024-05","Sutter Health Hdhp Gold","HDHP","COMMERCIAL","GRP10368","Central Valley Employers Group","2005-08-02","F","94118","06075","CA","2024-07-26","","PENDING","FALSE","FALSE","","0.8348","0.8515","LOW","4","0.9837","FALSE","1","1405144652","ELIGIBILITY_834","2026-09-04 00:00:00","","TRUE","2026-09-15 10:31:41","6cf559205a44387d3b7ad34b466574378d1920b658bea2d3f48ec518cc26c9a6"
"4cf46491-d5e0-5643-b9ed-6fb55fb8fc7f","SH100609","","CA1410958196","DEPENDENT","MED-2024-04","Sutter Health Medicaid Managed Gold","MEDICAID_MANAGED","MEDICAID","GRP10498","Central Valley Employers Group","1991-06-04","M","94115","06075","CA","2023-04-05","","ACTIVE","FALSE","FALSE","","0.625","0.5345","LOW","4","0.6079","FALSE","2","1969248053","ELIGIBILITY_834","2026-08-27 00:00:00","","TRUE","2026-09-15 10:31:41","f13af38fdc6c73cfd148b2ef11dfc5bc8f7d90cc335734607c78cbe135eded5d"
"b8b6c2ee-5b7d-56e9-a622-4560c363502f","SH100610","","","SPOUSE","PPO-2024-07","Sutter Health Ppo Gold","PPO","COMMERCIAL","GRP10227","Safeway Health Plan","2003-05-22","F","94118","06075","CA","2026-01-01","","ACTIVE","FALSE","FALSE","","2.6496","2.6068","HIGH","29","2.4029","TRUE","3","1261475232","ELIGIBILITY_834","2026-08-22 00:00:00","","TRUE","2026-09-15 10:31:41","1014a6356276ab930466daa4726133120ab573dc57560686cdc56d16b561e943"
"ddc47a43-4743-5bfa-bdaa-473c45265870","SH100611","","","SELF","HMO-2024-07","Sutter Health Hmo Gold","HMO","COMMERCIAL","GRP10307","California State Employees","1966-01-05","M","95126","06085","CA","2025-08-26","","ACTIVE","FALSE","FALSE","","2.1879","2.15","HIGH","23","2.149","TRUE","3","1280798420","ELIGIBILITY_834","2026-08-24 00:00:00","","TRUE","2026-09-15 10:31:41","9b798f03d50adb841e727f51f38c72333fe5e51dbdcb92e4ba962069237bdda0"
"6b72322c-c6b4-5ece-bb51-752d2f21d3ba","SH100612","","","SELF","PPO-2024-05","Sutter Health Ppo Gold","PPO","COMMERCIAL","GRP10010","Safeway Health Plan","1945-10-19","F","94603","06075","CA","2024-07-11","","ACTIVE","FALSE","FALSE","","2.2522","2.455","HIGH","27","2.2623","FALSE","3","1568464805","ELIGIBILITY_834","2026-09-07 00:00:00","","TRUE","2026-09-15 10:31:41","981aebec469a748ca81961d907a6c438febf93ab63521ad99a9690d21a66fdba"
"4750943a-1a51-529e-835b-0ef7e1722846","SH100613","","","SELF","HDH-2024-09","Sutter Health Hdhp Gold","HDHP","COMMERCIAL","GRP10468","UCSF Health Partners","1983-12-01","F","94103","06075","CA","2025-03-06","","ACTIVE","FALSE","FALSE","","2.6459","3.0262","HIGH","31","3.1211","TRUE","2","1199188814","ELIGIBILITY_834","2026-09-01 00:00:00","","TRUE","2026-09-15 10:31:41","728d05befcca2327db9efda2026ff99fd3c3b8d943ba587d5cf02444c24c26c6"
"e741751f-ec28-5871-832f-c1b9875a66aa","SH100614","","","DEPENDENT","PPO-2024-03","Sutter Health Ppo Gold","PPO","COMMERCIAL","GRP10446","UCSF Health Partners","1989-06-21","M","94603","06075","CA","2022-10-16","","ACTIVE","FALSE","FALSE","","1.1086","0.973","MODERATE","8","1.0763","FALSE","2","1409498553","ELIGIBILITY_834","2026-08-21 00:00:00","","TRUE","2026-09-15 10:31:41","475ad6273c52ad68fc88ec957f85efe3737cf9c2d626ebfa1e7c180e014244ce"
"36df30a6-e229-5219-99a8-8c6b7b087f09","SH100615","K97A-WW-0622","","SELF","MED-2024-03","Sutter Health Medicare Advantage Gold","MEDICARE_ADVANTAGE","MEDICARE","GRP10166","UCSF Health Partners","1990-06-25","F","94122","06075","CA","2025-01-30","","ACTIVE","FALSE","FALSE","LIS2","1.232","1.1133","MODERATE","17","1.4273","FALSE","0","1922861654","ELIGIBILITY_834","2026-08-20 00:00:00","","TRUE","2026-09-15 10:31:41","5c8807803783aef0db8b01c5b5ea0a1541ba91e967d05d016f0d753706c96962"
"c4a7d0fb-6a30-52b7-8676-bf5d90f85560","SH100616","","","SPOUSE","HMO-2024-07","Sutter Health Hmo Gold","HMO","COMMERCIAL","GRP10409","Safeway Health Plan","2000-07-27","F","94102","06075","CA","2024-11-06","","ACTIVE","FALSE","FALSE","","0.938","1.0739","MODERATE","8","1.0943","FALSE","3","1827487371","ELIGIBILITY_834","2026-09-01 00:00:00","","TRUE","2026-09-15 10:31:41","1f6d263f35982e8b53f2822447b297eb4f670fad8f772b18989534e6b21514e0"
"42808c36-c292-58c5-805d-efda513c199b","SH100617","","","SELF","POS-2024-07","Sutter Health Pos Gold","POS","COMMERCIAL","GRP10188","Central Valley Employers Group","1943-03-13","F","94123","06075","CA","2026-01-18","","ACTIVE","FALSE","FALSE","","1.3528","1.3527","MODERATE","10","1.3391","FALSE","2","1224056047","ELIGIBILITY_834","2026-09-15 00:00:00","","TRUE","2026-09-15 10:31:41","1375d2015d4a6547bd26515cc6b76b68e369f9eb446e405759a3b5521368c575"
"509a06ad-1e8e-5931-9541-5c7bc40f84dd","SH100618","","","SELF","PPO-2024-08","Sutter Health Ppo Gold","PPO","COMMERCIAL","GRP10461","Bay Area Health Alliance","1987-11-03","F","95128","06085","CA","2025-02-02","","ACTIVE","FALSE","FALSE","","1.5829","1.4119","MODERATE","17","1.6011","FALSE","1","1571400622","ELIGIBILITY_834","2026-09-09 00:00:00","","TRUE","2026-09-15 10:31:41","609668db7cd89a8e2aab8dab317c8776fa0eec4c9e7ea11a571bdd8b6f46f32f"
"78bf4ec5-4b67-54ba-987a-ab0b9d8ca964","SH100619","","","DEPENDENT","PPO-2024-08","Sutter Health Ppo Gold","PPO","COMMERCIAL","GRP10181","Kaiser Community Partners","1953-11-10","F","95131","06085","CA","2026-01-09","","ACTIVE","FALSE","FALSE","","0.5791","0.5594","LOW","11","0.533","FALSE","2","1692283210","ELIGIBILITY_834","2026-09-05 00:00:00","","TRUE","2026-09-15 10:31:41","8f7ad7e563873d336a1e337871759b44aa0f97bda3261f8cd5769690a83d7e26"
"5784e43b-452e-5892-bbb9-9a511959654c","SH100620","N5PC-6W-9177","","SELF","MED-2024-09","Sutter Health Medicare Advantage Gold","MEDICARE_ADVANTAGE","MEDICARE","GRP10171","Safeway Health Plan","2020-07-27","M","95126","06085","CA","2026-04-29","","ACTIVE","FALSE","FALSE","LIS1","0.3148","0.2882","LOW","6","0.3776","FALSE","1","1472508682","ELIGIBILITY_834","2026-09-11 00:00:00","","TRUE","2026-09-15 10:31:41","0c0912f5883d2a36f5ca2db5c2a518919c5bf244964c9965356c367c63b71a60"
"8f79cf86-6895-5d44-a976-2d58ac0e50fd","SH100621","","","SPOUSE","HMO-2024-03","Sutter Health Hmo Gold","HMO","COMMERCIAL","GRP10006","UCSF Health Partners","1946-11-14","M","94131","06075","CA","2026-03-24","","ACTIVE","FALSE","FALSE","","2.9118","2.8104","VERY_HIGH","35","2.9935","TRUE","1","1308835747","ELIGIBILITY_834","2026-08-28 00:00:00","","TRUE","2026-09-15 10:31:41","0a3a30f3ab4e0585e3424903a5bdc000bfd37b67bc2963f2cdc62fdd43b38251"
"7b86b357-01aa-5d9a-b2d3-dc747747b092","SH100622","P8KY-XX-5582","","DEPENDENT","MED-2024-09","Sutter Health Medicare Advantage Gold","MEDICARE_ADVANTAGE","MEDICARE","GRP10235","NorCal Tech Coalition","1956-05-20","F","94501","06001","CA","2025-10-27","","ACTIVE","FALSE","FALSE","LIS3","1.7236","1.5507","MODERATE","25","1.9681","FALSE","2","1762282187","ELIGIBILITY_834","2026-08-22 00:00:00","","TRUE","2026-09-15 10:31:41","426a7fb44b2ced123d1a963da7c75ba736a567c14d85d614839404ab53bd567e"
"404f3c84-7777-5b67-bbdb-b52b4e875ee2","SH100623","","","DEPENDENT","PPO-2024-08","Sutter Health Ppo Gold","PPO","COMMERCIAL","GRP10075","Kaiser Community Partners","1976-04-12","F","95014","06085","CA","2025-01-06","","ACTIVE","FALSE","FALSE","","8.4609","7.3219","CATASTROPHIC","99","9.9124","TRUE","3","1340115742","ELIGIBILITY_834","2026-08-17 00:00:00","","TRUE","2026-09-15 10:31:41","424755ddab38d849e544e76abe88344302d552ad0f765b9a2ce2a4121a1f3953"
"f093be15-096f-5903-a942-5b6b4cdbba9f","SH100624","","","SELF","HMO-2024-01","Sutter Health Hmo Gold","HMO","COMMERCIAL","GRP10223","California State Employees","1985-12-09","M","93727","06085","CA","2024-09-13","2026-10-29","COBRA","TRUE","FALSE","","0.5887","0.6644","LOW","2","0.5888","FALSE","1","1975164910","ELIGIBILITY_834","2026-09-04 00:00:00","","TRUE","2026-09-15 10:31:41","80441406366d8be88efee4b7cd9ec6af691d6a2c936b70e7fb6960d2af59b6e5"
"d56decff-5aff-59b6-a47b-2a986c34ab38","SH100625","","","SPOUSE","PPO-2024-03","Sutter Health Ppo Gold","PPO","COMMERCIAL","GRP10303","California State Employees","1946-03-17","F","95054","06085","CA","2025-07-26","","ACTIVE","FALSE","FALSE","","3.1438","3.2481","VERY_HIGH","33","3.3391","TRUE","0","1188989979","ELIGIBILITY_834","2026-08-31 00:00:00","","TRUE","2026-09-15 10:31:41","a62aef2ea8f232b16e5504649d60141946defae78bf715ef116b34404bdf5a53"
"82cb95a9-63e3-5109-bb45-e801428488d7","SH100626","E1YD-C0-0326","","SELF","MED-2024-05","Sutter Health Medicare Advantage Gold","MEDICARE_ADVANTAGE","MEDICARE","GRP10457","Central Valley Employers Group","2004-07-14","M","94603","06075","CA","2025-12-20","","ACTIVE","FALSE","FALSE","LIS3","1.7263","1.8299","MODERATE","25","1.8724","FALSE","3","1454486995","ELIGIBILITY_834","2026-08-30 00:00:00","","TRUE","2026-09-15 10:31:41","8725dfdc1e41b5970f492991d31caab057a5b2ff440f42314044f748066cdede"
"16fbfcb7-0385-5735-83a0-98f12d0c958e","SH100627","T6WM-M1-6634","","SELF","MED-2024-03","Sutter Health Medicare Advantage Gold","MEDICARE_ADVANTAGE","MEDICARE","GRP10083","Safeway Health Plan","1975-05-18","M","94103","06075","CA","2024-04-03","2026-03-14","TERMED","FALSE","FALSE","LIS1","2.2964","2.1061","HIGH","26","2.1215","TRUE","2","1970021632","ELIGIBILITY_834","2026-08-28 00:00:00","","TRUE","2026-09-15 10:31:41","7464f6f1ac38384b51b0dbe995c4777c9c86e8382bdcf60a7768a42c4e3cc5c1"
"23edf4d0-86d2-5a87-959a-dc95a20424e1","SH100628","","","DEPENDENT","PPO-2024-04","Sutter Health Ppo Gold","PPO","COMMERCIAL","GRP10343","Kaiser Community Partners","2004-08-14","M","94118","06075","CA","2022-11-06","","ACTIVE","FALSE","FALSE","","0.4436","0.4412","LOW","6","0.5184","FALSE","2","1883166300","ELIGIBILITY_834","2026-08-26 00:00:00","","TRUE","2026-09-15 10:31:41","3496ae39bdb84f269e41160e4ad4213e974173ac2d6eeaf0251dd3ec5a18d550"
"6cd80f38-d9e4-571e-8291-2e1f233fcd87","SH100629","R65Y-83-2024","","SELF","MED-2024-06","Sutter Health Medicare Advantage Gold","MEDICARE_ADVANTAGE","MEDICARE","GRP10417","NorCal Tech Coalition","1989-08-30","M","95128","06085","CA","2024-08-24","","ACTIVE","FALSE","FALSE","LIS2","0.4119","0.4116","LOW","9","0.3759","FALSE","1","1900239651","ELIGIBILITY_834","2026-09-11 00:00:00","","TRUE","2026-09-15 10:31:41","2d696c46e81bdc2e515d6a966542fdc6614f3efe852130c7e4015cd74e5201c6"
"bb8b572d-4984-5bfe-9d72-858fe1b68096","SH100630","H3N2-28-8486","","SPOUSE","MED-2024-04","Sutter Health Medicare Advantage Gold","MEDICARE_ADVANTAGE","MEDICARE","GRP10395","Kaiser Community Partners","1953-07-03","M","95054","06085","CA","2026-06-12","","ACTIVE","FALSE","FALSE","","2.5114","2.7376","HIGH","29","2.8402","FALSE","4","1316587933","ELIGIBILITY_834","2026-08-23 00:00:00","","TRUE","2026-09-15 10:31:41","9b2bc65745101f5ea156454f807fc959d70b2b016cf640911216eb20001721fb"
"73d94814-abce-558d-9d25-7ed0d7ba513c","SH100631","","","SELF","PPO-2024-05","Sutter Health Ppo Gold","PPO","COMMERCIAL","GRP10292","Bay Area Health Alliance","1980-02-06","M","95131","06085","CA","2023-11-11","2025-08-25","TERMED","FALSE","FALSE","","1.4643","1.5925","MODERATE","19","1.4498","FALSE","3","1438421460","ELIGIBILITY_834","2026-08-26 00:00:00","","TRUE","2026-09-15 10:31:41","f1af8612586500be37f983a939299dd5595affb1ea6ecd3d4ba51b092a31e140"
"7d87a86b-6718-5614-b6d8-ce7347c1cc01","SH100632","","","DEPENDENT","PPO-2024-05","Sutter Health Ppo Gold","PPO","COMMERCIAL","GRP10274","Kaiser Community Partners","1981-05-14","M","95131","06085","CA","2026-03-12","2026-12-24","COBRA","TRUE","FALSE","","0.7929","0.7308","LOW","4","0.8965","FALSE","0","1547487343","ELIGIBILITY_834","2026-08-25 00:00:00","","TRUE","2026-09-15 10:31:41","1cdaf0371eef6f7c6a54815644d8f690a4b0f1817c7520040ab748ec3cbbe86e"
"227d1681-bce0-5650-834b-9166661ca0eb","SH100633","N4VA-EF-4244","","SELF","MED-2024-03","Sutter Health Medicare Advantage Gold","MEDICARE_ADVANTAGE","MEDICARE","GRP10350","California State Employees","1973-05-04","F","94578","06001","CA","2022-10-13","","ACTIVE","FALSE","FALSE","LIS3","3.2668","3.488","VERY_HIGH","35","3.0358","FALSE","1","1185552409","ELIGIBILITY_834","2026-08-17 00:00:00","","TRUE","2026-09-15 10:31:41","39501e0d1883c49f4d04b4d4addc5d1a309ff30434136e33864769a180b5ab23"
"e531b6b5-6613-5cc6-bb06-6eba460a5404","SH100634","X8WE-V2-9415","","SELF","MED-2024-04","Sutter Health Medicare Advantage Gold","MEDICARE_ADVANTAGE","MEDICARE","GRP10172","Palo Alto Medical Foundation","1965-08-22","F","94122","06075","CA","2025-10-28","","ACTIVE","FALSE","FALSE","LIS3","2.804","2.5849","VERY_HIGH","31","3.1337","TRUE","3","1637368128","ELIGIBILITY_834","2026-08-17 00:00:00","","TRUE","2026-09-15 10:31:41","3829b900fd8476b9063c3d7996ef59103366fc1b7792770e8d1de5ded932d443"
"48c0af8e-75b3-5909-9287-17da4e799199","SH100635","","","SELF","POS-2024-02","Sutter Health Pos Gold","POS","COMMERCIAL","GRP10262","California State Employees","2005-10-02","F","93727","06085","CA","2024-01-14","","ACTIVE","FALSE","FALSE","","3.5579","3.056","VERY_HIGH","42","4.244","FALSE","0","1328019798","ELIGIBILITY_834","2026-08-23 00:00:00","","TRUE","2026-09-15 10:31:41","0e1408514bd2ecadaabf9bcb4ae9507299ef831222721938b7807aa90da5a2d8"
"3cbb093a-8568-5535-b226-d6eed2634460","SH100636","T2F7-E0-8819","","SELF","MED-2024-09","Sutter Health Medicare Advantage Gold","MEDICARE_ADVANTAGE","MEDICARE","GRP10212","Sutter Medical Foundation","1982-11-02","M","93711","06085","CA","2024-05-16","","ACTIVE","FALSE","FALSE","LIS3","0.4128","0.4216","LOW","1","0.3864","FALSE","0","1438411395","ELIGIBILITY_834","2026-08-21 00:00:00","","TRUE","2026-09-15 10:31:41","a2c9a57083f6bdd232ea931adef8c9108a907dd4920046392365270ecd5f218e"
"8e2342a3-4061-5b17-a908-5fa68450433b","SH100637","","","SELF","HMO-2024-05","Sutter Health Hmo Gold","HMO","COMMERCIAL","GRP10435","California State Employees","1944-05-08","M","95128","06085","CA","2025-08-08","","ACTIVE","FALSE","FALSE","","6.9917","8.0371","CATASTROPHIC","81","7.1459","TRUE","5","1179883432","ELIGIBILITY_834","2026-09-15 00:00:00","","TRUE","2026-09-15 10:31:41","f8a5f79072cb30b78062f134fbaf3043d5382519162647b19ee864de2d4eb692"
"3c3e7988-d55b-50af-a00d-765ee6dfbc7a","SH100638","C5M7-5X-8189","","SELF","MED-2024-09","Sutter Health Medicare Advantage Gold","MEDICARE_ADVANTAGE","MEDICARE","GRP10108","Palo Alto Medical Foundation","1959-01-07","F","95054","06085","CA","2025-10-07","","ACTIVE","FALSE","FALSE","LIS3","0.9856","0.9159","MODERATE","11","0.9167","FALSE","4","1348592047","ELIGIBILITY_834","2026-09-03 00:00:00","","TRUE","2026-09-15 10:31:41","d644234fecec609915b30d5862dc3cf952e9326ffab2acb93cd315ac6b716582"
"87797a4d-2d9a-5885-bb26-04fc200479ca","SH100639","","","SELF","HMO-2024-09","Sutter Health Hmo Gold","HMO","COMMERCIAL","GRP10184","California State Employees","1999-04-05","M","94501","06001","CA","2026-03-22","","ACTIVE","FALSE","FALSE","","0.8694","0.8924","LOW","6","1.0159","FALSE","0","1681929857","ELIGIBILITY_834","2026-09-08 00:00:00","","TRUE","2026-09-15 10:31:41","5339a7bd3c01fff7d1e679e9d3ee2eee636138f8294afd3047aef99eca4a0123"
"bc3433df-9646-5352-ba52-897ae52e59de","SH100640","","","SELF","HDH-2024-04","Sutter Health Hdhp Gold","HDHP","COMMERCIAL","GRP10208","Sutter Medical Foundation","1940-10-13","F","93722","06085","CA","2023-08-09","","ACTIVE","FALSE","FALSE","","0.4311","0.458","LOW","2","0.4517","FALSE","2","1831659709","ELIGIBILITY_834","2026-09-08 00:00:00","","TRUE","2026-09-15 10:31:41","99238bfdc96bd1822504d11bec8e0ff9ebfae80fe7f00a7ddcad3f75b9ac92d0"
"466d5133-e93a-5c60-880e-df872f6e976b","SH100641","","","DEPENDENT","HMO-2024-07","Sutter Health Hmo Gold","HMO","COMMERCIAL","GRP10361","California State Employees","1987-12-29","M","94131","06075","CA","2023-01-02","2023-06-08","TERMED","FALSE","FALSE","","5.8519","5.9894","CATASTROPHIC","67","6.3038","TRUE","2","1373803392","ELIGIBILITY_834","2026-08-23 00:00:00","","TRUE","2026-09-15 10:31:41","3811e57bd820df1f71bc22e3ca4a8de979029fab2bf48c9ef815ab9ad2f4b752"
"cf7e62e4-99f2-5c7d-b170-6e3af0abed7b","SH100642","Y11H-3E-0615","","SELF","MED-2024-02","Sutter Health Medicare Advantage Gold","MEDICARE_ADVANTAGE","MEDICARE","GRP10111","Central Valley Employers Group","1973-10-20","M","93711","06085","CA","2024-03-31","","ACTIVE","FALSE","FALSE","LIS3","1.125","0.972","MODERATE","9","1.1222","FALSE","1","1220917887","ELIGIBILITY_834","2026-09-02 00:00:00","","TRUE","2026-09-15 10:31:41","d9cebf3f262fd554485ed4bea11d179f4287705cf95905e9a2d9c3c915c1dcba"
"1d2236ef-72aa-5324-9553-0815ca45e840","SH100643","","","SELF","PPO-2024-01","Sutter Health Ppo Gold","PPO","COMMERCIAL","GRP10025","Central Valley Employers Group","1971-11-08","M","94501","06001","CA","2023-09-20","2027-02-03","COBRA","TRUE","FALSE","","1.4993","1.7003","MODERATE","15","1.686","FALSE","1","1103282854","ELIGIBILITY_834","2026-08-30 00:00:00","","TRUE","2026-09-15 10:31:41","ee6bceafedbab0445d1e58777f42d6812d517968495aa94b27ead3aa9c6f28cf"
"d0ffa2b3-70b3-5f5c-b79e-3527a25aae54","SH100644","K8QK-GV-3720","","SPOUSE","MED-2024-07","Sutter Health Medicare Advantage Gold","MEDICARE_ADVANTAGE","MEDICARE","GRP10230","Bay Area Health Alliance","2002-05-01","M","95126","06085","CA","2024-10-05","","ACTIVE","FALSE","FALSE","LIS2","1.5864","1.3795","MODERATE","20","1.8973","FALSE","3","1839197050","ELIGIBILITY_834","2026-08-29 00:00:00","","TRUE","2026-09-15 10:31:41","54b95628b16cadc4cce8a5f31706ab7c93264f3131294961ba482c57704acbac"
"f9e2cdf3-3e75-5a8d-8c6c-721a62a418c0","SH100645","","","SPOUSE","PPO-2024-09","Sutter Health Ppo Gold","PPO","COMMERCIAL","GRP10123","Central Valley Employers Group","1990-05-17","F","94115","06075","CA","2023-04-13","2026-11-11","COBRA","TRUE","FALSE","","1.6195","1.7392","MODERATE","14","1.8734","FALSE","3","1370688991","ELIGIBILITY_834","2026-08-28 00:00:00","","TRUE","2026-09-15 10:31:41","03fee91703668454a73fd543d3f8d5b18fa33727bdd5f4443db0956ad8788fb1"
"ebc607c4-6838-5a3f-a409-16971899142d","SH100646","","","SELF","HDH-2024-04","Sutter Health Hdhp Gold","HDHP","COMMERCIAL","GRP10369","California State Employees","2010-09-09","M","94122","06075","CA","2025-11-07","","ACTIVE","FALSE","FALSE","","1.4112","1.2001","MODERATE","14","1.5363","FALSE","3","1369689276","ELIGIBILITY_834","2026-08-25 00:00:00","","TRUE","2026-09-15 10:31:41","af6362a1e222b4b0e276c04109e378198295f9e950e89194193dbd7e40a4b2a3"
"d14d63d9-98a5-5bfe-ab15-dc16d1840964","SH100647","Y3JR-8C-3768","","SELF","MED-2024-09","Sutter Health Medicare Advantage Gold","MEDICARE_ADVANTAGE","MEDICARE","GRP10353","Palo Alto Medical Foundation","2005-05-18","M","94131","06075","CA","2024-01-17","2026-10-19","COBRA","TRUE","FALSE","","0.7554","0.7628","LOW","10","0.8427","FALSE","5","1210802010","ELIGIBILITY_834","2026-09-08 00:00:00","","TRUE","2026-09-15 10:31:41","5e4a78b44f5612c254b52dbcf62d6ef1aa6e161d3754c4a8468e2e572a48b41a"
"2e57beb9-ee9d-5ce2-b772-614f764fde73","SH100648","","CA2035989065","SELF","MED-2024-05","Sutter Health Medicaid Managed Gold","MEDICAID_MANAGED","MEDICAID","GRP10047","Central Valley Employers Group","1985-11-29","M","95054","06085","CA","2025-02-18","","ACTIVE","FALSE","FALSE","","1.7008","1.9014","MODERATE","16","1.8068","FALSE","2","1949436665","ELIGIBILITY_834","2026-08-25 00:00:00","","TRUE","2026-09-15 10:31:41","3b99c040074bab591829429435414ad49fd8771c6a58ae289ad90b48b9c03977"
"de709f47-2882-504d-a656-27676861aceb","SH100649","","","SELF","HDH-2024-05","Sutter Health Hdhp Gold","HDHP","COMMERCIAL","GRP10084","Sutter Medical Foundation","1948-08-14","M","95126","06085","CA","2023-12-04","","ACTIVE","FALSE","FALSE","","3.1332","3.0647","VERY_HIGH","36","3.0009","FALSE","0","1893388588","ELIGIBILITY_834","2026-08-20 00:00:00","","TRUE","2026-09-15 10:31:41","cab542765c75895cbfdf9af89a9692ea8c1668bee767c18c951f22d123f9787a"
"9b49a54c-3e5b-50b2-86f1-bb4a51270479","SH100650","","","SELF","PPO-2024-02","Sutter Health Ppo Gold","PPO","COMMERCIAL","GRP10387","Central Valley Employers Group","2001-06-06","M","94118","06075","CA","2025-04-25","","ACTIVE","FALSE","FALSE","","0.5697","0.59","LOW","1","0.6552","FALSE","3","1996302119","ELIGIBILITY_834","2026-09-10 00:00:00","","TRUE","2026-09-15 10:31:41","703f88fc6616d2d429eda1d6939397df19ecc5e8be96a78c6ee33e4a0fa2fd14"
"26246d86-007b-5fd3-b16c-d3c1466f958d","SH100651","W992-W9-9957","","DEPENDENT","MED-2024-09","Sutter Health Medicare Advantage Gold","MEDICARE_ADVANTAGE","MEDICARE","GRP10358","UCSF Health Partners","2011-06-22","F","95131","06085","CA","2025-11-07","","ACTIVE","FALSE","FALSE","LIS2","0.7587","0.6931","LOW","5","0.8999","FALSE","0","1385765752","ELIGIBILITY_834","2026-09-02 00:00:00","","TRUE","2026-09-15 10:31:41","96f3a67017bc79f221c6ae1a5a755d21414c46f6edb62f6f6d98d75e6d395931"
"3753bdc0-6258-593f-9553-3c42f5b5b185","SH100652","","","SPOUSE","PPO-2024-03","Sutter Health Ppo Gold","PPO","COMMERCIAL","GRP10377","Kaiser Community Partners","1971-09-19","M","94118","06075","CA","2025-10-01","2026-06-23","TERMED","FALSE","FALSE","","3.3578","2.9458","VERY_HIGH","43","3.0752","TRUE","2","1221509873","ELIGIBILITY_834","2026-09-10 00:00:00","","TRUE","2026-09-15 10:31:41","a2153d46de6cc27058abfea223508fbf23043bc4481d2a215792a5c6f61788a2"
"f3d28de3-d8ff-5b08-9b1a-d21f73ff8eb6","SH100653","","","SELF","POS-2024-08","Sutter Health Pos Gold","POS","COMMERCIAL","GRP10170","Kaiser Community Partners","1954-01-16","F","94578","06001","CA","2025-12-08","","ACTIVE","FALSE","FALSE","","0.6234","0.5455","LOW","10","0.7201","FALSE","3","1246222107","ELIGIBILITY_834","2026-09-09 00:00:00","","TRUE","2026-09-15 10:31:41","6453ec4edba91b22ccde01b5078d540491255247e7b7611257df0f1a654165bb"
"b372736d-d102-5b1a-96b4-f72b4650bfcc","SH100654","","","SPOUSE","PPO-2024-01","Sutter Health Ppo Gold","PPO","COMMERCIAL","GRP10172","Sutter Medical Foundation","1965-11-15","M","94122","06075","CA","2024-11-29","","PENDING","FALSE","FALSE","","1.8802","2.0269","HIGH","24","2.1789","FALSE","3","1135547424","ELIGIBILITY_834","2026-08-23 00:00:00","","TRUE","2026-09-15 10:31:41","816dc7de0a25924e2d6236404e40614fdf61b9a9311dd5ddf3ddf0b5623354ee"
"647d87bb-413c-5f65-8ff8-698b2f8cbdd3","SH100655","","","SELF","HMO-2024-07","Sutter Health Hmo Gold","HMO","COMMERCIAL","GRP10322","Sutter Medical Foundation","1936-11-15","F","93701","06085","CA","2024-05-18","","ACTIVE","FALSE","FALSE","","1.7578","1.5459","MODERATE","23","1.9365","FALSE","0","1872262401","ELIGIBILITY_834","2026-08-21 00:00:00","","TRUE","2026-09-15 10:31:41","718d30bcb1202c09eec526842fc3b4c8ad3f8d1fb393788f2da567a71f627e1b"
"3c743ee5-07dd-531f-81af-e468947a5457","SH100656","","","SELF","HDH-2024-07","Sutter Health Hdhp Gold","HDHP","COMMERCIAL","GRP10256","Sutter Medical Foundation","1998-12-17","F","94121","06075","CA","2025-06-23","2026-05-14","TERMED","FALSE","FALSE","","1.3291","1.3256","MODERATE","11","1.3825","FALSE","1","1437276949","ELIGIBILITY_834","2026-09-14 00:00:00","","TRUE","2026-09-15 10:31:41","f5d675ef1030b72e4c85b2878b147b823f00cfced286a7ec7544e4d888ba3877"
"ec3eaa88-6fdd-5f54-ba3f-07d8f867e727","SH100657","","","SELF","PPO-2024-01","Sutter Health Ppo Gold","PPO","COMMERCIAL","GRP10408","Central Valley Employers Group","1980-11-05","M","94118","06075","CA","2025-02-20","","ACTIVE","FALSE","FALSE","","1.377","1.3378","MODERATE","20","1.3906","FALSE","1","1649414976","ELIGIBILITY_834","2026-08-20 00:00:00","","TRUE","2026-09-15 10:31:41","b794b3b90a7d9559e0b2d5520a74fd7a2cb81efddea983ce23a07ab5e2ad589e"
"e94f2694-fbb4-591c-9f81-7b412ac146af","SH100658","","","SELF","PPO-2024-01","Sutter Health Ppo Gold","PPO","COMMERCIAL","GRP10008","Kaiser Community Partners","1943-11-20","M","94609","06075","CA","2024-06-20","","ACTIVE","FALSE","FALSE","","1.4419","1.4913","MODERATE","18","1.6992","FALSE","0","1298391447","ELIGIBILITY_834","2026-08-19 00:00:00","","TRUE","2026-09-15 10:31:41","ba80c57889dd5bebe790c8dbfd3114323d811986d48c7d0b3d6a2814101dc15f"
"2dacf3cc-13ee-5528-ad39-aad3238d0fbf","SH100659","","","SPOUSE","PPO-2024-07","Sutter Health Ppo Gold","PPO","COMMERCIAL","GRP10264","Bay Area Health Alliance","1958-01-05","F","94501","06001","CA","2023-09-01","2024-06-11","TERMED","FALSE","FALSE","","2.7622","2.8813","HIGH","35","2.7079","TRUE","3","1505968811","ELIGIBILITY_834","2026-09-11 00:00:00","","TRUE","2026-09-15 10:31:41","93d89c31d011403ea4498e969443d43bfa73550a79b3dbb463b2cf825e6d8ab4"
"fbac6bac-5232-50fc-8d79-9a233c12e74f","SH100660","","","SELF","HDH-2024-05","Sutter Health Hdhp Gold","HDHP","COMMERCIAL","GRP10066","NorCal Tech Coalition","1970-07-04","F","94131","06075","CA","2024-02-09","","ACTIVE","FALSE","FALSE","","2.1075","1.9795","HIGH","19","2.5042","TRUE","3","1875509468","ELIGIBILITY_834","2026-09-07 00:00:00","","TRUE","2026-09-15 10:31:41","2e2dbde7e6631afde2fa1339e5b7b28159fca2b365d1cfb9ad36234f1f5409b8"
"b00e7299-172f-5779-9948-ab823c432797","SH100661","","","SELF","PPO-2024-01","Sutter Health Ppo Gold","PPO","COMMERCIAL","GRP10369","NorCal Tech Coalition","1977-11-08","M","94122","06075","CA","2024-03-14","","ACTIVE","FALSE","FALSE","","2.5577","2.8387","HIGH","25","2.815","TRUE","2","1464997824","ELIGIBILITY_834","2026-08-31 00:00:00","","TRUE","2026-09-15 10:31:41","8f2bb3ec9bb6939ed40cb13fe89104a0d218c1c2ec24590851856fa202075994"
"26a3fc38-3dd1-58f1-bf4b-faeb699ffd1d","SH100662","K64F-T0-0504","","DEPENDENT","MED-2024-04","Sutter Health Medicare Advantage Gold","MEDICARE_ADVANTAGE","MEDICARE","GRP10256","Kaiser Community Partners","1953-01-14","F","95126","06085","CA","2025-02-08","","ACTIVE","FALSE","FALSE","LIS2","2.7181","2.9399","HIGH","27","3.1936","TRUE","3","1291614199","ELIGIBILITY_834","2026-09-09 00:00:00","","TRUE","2026-09-15 10:31:41","c8e705a29102c6ce3622f64479d75c015f399c99028d974f6ec1e324b3c5259a"
"4314d5ec-93dc-52d8-bcc2-7018f6e8ee32","SH100663","C4JY-D1-3732","","SELF","MED-2024-07","Sutter Health Medicare Advantage Gold","MEDICARE_ADVANTAGE","MEDICARE","GRP10449","Palo Alto Medical Foundation","1967-10-03","M","95148","06085","CA","2023-07-06","","ACTIVE","FALSE","FALSE","LIS1","3.7671","3.3038","VERY_HIGH","48","4.2079","TRUE","1","1684521339","ELIGIBILITY_834","2026-08-16 00:00:00","","TRUE","2026-09-15 10:31:41","4fe71fd56b266b3613b058a759ac74aaa7ae5c08488c2fdad31ee7c292e3c3a3"
"585903ac-9caa-50c4-afae-3e7c4af0d6ba","SH100664","","","SPOUSE","POS-2024-02","Sutter Health Pos Gold","POS","COMMERCIAL","GRP10013","Sutter Medical Foundation","1951-08-17","M","94102","06075","CA","2025-06-04","","ACTIVE","FALSE","FALSE","","1.3973","1.5499","MODERATE","11","1.488","FALSE","0","1729309655","ELIGIBILITY_834","2026-08-20 00:00:00","","TRUE","2026-09-15 10:31:41","0579fe925258daca237c5a4df4daf11bfba083c154dc04e6d3ae813a54ae5b19"
"1b0f6612-d870-5ffa-a81f-d5e303a0d3d9","SH100665","","","SELF","PPO-2024-01","Sutter Health Ppo Gold","PPO","COMMERCIAL","GRP10200","NorCal Tech Coalition","1987-11-03","F","94102","06075","CA","2022-12-24","","ACTIVE","FALSE","FALSE","","0.8874","0.7862","LOW","11","0.819","FALSE","3","1754706152","ELIGIBILITY_834","2026-08-27 00:00:00","","TRUE","2026-09-15 10:31:41","a456682852a91796ade40175ce5f80d6dbad0af52c0cb8a8d6c8d48d05f0c5f6"
"4c6773e7-a946-5640-8970-701a161bcef9","SH100666","","","SELF","PPO-2024-04","Sutter Health Ppo Gold","PPO","COMMERCIAL","GRP10208","Bay Area Health Alliance","1941-05-13","M","94603","06075","CA","2025-09-05","","ACTIVE","FALSE","FALSE","","1.3769","1.312","MODERATE","11","1.4898","FALSE","3","1283181090","ELIGIBILITY_834","2026-08-30 00:00:00","","TRUE","2026-09-15 10:31:41","f5aefa11816c1d33981d1c1e72a5045e871c1a529b7ff4fcff0788ee62753238"
"9334b60b-7e2f-5ed7-b18b-56fa8367bb1b","SH100667","","","SELF","PPO-2024-06","Sutter Health Ppo Gold","PPO","COMMERCIAL","GRP10382","Sutter Medical Foundation","1988-02-23","M","94577","06001","CA","2023-06-16","","ACTIVE","FALSE","FALSE","","0.7476","0.7993","LOW","5","0.7261","FALSE","1","1990758047","ELIGIBILITY_834","2026-08-17 00:00:00","","TRUE","2026-09-15 10:31:41","ab94457b410443ad66b1bb79eb7ddb9d2b11ead0dde561da6af3bcf361dc3777"
"f4213c63-12c3-5927-b425-7045c8d797b3","SH100668","D1QF-2T-1531","","SPOUSE","MED-2024-05","Sutter Health Medicare Advantage Gold","MEDICARE_ADVANTAGE","MEDICARE","GRP10199","California State Employees","2013-09-28","M","94103","06075","CA","2023-07-18","2024-08-20","TERMED","FALSE","FALSE","LIS3","1.6619","1.8807","MODERATE","17","1.6731","FALSE","5","1752220209","ELIGIBILITY_834","2026-08-20 00:00:00","","TRUE","2026-09-15 10:31:41","b429b60f46084fb959e619d008720b2202d73e2db7901267d8339d1618d9d41c"
"378f61a2-8255-5e1f-91f7-d1591c97f67f","SH100669","","","SELF","POS-2024-09","Sutter Health Pos Gold","POS","COMMERCIAL","GRP10493","Sutter Medical Foundation","1974-01-23","F","94577","06001","CA","2024-12-24","","ACTIVE","FALSE","FALSE","","3.573","3.1899","VERY_HIGH","40","4.2717","FALSE","1","1224369980","ELIGIBILITY_834","2026-08-22 00:00:00","","TRUE","2026-09-15 10:31:41","1b87ca318777d2797ad313987ecf8913ff65d40905793e431250d92ad3fdcc6b"
"8a4531a0-d863-52a8-95c8-747078925de6","SH100670","","","SELF","POS-2024-01","Sutter Health Pos Gold","POS","COMMERCIAL","GRP10341","NorCal Tech Coalition","1945-12-28","F","93722","06085","CA","2025-10-06","","ACTIVE","FALSE","FALSE","","1.0908","1.1383","MODERATE","16","1.1478","FALSE","3","1584830817","ELIGIBILITY_834","2026-08-28 00:00:00","","TRUE","2026-09-15 10:31:41","270d9a78743d8d0c2a6373f76f8e1ef7d5c427db943356cce91edd2c9a63d81e"
"0a349175-8d29-5cc5-97e5-1df6ba039eef","SH100671","","","DEPENDENT","HDH-2024-08","Sutter Health Hdhp Gold","HDHP","COMMERCIAL","GRP10293","California State Employees","1956-02-14","F","93701","06085","CA","2024-02-07","","ACTIVE","FALSE","FALSE","","1.5806","1.6784","MODERATE","22","1.4651","FALSE","2","1938075564","ELIGIBILITY_834","2026-08-30 00:00:00","","TRUE","2026-09-15 10:31:41","4e2df6154491430d2b4ea09faea66d95c285dbfae57e194f4b7bb44650e86b0f"
"347420d8-c07b-5a82-8b04-39430e4abb0e","SH100672","","","SELF","PPO-2024-04","Sutter Health Ppo Gold","PPO","COMMERCIAL","GRP10499","Bay Area Health Alliance","1963-11-09","F","95014","06085","CA","2023-04-08","","ACTIVE","FALSE","FALSE","","0.9926","0.85","MODERATE","14","0.981","FALSE","4","1288037595","ELIGIBILITY_834","2026-09-11 00:00:00","","TRUE","2026-09-15 10:31:41","a7fc9f66fdd77c0c2cfe73c8f27eb8985a9f32e42282fb527116b860f9d10754"
"aa59ac12-9b3a-5466-95e9-0b26e0db81e4","SH100673","","","DEPENDENT","HDH-2024-04","Sutter Health Hdhp Gold","HDHP","COMMERCIAL","GRP10383","Bay Area Health Alliance","1967-10-07","M","94102","06075","CA","2022-11-11","","ACTIVE","FALSE","FALSE","","1.4762","1.4572","MODERATE","18","1.5589","FALSE","2","1432324981","ELIGIBILITY_834","2026-09-08 00:00:00","","TRUE","2026-09-15 10:31:41","307dd2b77aa92970a9b17e63c55d6953a4f38953f8216de8f0183450bb38d979"
"e79140de-8c15-5a6f-a372-4b3a92dda62b","SH100674","A968-6F-6958","","SELF","MED-2024-09","Sutter Health Medicare Advantage Gold","MEDICARE_ADVANTAGE","MEDICARE","GRP10461","California State Employees","1996-12-09","F","93711","06085","CA","2025-10-19","","PENDING","FALSE","FALSE","","7.7261","8.6469","CATASTROPHIC","91","8.2814","TRUE","3","1466510747","ELIGIBILITY_834","2026-09-04 00:00:00","","TRUE","2026-09-15 10:31:41","682c8cbaec1a3ded5efc24058b1a6488f1761e11937bac171acdd8b1202cc717"
"e2eb0c83-1448-5169-83f6-b67e2037f18e","SH100675","","","SELF","HMO-2024-03","Sutter Health Hmo Gold","HMO","COMMERCIAL","GRP10472","Palo Alto Medical Foundation","2013-01-15","F","95054","06085","CA","2023-04-04","","ACTIVE","FALSE","FALSE","","2.6823","2.8967","HIGH","34","2.6077","FALSE","3","1370508353","ELIGIBILITY_834","2026-08-21 00:00:00","","TRUE","2026-09-15 10:31:41","44d11480a7b1c3d60c6937dca9a4c27cb8d42ba99f6d4e215fa0f0bfcc205a4c"
"2eb92b28-e2fe-5a17-ae68-ec554de3ec40","SH100676","","","SELF","PPO-2024-04","Sutter Health Ppo Gold","PPO","COMMERCIAL","GRP10059","California State Employees","1960-07-09","F","95128","06085","CA","2026-02-09","","PENDING","FALSE","FALSE","","0.8113","0.7953","LOW","10","0.9284","FALSE","1","1641057786","ELIGIBILITY_834","2026-09-05 00:00:00","","TRUE","2026-09-15 10:31:41","529e856c107c12788d30fe33a57d7e41b38b3d6c2195b999ea51eb59542d18df"
"dfd65c2e-583b-5de0-a175-dce5b46bf0ca","SH100677","","","SELF","PPO-2024-06","Sutter Health Ppo Gold","PPO","COMMERCIAL","GRP10100","Safeway Health Plan","2025-10-19","M","95131","06085","CA","2025-06-20","2027-01-05","TERMED","FALSE","FALSE","","1.6721","1.5825","MODERATE","21","1.6155","FALSE","1","1789420865","ELIGIBILITY_834","2026-09-07 00:00:00","","TRUE","2026-09-15 10:31:41","ce81e272a58c9ddac6861370f642c4738a20bceb205f7cd3d9558b67f3a8fce7"
"bb853155-6532-53ba-9d45-1510954ef968","SH100678","","","SELF","HMO-2024-08","Sutter Health Hmo Gold","HMO","COMMERCIAL","GRP10176","Sutter Medical Foundation","1969-05-08","M","93711","06085","CA","2025-09-24","","ACTIVE","FALSE","FALSE","","7.9845","8.5259","CATASTROPHIC","94","9.3965","FALSE","3","1696425455","ELIGIBILITY_834","2026-08-17 00:00:00","","TRUE","2026-09-15 10:31:41","4cbe8a8cc5cce78e68a59d13eec022784b55a192fe0fd5a4c9e9dc43b312879d"
"44c9c573-8894-5626-a935-5017f58f98ec","SH100679","","CA4996944007","SELF","MED-2024-07","Sutter Health Medicaid Managed Gold","MEDICAID_MANAGED","MEDICAID","GRP10479","UCSF Health Partners","2025-05-04","M","94123","06075","CA","2023-12-01","","ACTIVE","FALSE","FALSE","","1.1365","1.2968","MODERATE","11","1.0599","FALSE","1","1437369840","ELIGIBILITY_834","2026-08-29 00:00:00","","TRUE","2026-09-15 10:31:41","8f159081eb4549e5ad9bf5168cc065e600884dcb22ceb8408d45200639afbfc5"
"f2c700f4-06e1-5654-a134-abb53699a42b","SH100680","","","SELF","HMO-2024-04","Sutter Health Hmo Gold","HMO","COMMERCIAL","GRP10253","Kaiser Community Partners","1973-08-19","F","93711","06085","CA","2024-09-05","","ACTIVE","FALSE","FALSE","","0.7502","0.6912","LOW","11","0.7243","FALSE","5","1715721836","ELIGIBILITY_834","2026-09-13 00:00:00","","TRUE","2026-09-15 10:31:41","72404f5605da6bbd0c8faee34f8ce9dc694372bd8bbb2dc037352f773ff9533e"
"21fa30b9-6e1d-5998-85d3-463b092a52a0","SH100681","","","SELF","PPO-2024-02","Sutter Health Ppo Gold","PPO","COMMERCIAL","GRP10027","Bay Area Health Alliance","2009-06-25","F","95131","06085","CA","2024-11-30","","ACTIVE","FALSE","FALSE","","0.5374","0.5391","LOW","2","0.5479","FALSE","1","1585050672","ELIGIBILITY_834","2026-08-29 00:00:00","","TRUE","2026-09-15 10:31:41","f635465b0f5bdb5fe291da5f1d0b1480e28b44c95237c0b97455c1c961085a3e"
"7e04e91a-9263-5e07-b4fc-b74b6500a78b","SH100682","","CA9476884146","SELF","MED-2024-09","Sutter Health Medicaid Managed Gold","MEDICAID_MANAGED","MEDICAID","GRP10321","Bay Area Health Alliance","1937-10-31","F","94603","06075","CA","2023-06-15","2023-10-27","TERMED","FALSE","FALSE","","0.8004","0.8338","LOW","11","0.9196","FALSE","2","1380352234","ELIGIBILITY_834","2026-08-21 00:00:00","","TRUE","2026-09-15 10:31:41","4ec7a3e675daabdbc1ae9753d9ba2fcd7cb5947f4db5c0cb93ea14c380cb7078"
"c160bc3d-ef9b-5dbe-8095-f359c5fae145","SH100683","","","SPOUSE","HMO-2024-07","Sutter Health Hmo Gold","HMO","COMMERCIAL","GRP10384","Safeway Health Plan","1953-12-31","M","94102","06075","CA","2024-07-24","","ACTIVE","FALSE","FALSE","","2.3435","2.6922","HIGH","28","2.3923","FALSE","0","1893264863","ELIGIBILITY_834","2026-08-17 00:00:00","","TRUE","2026-09-15 10:31:41","d9f3e5a2062c029c9e1c5a198b17180c145e20b9c459131e6e750bbe37377be1"
"392880e6-386d-576d-923f-ee8b18c7f302","SH100684","","","SPOUSE","PPO-2024-06","Sutter Health Ppo Gold","PPO","COMMERCIAL","GRP10073","Palo Alto Medical Foundation","1965-01-19","M","93727","06085","CA","2026-06-13","","ACTIVE","FALSE","FALSE","","2.9759","3.2369","VERY_HIGH","35","3.2799","TRUE","3","1807499801","ELIGIBILITY_834","2026-09-13 00:00:00","","TRUE","2026-09-15 10:31:41","0a9bd41d5a624125a313fe59a1ce72943e75253e3bc6910ad0a427c5e2f0bc72"
"20a0c073-6350-5f2f-97c1-2d075a260d64","SH100685","","","DEPENDENT","HDH-2024-01","Sutter Health Hdhp Gold","HDHP","COMMERCIAL","GRP10292","UCSF Health Partners","1964-02-14","F","93727","06085","CA","2025-06-26","","ACTIVE","FALSE","FALSE","","1.0353","0.9026","MODERATE","17","1.1049","FALSE","2","1451535068","ELIGIBILITY_834","2026-08-29 00:00:00","","TRUE","2026-09-15 10:31:41","0f29b87a4a51ba3bfb9cc7723efe8e469782b2f9c3412e4bd946009550ce8b1c"
"61484147-6f67-5e6f-b781-30dee48674e8","SH100686","","CA8264535316","SELF","MED-2024-05","Sutter Health Medicaid Managed Gold","MEDICAID_MANAGED","MEDICAID","GRP10277","California State Employees","1966-12-25","F","94609","06075","CA","2025-03-04","","ACTIVE","FALSE","FALSE","","0.8512","0.9408","LOW","5","0.9316","FALSE","2","1872223246","ELIGIBILITY_834","2026-09-06 00:00:00","","TRUE","2026-09-15 10:31:41","e32ba250bb85ed7e963197dc0e608a14e56a4298525a14c05eaaaa7005d584b2"
"faac1c27-f2db-57ad-8017-f104ad928520","SH100687","","","SELF","HDH-2024-04","Sutter Health Hdhp Gold","HDHP","COMMERCIAL","GRP10182","UCSF Health Partners","1966-05-08","M","93720","06085","CA","2022-10-15","","ACTIVE","FALSE","FALSE","","2.7624","2.9706","HIGH","27","2.9331","TRUE","4","1352630965","ELIGIBILITY_834","2026-08-25 00:00:00","","TRUE","2026-09-15 10:31:41","ee8b9f9ea7ecec4a4efc588a10f8bc098e359083209dbc1ed57973c83407fa57"
"32f21236-5303-578a-8a06-b3486cbceacd","SH100688","","","DEPENDENT","HMO-2024-03","Sutter Health Hmo Gold","HMO","COMMERCIAL","GRP10438","California State Employees","1977-08-19","F","94501","06001","CA","2024-04-21","","ACTIVE","FALSE","FALSE","","1.776","1.7733","MODERATE","23","1.769","FALSE","2","1643104518","ELIGIBILITY_834","2026-08-28 00:00:00","","TRUE","2026-09-15 10:31:41","fe0291e7ae15541ad343df587a54b050d4c1cfa794b38a306be69b08ddde5369"
"24c92293-db56-57ee-a4d4-80e3c96e1bea","SH100689","","","SELF","PPO-2024-06","Sutter Health Ppo Gold","PPO","COMMERCIAL","GRP10458","NorCal Tech Coalition","1975-10-15","F","93720","06085","CA","2024-12-13","2026-11-22","TERMED","FALSE","FALSE","","1.4627","1.3475","MODERATE","12","1.6173","FALSE","5","1911284047","ELIGIBILITY_834","2026-08-28 00:00:00","","TRUE","2026-09-15 10:31:41","79aaf5f09e149877788104eab2292dcd5627cab48a4e74c453378890334337e6"
"4dfdf738-71d5-5a58-b89e-ef54c3712966","SH100690","M31J-1F-8946","","DEPENDENT","MED-2024-09","Sutter Health Medicare Advantage Gold","MEDICARE_ADVANTAGE","MEDICARE","GRP10100","UCSF Health Partners","1980-12-23","M","95128","06085","CA","2023-11-17","","ACTIVE","FALSE","FALSE","LIS1","2.0683","1.8713","HIGH","27","2.0726","TRUE","3","1479052259","ELIGIBILITY_834","2026-09-10 00:00:00","","TRUE","2026-09-15 10:31:41","900258db2a4db2e64596729427b3f71f963bc409b9fc8d1b3f4cb7234d4156b1"
"d7fc7f03-dd0e-5154-a574-cc04eb919768","SH100691","","CA2589360763","SELF","MED-2024-09","Sutter Health Medicaid Managed Gold","MEDICAID_MANAGED","MEDICAID","GRP10444","Bay Area Health Alliance","2006-04-01","F","94122","06075","CA","2024-03-13","2026-12-10","COBRA","TRUE","FALSE","","0.867","0.8381","LOW","14","0.8079","FALSE","2","1468642463","ELIGIBILITY_834","2026-08-24 00:00:00","","TRUE","2026-09-15 10:31:41","9d3dd7a1c4016a55f5ed4e5eda8246ef68ce8d766e9f37f3fa9cae3da21858b9"
"318a04cf-a0ed-5e2a-a04e-fbf53c7d1697","SH100692","","CA3478044003","DEPENDENT","MED-2024-02","Sutter Health Medicaid Managed Gold","MEDICAID_MANAGED","MEDICAID","GRP10003","Bay Area Health Alliance","1976-05-16","F","93727","06085","CA","2024-11-06","2025-07-23","TERMED","FALSE","FALSE","","1.8156","1.7178","HIGH","23","2.1318","TRUE","2","1429230002","ELIGIBILITY_834","2026-08-27 00:00:00","","TRUE","2026-09-15 10:31:41","34cd5ad012ff2ca64c1a083f7d340abc207207f9541b38a0b1e9b1a53f0ed3b4"
"88950d5f-e60c-5ba2-99e9-7c1f1745bea3","SH100693","","","SELF","PPO-2024-03","Sutter Health Ppo Gold","PPO","COMMERCIAL","GRP10055","NorCal Tech Coalition","1945-04-18","F","94115","06075","CA","2024-08-20","","ACTIVE","FALSE","FALSE","","0.8031","0.7333","LOW","8","0.811","FALSE","1","1988628030","ELIGIBILITY_834","2026-08-18 00:00:00","","TRUE","2026-09-15 10:31:41","6f4793b1a2cc51e833e64628f007cc4c1a460e4e1287a564985c0ea7413a8e10"
"1faedcac-682d-53b3-9273-1f447e3d293d","SH100694","","","SELF","PPO-2024-07","Sutter Health Ppo Gold","PPO","COMMERCIAL","GRP10145","Palo Alto Medical Foundation","1995-02-17","M","93720","06085","CA","2022-11-08","","ACTIVE","FALSE","FALSE","","0.6725","0.7638","LOW","4","0.7295","FALSE","3","1137787327","ELIGIBILITY_834","2026-08-16 00:00:00","","TRUE","2026-09-15 10:31:41","99a60150265703e6a2447e2384f5ffa704680ff3d749b3f24d6637d662d5ba93"
"106bd90b-177d-52c2-9a25-f12fd9356e94","SH100695","","","DEPENDENT","HMO-2024-07","Sutter Health Hmo Gold","HMO","COMMERCIAL","GRP10455","UCSF Health Partners","1968-07-24","F","93727","06085","CA","2024-07-04","","ACTIVE","FALSE","FALSE","","1.1115","1.1163","MODERATE","16","1.1391","FALSE","2","1455293889","ELIGIBILITY_834","2026-08-16 00:00:00","","TRUE","2026-09-15 10:31:41","99110d9fad00c0036dd1531b0796a5539a4f1bf574eba073825dd973b4190483"
"1b335313-631f-593e-a358-bb1b5260a048","SH100696","N5GW-FM-9116","","SELF","MED-2024-01","Sutter Health Medicare Advantage Gold","MEDICARE_ADVANTAGE","MEDICARE","GRP10375","California State Employees","1964-02-17","M","94132","06075","CA","2023-06-05","","ACTIVE","FALSE","FALSE","LIS1","0.7237","0.7259","LOW","13","0.6606","FALSE","5","1490530383","ELIGIBILITY_834","2026-08-21 00:00:00","","TRUE","2026-09-15 10:31:41","e6113cbde8a3f8f81b22b5d4125c4e939ece13b5a031953639c11ece0ce90a70"
"729aa951-b41e-545e-86e5-37f7a32294c4","SH100697","","","SPOUSE","PPO-2024-07","Sutter Health Ppo Gold","PPO","COMMERCIAL","GRP10002","NorCal Tech Coalition","1973-06-02","M","95054","06085","CA","2024-09-06","","ACTIVE","FALSE","FALSE","","2.6258","3.0127","HIGH","26","2.8008","TRUE","2","1464996815","ELIGIBILITY_834","2026-09-10 00:00:00","","TRUE","2026-09-15 10:31:41","bd068f0df0baa33d9a7cf3b19f135708b1c7a4e5ab0a8023e01152e83adce151"
"8f158a67-766b-5f26-8c2f-a14a2ea96b52","SH100698","","","SELF","HDH-2024-09","Sutter Health Hdhp Gold","HDHP","COMMERCIAL","GRP10368","Central Valley Employers Group","1972-03-16","M","95131","06085","CA","2023-12-11","2025-04-05","TERMED","FALSE","FALSE","","1.9441","2.2142","HIGH","20","2.324","FALSE","1","1790572323","ELIGIBILITY_834","2026-08-24 00:00:00","","TRUE","2026-09-15 10:31:41","01786d8bd6811d90d383999c41d608b1b574a8fc80e3ccbad37eec133d73e3fe"
"8419e0f8-0485-5c26-a7b3-712bd4a4d00c","SH100699","M2CQ-4A-1836","","SELF","MED-2024-09","Sutter Health Medicare Advantage Gold","MEDICARE_ADVANTAGE","MEDICARE","GRP10430","Sutter Medical Foundation","1973-07-02","F","94123","06075","CA","2023-01-22","","ACTIVE","FALSE","FALSE","","0.3802","0.4186","LOW","1","0.3815","FALSE","1","1773141595","ELIGIBILITY_834","2026-08-29 00:00:00","","TRUE","2026-09-15 10:31:41","63c1fba8dbb4e1161ae1d4bf26d578caf0edc971ea7f4470f146de0a3881f9b0"
"5605068f-62b2-58b9-9381-243574d57726","SH100700","","","DEPENDENT","HMO-2024-06","Sutter Health Hmo Gold","HMO","COMMERCIAL","GRP10069","California State Employees","1993-02-02","M","94578","06001","CA","2022-12-10","","ACTIVE","FALSE","FALSE","","0.5786","0.537","LOW","6","0.5455","FALSE","4","1266166841","ELIGIBILITY_834","2026-09-13 00:00:00","","TRUE","2026-09-15 10:31:41","8816f8738097c301691734801a020b745a16f6ad4f0339d5c90ecbfb3b364abf"
"33d8257d-0671-552d-a1cd-7b005c9be759","SH100701","","","SPOUSE","POS-2024-03","Sutter Health Pos Gold","POS","COMMERCIAL","GRP10110","Bay Area Health Alliance","1962-08-10","M","94122","06075","CA","2026-02-08","","ACTIVE","FALSE","FALSE","","1.2956","1.1483","MODERATE","17","1.5379","FALSE","3","1575558434","ELIGIBILITY_834","2026-08-17 00:00:00","","TRUE","2026-09-15 10:31:41","ac9788a0d67cd1a4df0d65c4796f56eaa6bd35141d54fde833a28f53910bc0f8"
"41d59667-856f-5a03-9172-e6e80fe80069","SH100702","","","SELF","PPO-2024-03","Sutter Health Ppo Gold","PPO","COMMERCIAL","GRP10327","Central Valley Employers Group","1973-12-12","F","95054","06085","CA","2022-10-10","2023-01-25","TERMED","FALSE","FALSE","","1.0541","0.9279","MODERATE","13","1.0515","FALSE","2","1353695196","ELIGIBILITY_834","2026-09-04 00:00:00","","TRUE","2026-09-15 10:31:41","94e9a0cb7f9665112b6ff20be81f36555018d98d39675c01b1eaae4aa8330d64"
"2c0824e0-0acb-55a6-ac03-9957074f2baa","SH100703","","","DEPENDENT","HDH-2024-08","Sutter Health Hdhp Gold","HDHP","COMMERCIAL","GRP10170","Central Valley Employers Group","1986-07-25","F","95014","06085","CA","2025-01-27","2027-03-10","COBRA","TRUE","FALSE","","1.6943","1.5514","MODERATE","20","1.8355","FALSE","2","1372619016","ELIGIBILITY_834","2026-08-23 00:00:00","","TRUE","2026-09-15 10:31:41","63d8a32ae2034bb9a3480822fc4c08ba3ebf70bf1a9f81fe0c2f6de662cc3138"
"926c8b60-b655-555b-9774-91560e5de611","SH100704","","","SELF","HMO-2024-06","Sutter Health Hmo Gold","HMO","COMMERCIAL","GRP10269","Safeway Health Plan","1941-12-12","M","93711","06085","CA","2023-02-13","","ACTIVE","FALSE","FALSE","","0.9629","0.8345","MODERATE","9","0.9066","FALSE","0","1871767632","ELIGIBILITY_834","2026-08-16 00:00:00","","TRUE","2026-09-15 10:31:41","e29c44d237c7bfe25dbea337924592152e035b18f95d5e0ce51f673a0f07a135"
"2294c4b4-72e5-55b2-8fd4-1e272ad2f4ec","SH100705","","","DEPENDENT","HMO-2024-08","Sutter Health Hmo Gold","HMO","COMMERCIAL","GRP10452","Sutter Medical Foundation","2008-10-09","F","94578","06001","CA","2025-05-28","","ACTIVE","FALSE","FALSE","","2.1971","2.3886","HIGH","20","2.3192","TRUE","3","1384876123","ELIGIBILITY_834","2026-08-30 00:00:00","","TRUE","2026-09-15 10:31:41","212c80cab93222b8c69d16e2712a0e90b1029be947ef3eda92da424fdb6cae46"
"aead443f-2d10-553c-9224-7e3212cfe58b","SH100706","","","SPOUSE","HDH-2024-06","Sutter Health Hdhp Gold","HDHP","COMMERCIAL","GRP10142","Central Valley Employers Group","1938-10-12","F","93727","06085","CA","2026-03-27","","ACTIVE","FALSE","FALSE","","1.1131","1.1248","MODERATE","8","1.0383","FALSE","4","1353711592","ELIGIBILITY_834","2026-09-13 00:00:00","","TRUE","2026-09-15 10:31:41","07e6c27d477ed9b865ab59caf6c37d7b995133cf636ce6dd985bd150051afb58"
"d0da9176-8d29-5501-a236-a0f876a696fe","SH100707","","","SPOUSE","HMO-2024-04","Sutter Health Hmo Gold","HMO","COMMERCIAL","GRP10047","Central Valley Employers Group","1963-08-15","M","93722","06085","CA","2024-07-04","","ACTIVE","FALSE","FALSE","","2.5792","2.757","HIGH","34","2.3651","FALSE","2","1313502280","ELIGIBILITY_834","2026-08-20 00:00:00","","TRUE","2026-09-15 10:31:41","8e3c392594dde1fea0116d6f9b197fb9d0ee145df102bde978d074c33f75ebff"
"305b6f51-13f0-51d9-bcb4-408bb7ae4513","SH100708","","","SELF","HMO-2024-03","Sutter Health Hmo Gold","HMO","COMMERCIAL","GRP10080","Palo Alto Medical Foundation","2007-10-04","F","93722","06085","CA","2025-08-11","","ACTIVE","FALSE","FALSE","","2.9742","2.5713","VERY_HIGH","31","2.7245","FALSE","4","1837430793","ELIGIBILITY_834","2026-08-27 00:00:00","","TRUE","2026-09-15 10:31:41","fc3c8d864ee65e9bed516c329bdd78edcbd5f017e5c44b7ee1711cd4406475ed"
"e5a48635-bfd5-5d20-a606-b7fae9fdbd03","SH100709","","","SELF","HDH-2024-07","Sutter Health Hdhp Gold","HDHP","COMMERCIAL","GRP10473","Bay Area Health Alliance","2005-06-20","M","93727","06085","CA","2024-01-03","2026-12-04","COBRA","TRUE","FALSE","","0.3816","0.3636","LOW","7","0.3821","FALSE","1","1139753175","ELIGIBILITY_834","2026-08-29 00:00:00","","TRUE","2026-09-15 10:31:41","5572a1705d1a900699f4c9dba56bc23961e027aaddb4e46b12d8e7410f1c7b90"
"e4ed7c74-0965-559a-a4a9-f059fc34f0bc","SH100710","Y6FF-0M-6209","","DEPENDENT","MED-2024-06","Sutter Health Medicare Advantage Gold","MEDICARE_ADVANTAGE","MEDICARE","GRP10071","NorCal Tech Coalition","1940-01-14","M","93711","06085","CA","2024-03-31","","ACTIVE","FALSE","FALSE","","0.9904","0.9264","MODERATE","14","1.1408","FALSE","0","1109386819","ELIGIBILITY_834","2026-09-13 00:00:00","","TRUE","2026-09-15 10:31:41","8dea743d2600536eb5c42c89fe16bf449989db89d846e4acbe994503d9475e88"
"a41b716f-c153-5553-b5e6-341432e9e0a8","SH100711","","","SELF","HDH-2024-03","Sutter Health Hdhp Gold","HDHP","COMMERCIAL","GRP10217","NorCal Tech Coalition","1966-07-27","F","94118","06075","CA","2025-08-31","","ACTIVE","FALSE","FALSE","","3.7316","3.4281","VERY_HIGH","45","3.5958","TRUE","1","1690230487","ELIGIBILITY_834","2026-09-15 00:00:00","","TRUE","2026-09-15 10:31:41","0da0e483518227b5468f5ab4e5ea969b1fd349b83198a99cefef4e325a6e17ab"
"05b34de0-3122-583a-847f-17baa1786e2f","SH100712","","CA5140322805","SELF","MED-2024-01","Sutter Health Medicaid Managed Gold","MEDICAID_MANAGED","MEDICAID","GRP10085","Sutter Medical Foundation","2006-07-10","F","94578","06001","CA","2023-09-08","","ACTIVE","FALSE","FALSE","","1.2256","1.1013","MODERATE","12","1.2546","FALSE","3","1575790653","ELIGIBILITY_834","2026-09-11 00:00:00","","TRUE","2026-09-15 10:31:41","e30997edc7b3147c188d38d653eb5df779e549b643e28f4fcc4da4b6e5645b87"
"9906eb3a-99ff-558c-a9d7-4b6971819bb9","SH100713","","","SPOUSE","HMO-2024-08","Sutter Health Hmo Gold","HMO","COMMERCIAL","GRP10008","NorCal Tech Coalition","1983-05-16","F","94103","06075","CA","2025-01-22","","ACTIVE","FALSE","FALSE","","2.4317","2.0725","HIGH","27","2.4574","TRUE","5","1535445261","ELIGIBILITY_834","2026-08-18 00:00:00","","TRUE","2026-09-15 10:31:41","54f9a4fc7de90c93aa83a30866f8f22885d99b157562e4f7ebb3ffeeb06841e5"
"b3cb4f7f-50c2-544a-8b8f-cbbfb00ae280","SH100714","","","SPOUSE","PPO-2024-09","Sutter Health Ppo Gold","PPO","COMMERCIAL","GRP10001","Palo Alto Medical Foundation","1969-04-04","M","94121","06075","CA","2025-01-19","","ACTIVE","FALSE","FALSE","","1.1215","1.1146","MODERATE","9","1.0506","FALSE","2","1147377352","ELIGIBILITY_834","2026-09-09 00:00:00","","TRUE","2026-09-15 10:31:41","75a7f8f698a41de3a8655120fedd83c6e9d1f0207e63f575d8737c0c2e391b68"
"30c3ba30-e706-55ac-815d-76ececc345bd","SH100715","","","SELF","HMO-2024-01","Sutter Health Hmo Gold","HMO","COMMERCIAL","GRP10075","Sutter Medical Foundation","1973-05-10","F","94118","06075","CA","2024-05-28","","ACTIVE","FALSE","FALSE","","1.3647","1.3829","MODERATE","19","1.418","FALSE","0","1872871438","ELIGIBILITY_834","2026-09-09 00:00:00","","TRUE","2026-09-15 10:31:41","c9e3e366be0cdf108d4e7671ceb3662de70cd09a7298e024be63385bf4836adc"
"1f23da8a-3892-5daa-9991-702778c38a94","SH100716","","","SELF","PPO-2024-07","Sutter Health Ppo Gold","PPO","COMMERCIAL","GRP10410","California State Employees","1985-02-01","F","94132","06075","CA","2023-09-14","","ACTIVE","FALSE","FALSE","","3.7756","3.5352","VERY_HIGH","47","3.6039","TRUE","0","1287884018","ELIGIBILITY_834","2026-08-29 00:00:00","","TRUE","2026-09-15 10:31:41","9f3cc827861038a9c688eb84dda0c00edbb48a0b8e8054ed1edd5b4535ddb755"
"1e9e425d-d571-5d01-b89c-3836ff60101a","SH100717","","","SELF","PPO-2024-03","Sutter Health Ppo Gold","PPO","COMMERCIAL","GRP10414","Safeway Health Plan","1970-05-23","F","94609","06075","CA","2024-03-15","","ACTIVE","FALSE","FALSE","","2.1338","2.4537","HIGH","23","1.9709","FALSE","3","1372967863","ELIGIBILITY_834","2026-08-28 00:00:00","","TRUE","2026-09-15 10:31:41","41f1aea403625808fdd3bb80e806fb44e7efc7c2e30a8e951bd3a6300bb67572"
"bccbb9b2-9f06-5821-9ce3-98cc351362e7","SH100718","","","SELF","HMO-2024-08","Sutter Health Hmo Gold","HMO","COMMERCIAL","GRP10034","Palo Alto Medical Foundation","1963-01-31","M","93701","06085","CA","2023-02-27","","ACTIVE","FALSE","FALSE","","1.2733","1.1206","MODERATE","14","1.1935","FALSE","1","1154307238","ELIGIBILITY_834","2026-09-07 00:00:00","","TRUE","2026-09-15 10:31:41","27878668f1f0163acdb918c8cfd63167115c7ace1b9e2f0f868d025e37555525"
"547dcc91-b497-5a6e-9804-e9ac3f816e72","SH100719","","","SPOUSE","HDH-2024-01","Sutter Health Hdhp Gold","HDHP","COMMERCIAL","GRP10161","Bay Area Health Alliance","1965-12-26","F","93720","06085","CA","2024-12-12","","ACTIVE","FALSE","FALSE","","3.4755","3.684","VERY_HIGH","45","3.3944","TRUE","5","1816947812","ELIGIBILITY_834","2026-08-27 00:00:00","","TRUE","2026-09-15 10:31:41","c776ef3ac1054c4f5eba33058013e4309b0b6707e568e5085080db2539d09e13"
"f69354ce-85df-560d-99c3-64d41f99b564","SH100720","","CA7075558807","SPOUSE","MED-2024-05","Sutter Health Medicaid Managed Gold","MEDICAID_MANAGED","MEDICAID","GRP10237","Safeway Health Plan","1966-11-28","F","94131","06075","CA","2022-10-29","","ACTIVE","FALSE","FALSE","","1.4455","1.6579","MODERATE","22","1.3452","FALSE","0","1835680345","ELIGIBILITY_834","2026-08-17 00:00:00","","TRUE","2026-09-15 10:31:41","45c5226a9bd9a1a6d180228e8b346cc13d6bb7e64b1ad02e7628f08ed62ce22c"
"4e2a31b4-21f9-5d32-83d8-7bb77e814f55","SH100721","","","SELF","HDH-2024-02","Sutter Health Hdhp Gold","HDHP","COMMERCIAL","GRP10495","Kaiser Community Partners","1989-08-30","F","94122","06075","CA","2025-04-12","","ACTIVE","FALSE","FALSE","","0.7985","0.8613","LOW","10","0.9572","FALSE","2","1819118723","ELIGIBILITY_834","2026-09-01 00:00:00","","TRUE","2026-09-15 10:31:41","6c220368cb7be37d3af1bd122ec921cfa3554a9195757870c22384e1225488b5"
"747ee3b6-0d30-5c65-9488-7e2d162a8f1a","SH100722","","CA3831516687","SPOUSE","MED-2024-05","Sutter Health Medicaid Managed Gold","MEDICAID_MANAGED","MEDICAID","GRP10210","Sutter Medical Foundation","2006-02-12","F","94578","06001","CA","2025-07-01","","ACTIVE","FALSE","FALSE","","0.4286","0.3709","LOW","7","0.398","FALSE","2","1270036116","ELIGIBILITY_834","2026-08-17 00:00:00","","TRUE","2026-09-15 10:31:41","7c326e19c637b6bbfcea878dafefdf6493469ff11b9867e73b0621efb161787b"
"92056a38-64b4-547f-ae69-d6ff399765ad","SH100723","","","SPOUSE","HDH-2024-05","Sutter Health Hdhp Gold","HDHP","COMMERCIAL","GRP10492","Sutter Medical Foundation","1939-11-27","F","94118","06075","CA","2025-12-28","","PENDING","FALSE","FALSE","","3.736","3.6784","VERY_HIGH","40","4.4023","TRUE","3","1884858813","ELIGIBILITY_834","2026-08-30 00:00:00","","TRUE","2026-09-15 10:31:41","150f0085be0a50dc93922554f7c4c7d0aaa186b2abf5ecf2e6e184cf3d6be949"
"54b4cb57-e562-5769-9db4-33fad8da958b","SH100724","","","SELF","HMO-2024-03","Sutter Health Hmo Gold","HMO","COMMERCIAL","GRP10225","Kaiser Community Partners","1949-05-02","F","94577","06001","CA","2025-02-25","","ACTIVE","FALSE","FALSE","","0.8681","0.968","LOW","13","0.7974","FALSE","1","1501363926","ELIGIBILITY_834","2026-09-15 00:00:00","","TRUE","2026-09-15 10:31:41","e02e80bf8d05f8e5280132e9db9eddf4ab7ac8944c198c097e797f60d23565c1"
"b4f6a35e-9f58-51a5-9da7-f5d6923d22f7","SH100725","","","SPOUSE","HMO-2024-05","Sutter Health Hmo Gold","HMO","COMMERCIAL","GRP10478","UCSF Health Partners","1969-08-13","F","94115","06075","CA","2022-10-29","","ACTIVE","FALSE","FALSE","","1.4071","1.3225","MODERATE","17","1.6005","FALSE","4","1648572850","ELIGIBILITY_834","2026-08-27 00:00:00","","TRUE","2026-09-15 10:31:41","bc4cc3a6f83a045fa03df0f40466a1c5dd53bdcacbe9efa6410080a254b16f69"
"bac2e66a-f022-5525-9867-246b436c4f1a","SH100726","","","SELF","HDH-2024-07","Sutter Health Hdhp Gold","HDHP","COMMERCIAL","GRP10060","Central Valley Employers Group","1937-12-15","F","94603","06075","CA","2024-06-21","","ACTIVE","FALSE","FALSE","","3.5975","3.1119","VERY_HIGH","37","3.2853","TRUE","0","1948761618","ELIGIBILITY_834","2026-08-18 00:00:00","","TRUE","2026-09-15 10:31:41","1d35e1176edd3a06d889ae8d201327d938b39800541ae784da7bf61e3bec478b"
"28c8872d-9b85-5b59-b125-312396c2457d","SH100727","","","DEPENDENT","PPO-2024-05","Sutter Health Ppo Gold","PPO","COMMERCIAL","GRP10203","UCSF Health Partners","1968-10-11","F","94603","06075","CA","2022-10-08","","ACTIVE","FALSE","FALSE","","2.154","2.3343","HIGH","27","2.4782","FALSE","2","1414445156","ELIGIBILITY_834","2026-09-03 00:00:00","","TRUE","2026-09-15 10:31:41","257e2dd6a51188e5e3d8ec5894e3d9b12195243d799bc2d51ea0dfc7452c42ed"
"2626a235-7ce9-541c-aed9-692354e74268","SH100728","","","DEPENDENT","PPO-2024-07","Sutter Health Ppo Gold","PPO","COMMERCIAL","GRP10477","NorCal Tech Coalition","1972-05-15","M","95128","06085","CA","2025-08-30","","ACTIVE","FALSE","FALSE","","0.307","0.3126","LOW","1","0.3016","FALSE","3","1722767457","ELIGIBILITY_834","2026-08-29 00:00:00","","TRUE","2026-09-15 10:31:41","9fd0ff3028aa9da9c4fb54930fb0d18d1eb0ac0305b491d5ab38c88dadeaf464"
"142b54b5-458a-5610-9977-cd49f3f430d4","SH100729","","","SELF","HDH-2024-01","Sutter Health Hdhp Gold","HDHP","COMMERCIAL","GRP10385","Kaiser Community Partners","1982-12-27","M","95128","06085","CA","2023-10-09","","ACTIVE","FALSE","FALSE","","0.3247","0.3185","LOW","2","0.3529","FALSE","2","1578002282","ELIGIBILITY_834","2026-09-13 00:00:00","","TRUE","2026-09-15 10:31:41","44a95b6ce8bcc3eac8831bf45c94d294e7fd87f5cf8008cca626b38057cd1d66"
"4e2b85a9-512f-5cfc-bf85-7d7ebb77859d","SH100730","R1NG-JC-4588","","DEPENDENT","MED-2024-01","Sutter Health Medicare Advantage Gold","MEDICARE_ADVANTAGE","MEDICARE","GRP10109","Safeway Health Plan","1973-05-24","M","93720","06085","CA","2024-03-05","","ACTIVE","FALSE","FALSE","LIS2","2.6149","3.006","HIGH","28","2.6361","TRUE","0","1872787506","ELIGIBILITY_834","2026-08-16 00:00:00","","TRUE","2026-09-15 10:31:41","e7ce73e536818539a3fa3da6f7c32d92901f051e2656879f357650d079b809fd"
"407c7e47-c9b2-56c8-8f80-27ee58812a99","SH100731","","","SPOUSE","HDH-2024-09","Sutter Health Hdhp Gold","HDHP","COMMERCIAL","GRP10386","Safeway Health Plan","1999-08-04","M","95131","06085","CA","2024-03-16","2025-08-09","TERMED","FALSE","FALSE","","2.497","2.3274","HIGH","33","2.6767","TRUE","0","1902645429","ELIGIBILITY_834","2026-08-29 00:00:00","","TRUE","2026-09-15 10:31:41","3dfa7da1e24ba9ca3bfb70faa60347b4f286973a0dd48a12ca0214c8e2e7cd41"
"f254fab7-d6cb-5615-bd5b-b405fd86e832","SH100732","","","SPOUSE","HMO-2024-09","Sutter Health Hmo Gold","HMO","COMMERCIAL","GRP10201","California State Employees","1947-07-23","M","95054","06085","CA","2022-12-21","","ACTIVE","FALSE","FALSE","","1.3653","1.5682","MODERATE","14","1.4817","FALSE","2","1384569985","ELIGIBILITY_834","2026-08-17 00:00:00","","TRUE","2026-09-15 10:31:41","d5c2139d3713ea72e45f5672fce57623db6d579161da5f2f0b96d37490e7528f"
"97f78f8f-6821-5655-8526-568644005758","SH100733","","","DEPENDENT","PPO-2024-08","Sutter Health Ppo Gold","PPO","COMMERCIAL","GRP10063","UCSF Health Partners","1967-01-14","M","95054","06085","CA","2022-10-05","","ACTIVE","FALSE","FALSE","","2.9084","2.769","VERY_HIGH","33","3.4854","TRUE","2","1875651322","ELIGIBILITY_834","2026-09-08 00:00:00","","TRUE","2026-09-15 10:31:41","155d7f512f422ad8160719c511b0d8d701fd05b314e56bdfec649bfeeb123f61"
"ad0503bf-8713-5913-b181-dd9cc68713a8","SH100734","","","SELF","HMO-2024-01","Sutter Health Hmo Gold","HMO","COMMERCIAL","GRP10210","UCSF Health Partners","1975-02-24","F","94123","06075","CA","2024-02-06","","ACTIVE","FALSE","FALSE","","3.4454","3.7258","VERY_HIGH","41","3.4926","TRUE","2","1207383106","ELIGIBILITY_834","2026-09-15 00:00:00","","TRUE","2026-09-15 10:31:41","22ca9b451406bea3cb92d9122dd6dc0e686336784fb52266a723701455c284fa"
"26689fae-59d9-5f1c-b7ac-eecf842c7cd8","SH100735","","CA7431728332","SELF","MED-2024-07","Sutter Health Medicaid Managed Gold","MEDICAID_MANAGED","MEDICAID","GRP10379","Kaiser Community Partners","1966-07-23","M","93711","06085","CA","2024-12-03","","ACTIVE","FALSE","FALSE","","0.9423","1.0612","MODERATE","12","0.9222","FALSE","1","1758622998","ELIGIBILITY_834","2026-09-15 00:00:00","","TRUE","2026-09-15 10:31:41","89d0c5979a7a4cc12bb45c075519d11df960265375436f1dfb3b47b7b8f5f2d5"
"8f813dc2-c61a-5e45-a8d7-285e4e733519","SH100736","F486-PK-6622","","SELF","MED-2024-02","Sutter Health Medicare Advantage Gold","MEDICARE_ADVANTAGE","MEDICARE","GRP10412","Sutter Medical Foundation","1963-02-17","M","94131","06075","CA","2025-05-20","","ACTIVE","FALSE","FALSE","","2.5825","2.4342","HIGH","30","2.8144","TRUE","3","1556502904","ELIGIBILITY_834","2026-08-27 00:00:00","","TRUE","2026-09-15 10:31:41","da94e06c9b188e7ae337a6cfd989ea677219e2c6a16b583f2c47686b36576e2a"
"37c52c0a-07b1-52c6-bf6b-d644525b68c6","SH100737","F60D-QA-1124","","SELF","MED-2024-06","Sutter Health Medicare Advantage Gold","MEDICARE_ADVANTAGE","MEDICARE","GRP10242","Central Valley Employers Group","1975-10-18","M","95131","06085","CA","2023-10-12","","ACTIVE","FALSE","FALSE","LIS3","0.3913","0.3539","LOW","6","0.4148","FALSE","3","1530823983","ELIGIBILITY_834","2026-08-30 00:00:00","","TRUE","2026-09-15 10:31:41","b399954d4b6538e4f36748c365c6113a2fe92490066db6389af95326aca9ca6b"
"3484566b-1eb4-57ed-b39d-e82fa68c844e","SH100738","","CA4853725451","DEPENDENT","MED-2024-05","Sutter Health Medicaid Managed Gold","MEDICAID_MANAGED","MEDICAID","GRP10451","NorCal Tech Coalition","2014-01-19","F","94115","06075","CA","2025-06-28","","ACTIVE","FALSE","FALSE","","1.3451","1.3688","MODERATE","13","1.3906","FALSE","4","1576836223","ELIGIBILITY_834","2026-08-24 00:00:00","","TRUE","2026-09-15 10:31:41","773026260803d1aae4dee797fe5081b64ffad8ad518d9d71d868fc8f4a5fcf9e"
"fc3db220-213d-5f2c-a3d7-4d1fd84395ce","SH100739","","","SELF","HMO-2024-06","Sutter Health Hmo Gold","HMO","COMMERCIAL","GRP10356","California State Employees","1941-08-29","M","95054","06085","CA","2025-03-08","","ACTIVE","FALSE","FALSE","","1.0835","1.0026","MODERATE","14","1.2917","FALSE","2","1908054052","ELIGIBILITY_834","2026-08-26 00:00:00","","TRUE","2026-09-15 10:31:41","62cb338b20bb556e4246567aba9a1d4930c30c494b9bce76116ca45e0da77592"
"41f0b988-870f-5af1-8c4a-66312107fcf5","SH100740","","","SELF","HDH-2024-08","Sutter Health Hdhp Gold","HDHP","COMMERCIAL","GRP10219","Central Valley Employers Group","1987-07-24","F","94103","06075","CA","2026-04-14","","ACTIVE","FALSE","FALSE","","0.4946","0.458","LOW","4","0.4954","FALSE","2","1428031438","ELIGIBILITY_834","2026-09-11 00:00:00","","TRUE","2026-09-15 10:31:41","c5409d363928d2cec3980dbeb5590a01699f844ea580c664593d5933e390de04"
"0f8288e8-68bb-5f4b-ac9a-9e278687ce7b","SH100741","","","SPOUSE","POS-2024-03","Sutter Health Pos Gold","POS","COMMERCIAL","GRP10461","California State Employees","2006-02-03","M","93722","06085","CA","2025-12-26","","ACTIVE","FALSE","FALSE","","2.531","2.5244","HIGH","33","2.6494","FALSE","1","1920507628","ELIGIBILITY_834","2026-09-15 00:00:00","","TRUE","2026-09-15 10:31:41","e4305c39bf32e41898c9e6d32c3f5b405adc6054b85198e694cdd1c92f8d0408"
"7bd6de05-e07d-5499-bd87-83d8523cadab","SH100742","","","DEPENDENT","HDH-2024-04","Sutter Health Hdhp Gold","HDHP","COMMERCIAL","GRP10365","Bay Area Health Alliance","1959-04-04","F","94131","06075","CA","2026-03-24","","ACTIVE","FALSE","FALSE","","0.8081","0.834","LOW","10","0.8061","FALSE","1","1135648379","ELIGIBILITY_834","2026-08-29 00:00:00","","TRUE","2026-09-15 10:31:41","586eed0788a3b1b930680b7646c18e779d631083f3438681662ef1a49e4cd7e3"
"7184580d-3169-557a-b825-5f7bc27379c9","SH100743","","","SELF","HMO-2024-07","Sutter Health Hmo Gold","HMO","COMMERCIAL","GRP10202","Safeway Health Plan","1987-05-31","F","94577","06001","CA","2026-01-27","","ACTIVE","FALSE","FALSE","","2.6632","2.8932","HIGH","27","2.6728","TRUE","2","1609136845","ELIGIBILITY_834","2026-09-10 00:00:00","","TRUE","2026-09-15 10:31:41","3bf04eeb023e402549689ffa02b0125c71194f80bf06e37a3980ff0a4eb8122a"
"1d3797aa-ec26-5c73-ae5b-c67fddc4462b","SH100744","","","SPOUSE","HMO-2024-06","Sutter Health Hmo Gold","HMO","COMMERCIAL","GRP10230","Kaiser Community Partners","1940-05-26","M","94501","06001","CA","2023-01-30","","ACTIVE","FALSE","FALSE","","2.6194","2.9172","HIGH","26","2.5468","FALSE","0","1215054804","ELIGIBILITY_834","2026-08-27 00:00:00","","TRUE","2026-09-15 10:31:41","99d254458dece88c1c59ac3097fac9e63fe41f77697555fa0d51eea2a9821d3f"
"b0c07e23-5013-54e4-a67e-5862e19c3c76","SH100745","N8Y3-F7-7147","","SELF","MED-2024-02","Sutter Health Medicare Advantage Gold","MEDICARE_ADVANTAGE","MEDICARE","GRP10453","Sutter Medical Foundation","1969-05-22","F","94577","06001","CA","2023-07-30","","ACTIVE","FALSE","FALSE","","3.4815","3.4038","VERY_HIGH","44","3.8754","TRUE","3","1428645576","ELIGIBILITY_834","2026-09-10 00:00:00","","TRUE","2026-09-15 10:31:41","b7309f13f89b12b2752d72d3b332dc8814b0697e3b12e7317d5a725d949c87e1"
"4800289c-eef8-547b-916c-3137f8f11539","SH100746","","","DEPENDENT","POS-2024-04","Sutter Health Pos Gold","POS","COMMERCIAL","GRP10015","California State Employees","1972-11-29","M","93701","06085","CA","2022-10-06","","ACTIVE","FALSE","FALSE","","1.6131","1.4442","MODERATE","14","1.9277","FALSE","0","1977151931","ELIGIBILITY_834","2026-08-30 00:00:00","","TRUE","2026-09-15 10:31:41","890fdc49788e3e2df0c2cb21c1bf72b2c6041be81636fb8d4e0ea418a9d3198a"
"5798e4a0-085d-534a-a3ca-bd8a6c91a788","SH100747","","","SELF","HMO-2024-01","Sutter Health Hmo Gold","HMO","COMMERCIAL","GRP10197","Safeway Health Plan","1944-07-12","M","94102","06075","CA","2026-02-08","","ACTIVE","FALSE","FALSE","","0.4111","0.3711","LOW","1","0.4326","FALSE","1","1565972301","ELIGIBILITY_834","2026-08-26 00:00:00","","TRUE","2026-09-15 10:31:41","01de46c2e216ce7e4602d35466fce802b18015f388d5ba7808027dd9094f513b"
"48e27198-10f0-5497-8e37-359c61710870","SH100748","","","SELF","HMO-2024-08","Sutter Health Hmo Gold","HMO","COMMERCIAL","GRP10328","Palo Alto Medical Foundation","2009-08-08","F","94578","06001","CA","2024-11-02","2026-12-16","COBRA","TRUE","FALSE","","0.3558","0.309","LOW","2","0.3497","FALSE","2","1733113217","ELIGIBILITY_834","2026-08-21 00:00:00","","TRUE","2026-09-15 10:31:41","e87e55b6e7d656de6993ec6e61eaae61f8a84fcf711162f8e757d9c34048b5f0"
"ac4d4e33-aad7-5045-a156-e2f16b5c847a","SH100749","","","SPOUSE","HDH-2024-08","Sutter Health Hdhp Gold","HDHP","COMMERCIAL","GRP10189","Central Valley Employers Group","1970-12-02","M","95148","06085","CA","2024-03-12","2024-04-14","TERMED","FALSE","FALSE","","0.3022","0.3234","LOW","1","0.3476","FALSE","5","1453716302","ELIGIBILITY_834","2026-09-05 00:00:00","","TRUE","2026-09-15 10:31:41","0d4aba93130df1db8efe2ddf373b8d8749d1b5c9e134c7fee7b678d1f038c8fb"
"9aff89f9-4314-5e23-a396-f2f0c79a9783","SH100750","","","SELF","HMO-2024-06","Sutter Health Hmo Gold","HMO","COMMERCIAL","GRP10456","Bay Area Health Alliance","1985-05-11","M","93720","06085","CA","2025-12-15","","ACTIVE","FALSE","FALSE","","1.7245","1.6206","MODERATE","16","1.6041","FALSE","0","1403001934","ELIGIBILITY_834","2026-08-27 00:00:00","","TRUE","2026-09-15 10:31:41","21974604f78c324f3739ed2452ab7a87dd887140864014d7357a2fa4ada592bd"
"22775c64-5756-57ec-a5ba-ca3b7b7c68cf","SH100751","","","SPOUSE","PPO-2024-09","Sutter Health Ppo Gold","PPO","COMMERCIAL","GRP10207","UCSF Health Partners","2017-12-04","F","93722","06085","CA","2023-04-12","","ACTIVE","FALSE","FALSE","","1.1648","1.0393","MODERATE","16","1.1301","FALSE","2","1517056655","ELIGIBILITY_834","2026-09-02 00:00:00","","TRUE","2026-09-15 10:31:41","75d865d43247eb7f221928fe52713cf847ef7ad0ce754f94f3d5454d6c20cecc"
"ca3a961d-9d85-5a62-a18b-f0046f4b5dbb","SH100752","","","SELF","HDH-2024-04","Sutter Health Hdhp Gold","HDHP","COMMERCIAL","GRP10232","Palo Alto Medical Foundation","1991-12-28","F","94603","06075","CA","2024-01-21","","ACTIVE","FALSE","FALSE","","1.4529","1.3937","MODERATE","17","1.3627","FALSE","2","1711334576","ELIGIBILITY_834","2026-08-16 00:00:00","","TRUE","2026-09-15 10:31:41","76565f34e2f384f3c37e389fa31fbd84af2cba65ad565fea9bd80e1ff9419f9f"
"30363856-1a34-5333-b978-5663dfa466f0","SH100753","","CA7274884996","SELF","MED-2024-06","Sutter Health Medicaid Managed Gold","MEDICAID_MANAGED","MEDICAID","GRP10283","Sutter Medical Foundation","1939-04-07","M","94102","06075","CA","2024-10-06","","PENDING","FALSE","FALSE","","2.3591","2.6229","HIGH","28","2.2065","FALSE","4","1917173816","ELIGIBILITY_834","2026-08-31 00:00:00","","TRUE","2026-09-15 10:31:41","a64c2ae332d3f44eb86e18134c61471a9276990dced5c8dc2fa79bb5c360991a"
"82ae3d24-7908-5425-8b9a-e99e6d98e6a4","SH100754","","","SELF","HDH-2024-08","Sutter Health Hdhp Gold","HDHP","COMMERCIAL","GRP10311","California State Employees","1940-01-31","M","94578","06001","CA","2025-08-25","","ACTIVE","FALSE","FALSE","","2.9159","3.0672","VERY_HIGH","39","2.9167","TRUE","1","1247930241","ELIGIBILITY_834","2026-08-28 00:00:00","","TRUE","2026-09-15 10:31:41","0676a9e7e8e081c62bab570fa37163640180a714d3d4ec99975aa460216ce9bc"
"95adfcab-a867-5b4d-922f-b32ee2be228d","SH100755","","","SELF","PPO-2024-03","Sutter Health Ppo Gold","PPO","COMMERCIAL","GRP10427","Sutter Medical Foundation","1939-05-25","F","95014","06085","CA","2024-05-15","","ACTIVE","FALSE","FALSE","","2.9263","2.9733","VERY_HIGH","39","2.7446","TRUE","1","1442481169","ELIGIBILITY_834","2026-08-19 00:00:00","","TRUE","2026-09-15 10:31:41","ee8460ff5c3555c7ea2633f27ad1fb570627d883062d7e22536a21328fa374dd"
"0aced8a8-2896-508b-b08e-600cf64fde20","SH100756","","","DEPENDENT","PPO-2024-06","Sutter Health Ppo Gold","PPO","COMMERCIAL","GRP10069","Central Valley Employers Group","1976-09-02","M","95148","06085","CA","2025-07-01","","ACTIVE","FALSE","FALSE","","3.8782","3.7735","VERY_HIGH","40","4.5229","TRUE","5","1604661559","ELIGIBILITY_834","2026-08-18 00:00:00","","TRUE","2026-09-15 10:31:41","3e49d1bdbef7919c2b0d50371c469e09103f64d752024405515eb0eab7784d81"
"34ffac2b-c9fd-5e22-b118-2c8bd80476a6","SH100757","","","SELF","HDH-2024-09","Sutter Health Hdhp Gold","HDHP","COMMERCIAL","GRP10473","NorCal Tech Coalition","1975-01-07","M","94115","06075","CA","2024-04-11","2027-03-02","COBRA","TRUE","FALSE","","2.0404","1.8177","HIGH","25","2.229","TRUE","2","1106707662","ELIGIBILITY_834","2026-08-22 00:00:00","","TRUE","2026-09-15 10:31:41","48cbc045305e59bcf638bc90b6e5c95eae84cc948ace285db557f6986bd0c079"
"9319ad2d-19b0-5da5-9028-ec73e3357e63","SH100758","","","DEPENDENT","POS-2024-08","Sutter Health Pos Gold","POS","COMMERCIAL","GRP10450","Sutter Medical Foundation","1949-11-26","M","94122","06075","CA","2024-01-24","","ACTIVE","FALSE","FALSE","","3.9773","4.1646","VERY_HIGH","46","3.6431","FALSE","1","1898722372","ELIGIBILITY_834","2026-08-28 00:00:00","","TRUE","2026-09-15 10:31:41","eea6fa6cf6c0f9b82b0ed04dbeb2c2941d0bb0e78c032fe7028c981d0c9491a1"
"f0f78fec-1640-539d-abcc-e41cae2716a0","SH100759","","","SELF","HDH-2024-03","Sutter Health Hdhp Gold","HDHP","COMMERCIAL","GRP10159","Kaiser Community Partners","2022-02-08","F","94115","06075","CA","2023-08-20","","ACTIVE","FALSE","FALSE","","0.5903","0.6622","LOW","11","0.6725","FALSE","1","1863834710","ELIGIBILITY_834","2026-08-30 00:00:00","","TRUE","2026-09-15 10:31:41","8ccf0b890d8c6bf9d020721ac8f6720f7d94fc70a5b3bb3ceb96fac9c3cad556"
"6e9a881f-ef7d-50e4-a89a-76b68b0b79ad","SH100760","","","SELF","HDH-2024-02","Sutter Health Hdhp Gold","HDHP","COMMERCIAL","GRP10103","Central Valley Employers Group","1982-02-27","M","94609","06075","CA","2023-07-29","2027-02-13","COBRA","TRUE","FALSE","","0.5833","0.516","LOW","2","0.5312","FALSE","2","1970736744","ELIGIBILITY_834","2026-09-05 00:00:00","","TRUE","2026-09-15 10:31:41","df35ea209062b922766d8b3b42d63a27c00ec98937c7fd50ee1cc666eb868ede"
"14238fba-62c1-51c3-8395-91db84e6cf22","SH100761","","","SELF","HMO-2024-07","Sutter Health Hmo Gold","HMO","COMMERCIAL","GRP10451","Bay Area Health Alliance","1964-03-08","M","95148","06085","CA","2025-01-09","","ACTIVE","FALSE","FALSE","","2.0968","2.393","HIGH","24","2.4294","TRUE","4","1462275233","ELIGIBILITY_834","2026-08-29 00:00:00","","TRUE","2026-09-15 10:31:41","04c4571cccf700b410ef0129754a0e864dd2ba9c215f2314e261bbf30c435f6a"
"6cebbb6c-4c96-512d-bb29-6f91955ef6ac","SH100762","M7FX-CN-5077","","SPOUSE","MED-2024-07","Sutter Health Medicare Advantage Gold","MEDICARE_ADVANTAGE","MEDICARE","GRP10409","Bay Area Health Alliance","2006-12-14","M","94578","06001","CA","2024-10-04","2027-01-04","COBRA","TRUE","FALSE","LIS3","0.4797","0.4857","LOW","3","0.4963","FALSE","4","1510840544","ELIGIBILITY_834","2026-09-05 00:00:00","","TRUE","2026-09-15 10:31:41","108222aaa12cd249403447fbed1bf7681b6fc4334eda97ceddfe3cf85013bfff"
"3f42d10c-3b29-5c7c-add1-d9826d761636","SH100763","","","DEPENDENT","HMO-2024-02","Sutter Health Hmo Gold","HMO","COMMERCIAL","GRP10358","Central Valley Employers Group","1986-06-24","F","94118","06075","CA","2026-03-22","","ACTIVE","FALSE","FALSE","","0.8622","0.9663","LOW","10","1.0061","FALSE","0","1884497112","ELIGIBILITY_834","2026-09-12 00:00:00","","TRUE","2026-09-15 10:31:41","b2e07ac753cf69bebc70de0d1d0b9e1e710ef9d119be2e61cc37196e5a2b54c6"
"677a9fba-5c8d-5e9c-81c9-aa38381a8767","SH100764","","","SELF","HDH-2024-06","Sutter Health Hdhp Gold","HDHP","COMMERCIAL","GRP10359","UCSF Health Partners","1945-08-18","F","93711","06085","CA","2024-04-12","","ACTIVE","FALSE","FALSE","","0.7833","0.8313","LOW","11","0.921","FALSE","2","1280592735","ELIGIBILITY_834","2026-09-05 00:00:00","","TRUE","2026-09-15 10:31:41","0af1056bb6aa3a727a137c1c7a62138d832059ec786c315a3be8fab212aea0d5"
"d37f50ff-3804-5813-acb3-d198dca5cd91","SH100765","","","DEPENDENT","PPO-2024-03","Sutter Health Ppo Gold","PPO","COMMERCIAL","GRP10040","NorCal Tech Coalition","1960-10-25","M","94102","06075","CA","2025-07-29","2025-10-18","TERMED","FALSE","FALSE","","1.6145","1.6464","MODERATE","13","1.8921","FALSE","1","1219178680","ELIGIBILITY_834","2026-09-04 00:00:00","","TRUE","2026-09-15 10:31:41","6dc0098d8498a654066d9d764992407e7e8cd7cc47fb60bde3983945ee5724cf"
"03a78a14-5c74-5596-bbd3-12e354c7d121","SH100766","","CA8190081923","SPOUSE","MED-2024-04","Sutter Health Medicaid Managed Gold","MEDICAID_MANAGED","MEDICAID","GRP10476","NorCal Tech Coalition","1981-02-14","M","95148","06085","CA","2023-02-15","","ACTIVE","FALSE","FALSE","","1.5885","1.6858","MODERATE","15","1.7472","FALSE","3","1860528097","ELIGIBILITY_834","2026-08-20 00:00:00","","TRUE","2026-09-15 10:31:41","29c90e881cb68573a6db5926b5d060551da86151494ed49c92f99f0eca411214"
"3e5267cc-a4d7-5a62-b99f-181ae59a0ae9","SH100767","","","SPOUSE","PPO-2024-05","Sutter Health Ppo Gold","PPO","COMMERCIAL","GRP10480","Sutter Medical Foundation","1951-11-20","M","94102","06075","CA","2024-11-26","","ACTIVE","FALSE","FALSE","","2.0033","2.2421","HIGH","19","1.8417","TRUE","1","1330331543","ELIGIBILITY_834","2026-08-29 00:00:00","","TRUE","2026-09-15 10:31:41","af1bfa9a4357e7f84e89e5bd10ec9cbfda3389053b8b0f1bab1cfe9e87192ae7"
"45800675-1072-5ac1-8097-20da39a4b8ad","SH100768","","CA5549765719","DEPENDENT","MED-2024-01","Sutter Health Medicaid Managed Gold","MEDICAID_MANAGED","MEDICAID","GRP10023","NorCal Tech Coalition","1950-11-23","F","93711","06085","CA","2023-04-13","","ACTIVE","FALSE","FALSE","","1.584","1.4622","MODERATE","18","1.6146","FALSE","0","1516528453","ELIGIBILITY_834","2026-09-02 00:00:00","","TRUE","2026-09-15 10:31:41","0bce20321496d473bf901ad3a22cdeff31d91e38f1360b4a964997c20a29f588"
"fc4873d4-6554-5b0c-a498-8decff10ac66","SH100769","Y68J-AA-6776","","SELF","MED-2024-01","Sutter Health Medicare Advantage Gold","MEDICARE_ADVANTAGE","MEDICARE","GRP10291","Central Valley Employers Group","1949-02-02","M","94121","06075","CA","2025-03-28","","ACTIVE","FALSE","FALSE","LIS2","3.9953","3.9964","VERY_HIGH","52","3.7884","FALSE","3","1429377560","ELIGIBILITY_834","2026-09-04 00:00:00","","TRUE","2026-09-15 10:31:41","6286c426c113313b2c7192fba40bc9e2e283093c06f4db0efe2195c50138f500"
"d11868e7-180a-5a15-ab78-e0f974d65cc7","SH100770","","","SELF","HMO-2024-02","Sutter Health Hmo Gold","HMO","COMMERCIAL","GRP10293","UCSF Health Partners","1984-07-21","F","93701","06085","CA","2025-05-31","","ACTIVE","FALSE","FALSE","","0.6223","0.5633","LOW","2","0.5731","FALSE","3","1334972432","ELIGIBILITY_834","2026-08-23 00:00:00","","TRUE","2026-09-15 10:31:41","ffded76a0721c934315a1e711fba4a2be0a358c181bf3168314a5b6be0850f83"
"ac8bbd92-43b5-5e20-ad4b-268bcc034ccb","SH100771","","","SPOUSE","HMO-2024-01","Sutter Health Hmo Gold","HMO","COMMERCIAL","GRP10453","Palo Alto Medical Foundation","1948-09-11","M","94132","06075","CA","2025-02-05","","ACTIVE","FALSE","FALSE","","3.4492","3.8771","VERY_HIGH","43","3.3957","TRUE","1","1194904011","ELIGIBILITY_834","2026-08-25 00:00:00","","TRUE","2026-09-15 10:31:41","1b305363634996a96f88e42d551676eb04cb2f6b2dc0732e167b4482662c4945"
"00f1b198-027a-594b-a1db-ed53e7561d6d","SH100772","J726-9G-0275","","SELF","MED-2024-08","Sutter Health Medicare Advantage Gold","MEDICARE_ADVANTAGE","MEDICARE","GRP10202","Sutter Medical Foundation","1963-12-27","M","93727","06085","CA","2024-02-01","","ACTIVE","FALSE","FALSE","LIS1","2.9053","2.9867","VERY_HIGH","38","3.2204","TRUE","1","1347975484","ELIGIBILITY_834","2026-09-11 00:00:00","","TRUE","2026-09-15 10:31:41","46a6baa597532de4faa64f74d424b0db419b769a0e1482680312ad9ba5abf40a"
"d325f28d-ca26-5b2f-a405-4622a723125b","SH100773","","","SELF","HDH-2024-02","Sutter Health Hdhp Gold","HDHP","COMMERCIAL","GRP10087","Palo Alto Medical Foundation","1950-06-11","F","93701","06085","CA","2023-01-19","","ACTIVE","FALSE","FALSE","","1.2883","1.4651","MODERATE","11","1.3613","FALSE","4","1478570916","ELIGIBILITY_834","2026-08-17 00:00:00","","TRUE","2026-09-15 10:31:41","51ed750e213af3a36590bfdc64ddbe3c585af3dfeee8072a7505ac2192bddc3d"
"b979602f-af2a-5df1-9769-cc3adeaf1ea5","SH100774","","","SELF","POS-2024-02","Sutter Health Pos Gold","POS","COMMERCIAL","GRP10383","Safeway Health Plan","2008-07-27","F","93722","06085","CA","2023-02-28","2024-11-01","TERMED","FALSE","FALSE","","0.5229","0.5308","LOW","2","0.5305","FALSE","5","1841168953","ELIGIBILITY_834","2026-08-30 00:00:00","","TRUE","2026-09-15 10:31:41","8ac867846c747a01b779cf787d4b61d416a84da6a09e4e2401d4fe824f846b6c"
"501f111b-4375-5c6d-ab7c-fc36a870915b","SH100775","W5N9-M8-0182","","SELF","MED-2024-01","Sutter Health Medicare Advantage Gold","MEDICARE_ADVANTAGE","MEDICARE","GRP10297","Safeway Health Plan","1951-02-01","F","94609","06075","CA","2025-08-05","","ACTIVE","FALSE","FALSE","LIS2","2.0159","2.0446","HIGH","24","2.1477","FALSE","0","1285089731","ELIGIBILITY_834","2026-08-27 00:00:00","","TRUE","2026-09-15 10:31:41","2e79a87cc4cd5a54159e133ee7c555b83fae63ad9d77113c97f8ebd6e60a00bb"
"2009ee4b-16f3-52a2-8ef4-1b630324af9f","SH100776","","","SPOUSE","HMO-2024-01","Sutter Health Hmo Gold","HMO","COMMERCIAL","GRP10033","California State Employees","2004-07-03","M","93722","06085","CA","2023-07-09","","ACTIVE","FALSE","FALSE","","0.8924","0.9339","LOW","7","0.9834","FALSE","2","1486441343","ELIGIBILITY_834","2026-08-23 00:00:00","","TRUE","2026-09-15 10:31:41","6bc04e834224d589e493546e59e632575b769e1efaf346aa48a740514a50ada2"
"fe6f6772-bbfd-5e16-8bd9-3ccbcb2c11d6","SH100777","","","SELF","HDH-2024-03","Sutter Health Hdhp Gold","HDHP","COMMERCIAL","GRP10052","Bay Area Health Alliance","1955-05-15","F","95126","06085","CA","2025-09-30","","ACTIVE","FALSE","FALSE","","1.0181","1.0844","MODERATE","13","1.07","FALSE","3","1500431302","ELIGIBILITY_834","2026-09-02 00:00:00","","TRUE","2026-09-15 10:31:41","7e1332bfb977f3a19979d62e72baa90e05f37a90bd83d37a0eb0a66a61f627ee"
"e833cc9a-7326-549b-9935-d3a19dbf50f5","SH100778","","","SELF","HMO-2024-02","Sutter Health Hmo Gold","HMO","COMMERCIAL","GRP10462","Palo Alto Medical Foundation","2006-10-06","F","95148","06085","CA","2023-11-19","","ACTIVE","FALSE","FALSE","","1.4354","1.6227","MODERATE","18","1.5863","FALSE","2","1756169258","ELIGIBILITY_834","2026-08-26 00:00:00","","TRUE","2026-09-15 10:31:41","84bd9ce5e6a70114951fe23efd65e60c2ed889b17fbd5975f7a4de1977e6c4c2"
"dad9b8ec-f1c3-5d89-a173-3eecd7dabc86","SH100779","","","SPOUSE","PPO-2024-07","Sutter Health Ppo Gold","PPO","COMMERCIAL","GRP10134","Bay Area Health Alliance","1940-08-30","M","94123","06075","CA","2025-10-16","2026-10-22","COBRA","TRUE","FALSE","","2.6606","2.3885","HIGH","34","2.524","TRUE","2","1896581193","ELIGIBILITY_834","2026-08-28 00:00:00","","TRUE","2026-09-15 10:31:41","483bbd178f092169341f95116bc5d2bbe6808300cf8fbe3af345b9a222d82a2e"
"c30a8629-ddd5-5019-b15f-fd4a5a99ae5e","SH100780","","","SELF","HDH-2024-07","Sutter Health Hdhp Gold","HDHP","COMMERCIAL","GRP10358","California State Employees","2024-08-18","M","95148","06085","CA","2026-03-26","","ACTIVE","FALSE","FALSE","","0.8047","0.8871","LOW","10","0.8116","FALSE","0","1264252076","ELIGIBILITY_834","2026-09-14 00:00:00","","TRUE","2026-09-15 10:31:41","4e92db5b4b453fb9360c3c121f2a21f902e7cfbfce278a930907f5e4eac79da9"
"0238363d-fbd7-5433-bea2-664047656b5d","SH100781","","","SELF","PPO-2024-03","Sutter Health Ppo Gold","PPO","COMMERCIAL","GRP10176","Sutter Medical Foundation","1979-09-09","M","93720","06085","CA","2025-03-14","","ACTIVE","FALSE","FALSE","","7.0819","7.3043","CATASTROPHIC","81","8.1722","TRUE","2","1424593087","ELIGIBILITY_834","2026-09-03 00:00:00","","TRUE","2026-09-15 10:31:41","5cdb53e73d4c0570f7289e2f8d27a735ab42ec3246f26f8b590d483138395b17"
"412fc8bf-ffcf-55d6-b0a9-32dca72f1fb5","SH100782","W919-CX-7991","","DEPENDENT","MED-2024-03","Sutter Health Medicare Advantage Gold","MEDICARE_ADVANTAGE","MEDICARE","GRP10077","Palo Alto Medical Foundation","1995-07-10","M","94578","06001","CA","2024-08-30","","ACTIVE","FALSE","FALSE","LIS2","1.7277","1.8515","MODERATE","25","1.9304","FALSE","3","1829261613","ELIGIBILITY_834","2026-08-17 00:00:00","","TRUE","2026-09-15 10:31:41","43fc7078d28553a753c2a3b4ff0b9d8a622581b298bee9874aaccb0d65565ffd"
"b98e211b-9543-5c26-ab4e-70391b8e0295","SH100783","J5H7-C6-3115","","SELF","MED-2024-06","Sutter Health Medicare Advantage Gold","MEDICARE_ADVANTAGE","MEDICARE","GRP10272","Bay Area Health Alliance","1973-05-29","F","95126","06085","CA","2022-09-21","","ACTIVE","FALSE","FALSE","LIS3","5.2678","5.2061","CATASTROPHIC","58","5.3254","TRUE","3","1341498332","ELIGIBILITY_834","2026-09-01 00:00:00","","TRUE","2026-09-15 10:31:41","9c4023024b9e5ddf76b797b4a30ea6523d387f019bc62807a9f47d68bb4114a8"
"f0b22ca9-8312-5cea-946b-07ae9766aa10","SH100784","Y88K-QQ-9861","","DEPENDENT","MED-2024-03","Sutter Health Medicare Advantage Gold","MEDICARE_ADVANTAGE","MEDICARE","GRP10122","California State Employees","1970-09-30","F","95054","06085","CA","2025-05-05","","ACTIVE","FALSE","FALSE","LIS1","1.5949","1.787","MODERATE","23","1.5201","FALSE","1","1498056305","ELIGIBILITY_834","2026-09-06 00:00:00","","TRUE","2026-09-15 10:31:41","d381c3766a527f5d79f80912684352085f682f3d4dd4ebceb63d7a2c9b6312a3"
"5cf357f2-a98f-5199-9489-a9f47a8d1fbb","SH100785","","","SELF","PPO-2024-02","Sutter Health Ppo Gold","PPO","COMMERCIAL","GRP10190","California State Employees","1964-11-18","F","94121","06075","CA","2024-08-25","","ACTIVE","FALSE","FALSE","","0.505","0.5445","LOW","9","0.5838","FALSE","1","1526355917","ELIGIBILITY_834","2026-09-08 00:00:00","","TRUE","2026-09-15 10:31:41","f159249d1f434471fbf683ae0967c3096d8fcf9e835f02e7b18da76bf7cda92d"
"f5234f18-b4dc-5a73-abbe-7b8dc83babcc","SH100786","","","DEPENDENT","PPO-2024-02","Sutter Health Ppo Gold","PPO","COMMERCIAL","GRP10100","Bay Area Health Alliance","1977-11-30","F","94132","06075","CA","2022-10-24","","ACTIVE","FALSE","FALSE","","0.8599","0.8047","LOW","15","0.8516","FALSE","4","1951089150","ELIGIBILITY_834","2026-09-05 00:00:00","","TRUE","2026-09-15 10:31:41","e77c8b44aa998418a8dfe111dc52de61a98b5f25009d238160b43db60f41309f"
"ceb1e159-fd4d-5c70-a454-44a3609a0f04","SH100787","W6GF-ED-5871","","SPOUSE","MED-2024-06","Sutter Health Medicare Advantage Gold","MEDICARE_ADVANTAGE","MEDICARE","GRP10374","Palo Alto Medical Foundation","1964-03-03","M","94102","06075","CA","2023-06-20","","ACTIVE","FALSE","FALSE","LIS2","1.7649","1.8606","MODERATE","15","1.6991","FALSE","4","1632234943","ELIGIBILITY_834","2026-08-20 00:00:00","","TRUE","2026-09-15 10:31:41","4cbb5d138903db05eede81f0f857d477509000e30450bdfbd80523c341dc1041"
"1af92da6-425d-5769-baeb-327ae892e686","SH100788","","","DEPENDENT","HDH-2024-04","Sutter Health Hdhp Gold","HDHP","COMMERCIAL","GRP10012","Kaiser Community Partners","1945-05-26","M","93701","06085","CA","2025-07-17","2027-07-09","TERMED","FALSE","FALSE","","3.3977","3.0026","VERY_HIGH","37","3.9803","FALSE","3","1541224286","ELIGIBILITY_834","2026-09-01 00:00:00","","TRUE","2026-09-15 10:31:41","f698790bf81724dc6d81ed0f5981bf0b461547717c4d748e7078605b6ed79344"
"ca21cf96-6c0c-522a-b30e-ce3e8e86e8e7","SH100789","","","SELF","POS-2024-01","Sutter Health Pos Gold","POS","COMMERCIAL","GRP10417","UCSF Health Partners","1970-03-05","M","93727","06085","CA","2022-12-07","","ACTIVE","FALSE","FALSE","","0.8466","0.8836","LOW","4","0.9975","FALSE","1","1973673014","ELIGIBILITY_834","2026-09-04 00:00:00","","TRUE","2026-09-15 10:31:41","55e25c87dec58e0b581f8d2450ca8b338abdcdcd90189cc0c3256ec74f87d40c"
"b8bf8162-af3a-59ae-9438-59590e7d8ef2","SH100790","","","SPOUSE","HDH-2024-02","Sutter Health Hdhp Gold","HDHP","COMMERCIAL","GRP10013","Central Valley Employers Group","2016-07-02","F","93711","06085","CA","2025-05-14","","ACTIVE","FALSE","FALSE","","0.9591","0.8688","MODERATE","13","1.0845","FALSE","5","1343427104","ELIGIBILITY_834","2026-09-09 00:00:00","","TRUE","2026-09-15 10:31:41","9560a82f6e7dc72756c6ca034bb80a44820370bd702767f2d36e6316d50acefa"
"b8df5974-9442-5608-bf51-0eacad710dc1","SH100791","","","SPOUSE","HMO-2024-08","Sutter Health Hmo Gold","HMO","COMMERCIAL","GRP10369","Sutter Medical Foundation","1992-07-01","F","94577","06001","CA","2024-04-08","","ACTIVE","FALSE","FALSE","","0.6735","0.6434","LOW","4","0.7646","FALSE","2","1745246945","ELIGIBILITY_834","2026-09-04 00:00:00","","TRUE","2026-09-15 10:31:41","b082b49cdd0728dc971e58fff15207000a89f10a157b9b3f2cad28bf15d0a7b3"
"e9ccaf0e-9f2b-5afc-abd8-6d1b90d8b444","SH100792","","","SPOUSE","HMO-2024-04","Sutter Health Hmo Gold","HMO","COMMERCIAL","GRP10089","Sutter Medical Foundation","1971-06-01","M","94123","06075","CA","2023-07-14","","ACTIVE","FALSE","FALSE","","2.6147","2.4004","HIGH","34","2.9665","TRUE","1","1408517609","ELIGIBILITY_834","2026-09-08 00:00:00","","TRUE","2026-09-15 10:31:41","777a40a85a6d5988ef975119f7dba0b22c5d85fd33d0dd132cdd103645ed353a"
"3c8868b7-9537-5686-b7fe-b85e9bb3d166","SH100793","","","SELF","HMO-2024-04","Sutter Health Hmo Gold","HMO","COMMERCIAL","GRP10491","Palo Alto Medical Foundation","1970-09-12","M","95128","06085","CA","2023-01-21","","ACTIVE","FALSE","FALSE","","0.8857","0.765","LOW","7","0.8984","FALSE","2","1920866223","ELIGIBILITY_834","2026-09-12 00:00:00","","TRUE","2026-09-15 10:31:41","7528795807edcd6df0c1791512a5cb1aee0174bdc95e23780fb80ba47ed6a16c"
"eb14f775-ee33-5ccf-99c3-9ec23af9ea28","SH100794","R5X8-K5-6735","","SELF","MED-2024-03","Sutter Health Medicare Advantage Gold","MEDICARE_ADVANTAGE","MEDICARE","GRP10493","Safeway Health Plan","1992-10-28","F","93701","06085","CA","2025-06-08","","ACTIVE","FALSE","FALSE","LIS2","1.7037","1.7335","MODERATE","23","2.0341","FALSE","1","1815348960","ELIGIBILITY_834","2026-08-16 00:00:00","","TRUE","2026-09-15 10:31:41","2b96272e848753d8d9cd506a92239226db5f6ce969f437411bafdfd997af28dd"
"1f11fc90-70a3-562c-9229-639a6e65e1ce","SH100795","","","SELF","HDH-2024-01","Sutter Health Hdhp Gold","HDHP","COMMERCIAL","GRP10417","UCSF Health Partners","1973-11-08","M","93722","06085","CA","2023-04-15","","ACTIVE","FALSE","FALSE","","1.0386","1.0574","MODERATE","17","1.0522","FALSE","3","1291811319","ELIGIBILITY_834","2026-08-20 00:00:00","","TRUE","2026-09-15 10:31:41","27a99075c668446ea386e879ff4d1def5089af7cb64a9e6a3186384e8d37a879"
"39ff6ff8-f91b-51df-b287-b783a7d17477","SH100796","","","SELF","HDH-2024-06","Sutter Health Hdhp Gold","HDHP","COMMERCIAL","GRP10203","Safeway Health Plan","1960-05-30","F","94118","06075","CA","2023-06-25","","ACTIVE","FALSE","FALSE","","2.6645","2.4604","HIGH","36","2.5812","TRUE","0","1396116208","ELIGIBILITY_834","2026-08-29 00:00:00","","TRUE","2026-09-15 10:31:41","5b999f62124c44bc143f5e0f575129960d9ab9c579278182c22171da0827da0a"
"1f850aeb-e3b6-57fa-84fd-20e52a98908c","SH100797","P7DN-4K-7055","","SELF","MED-2024-03","Sutter Health Medicare Advantage Gold","MEDICARE_ADVANTAGE","MEDICARE","GRP10424","Safeway Health Plan","2004-10-18","M","93711","06085","CA","2024-03-22","","ACTIVE","FALSE","FALSE","LIS1","0.6967","0.6985","LOW","7","0.704","FALSE","1","1805288365","ELIGIBILITY_834","2026-09-02 00:00:00","","TRUE","2026-09-15 10:31:41","3bc5033db181faa286c12960c6a319bddcdc9352dbba44af519e52fd08ec4da5"
"48434e01-f2c9-5ed3-a15f-898c063b4815","SH100798","","","SELF","PPO-2024-01","Sutter Health Ppo Gold","PPO","COMMERCIAL","GRP10230","Kaiser Community Partners","1937-04-15","M","94603","06075","CA","2025-04-10","","ACTIVE","FALSE","FALSE","","2.4705","2.527","HIGH","30","2.8247","TRUE","1","1633275119","ELIGIBILITY_834","2026-09-15 00:00:00","","TRUE","2026-09-15 10:31:41","cc13151290f7326c8df61b987352a7852f805e71759d5c06e63e0dde5eb8b144"
"f73f78f3-9295-5df8-afcb-83404d015748","SH100799","","","SELF","POS-2024-08","Sutter Health Pos Gold","POS","COMMERCIAL","GRP10366","California State Employees","2017-11-03","F","94123","06075","CA","2023-04-04","","ACTIVE","FALSE","FALSE","","0.697","0.6237","LOW","4","0.7122","FALSE","1","1766046560","ELIGIBILITY_834","2026-08-28 00:00:00","","TRUE","2026-09-15 10:31:41","345299587ceecf5378a380a90852475129c4f3f7b682de97868c41e7c3248104"
"d088be89-a96c-5ae9-abd6-8ea115bd786a","SH100800","V9RP-J7-3943","","SPOUSE","MED-2024-06","Sutter Health Medicare Advantage Gold","MEDICARE_ADVANTAGE","MEDICARE","GRP10173","Kaiser Community Partners","1975-01-24","M","93711","06085","CA","2026-04-21","","ACTIVE","FALSE","FALSE","LIS3","4.8342","4.7441","CATASTROPHIC","57","4.624","TRUE","0","1674199717","ELIGIBILITY_834","2026-08-16 00:00:00","","TRUE","2026-09-15 10:31:41","ff0679db8b0423562216d51fe5c1ecca41e68b1dcda82be6bc4b02485e3b1eac"
"62c2dbaa-a05a-587f-a251-6dcadd13feda","SH100801","","","SELF","HMO-2024-09","Sutter Health Hmo Gold","HMO","COMMERCIAL","GRP10233","Central Valley Employers Group","1998-07-03","M","94132","06075","CA","2024-11-15","","ACTIVE","FALSE","FALSE","","2.5746","2.564","HIGH","31","2.6757","TRUE","0","1615329445","ELIGIBILITY_834","2026-09-06 00:00:00","","TRUE","2026-09-15 10:31:41","a8f4e10dfb0ba5fe7bc97cab087abdfb26675f961d47408473c1fb0995a27090"
"c11ab00c-ccd9-596f-adc7-6a1a610e4b58","SH100802","","","SPOUSE","PPO-2024-08","Sutter Health Ppo Gold","PPO","COMMERCIAL","GRP10169","Sutter Medical Foundation","1969-11-30","M","95131","06085","CA","2026-04-09","","ACTIVE","FALSE","FALSE","","5.8891","5.3614","CATASTROPHIC","69","5.6521","TRUE","1","1124753602","ELIGIBILITY_834","2026-08-28 00:00:00","","TRUE","2026-09-15 10:31:41","cf90c0f104de6d3110d79426ba81a366e1301fbd70e4cfc186657525b38685ed"
"9721790b-db45-589d-993f-5e152cf7d798","SH100803","","","SELF","HMO-2024-06","Sutter Health Hmo Gold","HMO","COMMERCIAL","GRP10355","NorCal Tech Coalition","2000-01-28","M","94131","06075","CA","2024-08-29","","ACTIVE","FALSE","FALSE","","1.4851","1.3235","MODERATE","18","1.4924","FALSE","2","1737334983","ELIGIBILITY_834","2026-09-10 00:00:00","","TRUE","2026-09-15 10:31:41","ed60d587d103ebf44b99f7b353ff2e3edc9e3704402efd9143fcea6a761fb31f"
"a3c1c26d-a109-516d-affc-c99b0c2507aa","SH100804","","","SELF","HMO-2024-06","Sutter Health Hmo Gold","HMO","COMMERCIAL","GRP10178","Central Valley Employers Group","1984-04-25","M","94603","06075","CA","2024-07-31","","ACTIVE","FALSE","FALSE","","0.474","0.4775","LOW","8","0.5338","FALSE","2","1544472750","ELIGIBILITY_834","2026-08-19 00:00:00","","TRUE","2026-09-15 10:31:41","695ec85fefcfd48279f4c1f7b0df2d8875be56eb7d7d61a7c62b5c0fd09e64bc"
"4aaa4d07-ee0b-5625-a04e-901bbcb791c0","SH100805","","","SELF","PPO-2024-01","Sutter Health Ppo Gold","PPO","COMMERCIAL","GRP10230","Central Valley Employers Group","1953-04-30","F","93720","06085","CA","2025-01-04","","ACTIVE","FALSE","FALSE","","3.5069","3.7731","VERY_HIGH","39","3.7094","TRUE","2","1343111206","ELIGIBILITY_834","2026-08-25 00:00:00","","TRUE","2026-09-15 10:31:41","7d9ab49ba3c0dc02b8713d98943f8783eff0295cdde7366d5c265a64dc18de6a"
"0ef63934-5794-5db7-880f-0fbf0b5c69d6","SH100806","","","SELF","HDH-2024-08","Sutter Health Hdhp Gold","HDHP","COMMERCIAL","GRP10267","Central Valley Employers Group","1973-01-15","M","94578","06001","CA","2022-11-10","","ACTIVE","FALSE","FALSE","","2.7352","3.1359","HIGH","37","2.5676","TRUE","1","1207115374","ELIGIBILITY_834","2026-08-24 00:00:00","","TRUE","2026-09-15 10:31:41","85d556d7d483a1b1b8fa7ddf575265ca3498689ac11d3662764e9224bf44f281"
"94e51d46-3491-52c4-acf4-643bb68f1b3e","SH100807","F1JA-CM-4964","","SELF","MED-2024-04","Sutter Health Medicare Advantage Gold","MEDICARE_ADVANTAGE","MEDICARE","GRP10299","UCSF Health Partners","2021-04-02","M","95126","06085","CA","2024-07-28","","ACTIVE","FALSE","FALSE","LIS1","0.4722","0.5019","LOW","6","0.5416","FALSE","1","1935098427","ELIGIBILITY_834","2026-09-11 00:00:00","","TRUE","2026-09-15 10:31:41","436ddbe7bf3730e1ba9ba5d0f33f3769cab9d54110158fe5872297d8bd9466fd"
"055a5e96-bbbd-58be-a8ce-2ad8d44a22c8","SH100808","","","SELF","PPO-2024-02","Sutter Health Ppo Gold","PPO","COMMERCIAL","GRP10429","Safeway Health Plan","1989-01-31","M","94603","06075","CA","2024-07-27","","ACTIVE","FALSE","FALSE","","0.7242","0.7007","LOW","8","0.8522","FALSE","2","1102487676","ELIGIBILITY_834","2026-08-27 00:00:00","","TRUE","2026-09-15 10:31:41","459e9d47c94396cfdfe6d7878305b3010bc8acad165fbcf89a7533912f2f7c48"
"2614a1c5-5af3-5b54-b737-281b369f3cf4","SH100809","","","SELF","PPO-2024-03","Sutter Health Ppo Gold","PPO","COMMERCIAL","GRP10104","Central Valley Employers Group","1965-06-26","M","94578","06001","CA","2024-05-19","","ACTIVE","FALSE","FALSE","","0.9762","0.895","MODERATE","14","0.8884","FALSE","0","1297103758","ELIGIBILITY_834","2026-09-08 00:00:00","","TRUE","2026-09-15 10:31:41","3434523fe9bc1f824228622b758377a93daf23019a1bc4c9668df9f4711c7b7f"
"403f188d-b0bd-5376-b7ee-8f92acd9215a","SH100810","","","SPOUSE","HMO-2024-06","Sutter Health Hmo Gold","HMO","COMMERCIAL","GRP10420","Kaiser Community Partners","1984-06-11","F","93722","06085","CA","2022-10-09","","ACTIVE","FALSE","FALSE","","0.5705","0.5841","LOW","9","0.6351","FALSE","0","1992488956","ELIGIBILITY_834","2026-08-18 00:00:00","","TRUE","2026-09-15 10:31:41","97f2253e374f577f541a924a6a79f95bfdb472e3d74342f0e78cb46be841a493"
"548d4c6e-670c-5dcb-8b75-dc76ef9b4e35","SH100811","","","SELF","HDH-2024-06","Sutter Health Hdhp Gold","HDHP","COMMERCIAL","GRP10019","Central Valley Employers Group","1943-07-20","F","94115","06075","CA","2023-11-07","","ACTIVE","FALSE","FALSE","","2.7723","2.7209","HIGH","31","3.2829","TRUE","3","1323165768","ELIGIBILITY_834","2026-09-10 00:00:00","","TRUE","2026-09-15 10:31:41","e711d43fc6222f1c0a1eccff7da65077c4e7648c5b3d8b73a334afd90baca7e9"
"69cdeb8b-8ce0-5115-9ef5-cc236370eb7c","SH100812","Q2HH-9A-3033","","SELF","MED-2024-02","Sutter Health Medicare Advantage Gold","MEDICARE_ADVANTAGE","MEDICARE","GRP10008","UCSF Health Partners","2000-04-02","F","94609","06075","CA","2025-02-24","","ACTIVE","FALSE","FALSE","","1.999","1.7792","HIGH","20","2.2689","TRUE","1","1454537802","ELIGIBILITY_834","2026-09-04 00:00:00","","TRUE","2026-09-15 10:31:41","6da772e4623ccc189e3b0d49cfd6da5d2e62a33fbf6f1af52d219315f09137f2"
"2ca09031-68fb-5cc6-a269-4432638cba8c","SH100813","Y95K-7V-2303","","DEPENDENT","MED-2024-03","Sutter Health Medicare Advantage Gold","MEDICARE_ADVANTAGE","MEDICARE","GRP10040","UCSF Health Partners","1956-11-24","F","93701","06085","CA","2024-05-20","","ACTIVE","FALSE","FALSE","LIS1","1.7088","1.4815","MODERATE","19","1.6031","FALSE","1","1347852194","ELIGIBILITY_834","2026-09-06 00:00:00","","TRUE","2026-09-15 10:31:41","2b3ddbefbf84e437c1fcd33d761585af13014fc1d25870820aa2eec586d7bb35"
"7c8756f1-0b52-5548-a46c-17fd3e5c95f1","SH100814","K9T4-5E-7754","","DEPENDENT","MED-2024-03","Sutter Health Medicare Advantage Gold","MEDICARE_ADVANTAGE","MEDICARE","GRP10449","California State Employees","1938-09-29","M","95126","06085","CA","2026-02-18","","ACTIVE","FALSE","FALSE","LIS3","6.9786","6.209","CATASTROPHIC","77","6.3855","FALSE","1","1992628933","ELIGIBILITY_834","2026-09-04 00:00:00","","TRUE","2026-09-15 10:31:41","b438c46a38c75218994c397367cc1b9eb8ba14fecc925f17024727d497e607b6"
"e0f7f5ce-7af6-5243-8ccc-d04be2c0df92","SH100815","","","SELF","HMO-2024-05","Sutter Health Hmo Gold","HMO","COMMERCIAL","GRP10299","NorCal Tech Coalition","2000-10-10","M","94609","06075","CA","2026-03-27","","ACTIVE","FALSE","FALSE","","1.738","1.5711","MODERATE","20","2.0412","FALSE","1","1513688446","ELIGIBILITY_834","2026-08-23 00:00:00","","TRUE","2026-09-15 10:31:41","ea4372a15e0a37f7b07285819834ed3ce9885103ab76eecbef7a48093eee57f3"
"310f4543-937c-512c-a13b-db8e1f610852","SH100816","","","DEPENDENT","HMO-2024-09","Sutter Health Hmo Gold","HMO","COMMERCIAL","GRP10262","Sutter Medical Foundation","2000-12-02","F","94118","06075","CA","2023-06-26","","ACTIVE","FALSE","FALSE","","0.378","0.331","LOW","1","0.3874","FALSE","3","1353087594","ELIGIBILITY_834","2026-08-17 00:00:00","","TRUE","2026-09-15 10:31:41","4dbae3d4c9a4b33a14a80bd3149e3fff93b70052420ac84aead343e1e6d7c6a4"
"bb993c8a-574e-59c4-adee-a1d0cccb75b6","SH100817","","","DEPENDENT","HMO-2024-02","Sutter Health Hmo Gold","HMO","COMMERCIAL","GRP10355","NorCal Tech Coalition","1960-01-27","M","94603","06075","CA","2022-12-27","","ACTIVE","FALSE","FALSE","","2.0255","1.8135","HIGH","19","2.1231","FALSE","2","1291343796","ELIGIBILITY_834","2026-09-10 00:00:00","","TRUE","2026-09-15 10:31:41","793d5908ee39c86e2b668587d5c9580173ab062646babcbdd06d8ba6c2c0e574"
"e7457485-13df-54f7-9830-be7bed69d63e","SH100818","","","SPOUSE","POS-2024-07","Sutter Health Pos Gold","POS","COMMERCIAL","GRP10347","NorCal Tech Coalition","1949-05-30","M","94118","06075","CA","2024-05-09","","ACTIVE","FALSE","FALSE","","1.2246","1.1472","MODERATE","11","1.4144","FALSE","3","1835619677","ELIGIBILITY_834","2026-09-09 00:00:00","","TRUE","2026-09-15 10:31:41","0679f23a39b16567f2651bdca5f43ccda6163a1127fe77424834e0ebfc520e86"
"71038da4-1b33-5355-b530-57a7ba9b50a6","SH100819","","","SELF","PPO-2024-06","Sutter Health Ppo Gold","PPO","COMMERCIAL","GRP10472","NorCal Tech Coalition","1980-05-01","M","94501","06001","CA","2023-08-11","","ACTIVE","FALSE","FALSE","","2.8222","2.8241","VERY_HIGH","36","3.0597","TRUE","1","1112609563","ELIGIBILITY_834","2026-09-03 00:00:00","","TRUE","2026-09-15 10:31:41","c903fd95d55ceba7e1dc6c62c6115d7cad08317d65541f959ed5285b41c3f2c0"
"fe1e8722-2a5b-5b2d-a82d-d401af2c5468","SH100820","","","SELF","PPO-2024-08","Sutter Health Ppo Gold","PPO","COMMERCIAL","GRP10485","NorCal Tech Coalition","1937-07-02","F","93701","06085","CA","2022-10-09","","ACTIVE","FALSE","FALSE","","1.5318","1.3855","MODERATE","19","1.5965","FALSE","1","1544652427","ELIGIBILITY_834","2026-08-21 00:00:00","","TRUE","2026-09-15 10:31:41","2851af9b63d56524302048ef0e0677b96f5ca9cbd749240b654ead06b26d79cb"
"b656d2e5-a75f-5e30-b7e6-d458efb527a2","SH100821","","","SELF","PPO-2024-06","Sutter Health Ppo Gold","PPO","COMMERCIAL","GRP10474","UCSF Health Partners","2003-02-19","M","93701","06085","CA","2024-05-23","","ACTIVE","FALSE","FALSE","","1.0276","1.0598","MODERATE","7","1.2097","FALSE","2","1262037706","ELIGIBILITY_834","2026-08-16 00:00:00","","TRUE","2026-09-15 10:31:41","b5a51f9ea83193d6b4b206195a5a9903e0579b58b9ae5a6d43d977ed163d090c"
"951bf4a9-7bfd-5905-9793-7412a07f4b4d","SH100822","","","SELF","PPO-2024-07","Sutter Health Ppo Gold","PPO","COMMERCIAL","GRP10318","Central Valley Employers Group","1990-10-19","F","93701","06085","CA","2024-03-03","","ACTIVE","FALSE","FALSE","","1.3169","1.4039","MODERATE","12","1.3341","FALSE","3","1813050798","ELIGIBILITY_834","2026-09-05 00:00:00","","TRUE","2026-09-15 10:31:41","e1c5e4af54609a7a27678bda0ad9486fd052ff697f45becc07891159a02d06c5"
"e01fc4f7-9baf-5914-ae6c-d96982e895d7","SH100823","G271-DG-2121","","SELF","MED-2024-02","Sutter Health Medicare Advantage Gold","MEDICARE_ADVANTAGE","MEDICARE","GRP10435","Bay Area Health Alliance","1966-08-12","M","94132","06075","CA","2023-03-30","","ACTIVE","FALSE","FALSE","LIS3","1.3845","1.5304","MODERATE","11","1.4696","FALSE","1","1856314186","ELIGIBILITY_834","2026-08-19 00:00:00","","TRUE","2026-09-15 10:31:41","4c3be4d036b4aa8f8dc2366997ddafed14ff8bf0d61719e97c4fdd20f0a5a17a"
"0afe2306-9084-5c31-9197-99b6cba5c557","SH100824","","","SELF","HDH-2024-09","Sutter Health Hdhp Gold","HDHP","COMMERCIAL","GRP10428","Sutter Medical Foundation","1983-09-22","M","95014","06085","CA","2024-09-30","","ACTIVE","FALSE","FALSE","","1.1359","1.1486","MODERATE","14","1.3343","FALSE","3","1145720181","ELIGIBILITY_834","2026-08-31 00:00:00","","TRUE","2026-09-15 10:31:41","d7baabccf0102d7dfd44ef70ca89e58464662838f4060286f9cda318ce3f536c"
"68db2051-f69c-59f3-a74f-867d5c1415ab","SH100825","","","SPOUSE","PPO-2024-07","Sutter Health Ppo Gold","PPO","COMMERCIAL","GRP10111","Central Valley Employers Group","1973-03-14","F","94609","06075","CA","2024-01-08","","ACTIVE","FALSE","FALSE","","3.6987","4.0039","VERY_HIGH","39","4.2261","FALSE","0","1807063288","ELIGIBILITY_834","2026-09-10 00:00:00","","TRUE","2026-09-15 10:31:41","f967feb271bfa7976a7e5ce4508f7d3d20e93009f1abc80c5c21a85b680f2cb2"
"ff078b5f-422c-5fdf-b1a0-ce6ed06a0676","SH100826","","","SELF","HDH-2024-07","Sutter Health Hdhp Gold","HDHP","COMMERCIAL","GRP10358","Palo Alto Medical Foundation","1976-09-04","M","94577","06001","CA","2023-04-11","","ACTIVE","FALSE","FALSE","","2.5958","2.2942","HIGH","32","2.7942","FALSE","2","1196687876","ELIGIBILITY_834","2026-08-27 00:00:00","","TRUE","2026-09-15 10:31:41","3bee5096e50194e5e07038fc41197c01c8e40a99083eec19b9d453f21b616e8d"
"6d7eccc0-4818-5c7b-b4b1-da783a75359b","SH100827","","","SPOUSE","POS-2024-09","Sutter Health Pos Gold","POS","COMMERCIAL","GRP10031","Sutter Medical Foundation","1966-06-21","M","93722","06085","CA","2025-07-08","","ACTIVE","FALSE","FALSE","","0.8251","0.8059","LOW","4","0.8259","FALSE","4","1473485551","ELIGIBILITY_834","2026-08-29 00:00:00","","TRUE","2026-09-15 10:31:41","93d8f82994c7abde8c8d5e42a6ba8527dd622fb49f6f790f591cacaf43f17267"
"7e0a7dca-cec4-5ce7-be24-76449452be19","SH100828","","","SPOUSE","HMO-2024-01","Sutter Health Hmo Gold","HMO","COMMERCIAL","GRP10473","California State Employees","1978-09-04","M","95126","06085","CA","2023-05-12","","ACTIVE","FALSE","FALSE","","0.6177","0.5686","LOW","2","0.567","FALSE","2","1970070946","ELIGIBILITY_834","2026-09-03 00:00:00","","TRUE","2026-09-15 10:31:41","a7bfd889defe7a953e0017ccdf583e3a779662411963aa807f0ce5912ac76ad3"
"ab25efbd-8d81-517c-a6b3-dbc3cbca70bc","SH100829","","","SPOUSE","HMO-2024-09","Sutter Health Hmo Gold","HMO","COMMERCIAL","GRP10451","Bay Area Health Alliance","1947-06-03","F","94609","06075","CA","2024-04-19","","ACTIVE","FALSE","FALSE","","2.6895","2.9977","HIGH","34","2.6918","TRUE","3","1330307055","ELIGIBILITY_834","2026-09-12 00:00:00","","TRUE","2026-09-15 10:31:41","297dd112e1157dec550af510aad076f10b9c20d4f04bc2a32dac0e539072a36b"
"06c1f9bd-2fe4-5889-a0ce-2c2311ad69bc","SH100830","","CA6256205686","DEPENDENT","MED-2024-08","Sutter Health Medicaid Managed Gold","MEDICAID_MANAGED","MEDICAID","GRP10115","UCSF Health Partners","1996-02-13","F","94577","06001","CA","2025-07-31","","ACTIVE","FALSE","FALSE","","0.8839","0.8017","LOW","15","0.991","FALSE","3","1206460807","ELIGIBILITY_834","2026-08-23 00:00:00","","TRUE","2026-09-15 10:31:41","76825268cd73a130a88876b9c8f6c4ea92bf770c2e76e9967574e8520aea1064"
"f9fb87da-4da8-5e32-8c86-9a957cef6005","SH100831","","CA3244750381","DEPENDENT","MED-2024-05","Sutter Health Medicaid Managed Gold","MEDICAID_MANAGED","MEDICAID","GRP10422","UCSF Health Partners","1938-10-14","M","93727","06085","CA","2022-12-07","","ACTIVE","FALSE","FALSE","","2.1856","2.2844","HIGH","26","2.0163","FALSE","2","1106736599","ELIGIBILITY_834","2026-09-11 00:00:00","","TRUE","2026-09-15 10:31:41","5e6a130d24743070c17f4a0e81b2b84e39c5719497d7b89ea58c8823184cbe03"
"fddca490-a1f1-516c-8980-04032a4c044f","SH100832","","CA6973394281","SELF","MED-2024-07","Sutter Health Medicaid Managed Gold","MEDICAID_MANAGED","MEDICAID","GRP10254","UCSF Health Partners","1946-10-15","M","93720","06085","CA","2024-10-13","","ACTIVE","FALSE","FALSE","","1.6679","1.7396","MODERATE","22","1.8833","FALSE","3","1888582016","ELIGIBILITY_834","2026-08-27 00:00:00","","TRUE","2026-09-15 10:31:41","02ae0f44c3b6b0c7423c2a7b48bc94a6c86d68285caa5fb908d9092aff3d1657"
"a744296e-b777-52af-bac6-dbd8f16244c3","SH100833","","","DEPENDENT","HDH-2024-01","Sutter Health Hdhp Gold","HDHP","COMMERCIAL","GRP10004","Safeway Health Plan","1988-11-13","F","93711","06085","CA","2024-01-08","","ACTIVE","FALSE","FALSE","","3.2121","2.9457","VERY_HIGH","36","3.3198","TRUE","1","1892608419","ELIGIBILITY_834","2026-08-26 00:00:00","","TRUE","2026-09-15 10:31:41","55412726cfe522bde11546492f35d3c16d1ade29fbde8c322ffff77773077ec9"
"d9c3e271-733b-5ba0-bd9b-bedc6c623ce3","SH100834","","","DEPENDENT","PPO-2024-05","Sutter Health Ppo Gold","PPO","COMMERCIAL","GRP10348","Safeway Health Plan","1967-04-28","M","94609","06075","CA","2023-11-24","","ACTIVE","FALSE","FALSE","","2.2844","2.3272","HIGH","29","2.3339","FALSE","2","1373707633","ELIGIBILITY_834","2026-09-13 00:00:00","","TRUE","2026-09-15 10:31:41","fc908e18e04fb1b8241a20bc1b663a00729f3872645e98c6ca8d8e8c3a88d77c"
"5c09dc3e-0da9-51c8-a1d1-efca1cddfa3f","SH100835","","","SELF","PPO-2024-05","Sutter Health Ppo Gold","PPO","COMMERCIAL","GRP10273","Palo Alto Medical Foundation","1945-08-09","M","95128","06085","CA","2023-03-15","","ACTIVE","FALSE","FALSE","","3.4228","3.5562","VERY_HIGH","38","3.405","TRUE","1","1508903050","ELIGIBILITY_834","2026-08-21 00:00:00","","TRUE","2026-09-15 10:31:41","82f4da0019869691c272611ec6e354fcc41d74c5d265bfd594fc522a7c3f0d57"
"277e2c40-703f-568d-83f9-def62946f5ba","SH100836","X3KX-7K-5813","","DEPENDENT","MED-2024-09","Sutter Health Medicare Advantage Gold","MEDICARE_ADVANTAGE","MEDICARE","GRP10308","Sutter Medical Foundation","1979-07-02","M","95128","06085","CA","2024-03-20","","ACTIVE","FALSE","FALSE","LIS2","0.5391","0.6137","LOW","1","0.6267","FALSE","0","1119411302","ELIGIBILITY_834","2026-08-21 00:00:00","","TRUE","2026-09-15 10:31:41","217f139397095d73eb0ea3ecf84400dff2ce039c137c331efdfcb8dfb49ee3a2"
"b3874b2c-e402-5eca-9a10-ae231834ded0","SH100837","","","SPOUSE","HDH-2024-01","Sutter Health Hdhp Gold","HDHP","COMMERCIAL","GRP10443","Bay Area Health Alliance","1939-12-29","M","94578","06001","CA","2024-07-06","","ACTIVE","FALSE","FALSE","","2.6334","2.8258","HIGH","26","2.4074","FALSE","0","1115643227","ELIGIBILITY_834","2026-09-09 00:00:00","","TRUE","2026-09-15 10:31:41","cb17a538717adb36adaa8aa31dc885a06c23368f19a1021e6640119bf4168d19"
"f82a36fa-3150-527f-9030-b648b2d56c39","SH100838","T928-9M-6790","","SPOUSE","MED-2024-01","Sutter Health Medicare Advantage Gold","MEDICARE_ADVANTAGE","MEDICARE","GRP10133","Bay Area Health Alliance","1970-08-08","F","95128","06085","CA","2024-10-26","","ACTIVE","FALSE","FALSE","LIS1","2.445","2.0909","HIGH","28","2.5899","TRUE","2","1986339543","ELIGIBILITY_834","2026-09-10 00:00:00","","TRUE","2026-09-15 10:31:41","a74683dd77a531e49fb9b34fada78c7e0361a8ce33bd1761e8ce48a50dcade7c"
"61f5ac23-99b4-5dc2-9950-6b87dbe16bdb","SH100839","","","SELF","HDH-2024-07","Sutter Health Hdhp Gold","HDHP","COMMERCIAL","GRP10022","California State Employees","1941-03-02","M","94121","06075","CA","2023-02-02","","ACTIVE","FALSE","FALSE","","0.4628","0.4344","LOW","4","0.4941","FALSE","1","1619635172","ELIGIBILITY_834","2026-08-17 00:00:00","","TRUE","2026-09-15 10:31:41","45f1d19bbe93e8bfb4f7b3972ca5b123f9bdfb6e2d15e25010cb05f8d1ee895b"
"1173f9f9-83f1-588e-8274-60e921d8a6da","SH100840","","CA2425006676","SELF","MED-2024-05","Sutter Health Medicaid Managed Gold","MEDICAID_MANAGED","MEDICAID","GRP10437","UCSF Health Partners","1989-07-22","M","95131","06085","CA","2025-06-17","","ACTIVE","FALSE","FALSE","","1.2926","1.2839","MODERATE","15","1.3338","FALSE","2","1234093369","ELIGIBILITY_834","2026-09-15 00:00:00","","TRUE","2026-09-15 10:31:41","dc4fe57ff6661e465d632325f514ccc0fcd52d08dd32c5bb0a34cc9c248a6eb6"
"1464cee0-d18c-5ae8-a3fc-e3c9af2d6e1b","SH100841","","","SELF","PPO-2024-06","Sutter Health Ppo Gold","PPO","COMMERCIAL","GRP10003","Safeway Health Plan","1987-05-01","F","94131","06075","CA","2023-06-19","","ACTIVE","FALSE","FALSE","","1.4407","1.3656","MODERATE","12","1.6116","FALSE","0","1991674621","ELIGIBILITY_834","2026-09-09 00:00:00","","TRUE","2026-09-15 10:31:41","10ecf4aff5b2319b45f64e432b57a4c427823c55a0d6e3feed6d6d55c1573504"
"88b78fea-120c-5883-a412-3fd271a9d1b3","SH100842","","","SELF","HDH-2024-09","Sutter Health Hdhp Gold","HDHP","COMMERCIAL","GRP10496","Safeway Health Plan","2023-05-12","M","94131","06075","CA","2022-11-15","","ACTIVE","FALSE","FALSE","","3.9166","3.409","VERY_HIGH","48","4.3844","FALSE","0","1631130130","ELIGIBILITY_834","2026-08-27 00:00:00","","TRUE","2026-09-15 10:31:41","d7a641560a2af9346f8b359cd7de71e7561e7b49f0efb1f7a699196e884dc5e5"
"b4bfaf06-4295-560b-a54a-6d2f9ef58c2c","SH100843","","","SELF","HDH-2024-02","Sutter Health Hdhp Gold","HDHP","COMMERCIAL","GRP10257","NorCal Tech Coalition","1966-07-05","M","94118","06075","CA","2024-03-08","","ACTIVE","FALSE","FALSE","","1.6575","1.4785","MODERATE","19","1.519","FALSE","1","1625331986","ELIGIBILITY_834","2026-08-17 00:00:00","","TRUE","2026-09-15 10:31:41","fa38bb22c40c5de6025b9f47c00a1b852c23ea87297f194289ef5ec82bacd83d"
"f67ee38c-a444-5840-a2a0-0407240ea7cd","SH100844","","","DEPENDENT","PPO-2024-05","Sutter Health Ppo Gold","PPO","COMMERCIAL","GRP10152","Safeway Health Plan","1977-11-25","M","94123","06075","CA","2024-06-17","","ACTIVE","FALSE","FALSE","","0.583","0.6293","LOW","11","0.5443","FALSE","3","1667928246","ELIGIBILITY_834","2026-08-21 00:00:00","","TRUE","2026-09-15 10:31:41","40218ac73fd55a4ac3d9b3fb3267103f2fdff9dee07206d21270afe8a8b46e9d"
"df49f5d8-c305-59e0-9ba1-bc71a1b2616b","SH100845","","","DEPENDENT","PPO-2024-02","Sutter Health Ppo Gold","PPO","COMMERCIAL","GRP10113","Bay Area Health Alliance","1951-12-16","M","94501","06001","CA","2023-08-07","","ACTIVE","FALSE","FALSE","","3.5236","3.0338","VERY_HIGH","39","3.8989","TRUE","2","1234015614","ELIGIBILITY_834","2026-09-08 00:00:00","","TRUE","2026-09-15 10:31:41","a9e6794e2fa445b7bec78dad4755e1a8fa52fdd4bb1bbd56f237b58e10515d26"
"aeb4cd99-850f-5e45-bbd0-beb08473ce54","SH100846","","","SELF","HMO-2024-02","Sutter Health Hmo Gold","HMO","COMMERCIAL","GRP10146","Kaiser Community Partners","1962-01-15","F","94578","06001","CA","2023-10-18","","ACTIVE","FALSE","FALSE","","2.882","3.1365","VERY_HIGH","35","2.9787","FALSE","0","1566857508","ELIGIBILITY_834","2026-09-06 00:00:00","","TRUE","2026-09-15 10:31:41","c874c34e1069a73591e6eddc3795d32c486501bc70421f46ada9e5ab47d548eb"
"83abd675-f01a-5de8-8485-298c63ea8007","SH100847","Q8D4-VT-6296","","SELF","MED-2024-04","Sutter Health Medicare Advantage Gold","MEDICARE_ADVANTAGE","MEDICARE","GRP10096","Central Valley Employers Group","1955-06-10","F","95126","06085","CA","2024-01-29","","ACTIVE","FALSE","FALSE","","1.9015","1.9383","HIGH","18","1.7892","TRUE","2","1399806241","ELIGIBILITY_834","2026-08-27 00:00:00","","TRUE","2026-09-15 10:31:41","31b9502e82d27da13c39f65f3aa643237fd9d3c2c585a888d8f32a7a13745954"
"67838870-8108-58e5-9c4a-ed4f2928de99","SH100848","","","DEPENDENT","HDH-2024-06","Sutter Health Hdhp Gold","HDHP","COMMERCIAL","GRP10245","Bay Area Health Alliance","1981-04-05","M","94578","06001","CA","2023-02-14","","ACTIVE","FALSE","FALSE","","0.9261","0.7974","MODERATE","5","0.879","FALSE","0","1720020886","ELIGIBILITY_834","2026-08-24 00:00:00","","TRUE","2026-09-15 10:31:41","76a476fe14fa2ef8d4f2d8d5195d5e4ff3bb0b6006b2f7466ca9efdd8e772541"
"cc2b1f90-11bf-5e6f-bad7-bef7139836b6","SH100849","","","SELF","PPO-2024-08","Sutter Health Ppo Gold","PPO","COMMERCIAL","GRP10298","NorCal Tech Coalition","1952-07-08","F","93727","06085","CA","2023-01-05","","ACTIVE","FALSE","FALSE","","2.3146","2.3262","HIGH","31","2.3113","FALSE","0","1570342322","ELIGIBILITY_834","2026-08-24 00:00:00","","TRUE","2026-09-15 10:31:41","e4ad8eaf791c18c0d8320fdf6caf8016e1a6f200edc3379426bc6f7db3c06652"
"39bd9fb2-8003-56ce-8444-7dd3c61aa874","SH100850","","","SELF","HMO-2024-08","Sutter Health Hmo Gold","HMO","COMMERCIAL","GRP10419","UCSF Health Partners","1991-11-25","M","93711","06085","CA","2022-09-30","2023-01-13","TERMED","FALSE","FALSE","","1.4254","1.5242","MODERATE","20","1.6672","FALSE","2","1421306214","ELIGIBILITY_834","2026-09-01 00:00:00","","TRUE","2026-09-15 10:31:41","2949e9047411abf9c03b4dc829abb6917ca097f8927845fca32db857bfeb0c95"
"a695c649-2023-5b5e-bc3c-78995ead9169","SH100851","D34H-1A-3885","","SELF","MED-2024-02","Sutter Health Medicare Advantage Gold","MEDICARE_ADVANTAGE","MEDICARE","GRP10200","Kaiser Community Partners","1979-05-16","F","93727","06085","CA","2025-07-25","","ACTIVE","FALSE","FALSE","LIS2","2.5948","2.366","HIGH","32","2.81","FALSE","3","1212540121","ELIGIBILITY_834","2026-08-31 00:00:00","","TRUE","2026-09-15 10:31:41","d2083d360686a62d59946bfe77cc19a3081c99915a18a6634df77616d093afdd"
"74a394df-2e84-55e2-bfac-9e3629693aa7","SH100852","","","SELF","HDH-2024-07","Sutter Health Hdhp Gold","HDHP","COMMERCIAL","GRP10295","Sutter Medical Foundation","1962-09-20","F","94122","06075","CA","2025-11-14","","ACTIVE","FALSE","FALSE","","3.9593","4.2208","VERY_HIGH","51","4.2585","TRUE","1","1497720983","ELIGIBILITY_834","2026-09-08 00:00:00","","TRUE","2026-09-15 10:31:41","78e74b5a4d9349168ffe66b075fa2f106d3282934c3cb5b8a6213f95682fe2ba"
"717e0d8a-2ef6-5a59-befd-023895d837dd","SH100853","","","SELF","HMO-2024-04","Sutter Health Hmo Gold","HMO","COMMERCIAL","GRP10202","Sutter Medical Foundation","1981-01-11","F","95054","06085","CA","2025-05-14","","ACTIVE","FALSE","FALSE","","1.7651","1.5066","MODERATE","25","2.0055","FALSE","3","1901149698","ELIGIBILITY_834","2026-09-13 00:00:00","","TRUE","2026-09-15 10:31:41","9c1a26bdc3cf9bea56b4a196f8650a2b4a24116a402a3f667ae0c239ef17c96e"
"e8f3861e-3c90-579a-a6ff-684f57f8ca5a","SH100854","","","SELF","HDH-2024-02","Sutter Health Hdhp Gold","HDHP","COMMERCIAL","GRP10167","Kaiser Community Partners","1957-02-02","M","94603","06075","CA","2026-02-17","","ACTIVE","FALSE","FALSE","","1.0091","1.0768","MODERATE","6","0.9211","FALSE","0","1956417659","ELIGIBILITY_834","2026-09-05 00:00:00","","TRUE","2026-09-15 10:31:41","b70bebb055a6024969dce71c7669b9bffea7c64c32d59a38b7cdc58b5108b3da"
"dd2084ed-4940-59e3-bf87-2630612d220a","SH100855","","","SPOUSE","PPO-2024-04","Sutter Health Ppo Gold","PPO","COMMERCIAL","GRP10225","Palo Alto Medical Foundation","1973-03-07","M","93727","06085","CA","2024-03-16","","ACTIVE","FALSE","FALSE","","2.587","2.584","HIGH","31","2.4905","TRUE","3","1333037366","ELIGIBILITY_834","2026-09-08 00:00:00","","TRUE","2026-09-15 10:31:41","e595d1c6e3419949656987882bc1da2ed2c7d49d968ff6e99cf6498f19a6b0a4"
"a57fb9e9-6c08-5879-84b9-a071bc19593d","SH100856","","","DEPENDENT","HDH-2024-02","Sutter Health Hdhp Gold","HDHP","COMMERCIAL","GRP10249","UCSF Health Partners","1981-02-18","M","95128","06085","CA","2024-05-09","","ACTIVE","FALSE","FALSE","","0.6994","0.6125","LOW","8","0.7092","FALSE","1","1483399227","ELIGIBILITY_834","2026-09-08 00:00:00","","TRUE","2026-09-15 10:31:41","f4c45049a16bffcb19c5de8cc3b5126362870fab7ea89037f9a4a0c0e6a3045c"
"25adbeb5-4728-55c7-aef0-b3557417f798","SH100857","","","DEPENDENT","POS-2024-05","Sutter Health Pos Gold","POS","COMMERCIAL","GRP10468","Bay Area Health Alliance","1945-02-06","F","95128","06085","CA","2024-02-29","","ACTIVE","FALSE","FALSE","","3.4536","3.3726","VERY_HIGH","45","3.1794","TRUE","0","1416738022","ELIGIBILITY_834","2026-08-24 00:00:00","","TRUE","2026-09-15 10:31:41","e42c1c96e521f3c0e45e443658e3407e2f16255e0a3607b23fa98d7c651e2d2b"
"1fe689be-fe47-5c9f-82b8-b8376ee00ce2","SH100858","","CA3348758451","SELF","MED-2024-04","Sutter Health Medicaid Managed Gold","MEDICAID_MANAGED","MEDICAID","GRP10499","NorCal Tech Coalition","1961-10-10","M","95014","06085","CA","2024-03-01","2024-05-13","TERMED","FALSE","FALSE","","2.0047","2.026","HIGH","28","1.8092","FALSE","0","1233616139","ELIGIBILITY_834","2026-09-11 00:00:00","","TRUE","2026-09-15 10:31:41","f908ebc2fcfdf10632cbb2d4c422e2a694cebc4cd66d9f3b0b53de9a8a3ed3b7"
"8f9244df-05dd-500b-bb0f-c59cb5c42cf2","SH100859","","","SPOUSE","PPO-2024-07","Sutter Health Ppo Gold","PPO","COMMERCIAL","GRP10108","Sutter Medical Foundation","1957-01-15","F","94131","06075","CA","2023-02-21","","ACTIVE","FALSE","FALSE","","1.1435","1.0118","MODERATE","17","1.1991","FALSE","1","1717771418","ELIGIBILITY_834","2026-09-07 00:00:00","","TRUE","2026-09-15 10:31:41","129d7778cd430e26970fee773360b80128e1cf9fcb4afbfb183a3fa96ccd3585"
"71b193bc-c76a-5651-8940-1f72a9a8beeb","SH100860","","","SELF","POS-2024-04","Sutter Health Pos Gold","POS","COMMERCIAL","GRP10275","Safeway Health Plan","1944-05-16","F","94118","06075","CA","2025-02-17","2026-02-18","TERMED","FALSE","FALSE","","3.8454","4.1389","VERY_HIGH","45","3.4854","TRUE","3","1245797792","ELIGIBILITY_834","2026-08-16 00:00:00","","TRUE","2026-09-15 10:31:41","947ea504e0bb7d4c2e3677be7a95cabd4ca8753cbba3a9d9be173e479a9af8e8"
"efd4c2ae-15b6-516d-beb7-2a78a303226d","SH100861","V814-PW-3336","","SELF","MED-2024-01","Sutter Health Medicare Advantage Gold","MEDICARE_ADVANTAGE","MEDICARE","GRP10252","Bay Area Health Alliance","1979-05-12","F","93727","06085","CA","2023-07-13","2025-01-12","TERMED","FALSE","FALSE","LIS3","0.483","0.4407","LOW","8","0.4484","FALSE","1","1688815011","ELIGIBILITY_834","2026-08-24 00:00:00","","TRUE","2026-09-15 10:31:41","0f4f64c82faafbc37b0b7719317cee064b087aeeb48230e9ae8faaadc9cc2e62"
"c31ea669-4230-53ea-ab3f-1d2e02c2644a","SH100862","K218-G8-3190","","SELF","MED-2024-01","Sutter Health Medicare Advantage Gold","MEDICARE_ADVANTAGE","MEDICARE","GRP10403","UCSF Health Partners","1958-04-07","M","95128","06085","CA","2025-09-18","","ACTIVE","FALSE","FALSE","LIS3","3.9632","3.5902","VERY_HIGH","43","4.4681","TRUE","3","1142433446","ELIGIBILITY_834","2026-09-13 00:00:00","","TRUE","2026-09-15 10:31:41","dfdabfa017dfeab45e9ef36f40fb14e849b5ef398c71185bf5e86741f6721abe"
"2076d93f-86b4-559e-bef1-34feb6ea315e","SH100863","","","DEPENDENT","HDH-2024-03","Sutter Health Hdhp Gold","HDHP","COMMERCIAL","GRP10247","Central Valley Employers Group","1964-10-05","M","93701","06085","CA","2026-01-14","","ACTIVE","FALSE","FALSE","","1.2341","1.3381","MODERATE","17","1.3886","FALSE","5","1206075687","ELIGIBILITY_834","2026-08-29 00:00:00","","TRUE","2026-09-15 10:31:41","bae11687e85534f2f617d14fea64f71e7e4ff5ce1f47bb5ce0c5f9344d1d82b9"
"a4bf8eda-17f1-5287-a715-76f8509a8142","SH100864","","CA1919058248","SELF","MED-2024-02","Sutter Health Medicaid Managed Gold","MEDICAID_MANAGED","MEDICAID","GRP10431","Central Valley Employers Group","1965-07-15","F","95126","06085","CA","2026-01-08","","PENDING","FALSE","FALSE","","3.4892","3.1801","VERY_HIGH","38","3.6988","TRUE","0","1951961446","ELIGIBILITY_834","2026-08-27 00:00:00","","TRUE","2026-09-15 10:31:41","32f8366a3a357fcd21e0c1e5828928d0d5e664ac9484c8624e4216184575787a"
"05f9d1b4-277e-5599-a24e-fdc56f1bc116","SH100865","","","SELF","PPO-2024-07","Sutter Health Ppo Gold","PPO","COMMERCIAL","GRP10398","Sutter Medical Foundation","1972-08-09","F","94122","06075","CA","2026-02-23","2026-11-22","COBRA","TRUE","FALSE","","1.9493","1.8904","HIGH","27","2.1763","FALSE","2","1134142338","ELIGIBILITY_834","2026-09-13 00:00:00","","TRUE","2026-09-15 10:31:41","c16f3d95b508eda1cf66f799a8acfa938d5f75bbb21d85511f77d55f4c86645b"
"503cada0-c01f-5fb5-b675-13d5271d4016","SH100866","","","SELF","HDH-2024-01","Sutter Health Hdhp Gold","HDHP","COMMERCIAL","GRP10236","Bay Area Health Alliance","2015-03-29","M","94603","06075","CA","2026-05-23","","ACTIVE","FALSE","FALSE","","0.3575","0.33","LOW","4","0.3919","FALSE","2","1760711935","ELIGIBILITY_834","2026-09-10 00:00:00","","TRUE","2026-09-15 10:31:41","2da149bf0b4e99a437f16b392d4f4901f16d5b9fc7a9bbece48d1be280770947"
"f95cfccb-cec8-5e85-9dfc-622fb7ff78b4","SH100867","","","SPOUSE","POS-2024-08","Sutter Health Pos Gold","POS","COMMERCIAL","GRP10129","NorCal Tech Coalition","1943-12-21","M","94118","06075","CA","2026-04-27","","ACTIVE","FALSE","FALSE","","3.5861","3.5814","VERY_HIGH","39","3.3469","FALSE","3","1862297878","ELIGIBILITY_834","2026-09-10 00:00:00","","TRUE","2026-09-15 10:31:41","fd424e0afa88ffb1ca3c5cc7c888d9257ee3b6c2f40cbd74fb4eaf8bc6536913"
"b45bba81-4a2a-5e4d-8a86-6c7faf30f1fb","SH100868","","","DEPENDENT","HMO-2024-05","Sutter Health Hmo Gold","HMO","COMMERCIAL","GRP10047","California State Employees","1963-04-28","M","94121","06075","CA","2025-06-06","","ACTIVE","FALSE","FALSE","","7.7127","8.3133","CATASTROPHIC","89","8.6891","TRUE","0","1116532141","ELIGIBILITY_834","2026-09-11 00:00:00","","TRUE","2026-09-15 10:31:41","c0b121567e593ae166f4a451fb10dc29c98672be3753a2a8c4aefa963853f64c"
"0d13aa8d-9833-5ff0-a596-2661e631d242","SH100869","","","SPOUSE","PPO-2024-05","Sutter Health Ppo Gold","PPO","COMMERCIAL","GRP10472","UCSF Health Partners","1947-02-05","F","95126","06085","CA","2024-09-09","","ACTIVE","FALSE","FALSE","","0.7046","0.6878","LOW","13","0.7864","FALSE","1","1605007363","ELIGIBILITY_834","2026-09-15 00:00:00","","TRUE","2026-09-15 10:31:41","2da29767e0d1e06a923ee94fb5147b63ca9d78d515467acbf9bbd2a7c794482a"
"717f3e6d-eccf-5d4d-8814-85dd8891b0a9","SH100870","","","DEPENDENT","PPO-2024-05","Sutter Health Ppo Gold","PPO","COMMERCIAL","GRP10087","California State Employees","1985-12-23","M","94578","06001","CA","2023-03-15","2026-11-07","COBRA","TRUE","FALSE","","0.3638","0.3821","LOW","4","0.4074","FALSE","4","1680349506","ELIGIBILITY_834","2026-08-21 00:00:00","","TRUE","2026-09-15 10:31:41","5fd26ab3aefc15933cc937a6462b74d70c2835b096e5f8fab1036296ea427407"
"18e5786a-2738-5dc8-991b-f6036fc674a9","SH100871","","","SPOUSE","HMO-2024-02","Sutter Health Hmo Gold","HMO","COMMERCIAL","GRP10132","Sutter Medical Foundation","1969-01-09","F","94577","06001","CA","2024-12-13","","ACTIVE","FALSE","FALSE","","2.7991","3.1416","HIGH","35","3.3394","TRUE","3","1648866587","ELIGIBILITY_834","2026-09-12 00:00:00","","TRUE","2026-09-15 10:31:41","a10e68b1093bfd2f8cc9ef0c71b0b9389a3a71e01d9456607997810bc99edf9d"
"e26ac894-4afb-5777-991f-2cef3ac8dc0f","SH100872","","","SELF","HMO-2024-09","Sutter Health Hmo Gold","HMO","COMMERCIAL","GRP10426","Bay Area Health Alliance","1993-02-12","M","95128","06085","CA","2023-01-19","2026-11-16","COBRA","TRUE","FALSE","","1.5535","1.5671","MODERATE","16","1.5235","FALSE","1","1943341577","ELIGIBILITY_834","2026-09-02 00:00:00","","TRUE","2026-09-15 10:31:41","cee64c7f3fa2793a28ce4c110d1be359abff66fb1b7ea619a0f4dcd24f81ace4"
"9c1e7931-caf8-5c30-9ada-0afb8ccb3829","SH100873","","","SELF","PPO-2024-01","Sutter Health Ppo Gold","PPO","COMMERCIAL","GRP10102","Safeway Health Plan","1993-12-04","F","94122","06075","CA","2026-02-02","","PENDING","FALSE","FALSE","","0.4125","0.439","LOW","1","0.4157","FALSE","4","1836929662","ELIGIBILITY_834","2026-09-05 00:00:00","","TRUE","2026-09-15 10:31:41","fbb0527c0d7042fbfbb7908a9f0922e004209a6ea4d048bd123a39e32a37d179"
"e85ff3f2-3a3d-5fbb-a680-87014276061c","SH100874","","","SPOUSE","PPO-2024-02","Sutter Health Ppo Gold","PPO","COMMERCIAL","GRP10002","Sutter Medical Foundation","2026-09-06","F","94131","06075","CA","2023-02-18","","ACTIVE","FALSE","FALSE","","2.5438","2.9208","HIGH","31","2.382","FALSE","2","1654220401","ELIGIBILITY_834","2026-09-12 00:00:00","","TRUE","2026-09-15 10:31:41","ad715a3bf932959ee0418e470078b391b3fb3fc6ec13f7bd9dd9d44b18556adb"
"e5b129e8-6c57-5496-b38e-e45e7193c35a","SH100875","","","SELF","PPO-2024-01","Sutter Health Ppo Gold","PPO","COMMERCIAL","GRP10372","Safeway Health Plan","1990-11-07","M","93711","06085","CA","2023-06-24","2027-03-11","COBRA","TRUE","FALSE","","1.0814","1.0674","MODERATE","16","1.149","FALSE","3","1894582515","ELIGIBILITY_834","2026-08-23 00:00:00","","TRUE","2026-09-15 10:31:41","13df95c12ea2c38c4f479105542534e199fd2ed782f946f515670238446b41c3"
"6f2e0ef1-ebfa-5f14-be0d-1003f86aeb72","SH100876","","CA4586437898","DEPENDENT","MED-2024-02","Sutter Health Medicaid Managed Gold","MEDICAID_MANAGED","MEDICAID","GRP10112","Bay Area Health Alliance","1958-12-26","M","94603","06075","CA","2023-07-29","","ACTIVE","FALSE","FALSE","","0.9366","0.8026","MODERATE","15","0.99","FALSE","0","1566607438","ELIGIBILITY_834","2026-09-13 00:00:00","","TRUE","2026-09-15 10:31:41","cb9f2f81dae2e07b784d928161899e7b33063d3fad36aa54899ce6147a7e7327"
"268fc2c5-0e0f-575b-9229-9da698cc5868","SH100877","","","SELF","POS-2024-07","Sutter Health Pos Gold","POS","COMMERCIAL","GRP10434","Sutter Medical Foundation","1966-10-10","M","94123","06075","CA","2022-11-23","","ACTIVE","FALSE","FALSE","","3.9554","3.7288","VERY_HIGH","41","4.0477","TRUE","1","1173458529","ELIGIBILITY_834","2026-09-01 00:00:00","","TRUE","2026-09-15 10:31:41","a09eafa438c1ec38184a76933211f413333618b68a67338ce460be538326c658"
"a3d2b072-221e-5d1e-b1c5-cfa899cca187","SH100878","","","SPOUSE","PPO-2024-02","Sutter Health Ppo Gold","PPO","COMMERCIAL","GRP10451","Sutter Medical Foundation","1981-12-03","F","94103","06075","CA","2023-05-17","","ACTIVE","FALSE","FALSE","","1.2975","1.3816","MODERATE","11","1.4358","FALSE","0","1969852551","ELIGIBILITY_834","2026-09-11 00:00:00","","TRUE","2026-09-15 10:31:41","ccc282f51257f0625da139f31326721705183b14cb435c076ecfe61beefa9639"
"360a6e52-f291-54a2-ab10-b1aeb416fcdb","SH100879","","","SPOUSE","HMO-2024-04","Sutter Health Hmo Gold","HMO","COMMERCIAL","GRP10166","UCSF Health Partners","1942-05-12","F","94115","06075","CA","2023-09-04","","ACTIVE","FALSE","FALSE","","2.9689","2.9964","VERY_HIGH","37","3.0386","FALSE","1","1602048377","ELIGIBILITY_834","2026-09-10 00:00:00","","TRUE","2026-09-15 10:31:41","a49eb0a5f8f43693e0d972812eda06fcc498d0fe7340a4278c48421f5d702357"
"2db18528-9e4b-5f7b-b2d1-402e45e73fb9","SH100880","","CA6700984875","SPOUSE","MED-2024-05","Sutter Health Medicaid Managed Gold","MEDICAID_MANAGED","MEDICAID","GRP10480","Palo Alto Medical Foundation","1984-07-06","F","94578","06001","CA","2025-10-23","","ACTIVE","FALSE","FALSE","","1.0255","1.0874","MODERATE","8","1.1277","FALSE","0","1774676863","ELIGIBILITY_834","2026-08-18 00:00:00","","TRUE","2026-09-15 10:31:41","a5e40e3c558f7c80b24ea9c087ad345eca5f15d46ddc5b77a2421e48cee10d6a"
"f55d516d-40b4-5085-9cd0-681d44e3bcc3","SH100881","","","DEPENDENT","PPO-2024-04","Sutter Health Ppo Gold","PPO","COMMERCIAL","GRP10015","Palo Alto Medical Foundation","1976-07-01","M","94577","06001","CA","2025-08-28","","ACTIVE","FALSE","FALSE","","0.9484","0.8425","MODERATE","9","1.1334","FALSE","4","1876751580","ELIGIBILITY_834","2026-09-11 00:00:00","","TRUE","2026-09-15 10:31:41","55a760b67b2254d216d73871dd853942491913a74cc2642656e5dd08b5dcbc51"
"e96f58d1-2e4a-5132-a742-ea21d634cd67","SH100882","G3TR-J8-4601","","SELF","MED-2024-01","Sutter Health Medicare Advantage Gold","MEDICARE_ADVANTAGE","MEDICARE","GRP10371","Sutter Medical Foundation","2013-05-06","F","94131","06075","CA","2025-01-04","","ACTIVE","FALSE","FALSE","LIS3","0.7413","0.7269","LOW","8","0.7782","FALSE","2","1427986788","ELIGIBILITY_834","2026-08-23 00:00:00","","TRUE","2026-09-15 10:31:41","c99fa297a0b95e19a3d0909bdc8a97c6657c55de87f61030132ec5950a0706b2"
"fa5207e2-5579-5e4c-9aec-b87b872dfc49","SH100883","","","SELF","PPO-2024-01","Sutter Health Ppo Gold","PPO","COMMERCIAL","GRP10064","Safeway Health Plan","1984-03-30","F","93727","06085","CA","2025-11-22","","ACTIVE","FALSE","FALSE","","1.2688","1.1428","MODERATE","14","1.3358","FALSE","5","1817451204","ELIGIBILITY_834","2026-08-19 00:00:00","","TRUE","2026-09-15 10:31:41","19819ebac76f5d7646e6b3374a6913dca42fc692e2230e757cad235868f98dbf"
"9f218338-4737-5573-bf17-ec56d19f4a1f","SH100884","","","SELF","PPO-2024-02","Sutter Health Ppo Gold","PPO","COMMERCIAL","GRP10432","Central Valley Employers Group","1939-07-21","F","94578","06001","CA","2023-12-25","","ACTIVE","FALSE","FALSE","","0.856","0.9534","LOW","11","0.9405","FALSE","2","1948370834","ELIGIBILITY_834","2026-08-28 00:00:00","","TRUE","2026-09-15 10:31:41","19219db97d5d116ea9517dc1c18567b378eb28e136b90bdcb256d2f9d781f8b6"
"a4486a52-10ec-563c-912e-1236e846a766","SH100885","","","SPOUSE","PPO-2024-09","Sutter Health Ppo Gold","PPO","COMMERCIAL","GRP10157","Sutter Medical Foundation","1976-08-03","F","94131","06075","CA","2024-09-14","2025-05-16","TERMED","FALSE","FALSE","","2.7934","3.1902","HIGH","29","2.6417","FALSE","3","1429894892","ELIGIBILITY_834","2026-09-12 00:00:00","","TRUE","2026-09-15 10:31:41","c4175d2a041253c567c97b28f53f10413475ea44eda26f628613facfa3ae8c4e"
"e0d67255-a0e9-5174-a3b3-ba90d213cb2a","SH100886","D2E2-30-7388","","SELF","MED-2024-04","Sutter Health Medicare Advantage Gold","MEDICARE_ADVANTAGE","MEDICARE","GRP10410","Central Valley Employers Group","1964-05-24","F","95128","06085","CA","2022-10-05","","ACTIVE","FALSE","FALSE","LIS1","1.1311","1.228","MODERATE","8","1.3089","FALSE","0","1790220666","ELIGIBILITY_834","2026-09-02 00:00:00","","TRUE","2026-09-15 10:31:41","006835bf7bd6602347e6d05320777e69e24334fdde23e25c97a225ad8e119c72"
"506a2f4d-f788-5766-84ef-cf17f4c4f262","SH100887","A68E-7E-0212","","SELF","MED-2024-05","Sutter Health Medicare Advantage Gold","MEDICARE_ADVANTAGE","MEDICARE","GRP10207","California State Employees","1971-05-05","F","94603","06075","CA","2024-02-09","","ACTIVE","FALSE","FALSE","LIS1","3.6688","3.6999","VERY_HIGH","42","4.1848","TRUE","3","1378818931","ELIGIBILITY_834","2026-09-10 00:00:00","","TRUE","2026-09-15 10:31:41","3820f51ba9e5e4332d096e51f295569f5406a53b68e8e5c2520366101779334f"
"dec9d2c5-7008-5a98-a617-c797b1c87d2f","SH100888","","","DEPENDENT","POS-2024-04","Sutter Health Pos Gold","POS","COMMERCIAL","GRP10027","Sutter Medical Foundation","2018-11-09","F","93720","06085","CA","2022-11-11","2024-01-09","TERMED","FALSE","FALSE","","0.8676","0.8667","LOW","6","0.8082","FALSE","0","1317578493","ELIGIBILITY_834","2026-09-01 00:00:00","","TRUE","2026-09-15 10:31:41","5135b9da939200578fceaa58a40616374987f84bb7fecee864b2cded7194be54"
"f545150f-973c-5359-a734-584e326deb3a","SH100889","","CA4217854003","DEPENDENT","MED-2024-07","Sutter Health Medicaid Managed Gold","MEDICAID_MANAGED","MEDICAID","GRP10238","Kaiser Community Partners","2009-09-13","M","93722","06085","CA","2025-11-27","","ACTIVE","FALSE","FALSE","","1.0051","0.8866","MODERATE","13","1.1712","FALSE","0","1545539382","ELIGIBILITY_834","2026-09-11 00:00:00","","TRUE","2026-09-15 10:31:41","7a839ed84494925cdd3ca7cb8972233a857294e37e3fad3f9fc2814d7a2e6fe5"
"0486123b-0914-5345-b802-24a4e61af59b","SH100890","","CA3276801413","SPOUSE","MED-2024-01","Sutter Health Medicaid Managed Gold","MEDICAID_MANAGED","MEDICAID","GRP10490","Safeway Health Plan","2006-10-24","M","93701","06085","CA","2025-10-14","","ACTIVE","FALSE","FALSE","","1.3715","1.5226","MODERATE","11","1.4288","FALSE","1","1465851880","ELIGIBILITY_834","2026-09-10 00:00:00","","TRUE","2026-09-15 10:31:41","63a1058835780392ab04f1a558602ed119664d93608e6a77f3aba6899f27b9ab"
"ba236c56-72c8-5881-87fe-99aa431030f2","SH100891","V3F9-H2-9964","","SELF","MED-2024-08","Sutter Health Medicare Advantage Gold","MEDICARE_ADVANTAGE","MEDICARE","GRP10282","Kaiser Community Partners","1963-09-30","F","95131","06085","CA","2025-11-13","","ACTIVE","FALSE","FALSE","LIS3","1.8562","1.704","HIGH","17","2.137","FALSE","2","1219258561","ELIGIBILITY_834","2026-09-14 00:00:00","","TRUE","2026-09-15 10:31:41","271e67e4eff43e2582f8400965e7d5a4e000981403d77483d58e8363145d9ea7"
"7b5747b6-0dbe-54a6-81df-cbacc9b1d50f","SH100892","","","SELF","PPO-2024-03","Sutter Health Ppo Gold","PPO","COMMERCIAL","GRP10086","Central Valley Employers Group","1958-09-29","M","95148","06085","CA","2023-08-27","","ACTIVE","FALSE","FALSE","","0.7337","0.7445","LOW","8","0.7073","FALSE","4","1818472514","ELIGIBILITY_834","2026-09-03 00:00:00","","TRUE","2026-09-15 10:31:41","a3c04f36abc374fc57463da8471757c89a5638a58aa46fd860596a2fc8bf6d2c"
"96b8d293-7bac-51a2-b000-857b5307f18d","SH100893","R2JY-8P-2150","","DEPENDENT","MED-2024-03","Sutter Health Medicare Advantage Gold","MEDICARE_ADVANTAGE","MEDICARE","GRP10226","NorCal Tech Coalition","1975-03-16","F","94501","06001","CA","2026-05-08","","ACTIVE","FALSE","FALSE","","2.6469","2.456","HIGH","36","2.4399","FALSE","3","1171181802","ELIGIBILITY_834","2026-08-31 00:00:00","","TRUE","2026-09-15 10:31:41","aed1113c5ff68565457e48a0bb2d86d06625577e71732af295b200cee5313a14"
"8589f1ee-27e0-5f18-a9e7-16f978c7ca3a","SH100894","","","SELF","PPO-2024-01","Sutter Health Ppo Gold","PPO","COMMERCIAL","GRP10070","Central Valley Employers Group","1959-11-04","F","94609","06075","CA","2023-06-11","2025-02-21","TERMED","FALSE","FALSE","","3.1385","2.8672","VERY_HIGH","32","3.1085","TRUE","4","1681784788","ELIGIBILITY_834","2026-09-12 00:00:00","","TRUE","2026-09-15 10:31:41","a4c8c56e69a319eb2e4c375d1c03097ecd860b647aadb9b8aa17941a8890d72c"
"c2e4898b-2b9f-5eb2-931c-116c8328668d","SH100895","","","DEPENDENT","PPO-2024-06","Sutter Health Ppo Gold","PPO","COMMERCIAL","GRP10406","Bay Area Health Alliance","1951-09-11","M","95128","06085","CA","2024-10-30","","ACTIVE","FALSE","FALSE","","0.5858","0.562","LOW","9","0.5681","FALSE","2","1348129275","ELIGIBILITY_834","2026-08-29 00:00:00","","TRUE","2026-09-15 10:31:41","d6aebbb2fee247449edda9c3e2063315ff581f9a651a4a05e0eb1754c81d9dab"
"2cd80d38-cef2-5249-b8dd-f1d00e9cca98","SH100896","","","DEPENDENT","PPO-2024-03","Sutter Health Ppo Gold","PPO","COMMERCIAL","GRP10126","Kaiser Community Partners","1961-05-13","F","95131","06085","CA","2025-10-10","","ACTIVE","FALSE","FALSE","","2.9866","2.9916","VERY_HIGH","39","3.1772","FALSE","1","1461808085","ELIGIBILITY_834","2026-09-13 00:00:00","","TRUE","2026-09-15 10:31:41","21993533df2c28ff0592dbee3b30ec64db3d830d759c62313895ead03209b36d"
"8c227c70-6961-55c7-81bd-8a91fe1327ff","SH100897","","","SELF","HDH-2024-03","Sutter Health Hdhp Gold","HDHP","COMMERCIAL","GRP10415","Safeway Health Plan","1992-11-24","M","93701","06085","CA","2026-03-16","","ACTIVE","FALSE","FALSE","","1.2072","1.1201","MODERATE","15","1.1935","FALSE","1","1272632082","ELIGIBILITY_834","2026-09-06 00:00:00","","TRUE","2026-09-15 10:31:41","ec9cc520981e4c4452ac21abe4a69e09b7999ad5e3049864837f253aed1a3ea8"
"b61ef70b-3617-5124-80c0-00834acac908","SH100898","","","SELF","PPO-2024-04","Sutter Health Ppo Gold","PPO","COMMERCIAL","GRP10412","Central Valley Employers Group","1948-02-08","M","95148","06085","CA","2025-10-10","","ACTIVE","FALSE","FALSE","","0.9246","0.8424","MODERATE","13","0.9656","FALSE","2","1910351552","ELIGIBILITY_834","2026-08-23 00:00:00","","TRUE","2026-09-15 10:31:41","a79b7672f06d69eced0b322ef918e5abd90dfb2d06d5f3f32870ae70cc99292e"
"f87c434b-5dbd-553c-aced-29b5e8b8e11a","SH100899","C3YG-NK-6862","","SELF","MED-2024-05","Sutter Health Medicare Advantage Gold","MEDICARE_ADVANTAGE","MEDICARE","GRP10343","UCSF Health Partners","1990-05-31","F","94577","06001","CA","2024-08-22","","ACTIVE","FALSE","FALSE","LIS1","2.0965","1.8279","HIGH","23","2.1691","TRUE","4","1511589553","ELIGIBILITY_834","2026-09-02 00:00:00","","TRUE","2026-09-15 10:31:41","8486681d26cba9a6fe3df01b88d079cd38ae40f18bf35150585d6453a5a14181"
"5996c1a0-c715-5268-90fb-c728ac218332","SH100900","","","SPOUSE","POS-2024-04","Sutter Health Pos Gold","POS","COMMERCIAL","GRP10243","California State Employees","1940-10-22","M","94123","06075","CA","2023-05-21","2027-01-25","COBRA","TRUE","FALSE","","0.8009","0.7304","LOW","9","0.9354","FALSE","0","1842630509","ELIGIBILITY_834","2026-09-02 00:00:00","","TRUE","2026-09-15 10:31:41","7c3902803fe4145766d9352db62326875cda347df1de2ed146701b299cd86162"
"388eefa0-3f44-5197-9c7b-47fe50c59b79","SH100901","","","SPOUSE","PPO-2024-09","Sutter Health Ppo Gold","PPO","COMMERCIAL","GRP10171","NorCal Tech Coalition","1947-10-15","M","94131","06075","CA","2025-06-21","","ACTIVE","FALSE","FALSE","","3.428","3.3184","VERY_HIGH","45","4.0556","TRUE","1","1934749206","ELIGIBILITY_834","2026-08-27 00:00:00","","TRUE","2026-09-15 10:31:41","98f48ed20618537a79d0c31d409c5e67ee9db3cf6d35d47ead00190a7577b1ae"
"3708f72d-6e86-515f-a951-4b756d24228a","SH100902","","","SPOUSE","PPO-2024-06","Sutter Health Ppo Gold","PPO","COMMERCIAL","GRP10029","Safeway Health Plan","1948-04-20","F","93701","06085","CA","2024-08-28","","ACTIVE","FALSE","FALSE","","7.4943","7.0767","CATASTROPHIC","93","7.3175","TRUE","2","1637076670","ELIGIBILITY_834","2026-09-02 00:00:00","","TRUE","2026-09-15 10:31:41","f400538716578002d6f0e2c257e40b8cd24fda36998204cb909084498c156f2e"
"b84dfa90-4c40-55d9-923f-4895bfa3df3b","SH100903","E25D-7T-5769","","SELF","MED-2024-07","Sutter Health Medicare Advantage Gold","MEDICARE_ADVANTAGE","MEDICARE","GRP10329","UCSF Health Partners","1988-06-24","F","94103","06075","CA","2025-06-22","","ACTIVE","FALSE","FALSE","LIS2","1.0172","1.087","MODERATE","8","0.9329","FALSE","0","1617699612","ELIGIBILITY_834","2026-09-06 00:00:00","","TRUE","2026-09-15 10:31:41","e8b64e8f8a93fd55fea0a220eb259c6b0e4e4152e92d2436aaa2d697d2814f8c"
"cec8fd8f-f63d-57e6-a13d-b335421f9dc2","SH100904","","","SELF","PPO-2024-07","Sutter Health Ppo Gold","PPO","COMMERCIAL","GRP10412","UCSF Health Partners","1953-03-11","F","94102","06075","CA","2025-04-19","","ACTIVE","FALSE","FALSE","","1.746","1.9218","MODERATE","24","2.0925","FALSE","0","1300983484","ELIGIBILITY_834","2026-08-28 00:00:00","","TRUE","2026-09-15 10:31:41","4ffe2091082715c951013aed8030636f8893dcbad2eaf7fe3cc04658c6fce154"
"1688235f-793f-5537-8cb6-8df91ced5434","SH100905","C62A-CM-9332","","SELF","MED-2024-05","Sutter Health Medicare Advantage Gold","MEDICARE_ADVANTAGE","MEDICARE","GRP10204","Bay Area Health Alliance","2008-02-29","M","95148","06085","CA","2026-05-09","2026-11-04","COBRA","TRUE","FALSE","LIS3","0.6278","0.6972","LOW","9","0.636","FALSE","1","1578511131","ELIGIBILITY_834","2026-09-08 00:00:00","","TRUE","2026-09-15 10:31:41","64e345ce6e095710967ab817fe98f046f592c7045004ffefae0afa072c80e086"
"6d911cf0-8c61-54e0-8a64-569e2303a52c","SH100906","","CA7657378385","SELF","MED-2024-04","Sutter Health Medicaid Managed Gold","MEDICAID_MANAGED","MEDICAID","GRP10080","NorCal Tech Coalition","1953-02-24","F","93727","06085","CA","2024-08-21","","ACTIVE","FALSE","FALSE","","0.4334","0.4416","LOW","6","0.4193","FALSE","3","1761191133","ELIGIBILITY_834","2026-09-01 00:00:00","","TRUE","2026-09-15 10:31:41","cfe4cc07a87632bb5a51d3643741fab2dd386f4ecda5688483166c9975574f33"
"0d6e736a-4d6b-5b10-8c7f-d9e88c558fba","SH100907","","","SELF","PPO-2024-03","Sutter Health Ppo Gold","PPO","COMMERCIAL","GRP10220","California State Employees","1992-12-04","M","95131","06085","CA","2026-02-16","","ACTIVE","FALSE","FALSE","","0.3287","0.3755","LOW","7","0.3406","FALSE","1","1585935286","ELIGIBILITY_834","2026-09-10 00:00:00","","TRUE","2026-09-15 10:31:41","bb90878c36912d2eda20c463c7a5183135b9732f4d53a9ab840048ee6d3dd730"
"6f2f65c1-2dd3-5630-a130-311b2fea9d13","SH100908","","","DEPENDENT","HDH-2024-01","Sutter Health Hdhp Gold","HDHP","COMMERCIAL","GRP10214","Safeway Health Plan","1972-11-13","F","95131","06085","CA","2024-10-08","","ACTIVE","FALSE","FALSE","","0.7337","0.7349","LOW","11","0.6977","FALSE","3","1490184816","ELIGIBILITY_834","2026-08-29 00:00:00","","TRUE","2026-09-15 10:31:41","079d3b7b27dacae747c61e3c9f733161d1edc654e077b129015d511bfa4bf677"
"4cdf1f57-9625-52b4-acc5-8d6740246ac8","SH100909","","","DEPENDENT","HMO-2024-06","Sutter Health Hmo Gold","HMO","COMMERCIAL","GRP10277","Sutter Medical Foundation","1963-07-09","M","94609","06075","CA","2026-04-12","","ACTIVE","FALSE","FALSE","","1.6428","1.5439","MODERATE","17","1.9502","FALSE","1","1727904443","ELIGIBILITY_834","2026-09-08 00:00:00","","TRUE","2026-09-15 10:31:41","300c049d9bf2187e4b52c29ab81c823592152e619960aa7bb82273a6720b1ca0"
"d8258438-d5cf-5be9-b903-7e147506ad0c","SH100910","","","SPOUSE","PPO-2024-01","Sutter Health Ppo Gold","PPO","COMMERCIAL","GRP10172","Central Valley Employers Group","1991-09-04","M","94118","06075","CA","2022-12-29","2023-09-16","TERMED","FALSE","FALSE","","1.1982","1.3253","MODERATE","9","1.1596","FALSE","3","1452789470","ELIGIBILITY_834","2026-09-03 00:00:00","","TRUE","2026-09-15 10:31:41","1e66eb82e8f749b3399e1aec24d3e5b3c554cc69c050a795696707b8e4d5eaad"
"33245b9f-2ab2-59bd-9244-e6ee2aabe74a","SH100911","","","SPOUSE","HMO-2024-02","Sutter Health Hmo Gold","HMO","COMMERCIAL","GRP10013","NorCal Tech Coalition","1964-05-28","M","94121","06075","CA","2026-06-03","","ACTIVE","FALSE","FALSE","","3.2729","2.9422","VERY_HIGH","39","3.0696","TRUE","3","1705945411","ELIGIBILITY_834","2026-08-16 00:00:00","","TRUE","2026-09-15 10:31:41","518ac976ee51746b31a83578658e3a859b84cc9e59aad0700051e968ba106f18"
"dc047dee-8ad2-5d2d-bf80-0c9d8fa72f65","SH100912","","","SPOUSE","PPO-2024-05","Sutter Health Ppo Gold","PPO","COMMERCIAL","GRP10254","California State Employees","2018-03-31","F","94118","06075","CA","2025-08-29","","ACTIVE","FALSE","FALSE","","3.5341","3.6558","VERY_HIGH","36","3.3504","TRUE","0","1312695284","ELIGIBILITY_834","2026-08-17 00:00:00","","TRUE","2026-09-15 10:31:41","31b7ac4440f67fb1aef235b21bfe56796a3fcd5688e5901eac9b67f5c4125a54"
"c3ff0c1e-22ae-58ad-98db-d43283731056","SH100913","","","SELF","PPO-2024-07","Sutter Health Ppo Gold","PPO","COMMERCIAL","GRP10038","Bay Area Health Alliance","1936-11-13","M","94121","06075","CA","2025-06-12","","ACTIVE","FALSE","FALSE","","1.4599","1.5899","MODERATE","21","1.37","FALSE","2","1207239493","ELIGIBILITY_834","2026-09-02 00:00:00","","TRUE","2026-09-15 10:31:41","a5a10c8798fa0a0ec88ec0677292f85d738c911b828e03659dcf42c1e3557852"
"01ab9f23-0244-54ea-9b64-1bd5bf132286","SH100914","","","SPOUSE","PPO-2024-09","Sutter Health Ppo Gold","PPO","COMMERCIAL","GRP10392","Bay Area Health Alliance","1939-11-19","F","95131","06085","CA","2025-10-14","","ACTIVE","FALSE","FALSE","","0.8434","0.8943","LOW","13","0.9874","FALSE","0","1128400152","ELIGIBILITY_834","2026-09-05 00:00:00","","TRUE","2026-09-15 10:31:41","dfbd2726ad453403b29a57a23ce60502e88584a25e0fc56db71a7ff44016be18"
"5d422593-9ba2-5592-a0e7-9aefb53d5536","SH100915","","","DEPENDENT","PPO-2024-09","Sutter Health Ppo Gold","PPO","COMMERCIAL","GRP10327","Palo Alto Medical Foundation","1956-08-31","M","93722","06085","CA","2025-09-05","","ACTIVE","FALSE","FALSE","","0.9089","0.7982","MODERATE","8","1.0501","FALSE","1","1421599311","ELIGIBILITY_834","2026-08-31 00:00:00","","TRUE","2026-09-15 10:31:41","b5622117bb2657f8afcc935958ca58e42ef0d0e26611d52e3c493633c2780092"
"dfb68908-112e-5d47-ad69-8b7c2658b97e","SH100916","","","SPOUSE","PPO-2024-03","Sutter Health Ppo Gold","PPO","COMMERCIAL","GRP10345","NorCal Tech Coalition","1942-03-29","F","93720","06085","CA","2025-01-13","","ACTIVE","FALSE","FALSE","","0.8824","0.8829","LOW","8","0.989","FALSE","4","1852061631","ELIGIBILITY_834","2026-09-15 00:00:00","","TRUE","2026-09-15 10:31:41","035bc615629c33879dd182145f5c0314c45b3bac917fa0ebd2ad32cd78cd3e53"
"dc5413b8-c882-544d-9624-6c0ba0beb13f","SH100917","","","SPOUSE","HMO-2024-05","Sutter Health Hmo Gold","HMO","COMMERCIAL","GRP10183","Sutter Medical Foundation","1976-03-16","F","94578","06001","CA","2024-01-19","","ACTIVE","FALSE","FALSE","","1.111","1.0011","MODERATE","17","1.3199","FALSE","1","1278165076","ELIGIBILITY_834","2026-09-07 00:00:00","","TRUE","2026-09-15 10:31:41","7277ad80b7da87321a6f7093b75f99cebc1c142c125705893854b4adb5199dfb"
"1ee3dcee-6525-57c2-946d-de84cf500281","SH100918","","","SELF","POS-2024-07","Sutter Health Pos Gold","POS","COMMERCIAL","GRP10244","UCSF Health Partners","1945-04-05","F","93720","06085","CA","2024-01-04","","ACTIVE","FALSE","FALSE","","3.4498","3.939","VERY_HIGH","40","3.6039","TRUE","3","1534361625","ELIGIBILITY_834","2026-08-25 00:00:00","","TRUE","2026-09-15 10:31:41","a1667dda842b7e8dd69a636ab3eeb920982458a5c06353490223a6fa11caf9a7"
"7abae9db-63c0-5771-8fef-e4108a3f302b","SH100919","G646-21-6247","","SELF","MED-2024-05","Sutter Health Medicare Advantage Gold","MEDICARE_ADVANTAGE","MEDICARE","GRP10386","Palo Alto Medical Foundation","1954-11-11","F","94122","06075","CA","2025-06-07","2025-07-15","TERMED","FALSE","FALSE","LIS2","0.6514","0.5867","LOW","4","0.7125","FALSE","0","1672608950","ELIGIBILITY_834","2026-09-13 00:00:00","","TRUE","2026-09-15 10:31:41","f4a3e9f298cdf93f77c722625edd2cdd664163c3c322c724cd4769bc9e5f3233"
"f5c3aa52-3bef-5f98-9654-a0697e46475c","SH100920","","","SELF","HDH-2024-01","Sutter Health Hdhp Gold","HDHP","COMMERCIAL","GRP10209","California State Employees","2002-12-04","F","94122","06075","CA","2023-12-22","","ACTIVE","FALSE","FALSE","","2.4055","2.5174","HIGH","29","2.8598","FALSE","1","1100264915","ELIGIBILITY_834","2026-09-04 00:00:00","","TRUE","2026-09-15 10:31:41","5d0e18141b826a399c0f3215a8eb47dc9568b6141d6115f18c52b0819828f10f"
"33e11ec5-60fd-533c-8cb4-3c3f65371635","SH100921","G3GM-7T-1193","","SELF","MED-2024-01","Sutter Health Medicare Advantage Gold","MEDICARE_ADVANTAGE","MEDICARE","GRP10102","Kaiser Community Partners","1945-11-08","M","94131","06075","CA","2025-01-30","","ACTIVE","FALSE","FALSE","LIS2","1.8499","1.9943","HIGH","25","1.921","TRUE","1","1764846930","ELIGIBILITY_834","2026-08-25 00:00:00","","TRUE","2026-09-15 10:31:41","80d31c67efd3d9ac1a5f62fe874776f56c41605926da3b8e69bcedc5ccae8ac9"
"5d636cd7-2434-5326-9e1e-042ea61fe491","SH100922","A6JT-GH-4617","","SPOUSE","MED-2024-04","Sutter Health Medicare Advantage Gold","MEDICARE_ADVANTAGE","MEDICARE","GRP10365","NorCal Tech Coalition","1997-10-07","F","95014","06085","CA","2025-03-27","","ACTIVE","FALSE","FALSE","LIS1","0.8854","0.9838","LOW","11","0.8515","FALSE","3","1111084635","ELIGIBILITY_834","2026-08-19 00:00:00","","TRUE","2026-09-15 10:31:41","d2e38d1cf1714c80674383be698f256f47ce149a6c09655e8e2572e5febf40e0"
"0385afb8-84a6-5d56-87e3-304f98205c35","SH100923","H8GT-V2-6857","","SPOUSE","MED-2024-07","Sutter Health Medicare Advantage Gold","MEDICARE_ADVANTAGE","MEDICARE","GRP10418","Central Valley Employers Group","1940-11-24","M","95128","06085","CA","2024-07-03","","ACTIVE","FALSE","FALSE","LIS2","5.3485","6.0524","CATASTROPHIC","58","6.0813","FALSE","5","1224880686","ELIGIBILITY_834","2026-08-27 00:00:00","","TRUE","2026-09-15 10:31:41","1b6225726af4f478373b14abebab989c05f08446a33db3882f9a6988bb79c875"
"31b61155-dec6-5cdf-8851-807ac7faa678","SH100924","G19G-MX-3744","","SELF","MED-2024-08","Sutter Health Medicare Advantage Gold","MEDICARE_ADVANTAGE","MEDICARE","GRP10096","UCSF Health Partners","1953-08-29","F","94501","06001","CA","2022-12-26","","ACTIVE","FALSE","FALSE","LIS2","0.6303","0.5395","LOW","3","0.6087","FALSE","3","1421886039","ELIGIBILITY_834","2026-09-04 00:00:00","","TRUE","2026-09-15 10:31:41","a87719257087a2dd08db8f1209939d1d202517e8f9ee1c848dd2e7b6230cc79c"
"4415135f-4565-5364-a207-bd70393586cc","SH100925","","","SPOUSE","HDH-2024-03","Sutter Health Hdhp Gold","HDHP","COMMERCIAL","GRP10389","UCSF Health Partners","1944-12-16","M","95126","06085","CA","2025-03-13","","ACTIVE","FALSE","FALSE","","4.7448","5.2774","CATASTROPHIC","58","4.552","TRUE","2","1548847292","ELIGIBILITY_834","2026-09-02 00:00:00","","TRUE","2026-09-15 10:31:41","91a3c1c842b3522670fd32ae931811c685d1fa17b2fb172eebd4721997d7fa4c"
"2ab5c450-a310-595d-aaa3-a9c80081616e","SH100926","","","SPOUSE","PPO-2024-04","Sutter Health Ppo Gold","PPO","COMMERCIAL","GRP10120","NorCal Tech Coalition","1976-06-03","F","94115","06075","CA","2024-04-08","","ACTIVE","FALSE","FALSE","","3.3781","3.8277","VERY_HIGH","36","3.5237","TRUE","2","1937765446","ELIGIBILITY_834","2026-09-13 00:00:00","","TRUE","2026-09-15 10:31:41","1458f7a90e2069cb3e1f0402424686162e595f5b0786c3e10b3206c312cada98"
"627433ec-3fdd-580c-847f-db436d165b53","SH100927","","","SELF","HMO-2024-06","Sutter Health Hmo Gold","HMO","COMMERCIAL","GRP10202","California State Employees","1945-11-14","M","94132","06075","CA","2025-04-09","","ACTIVE","FALSE","FALSE","","1.3547","1.5199","MODERATE","14","1.5762","FALSE","2","1188427358","ELIGIBILITY_834","2026-09-07 00:00:00","","TRUE","2026-09-15 10:31:41","b8e7536599dd75bfc02244b4e8b8c837dc8af41de699cbf7e52eea71c6f01d0c"
"b439360b-507a-5a2b-a22c-6bf60b0a8176","SH100928","F8V3-GY-1084","","SPOUSE","MED-2024-09","Sutter Health Medicare Advantage Gold","MEDICARE_ADVANTAGE","MEDICARE","GRP10382","Sutter Medical Foundation","1949-03-12","F","94577","06001","CA","2024-05-15","","ACTIVE","FALSE","FALSE","","4.3021","4.5075","CATASTROPHIC","46","3.8983","FALSE","1","1164221002","ELIGIBILITY_834","2026-09-08 00:00:00","","TRUE","2026-09-15 10:31:41","9f18d455f7bd9a2d1cebbfa3d8eda9331f8ea4d0e95bdd61282064bf940eba2e"
"429af40b-d60a-5286-8a5b-7d4f34329110","SH100929","","","SELF","PPO-2024-02","Sutter Health Ppo Gold","PPO","COMMERCIAL","GRP10225","Bay Area Health Alliance","2015-08-31","M","94102","06075","CA","2024-03-28","","ACTIVE","FALSE","FALSE","","0.5549","0.5564","LOW","4","0.5906","FALSE","3","1123894155","ELIGIBILITY_834","2026-09-11 00:00:00","","TRUE","2026-09-15 10:31:41","a892797fe45282ec070fd7b6c0ff7f6edad7e935c0a56e3b90d2fe921d8e6789"
"cc3b3544-f76b-58dd-8ba3-c0d375a4990e","SH100930","","","DEPENDENT","HMO-2024-07","Sutter Health Hmo Gold","HMO","COMMERCIAL","GRP10389","NorCal Tech Coalition","1945-11-11","M","95131","06085","CA","2024-08-13","","ACTIVE","FALSE","FALSE","","0.6071","0.6086","LOW","10","0.6321","FALSE","2","1826120892","ELIGIBILITY_834","2026-09-09 00:00:00","","TRUE","2026-09-15 10:31:41","ae24fec8c68e119841d8f8a7618ead6893fab7ee098f3e0483fc1ada8d2397a0"
"a5341608-0c26-5548-bf9a-19f7fbb13d16","SH100931","F37E-3T-0486","","SELF","MED-2024-07","Sutter Health Medicare Advantage Gold","MEDICARE_ADVANTAGE","MEDICARE","GRP10326","Central Valley Employers Group","1965-10-10","F","93701","06085","CA","2024-08-26","2026-08-12","TERMED","FALSE","FALSE","","3.9849","3.4159","VERY_HIGH","46","3.622","FALSE","3","1713108415","ELIGIBILITY_834","2026-09-03 00:00:00","","TRUE","2026-09-15 10:31:41","151cb1c5d7b19110d7d19368fb0ef5227949517e75bb48800c6f9927cfb4f764"
"d4f2000e-bd7c-5118-b5a8-8fedc64ed1f9","SH100932","","CA4996418682","SELF","MED-2024-09","Sutter Health Medicaid Managed Gold","MEDICAID_MANAGED","MEDICAID","GRP10260","Palo Alto Medical Foundation","2020-06-25","F","94603","06075","CA","2025-06-19","","ACTIVE","FALSE","FALSE","","1.8148","1.6469","HIGH","25","1.7171","FALSE","5","1822525060","ELIGIBILITY_834","2026-08-24 00:00:00","","TRUE","2026-09-15 10:31:41","9618412e629d2bbce60d5bab1e1641124f9cda2d3ec10a725e0b1e16e0aa0e1d"
"52b1ce6f-69f8-5233-9d1e-43a5d5e63a09","SH100933","","CA3855588461","DEPENDENT","MED-2024-02","Sutter Health Medicaid Managed Gold","MEDICAID_MANAGED","MEDICAID","GRP10080","Sutter Medical Foundation","1964-02-09","F","94122","06075","CA","2024-03-10","","ACTIVE","FALSE","FALSE","","2.6224","2.4713","HIGH","29","2.8909","TRUE","3","1321455851","ELIGIBILITY_834","2026-09-08 00:00:00","","TRUE","2026-09-15 10:31:41","fefee413604d3dc94f4bb9c30512b044ce22d6766c9ba8e01b23130cc9b0fc4e"
"8d1c8de8-3062-5ae2-b751-c5abd48e0779","SH100934","H1PK-0W-2438","","SELF","MED-2024-04","Sutter Health Medicare Advantage Gold","MEDICARE_ADVANTAGE","MEDICARE","GRP10174","Kaiser Community Partners","1966-08-04","M","94609","06075","CA","2025-06-15","","ACTIVE","FALSE","FALSE","LIS1","2.2185","1.9036","HIGH","27","2.4608","FALSE","4","1571575822","ELIGIBILITY_834","2026-08-21 00:00:00","","TRUE","2026-09-15 10:31:41","96d6962f00e0b234b2fc97dfb46f1e253a6f20fd5db5cf41a25c4db5ef0f4e93"
"6ed52c37-0e02-5972-913c-7c56d8c945da","SH100935","","","DEPENDENT","HMO-2024-02","Sutter Health Hmo Gold","HMO","COMMERCIAL","GRP10330","Kaiser Community Partners","1968-01-16","F","93711","06085","CA","2025-10-27","","ACTIVE","FALSE","FALSE","","2.7538","2.5647","HIGH","30","2.792","FALSE","4","1722661122","ELIGIBILITY_834","2026-08-19 00:00:00","","TRUE","2026-09-15 10:31:41","d25b308461583e1a01dc7d2c414f03263e75aa1169c8c6c705a312a647a98fcc"
"23ea64a6-8d2b-5cb2-941a-c86eccd5a86c","SH100936","","CA3316796568","SELF","MED-2024-02","Sutter Health Medicaid Managed Gold","MEDICAID_MANAGED","MEDICAID","GRP10021","Safeway Health Plan","1963-04-16","M","94121","06075","CA","2024-02-24","","ACTIVE","FALSE","FALSE","","2.9373","2.5446","VERY_HIGH","38","3.0439","TRUE","1","1151458111","ELIGIBILITY_834","2026-09-03 00:00:00","","TRUE","2026-09-15 10:31:41","937abc1c9a72b6d6252326f07a200f9aaec769e3cec6d66bdc717d4e013b923e"
"159ffbf8-dab1-51e8-9feb-68ec4ed26ffb","SH100937","","","SELF","PPO-2024-03","Sutter Health Ppo Gold","PPO","COMMERCIAL","GRP10264","Kaiser Community Partners","1966-11-01","F","93711","06085","CA","2026-05-09","","ACTIVE","FALSE","FALSE","","1.3739","1.4779","MODERATE","11","1.501","FALSE","2","1808423806","ELIGIBILITY_834","2026-09-01 00:00:00","","TRUE","2026-09-15 10:31:41","d6020952cc80fd142a12fe4e442cf603b3112963faf6786f797cb1ec324d7118"
"ca24be5d-825d-530a-aa73-73e590592f8f","SH100938","F1J0-ET-0263","","SELF","MED-2024-04","Sutter Health Medicare Advantage Gold","MEDICARE_ADVANTAGE","MEDICARE","GRP10285","Sutter Medical Foundation","2017-11-18","F","95128","06085","CA","2024-04-06","","ACTIVE","FALSE","FALSE","LIS3","2.1849","1.9294","HIGH","27","2.4928","FALSE","3","1669495244","ELIGIBILITY_834","2026-09-03 00:00:00","","TRUE","2026-09-15 10:31:41","82b6770a698cac5c572491e0130fa69fa5dcb9269df7fe2b95fa7368183d0c02"
"dcc10ea4-6e97-5292-af7c-41067dfc85c6","SH100939","","","SELF","HMO-2024-02","Sutter Health Hmo Gold","HMO","COMMERCIAL","GRP10448","NorCal Tech Coalition","1940-02-01","F","94121","06075","CA","2024-10-15","","ACTIVE","FALSE","FALSE","","0.7478","0.8175","LOW","13","0.8836","FALSE","1","1330800403","ELIGIBILITY_834","2026-09-11 00:00:00","","TRUE","2026-09-15 10:31:41","bbf6815e4a34873e0725ed9b727f756c50c3f3b7aa82a1da536183bc4ccfd77c"
"e9693078-2f22-5df1-9b6c-d8be0c0d4a90","SH100940","","","SPOUSE","PPO-2024-05","Sutter Health Ppo Gold","PPO","COMMERCIAL","GRP10470","Central Valley Employers Group","1994-05-10","F","93701","06085","CA","2023-12-11","","ACTIVE","FALSE","FALSE","","2.5042","2.3163","HIGH","30","2.2854","TRUE","1","1360149444","ELIGIBILITY_834","2026-09-04 00:00:00","","TRUE","2026-09-15 10:31:41","2d99674a38595ec399918f595e7cc36b564bc6ac8224005d3bbec397e9e6cb4d"
"b8861bb8-12cf-5a75-b1bd-2483e44283b1","SH100941","P8VJ-WP-4662","","SELF","MED-2024-01","Sutter Health Medicare Advantage Gold","MEDICARE_ADVANTAGE","MEDICARE","GRP10279","UCSF Health Partners","2018-12-19","F","95128","06085","CA","2024-12-07","2026-06-12","TERMED","FALSE","FALSE","","2.0784","1.7768","HIGH","22","2.122","FALSE","5","1227621129","ELIGIBILITY_834","2026-09-01 00:00:00","","TRUE","2026-09-15 10:31:41","df63dbe5abc83fd90bb761bcbf82bd8c05e4a09cc60c1afe2ca4fda499e96d19"
"d0749b1c-5092-5879-b325-faa769d2e1bc","SH100942","G3RY-0F-0666","","DEPENDENT","MED-2024-07","Sutter Health Medicare Advantage Gold","MEDICARE_ADVANTAGE","MEDICARE","GRP10309","Kaiser Community Partners","1994-11-30","M","94121","06075","CA","2026-03-06","2026-12-01","COBRA","TRUE","FALSE","LIS2","3.8264","4.0176","VERY_HIGH","42","3.6609","TRUE","0","1515486106","ELIGIBILITY_834","2026-09-04 00:00:00","","TRUE","2026-09-15 10:31:41","3e95a0f89fac57e7444b8efb103d005b36fd317ac650348b00350dd72de92452"
"ec18e485-7920-5511-9464-d124f1faa690","SH100943","","","SELF","PPO-2024-04","Sutter Health Ppo Gold","PPO","COMMERCIAL","GRP10230","UCSF Health Partners","1961-12-25","M","94577","06001","CA","2023-11-10","","ACTIVE","FALSE","FALSE","","2.2775","2.6004","HIGH","29","2.2238","TRUE","4","1499613352","ELIGIBILITY_834","2026-09-10 00:00:00","","TRUE","2026-09-15 10:31:41","a080bb5f5e5d8115024cf9b80b9ae31cfd07443af6f3b88be9cd2d30a7a38be3"
"91a7c4da-cd08-548d-b09f-99841c9c5225","SH100944","","","DEPENDENT","PPO-2024-08","Sutter Health Ppo Gold","PPO","COMMERCIAL","GRP10015","Sutter Medical Foundation","1953-05-30","M","94121","06075","CA","2025-10-02","","ACTIVE","FALSE","FALSE","","1.9896","2.1474","HIGH","19","2.3457","TRUE","1","1171402243","ELIGIBILITY_834","2026-09-11 00:00:00","","TRUE","2026-09-15 10:31:41","652b71ea938b810d17f49bfb1a80a2ac2eebc0fee4846f74628b03ecb1950559"
"88f0d967-cc2e-55e3-8b4b-a0d236f566bb","SH100945","F1Y0-XR-5642","","SPOUSE","MED-2024-03","Sutter Health Medicare Advantage Gold","MEDICARE_ADVANTAGE","MEDICARE","GRP10077","Kaiser Community Partners","1980-09-09","F","94577","06001","CA","2023-03-28","","ACTIVE","FALSE","FALSE","LIS3","1.096","0.9705","MODERATE","10","1.2851","FALSE","3","1604741676","ELIGIBILITY_834","2026-09-05 00:00:00","","TRUE","2026-09-15 10:31:41","26df0c135f283aa9f363d63bf753959fd7d6386b9934d39438d8718b2a9fdb81"
"ca08720a-a981-504d-a629-1d25739757e3","SH100946","","CA9735771191","DEPENDENT","MED-2024-06","Sutter Health Medicaid Managed Gold","MEDICAID_MANAGED","MEDICAID","GRP10317","California State Employees","1983-05-31","M","94609","06075","CA","2024-12-30","","ACTIVE","FALSE","FALSE","","5.9265","6.7131","CATASTROPHIC","65","6.0491","TRUE","4","1234327630","ELIGIBILITY_834","2026-09-11 00:00:00","","TRUE","2026-09-15 10:31:41","8a7c23bacfe848fc4f6bbbc834ec9c4d8463cd603f242088330de4bdfa5d5ad9"
"d764ad1d-c399-5a4b-9149-130e0e463fec","SH100947","","","SPOUSE","PPO-2024-05","Sutter Health Ppo Gold","PPO","COMMERCIAL","GRP10493","Central Valley Employers Group","1984-09-24","M","94121","06075","CA","2022-10-22","2024-09-08","TERMED","FALSE","FALSE","","0.6157","0.629","LOW","9","0.6448","FALSE","1","1107223665","ELIGIBILITY_834","2026-09-12 00:00:00","","TRUE","2026-09-15 10:31:41","842f2cab01c8f0aa6d96396cf0ac4031af7dab3efb12cb2bf3d1cfb1a220d8af"
"ea9be58a-ef67-5716-96f0-232d6d308fb0","SH100948","J7D5-Y5-2025","","SPOUSE","MED-2024-02","Sutter Health Medicare Advantage Gold","MEDICARE_ADVANTAGE","MEDICARE","GRP10496","NorCal Tech Coalition","1997-10-19","F","93701","06085","CA","2025-07-05","","ACTIVE","FALSE","FALSE","LIS2","0.3311","0.3301","LOW","1","0.3492","FALSE","3","1166689973","ELIGIBILITY_834","2026-09-09 00:00:00","","TRUE","2026-09-15 10:31:41","7aca5a49f6c13311915b11c5cba7e82e9e189510d2cc7af3c9324c817de10036"
"dd03ae21-d868-59c8-926e-cfc537f26cda","SH100949","","","SELF","PPO-2024-02","Sutter Health Ppo Gold","PPO","COMMERCIAL","GRP10383","Kaiser Community Partners","1952-05-06","F","94501","06001","CA","2024-01-16","","ACTIVE","FALSE","FALSE","","3.1439","3.2466","VERY_HIGH","35","3.7001","FALSE","4","1546658128","ELIGIBILITY_834","2026-08-18 00:00:00","","TRUE","2026-09-15 10:31:41","65319c5cfa71da1eca4e8fa755148e2c38ff6e740c77b0e981cd334a70d27fda"
"236a3f37-c7e1-50a0-8c80-a8a941f29693","SH100950","","","SELF","POS-2024-06","Sutter Health Pos Gold","POS","COMMERCIAL","GRP10492","UCSF Health Partners","1958-11-25","M","94115","06075","CA","2023-10-02","","ACTIVE","FALSE","FALSE","","0.8514","0.8661","LOW","10","0.8642","FALSE","2","1677901703","ELIGIBILITY_834","2026-09-07 00:00:00","","TRUE","2026-09-15 10:31:41","f60cd63a951e41be658857f9cfa2c620df5ee19715e8aaafc371b67fd60d0cb5"
"ba2f7ae2-bcb1-5ad6-8ad3-4e8d6149f34b","SH100951","P402-EQ-0770","","SELF","MED-2024-01","Sutter Health Medicare Advantage Gold","MEDICARE_ADVANTAGE","MEDICARE","GRP10317","California State Employees","1964-04-07","M","94132","06075","CA","2024-12-09","","ACTIVE","FALSE","FALSE","LIS3","2.6078","2.4677","HIGH","32","2.5965","TRUE","0","1818415838","ELIGIBILITY_834","2026-09-06 00:00:00","","TRUE","2026-09-15 10:31:41","a3ead69e2c65e295d485a68faadacf99fc3bca59846278ea931e22e040ab86d4"
"16f403a3-d07e-504c-820b-76542eb9a666","SH100952","","","SELF","HMO-2024-07","Sutter Health Hmo Gold","HMO","COMMERCIAL","GRP10378","Sutter Medical Foundation","1963-10-02","F","95128","06085","CA","2025-07-24","","ACTIVE","FALSE","FALSE","","2.829","2.582","VERY_HIGH","34","3.127","FALSE","2","1356138322","ELIGIBILITY_834","2026-09-07 00:00:00","","TRUE","2026-09-15 10:31:41","f38d7b3e8dc1d7239a4d22b604cba8bc814ced8f3b580040ec13b0918f17e523"
"cba77fd7-2829-53b5-9e4a-6d109a2e14e1","SH100953","","","SELF","HDH-2024-01","Sutter Health Hdhp Gold","HDHP","COMMERCIAL","GRP10104","Bay Area Health Alliance","1994-04-12","M","93720","06085","CA","2023-02-04","","ACTIVE","FALSE","FALSE","","0.8408","0.7859","LOW","10","0.9919","FALSE","3","1467805751","ELIGIBILITY_834","2026-08-27 00:00:00","","TRUE","2026-09-15 10:31:41","cfa7a254ab175689467a0086566eb53cc7a603b67662c5ad6e409ffa1447fbfe"
"a26658b2-522f-5cba-a3bb-7925cc98152a","SH100954","E2X7-47-4311","","SELF","MED-2024-07","Sutter Health Medicare Advantage Gold","MEDICARE_ADVANTAGE","MEDICARE","GRP10021","UCSF Health Partners","1963-01-15","F","94578","06001","CA","2023-10-02","","PENDING","FALSE","FALSE","","3.3849","3.3906","VERY_HIGH","43","3.1482","FALSE","0","1144051620","ELIGIBILITY_834","2026-09-05 00:00:00","","TRUE","2026-09-15 10:31:41","97947cb1e5fc3d76f0c570f190e2a107b3f5ed324e9c7656f95c03c99ab449b9"
"1970b509-d68e-5752-917f-71aae3a2fdcf","SH100955","","","SELF","PPO-2024-08","Sutter Health Ppo Gold","PPO","COMMERCIAL","GRP10344","UCSF Health Partners","2009-06-28","F","95014","06085","CA","2023-11-29","","ACTIVE","FALSE","FALSE","","1.0003","1.0472","MODERATE","6","1.1038","FALSE","0","1257560938","ELIGIBILITY_834","2026-08-31 00:00:00","","TRUE","2026-09-15 10:31:41","fd79f5400832e672fe47ff3e75bc9f226c6bc5184b95d8fb2458a6a97be18956"
"5628e8c6-c966-58f0-b570-7369ed4e5195","SH100956","","","DEPENDENT","HMO-2024-06","Sutter Health Hmo Gold","HMO","COMMERCIAL","GRP10032","Central Valley Employers Group","1985-10-03","F","94123","06075","CA","2026-01-05","","ACTIVE","FALSE","FALSE","","1.7025","1.8417","MODERATE","25","1.9047","FALSE","3","1519190425","ELIGIBILITY_834","2026-08-28 00:00:00","","TRUE","2026-09-15 10:31:41","313af14198569e81b0205f30509982f18af70e1be9ffaa1a54ead3cfe9cf83dd"
"bd8546e4-4019-5fd9-b065-ab3ab2f9ac24","SH100957","","","SELF","PPO-2024-03","Sutter Health Ppo Gold","PPO","COMMERCIAL","GRP10070","California State Employees","1946-03-11","M","95126","06085","CA","2025-02-27","","PENDING","FALSE","FALSE","","1.5328","1.5678","MODERATE","13","1.5515","FALSE","3","1179105181","ELIGIBILITY_834","2026-08-20 00:00:00","","TRUE","2026-09-15 10:31:41","684018fbbddb16553b295e1f66640cb804cef5e6b6018f7e0b9f98153a13a7a6"
"6bb1c2a7-d678-59ff-a80c-d996620090c3","SH100958","D7K7-A0-8910","","SPOUSE","MED-2024-02","Sutter Health Medicare Advantage Gold","MEDICARE_ADVANTAGE","MEDICARE","GRP10374","Kaiser Community Partners","1973-09-04","M","94102","06075","CA","2024-05-19","","ACTIVE","FALSE","FALSE","LIS2","0.9374","0.9081","MODERATE","12","0.8602","FALSE","4","1788344795","ELIGIBILITY_834","2026-08-23 00:00:00","","TRUE","2026-09-15 10:31:41","11e6308dbc281a71a3be383c890b4efc2901ae8b78b2f828570b3f90e178ecf4"
"83e6cbe0-b5a7-52e9-9105-5bf1ab85e50e","SH100959","","","SELF","HDH-2024-01","Sutter Health Hdhp Gold","HDHP","COMMERCIAL","GRP10439","Palo Alto Medical Foundation","2019-05-06","M","93720","06085","CA","2023-02-10","","ACTIVE","FALSE","FALSE","","2.2601","2.1727","HIGH","28","2.4567","TRUE","2","1716841166","ELIGIBILITY_834","2026-08-29 00:00:00","","TRUE","2026-09-15 10:31:41","7a8555f67ef00857adc201eee80659b77428ba176e3f2798815a10d9d31d5441"
"13499c1a-72aa-5d01-b993-0a4c8c051bbe","SH100960","","","SELF","HDH-2024-09","Sutter Health Hdhp Gold","HDHP","COMMERCIAL","GRP10285","Central Valley Employers Group","1989-01-15","F","94103","06075","CA","2024-09-02","","ACTIVE","FALSE","FALSE","","0.464","0.4821","LOW","2","0.4302","FALSE","1","1844624702","ELIGIBILITY_834","2026-08-29 00:00:00","","TRUE","2026-09-15 10:31:41","49d7e45a4d1e08432abf832ade2ad8c292f698ad51dd09fc9b8d319cbb602169"
"1a5b3ec4-c969-5edc-bc66-6b49481d4eaa","SH100961","","","SELF","PPO-2024-07","Sutter Health Ppo Gold","PPO","COMMERCIAL","GRP10406","NorCal Tech Coalition","1979-11-09","M","95128","06085","CA","2025-07-31","2027-05-03","TERMED","FALSE","FALSE","","2.6453","2.8533","HIGH","32","2.6822","FALSE","0","1260425685","ELIGIBILITY_834","2026-09-08 00:00:00","","TRUE","2026-09-15 10:31:41","779eae568831fe4bd95705d6bd73001cab215976e992b83a93fdc7239bba52dc"
"63157a4e-be02-5741-aedf-a153e3b4fd59","SH100962","","","SELF","HMO-2024-06","Sutter Health Hmo Gold","HMO","COMMERCIAL","GRP10409","Palo Alto Medical Foundation","1979-02-23","M","94102","06075","CA","2025-09-22","","ACTIVE","FALSE","FALSE","","1.4763","1.5905","MODERATE","18","1.7516","FALSE","2","1492959953","ELIGIBILITY_834","2026-08-25 00:00:00","","TRUE","2026-09-15 10:31:41","60e34fa49371eee368fad2b26123ef5970f992e06c073bd2ecea6180669cd0d4"
"587b8f70-9f86-55f8-a62c-b8d52f1ec5fa","SH100963","H4YN-MT-9406","","SPOUSE","MED-2024-06","Sutter Health Medicare Advantage Gold","MEDICARE_ADVANTAGE","MEDICARE","GRP10130","Central Valley Employers Group","1940-08-21","M","94103","06075","CA","2024-05-14","","ACTIVE","FALSE","FALSE","LIS2","0.9486","0.9562","MODERATE","15","0.8814","FALSE","5","1180587885","ELIGIBILITY_834","2026-08-21 00:00:00","","TRUE","2026-09-15 10:31:41","83eda550e4bb833d6d19ee740107034084a9907565e987bc42d3762cbd2da1a3"
"b8a6467e-3e57-50aa-9d1b-037d16e3741f","SH100964","H7NQ-9E-8335","","SPOUSE","MED-2024-09","Sutter Health Medicare Advantage Gold","MEDICARE_ADVANTAGE","MEDICARE","GRP10433","California State Employees","1951-08-02","F","95128","06085","CA","2024-01-09","2026-12-30","COBRA","TRUE","FALSE","","3.9189","4.0802","VERY_HIGH","49","3.9926","TRUE","3","1723561018","ELIGIBILITY_834","2026-08-16 00:00:00","","TRUE","2026-09-15 10:31:41","6a3051ce91308828f2f040d292017b61c12d13810f7b93d87cb77c120c54903d"
"d183a549-201e-512e-9022-d4b65f84c326","SH100965","","","SELF","HDH-2024-04","Sutter Health Hdhp Gold","HDHP","COMMERCIAL","GRP10051","UCSF Health Partners","1960-05-30","F","94131","06075","CA","2026-06-05","","ACTIVE","FALSE","FALSE","","3.7615","3.2974","VERY_HIGH","43","3.5994","TRUE","0","1276031818","ELIGIBILITY_834","2026-08-20 00:00:00","","TRUE","2026-09-15 10:31:41","410cf2f11069c2e81b34e349973fa9fdcdc84a2854ec606b3abc103d18f6376c"
"53e5e93f-f07f-525b-b15f-be91f4e2ecc1","SH100966","","","SELF","PPO-2024-03","Sutter Health Ppo Gold","PPO","COMMERCIAL","GRP10417","California State Employees","1992-12-08","F","95054","06085","CA","2025-02-11","","ACTIVE","FALSE","FALSE","","0.4116","0.4191","LOW","1","0.4023","FALSE","4","1963174951","ELIGIBILITY_834","2026-09-01 00:00:00","","TRUE","2026-09-15 10:31:41","59018f50a00e3638401c9e6e711a01587028e17fe67aa1ca6c36990734a4d463"
"5d2e75de-4bd1-56ed-a544-f50313cb49d5","SH100967","","","SELF","HDH-2024-03","Sutter Health Hdhp Gold","HDHP","COMMERCIAL","GRP10000","Palo Alto Medical Foundation","2000-12-22","F","94118","06075","CA","2025-01-19","","ACTIVE","FALSE","FALSE","","0.443","0.4008","LOW","9","0.4673","FALSE","2","1554493262","ELIGIBILITY_834","2026-09-06 00:00:00","","TRUE","2026-09-15 10:31:41","5f42df66544ad5dfb1af7dd473e74cf8a82093bb807675edf47413a8e760fd80"
"399c2b0b-bc2e-578e-b726-2db24fbcfe68","SH100968","T6RY-30-9138","","SELF","MED-2024-01","Sutter Health Medicare Advantage Gold","MEDICARE_ADVANTAGE","MEDICARE","GRP10064","California State Employees","2021-11-18","F","94115","06075","CA","2024-08-14","2025-08-29","TERMED","FALSE","FALSE","","0.7036","0.668","LOW","8","0.7997","FALSE","5","1161824924","ELIGIBILITY_834","2026-09-08 00:00:00","","TRUE","2026-09-15 10:31:41","1e5a32a7eba898354a28bc80df22e4c1a4ecaa663b7d2d6ccf6032a490003e48"
"bb90dfe9-ab33-5d2a-8667-0ed3688320aa","SH100969","","","SELF","HMO-2024-08","Sutter Health Hmo Gold","HMO","COMMERCIAL","GRP10358","Sutter Medical Foundation","1963-11-15","F","94115","06075","CA","2024-02-20","2025-08-21","TERMED","FALSE","FALSE","","0.5696","0.5639","LOW","4","0.5175","FALSE","1","1527806405","ELIGIBILITY_834","2026-08-21 00:00:00","","TRUE","2026-09-15 10:31:41","da30a8dccfe95cd84ab38e74ee31105e07e80150a1d5377ec0eae75c325c856f"
"bdcfe745-18d3-584d-b526-d678ea29032e","SH100970","","","SPOUSE","PPO-2024-01","Sutter Health Ppo Gold","PPO","COMMERCIAL","GRP10421","Sutter Medical Foundation","2012-03-09","F","93701","06085","CA","2024-11-05","","ACTIVE","FALSE","FALSE","","0.6743","0.7342","LOW","4","0.6336","FALSE","2","1787531046","ELIGIBILITY_834","2026-08-31 00:00:00","","TRUE","2026-09-15 10:31:41","d3d28011c41a9b92e01154e8ebfe055573829fc8dcdbdb7c408adba88c07b299"
"2a8dc5e2-934d-522c-adbc-6ad8d2cd8ddb","SH100971","","","SPOUSE","PPO-2024-06","Sutter Health Ppo Gold","PPO","COMMERCIAL","GRP10361","California State Employees","1966-03-27","F","94122","06075","CA","2026-05-20","2027-02-24","TERMED","FALSE","FALSE","","1.2341","1.3918","MODERATE","15","1.3455","FALSE","3","1304988340","ELIGIBILITY_834","2026-08-21 00:00:00","","TRUE","2026-09-15 10:31:41","eea503d3009ed4339f734898393dd06a8630a1961533e682a857306da6bbc012"
"05c2fa98-2f9b-505f-a7d6-dd89c2f44cc4","SH100972","","","DEPENDENT","HDH-2024-02","Sutter Health Hdhp Gold","HDHP","COMMERCIAL","GRP10383","Kaiser Community Partners","1985-02-08","M","94603","06075","CA","2023-04-06","","ACTIVE","FALSE","FALSE","","1.088","1.0954","MODERATE","10","1.0633","FALSE","1","1860281649","ELIGIBILITY_834","2026-08-17 00:00:00","","TRUE","2026-09-15 10:31:41","ca8d9fa3072e2ea481f9546f714ca084a3d0ae9ff8ac681de0cfd4130f4c5278"
"bfc531bb-3818-5772-8367-a13fc6b67178","SH100973","","","SPOUSE","HMO-2024-07","Sutter Health Hmo Gold","HMO","COMMERCIAL","GRP10065","UCSF Health Partners","1967-04-22","F","95131","06085","CA","2024-01-06","","ACTIVE","FALSE","FALSE","","1.532","1.6064","MODERATE","15","1.4254","FALSE","1","1900261457","ELIGIBILITY_834","2026-09-12 00:00:00","","TRUE","2026-09-15 10:31:41","1b2e17c265918aa735d33e47c3b2f3caefea98872de8bddb95d51652fdf8c041"
"c5e049ea-95d8-5809-840b-db6d8d84951a","SH100974","","","DEPENDENT","PPO-2024-09","Sutter Health Ppo Gold","PPO","COMMERCIAL","GRP10470","UCSF Health Partners","1981-05-02","F","95148","06085","CA","2024-01-05","","ACTIVE","FALSE","FALSE","","0.3025","0.2638","LOW","8","0.3361","FALSE","4","1247608004","ELIGIBILITY_834","2026-09-06 00:00:00","","TRUE","2026-09-15 10:31:41","bc9d9261f20adf262301ad696a8a9451a830bb6bbd2aca27c72023eb9d2669b0"
"97b455d3-574c-57c8-b681-c27be3f6e618","SH100975","X8CN-2X-4168","","SPOUSE","MED-2024-04","Sutter Health Medicare Advantage Gold","MEDICARE_ADVANTAGE","MEDICARE","GRP10104","Safeway Health Plan","1999-03-03","F","94577","06001","CA","2025-09-01","2026-02-09","TERMED","FALSE","FALSE","LIS3","0.9578","0.9616","MODERATE","14","1.0274","FALSE","0","1664637437","ELIGIBILITY_834","2026-09-04 00:00:00","","TRUE","2026-09-15 10:31:41","4354f11483fc6f22cbf65131066cfd8e326c421a038e1a6494cca5e9d9215ea0"
"e9a72a8b-d004-5655-89bf-46fac95d1a65","SH100976","A8FH-Q6-1080","","SELF","MED-2024-02","Sutter Health Medicare Advantage Gold","MEDICARE_ADVANTAGE","MEDICARE","GRP10347","Kaiser Community Partners","1965-05-15","M","94603","06075","CA","2024-04-16","","ACTIVE","FALSE","FALSE","","1.2855","1.2638","MODERATE","14","1.3115","FALSE","2","1359246236","ELIGIBILITY_834","2026-09-15 00:00:00","","TRUE","2026-09-15 10:31:41","89d23bf56aa88481d61421e5dd5559ebea4ca9d02c029710e551f46117033e60"
"197806cb-d782-5b2c-8e48-e6d8a000d1a9","SH100977","","CA5149207737","SELF","MED-2024-07","Sutter Health Medicaid Managed Gold","MEDICAID_MANAGED","MEDICAID","GRP10183","Safeway Health Plan","1950-10-19","F","95054","06085","CA","2024-08-15","","ACTIVE","FALSE","FALSE","","1.499","1.5092","MODERATE","18","1.3522","FALSE","0","1478026991","ELIGIBILITY_834","2026-09-03 00:00:00","","TRUE","2026-09-15 10:31:41","2f6a56fbd31546c465a89730d76525fb2844bacdbb28e67bd6874d004140c94a"
"a684524a-d762-52c8-9798-53d66ad9b62b","SH100978","","","SPOUSE","HMO-2024-05","Sutter Health Hmo Gold","HMO","COMMERCIAL","GRP10133","Palo Alto Medical Foundation","1948-07-29","M","94121","06075","CA","2025-06-24","2026-05-29","TERMED","FALSE","FALSE","","0.5296","0.4907","LOW","2","0.4774","FALSE","2","1926609653","ELIGIBILITY_834","2026-08-21 00:00:00","","TRUE","2026-09-15 10:31:41","fda7950d4e111814c430f8795083bf0eca914aebac19db38163eeb0bd5087d14"
"8d4b8549-9035-5a0c-ba78-88f0cc0b8c68","SH100979","","","DEPENDENT","PPO-2024-03","Sutter Health Ppo Gold","PPO","COMMERCIAL","GRP10099","Sutter Medical Foundation","1944-09-27","F","95148","06085","CA","2026-05-08","2027-01-27","COBRA","TRUE","FALSE","","1.323","1.1412","MODERATE","11","1.5544","FALSE","1","1768093917","ELIGIBILITY_834","2026-08-30 00:00:00","","TRUE","2026-09-15 10:31:41","330e32d30ebb206a7594ca7946c28b92b14985afb44a559407c8ef69f2ac626e"
"574d309f-6ae6-5916-851c-45dfd95cfdba","SH100980","R270-V0-7972","","SELF","MED-2024-03","Sutter Health Medicare Advantage Gold","MEDICARE_ADVANTAGE","MEDICARE","GRP10342","Sutter Medical Foundation","1989-08-31","F","93722","06085","CA","2026-01-27","","ACTIVE","FALSE","FALSE","LIS3","0.8899","0.9638","LOW","9","0.8301","FALSE","3","1726938297","ELIGIBILITY_834","2026-09-04 00:00:00","","TRUE","2026-09-15 10:31:41","a25da299c0fa6cee88dc0ae0f39f1e5742e500148c104fa29f4d5eb598bbf98a"
"a5e97418-c988-53b1-8953-fafb35212adf","SH100981","","","SELF","PPO-2024-09","Sutter Health Ppo Gold","PPO","COMMERCIAL","GRP10327","Bay Area Health Alliance","1983-09-05","M","94102","06075","CA","2023-04-01","","ACTIVE","FALSE","FALSE","","2.5518","2.5458","HIGH","33","2.3312","TRUE","1","1715293993","ELIGIBILITY_834","2026-08-25 00:00:00","","TRUE","2026-09-15 10:31:41","7f4da3e7db2d00c9aafbdb87829543fec8718bc599567348a3f66e33ba7c63b8"
"de26394e-22fa-5ed4-84e0-913894ee03f9","SH100982","H5FC-JE-9777","","SELF","MED-2024-06","Sutter Health Medicare Advantage Gold","MEDICARE_ADVANTAGE","MEDICARE","GRP10143","Sutter Medical Foundation","1989-07-11","F","94609","06075","CA","2025-09-04","","ACTIVE","FALSE","FALSE","LIS3","0.44","0.3859","LOW","8","0.5221","FALSE","1","1603202486","ELIGIBILITY_834","2026-09-12 00:00:00","","TRUE","2026-09-15 10:31:41","7a056ae2a4197ab0e27b3a25d0b4b82a7e297e6d190f7cb4c420c5c67636a07d"
"a1bed6b7-18a7-58a2-8485-321fe2144d15","SH100983","","","SELF","HMO-2024-07","Sutter Health Hmo Gold","HMO","COMMERCIAL","GRP10202","Kaiser Community Partners","1947-10-19","F","95054","06085","CA","2022-11-12","","ACTIVE","FALSE","FALSE","","0.6132","0.6544","LOW","11","0.5812","FALSE","4","1965415402","ELIGIBILITY_834","2026-08-26 00:00:00","","TRUE","2026-09-15 10:31:41","62d2376f52d5d08924c1edfef3363d52674e374fed29f588ec4f98a73d60aa1d"
"f2952913-8aff-5982-b1c4-4884da014a5c","SH100984","","","SELF","PPO-2024-04","Sutter Health Ppo Gold","PPO","COMMERCIAL","GRP10434","Safeway Health Plan","1961-03-31","F","95014","06085","CA","2023-07-26","","ACTIVE","FALSE","FALSE","","2.08","2.0546","HIGH","26","2.2821","TRUE","3","1306662873","ELIGIBILITY_834","2026-08-26 00:00:00","","TRUE","2026-09-15 10:31:41","c50d933d6cedab1990bccaeeec1680e3bda3f1727a332e121f0e822ba9d5378f"
"b5d1b5dd-a474-538f-9888-f98a35e96dae","SH100985","","","DEPENDENT","POS-2024-03","Sutter Health Pos Gold","POS","COMMERCIAL","GRP10318","Kaiser Community Partners","1945-08-20","M","95054","06085","CA","2023-04-21","","ACTIVE","FALSE","FALSE","","1.032","0.9953","MODERATE","12","1.0017","FALSE","3","1737501776","ELIGIBILITY_834","2026-09-01 00:00:00","","TRUE","2026-09-15 10:31:41","862ba8374bf1db067e3423eaf73e1e65d34fbb381af0360b21bb5fd130b495f5"
"5e5b8d55-53e6-58cb-ac03-a1e5e60f8f37","SH100986","","","DEPENDENT","HMO-2024-09","Sutter Health Hmo Gold","HMO","COMMERCIAL","GRP10407","California State Employees","1969-01-15","F","94103","06075","CA","2026-04-05","","ACTIVE","FALSE","FALSE","","1.0541","1.0451","MODERATE","16","1.1472","FALSE","3","1439687249","ELIGIBILITY_834","2026-09-01 00:00:00","","TRUE","2026-09-15 10:31:41","0b6f2c0b192c258c3f0904476c9b235d36804f9f113018f674de35c090d6a3ca"
"88576896-70eb-59e4-a88f-7d63c744bc0c","SH100987","","","SELF","HDH-2024-08","Sutter Health Hdhp Gold","HDHP","COMMERCIAL","GRP10449","Kaiser Community Partners","1968-10-04","M","94577","06001","CA","2026-01-10","","PENDING","FALSE","FALSE","","1.3468","1.2716","MODERATE","19","1.5147","FALSE","2","1680665526","ELIGIBILITY_834","2026-09-01 00:00:00","","TRUE","2026-09-15 10:31:41","99d6dc6f18cf2c7418e36e47a053b9e29691c71877f0bc58dd705bfa4c0542a1"
"fb38d170-e51a-5f4a-858e-ad9a68a3cf9b","SH100988","","","SELF","HDH-2024-07","Sutter Health Hdhp Gold","HDHP","COMMERCIAL","GRP10281","Bay Area Health Alliance","1985-11-21","M","95128","06085","CA","2025-07-09","","ACTIVE","FALSE","FALSE","","0.8925","0.9627","LOW","15","0.8582","FALSE","1","1642806507","ELIGIBILITY_834","2026-09-15 00:00:00","","TRUE","2026-09-15 10:31:41","396b02f627ab219f382edcf58b7ad7073a625025a615bf0447f7305f114aba92"
"168f991c-9132-57be-afdc-41fafa180d1c","SH100989","","","SPOUSE","HDH-2024-09","Sutter Health Hdhp Gold","HDHP","COMMERCIAL","GRP10280","Kaiser Community Partners","2022-05-18","F","94102","06075","CA","2022-12-01","2023-03-31","TERMED","FALSE","FALSE","","0.8614","0.9354","LOW","14","0.9104","FALSE","0","1207125379","ELIGIBILITY_834","2026-09-03 00:00:00","","TRUE","2026-09-15 10:31:41","c34f9510d1db1b5b6c1177ec454828646b4a4a93c8413611f447d25715126ea9"
"eabcd97d-9b56-5b4e-80c4-2e36aced1c12","SH100990","","","SELF","PPO-2024-04","Sutter Health Ppo Gold","PPO","COMMERCIAL","GRP10112","Safeway Health Plan","1974-01-21","M","94103","06075","CA","2023-11-29","","ACTIVE","FALSE","FALSE","","2.6498","2.7261","HIGH","27","2.5628","TRUE","0","1936805412","ELIGIBILITY_834","2026-08-18 00:00:00","","TRUE","2026-09-15 10:31:41","769b589d21ce1825a434952a5f99f21a681aebc4e622f3e5fc61d894ed52608a"
"1d814094-4796-504b-9804-04bd138d4622","SH100991","","","SELF","PPO-2024-08","Sutter Health Ppo Gold","PPO","COMMERCIAL","GRP10097","NorCal Tech Coalition","1942-09-13","M","94577","06001","CA","2025-03-13","","PENDING","FALSE","FALSE","","1.1951","1.1991","MODERATE","15","1.2342","FALSE","3","1480440939","ELIGIBILITY_834","2026-08-23 00:00:00","","TRUE","2026-09-15 10:31:41","7aa21f417393301b7cea6e5e1f0c0e8fef8259cdc4a78468de347d98184ae095"
"c3e4c88b-e105-54a1-86b3-ec0b6ab5f49a","SH100992","","","DEPENDENT","PPO-2024-04","Sutter Health Ppo Gold","PPO","COMMERCIAL","GRP10329","Palo Alto Medical Foundation","1940-06-17","M","93711","06085","CA","2026-04-11","","ACTIVE","FALSE","FALSE","","2.4813","2.6805","HIGH","31","2.6177","FALSE","2","1663497143","ELIGIBILITY_834","2026-08-24 00:00:00","","TRUE","2026-09-15 10:31:41","c97f50ffc83fe60d30db1f7b293c7c386cc59a1ef44f555862f11dced50b787c"
"493fa14d-f86a-561c-883f-1c94220bd59e","SH100993","","CA4654294642","SELF","MED-2024-09","Sutter Health Medicaid Managed Gold","MEDICAID_MANAGED","MEDICAID","GRP10479","Bay Area Health Alliance","1950-01-02","M","93701","06085","CA","2025-11-20","","ACTIVE","FALSE","FALSE","","1.1777","1.1718","MODERATE","8","1.1001","FALSE","3","1795974304","ELIGIBILITY_834","2026-08-26 00:00:00","","TRUE","2026-09-15 10:31:41","26b5da07958cff3d17d1fd341ec4d45bfda39b6811f392ecfe1335564cecaf53"
"e330450b-29e2-5dcc-a304-21bdfd6b9c86","SH100994","","","SPOUSE","POS-2024-05","Sutter Health Pos Gold","POS","COMMERCIAL","GRP10218","Kaiser Community Partners","1976-02-10","F","93727","06085","CA","2022-12-10","","ACTIVE","FALSE","FALSE","","2.9705","3.0942","VERY_HIGH","33","2.6955","FALSE","1","1413449429","ELIGIBILITY_834","2026-08-22 00:00:00","","TRUE","2026-09-15 10:31:41","cb048008363d6e3e07f4f7d46e1df9abffe20cbfdb29aab3330cc5c5c7b7cecf"
"f9e134c6-2fc1-500c-8c09-111d36d5a822","SH100995","","","SELF","PPO-2024-03","Sutter Health Ppo Gold","PPO","COMMERCIAL","GRP10060","NorCal Tech Coalition","1948-09-23","M","94577","06001","CA","2022-10-01","","ACTIVE","FALSE","FALSE","","0.4916","0.4501","LOW","7","0.5311","FALSE","4","1725231450","ELIGIBILITY_834","2026-08-24 00:00:00","","TRUE","2026-09-15 10:31:41","89eb0590d67e8adbb9c316af78769aa3384bb7e37ad9c52b4033f10ef57d9f85"
"7189b5e1-c162-5207-97c7-102ed2e213a0","SH100996","","","SELF","PPO-2024-06","Sutter Health Ppo Gold","PPO","COMMERCIAL","GRP10083","Bay Area Health Alliance","1987-12-13","F","95126","06085","CA","2022-10-01","","ACTIVE","FALSE","FALSE","","0.639","0.5602","LOW","10","0.5883","FALSE","0","1343351931","ELIGIBILITY_834","2026-09-04 00:00:00","","TRUE","2026-09-15 10:31:41","d809d353bdf2fb40a939156de1c7620c70b26167de88d3d72742b92af5559194"
"8f296bfa-9ec7-5305-8640-1f51b1164add","SH100997","","","SPOUSE","PPO-2024-05","Sutter Health Ppo Gold","PPO","COMMERCIAL","GRP10323","NorCal Tech Coalition","2018-01-22","F","94122","06075","CA","2025-10-10","","ACTIVE","FALSE","FALSE","","2.6466","2.8126","HIGH","32","2.9701","TRUE","1","1684941638","ELIGIBILITY_834","2026-08-17 00:00:00","","TRUE","2026-09-15 10:31:41","99d535dbe1c71f1bb12d91c3cf7f144223213cf49c0cb39eabae81f156b21488"
"8df14d17-1286-5628-ac60-dfad7bdab8b4","SH100998","","","SELF","HMO-2024-01","Sutter Health Hmo Gold","HMO","COMMERCIAL","GRP10390","Central Valley Employers Group","1990-07-04","F","95014","06085","CA","2025-11-27","","ACTIVE","FALSE","FALSE","","1.264","1.2836","MODERATE","19","1.405","FALSE","1","1999556349","ELIGIBILITY_834","2026-09-07 00:00:00","","TRUE","2026-09-15 10:31:41","645e06ac3afde3a9d8dad8c7cc3fa40a62ad6d71563222f9c81c00c9140aec49"
"1fa35054-4721-5cfc-b0df-df5b7071eb1a","SH100999","A737-GE-8366","","SELF","MED-2024-07","Sutter Health Medicare Advantage Gold","MEDICARE_ADVANTAGE","MEDICARE","GRP10217","NorCal Tech Coalition","1980-07-23","F","94123","06075","CA","2026-04-20","","ACTIVE","FALSE","FALSE","","0.543","0.5698","LOW","4","0.5561","FALSE","2","1904341388","ELIGIBILITY_834","2026-08-16 00:00:00","","TRUE","2026-09-15 10:31:41","38164bbe21dbb597a6e84e8b3a2194959cddcbe6feff8a28712c37d2d994bfd8"
