"FLAG_ID","MEMBER_ID","CLAIM_ID","HCC_CODE","HCC_DESCRIPTION","ICD10_CODE","ICD10_DESCRIPTION","RISK_WEIGHT","RISK_COEFFICIENT","INCREMENTAL_RISK","FLAG_DATE","FLAG_SOURCE","FLAG_STATUS","VALIDATION_SOURCE","PLAN_YEAR","CLAIM_SLA_MET","CLAIM_PROCESSING_HOURS","PIPELINE_RUN_ID","RUN_DATE","_SOURCE_SYSTEM","_LOADED_AT"
"30676d02-6bee-598f-a427-43004272ef2b","c12bba9c-a222-53ac-b68d-323dffebc22d","9988ace0-32c6-5f84-9b9a-9dead4f6c3ea","HCC17","Diabetes with Acute Complications","E10.10","Diabetes with Acute Complications","0.368","1.02","0.3754","2026-09-10","CLAIMS","ACTIVE","","2026","TRUE","19.7","fe71dc5d-15dd-5cac-9409-ca04606eaf04","2026-09-10","RISK_ADJ_PIPELINE","2026-09-15 10:31:41"
"44701098-57d9-5117-8b08-8580b0ece75c","c12bba9c-a222-53ac-b68d-323dffebc22d","66824725-833b-5411-ba84-cd6277a30932","HCC96","Specified Heart Arrhythmias","I48.0","Specified Heart Arrhythmias","0.271","1.02","0.2764","2026-08-23","CLAIMS","ACTIVE","","2026","TRUE","10.16","fe71dc5d-15dd-5cac-9409-ca04606eaf04","2026-08-23","RISK_ADJ_PIPELINE","2026-09-15 10:31:41"
"2f0b8524-c655-5757-b4fe-0532903b529c","115de450-dd31-5731-9d5b-eb7531f22f02","e1de53e2-6598-5b4c-8184-d32e92cb66fc","HCC58","Major Depressive/Bipolar Disorders","F31.62","Major Depressive/Bipolar Disorders","0.395","1.0","0.395","2026-08-04","CLAIMS","ACTIVE","","2026","TRUE","6.52","fe71dc5d-15dd-5cac-9409-ca04606eaf04","2026-08-04","RISK_ADJ_PIPELINE","2026-09-15 10:31:41"
"798c4a2f-a527-5cc3-ad48-670afbf80e55","115de450-dd31-5731-9d5b-eb7531f22f02","4d76c425-0404-5a2c-8ad0-0e0f47ba343f","HCC12","Breast Cancer","C50.019","Breast Cancer","0.664","1.0","0.664","2026-07-25","CLAIMS","ACTIVE","","2026","FALSE","75.97","fe71dc5d-15dd-5cac-9409-ca04606eaf04","2026-07-25","RISK_ADJ_PIPELINE","2026-09-15 10:31:41"
"9bc90eab-317b-572d-bee6-1a5d9796ea2e","c2fc80fe-dafe-5dcb-8972-6b2bd96830a4","98c38790-ca69-539d-8284-2716a82b2af7","HCC112","Fibrosis of Lung","J43.1","Fibrosis of Lung","0.199","1.0","0.199","2026-08-04","CLAIMS","ACTIVE","","2026","TRUE","19.14","fe71dc5d-15dd-5cac-9409-ca04606eaf04","2026-08-04","RISK_ADJ_PIPELINE","2026-09-15 10:31:41"
"d61645cd-c747-5efa-b44a-907ccff7d1fc","c2fc80fe-dafe-5dcb-8972-6b2bd96830a4","98c38790-ca69-539d-8284-2716a82b2af7","HCC17","Diabetes with Acute Complications","E10.9","Diabetes with Acute Complications","0.368","1.0","0.368","2026-08-28","CLAIMS","ACTIVE","","2026","TRUE","19.14","fe71dc5d-15dd-5cac-9409-ca04606eaf04","2026-08-28","RISK_ADJ_PIPELINE","2026-09-15 10:31:41"
"62c39519-4dcf-597a-9980-b5bd18c92633","c2fc80fe-dafe-5dcb-8972-6b2bd96830a4","056bcc09-9415-5feb-9599-edb45fde44b5","HCC57","Schizophrenia","F20.5","Schizophrenia","0.62","1.0","0.62","2026-06-30","CLAIMS","ACTIVE","","2026","TRUE","12.02","fe71dc5d-15dd-5cac-9409-ca04606eaf04","2026-06-30","RISK_ADJ_PIPELINE","2026-09-15 10:31:41"
"ccf43eef-ccd0-5aff-b047-23fbdc2c1c1d","c2fc80fe-dafe-5dcb-8972-6b2bd96830a4","58f1d04d-fe4e-5a34-b8e0-fbe9fa1606cf","HCC136","Chronic Kidney Disease Stage 4","N18.4","Chronic Kidney Disease Stage 4","0.237","1.0","0.237","2026-08-11","CLAIMS","ACTIVE","","2026","TRUE","14.01","fe71dc5d-15dd-5cac-9409-ca04606eaf04","2026-08-11","RISK_ADJ_PIPELINE","2026-09-15 10:31:41"
"67e8c7bc-5461-5c2b-8f85-2b60cd3e47be","61d00697-7370-5cb0-9d4a-a64b521a1558","d6974c33-a7bf-5da3-851b-bafeec740383","HCC112","Fibrosis of Lung","J43.1","Fibrosis of Lung","0.199","1.02","0.203","2026-06-25","CHART_REVIEW","ACTIVE","CODER_REVIEW","2026","TRUE","22.05","fe71dc5d-15dd-5cac-9409-ca04606eaf04","2026-06-25","RISK_ADJ_PIPELINE","2026-09-15 10:31:41"
"afddf6fd-c92a-5a3a-aacf-64d995162801","f5d50684-2cb4-576e-a0ba-938384bf2c92","685ce5f3-deff-5195-973d-8c99da29eafc","HCC57","Schizophrenia","F20.1","Schizophrenia","0.62","1.0","0.62","2026-08-14","ENCOUNTER","ACTIVE","","2026","TRUE","1.76","fe71dc5d-15dd-5cac-9409-ca04606eaf04","2026-08-14","RISK_ADJ_PIPELINE","2026-09-15 10:31:41"
"b2eaf35a-358c-51b8-9a82-5c916444a18e","0b2ea14c-6c3f-56c6-bbe8-6421de4d28b3","fab52c07-b823-53ba-846d-1f21da1facb6","HCC57","Schizophrenia","F20.9","Schizophrenia","0.62","1.02","0.6324","2026-09-12","CLAIMS","ACTIVE","","2026","FALSE","92.82","fe71dc5d-15dd-5cac-9409-ca04606eaf04","2026-09-12","RISK_ADJ_PIPELINE","2026-09-15 10:31:41"
"0b1d170f-ad20-509c-87ce-32a8452c91be","0b2ea14c-6c3f-56c6-bbe8-6421de4d28b3","d39f2040-248c-5942-a7f8-db496aa01eba","HCC112","Fibrosis of Lung","J43.1","Fibrosis of Lung","0.199","1.02","0.203","2026-07-09","CLAIMS","VALIDATED","","2026","TRUE","0.99","fe71dc5d-15dd-5cac-9409-ca04606eaf04","2026-07-09","RISK_ADJ_PIPELINE","2026-09-15 10:31:41"
"39b24632-2505-579f-b0f0-627339bb4425","0b2ea14c-6c3f-56c6-bbe8-6421de4d28b3","d5d8e0f9-aae7-56a1-a318-a918483fd2ae","HCC12","Breast Cancer","C50.011","Breast Cancer","0.664","1.02","0.6773","2026-06-28","CLAIMS","ACTIVE","","2026","TRUE","20.96","fe71dc5d-15dd-5cac-9409-ca04606eaf04","2026-06-28","RISK_ADJ_PIPELINE","2026-09-15 10:31:41"
"b042faf1-a0cb-5edb-8ddc-1e1bb422e5d5","c83b169d-d0a0-5b9b-bf18-b90cb69d28b8","5591fb97-9434-5303-abab-e3bb447889c8","HCC12","Breast Cancer","C50.019","Breast Cancer","0.664","1.02","0.6773","2026-08-03","CLAIMS","ACTIVE","","2026","TRUE","1.94","fe71dc5d-15dd-5cac-9409-ca04606eaf04","2026-08-03","RISK_ADJ_PIPELINE","2026-09-15 10:31:41"
"843481a2-ca2f-5e9c-bb3a-ef1764f87946","c83b169d-d0a0-5b9b-bf18-b90cb69d28b8","3a8ad539-6627-595d-84ad-506d7d935043","HCC58","Major Depressive/Bipolar Disorders","F31.30","Major Depressive/Bipolar Disorders","0.395","1.02","0.4029","2026-09-13","CHART_REVIEW","ACTIVE","CODER_REVIEW","2026","TRUE","16.23","fe71dc5d-15dd-5cac-9409-ca04606eaf04","2026-09-13","RISK_ADJ_PIPELINE","2026-09-15 10:31:41"
"98e45682-e0aa-5658-9628-866116c4e84a","c83b169d-d0a0-5b9b-bf18-b90cb69d28b8","82fcfd62-a39a-592a-a68f-839d10f7a87c","HCC86","Acute Myocardial Infarction","I21.3","Acute Myocardial Infarction","0.365","1.02","0.3723","2026-07-13","ENCOUNTER","VALIDATED","","2026","TRUE","2.81","fe71dc5d-15dd-5cac-9409-ca04606eaf04","2026-07-13","RISK_ADJ_PIPELINE","2026-09-15 10:31:41"
"2744a78d-5292-544e-bcb6-b69c65738159","b90cbe2e-b64c-5506-9cfa-9d34a63061bb","0f9ed4be-fe4e-54b3-b4cd-fd0620fd310e","HCC135","Acute Renal Failure","N17.0","Acute Renal Failure","0.441","1.02","0.4498","2026-09-14","CLAIMS","SUPERSEDED","","2026","FALSE","80.87","fe71dc5d-15dd-5cac-9409-ca04606eaf04","2026-09-14","RISK_ADJ_PIPELINE","2026-09-15 10:31:41"
"e6d39f8e-ba38-547e-a3f7-f4783a14a7d6","b90cbe2e-b64c-5506-9cfa-9d34a63061bb","27f05ec9-cf2e-5f5b-8e49-1079e0f5e37e","HCC88","Angina Pectoris / Old MI","I25.10","Angina Pectoris / Old MI","0.241","1.02","0.2458","2026-09-02","CLAIMS","ACTIVE","","2026","FALSE","84.09","fe71dc5d-15dd-5cac-9409-ca04606eaf04","2026-09-02","RISK_ADJ_PIPELINE","2026-09-15 10:31:41"
"86dc987b-ced5-5e69-b4d7-9c210eda6132","b90cbe2e-b64c-5506-9cfa-9d34a63061bb","f01eebfb-eb20-5f12-98a2-5393915b8250","HCC86","Acute Myocardial Infarction","I21.29","Acute Myocardial Infarction","0.365","1.02","0.3723","2026-08-16","CLAIMS","ACTIVE","","2026","TRUE","21.69","fe71dc5d-15dd-5cac-9409-ca04606eaf04","2026-08-16","RISK_ADJ_PIPELINE","2026-09-15 10:31:41"
"a1dfd861-0dc2-5711-abaf-ff015ae60e8e","ef4fb091-a5ec-55ef-b343-bda712beb1f3","f9d75241-3393-56a2-a6cf-1fb5b5f57d84","HCC88","Angina Pectoris / Old MI","I25.10","Angina Pectoris / Old MI","0.241","1.0","0.241","2026-07-03","CLAIMS","ACTIVE","","2026","TRUE","19.32","fe71dc5d-15dd-5cac-9409-ca04606eaf04","2026-07-03","RISK_ADJ_PIPELINE","2026-09-15 10:31:41"
"c8e6e3cf-897e-595d-8728-61a0183d21d9","ef4fb091-a5ec-55ef-b343-bda712beb1f3","d7d29dad-c509-5402-93b4-c04171fa7213","HCC40","Rheumatoid Arthritis","M16.0","Rheumatoid Arthritis","0.421","1.0","0.421","2026-08-01","CHART_REVIEW","ACTIVE","CODER_REVIEW","2026","FALSE","42.49","fe71dc5d-15dd-5cac-9409-ca04606eaf04","2026-08-01","RISK_ADJ_PIPELINE","2026-09-15 10:31:41"
"597005e6-127c-59bc-8358-5626ccbfd05d","f5750f03-3de5-563f-b1d2-dd39d17144ad","91239646-b3d3-5a84-9a75-fae65f1d426e","HCC88","Angina Pectoris / Old MI","I25.110","Angina Pectoris / Old MI","0.241","1.02","0.2458","2026-08-08","ENCOUNTER","ACTIVE","","2026","TRUE","10.47","fe71dc5d-15dd-5cac-9409-ca04606eaf04","2026-08-08","RISK_ADJ_PIPELINE","2026-09-15 10:31:41"
"c076270f-676f-5e2b-b002-a52fbe52a572","f5750f03-3de5-563f-b1d2-dd39d17144ad","1b6684bd-cb5e-5972-b9a8-e05b9540849f","HCC40","Rheumatoid Arthritis","M16.10","Rheumatoid Arthritis","0.421","1.02","0.4294","2026-06-25","CLAIMS","ACTIVE","","2026","TRUE","19.9","fe71dc5d-15dd-5cac-9409-ca04606eaf04","2026-06-25","RISK_ADJ_PIPELINE","2026-09-15 10:31:41"
"8d7e16a2-3a55-5cf2-9239-c6c77ecb077b","41d3ad9c-8785-5ddb-8ba8-83549280b938","19635d0b-44e4-54ad-a8d8-6b25d361868f","HCC17","Diabetes with Acute Complications","E10.65","Diabetes with Acute Complications","0.368","1.02","0.3754","2026-07-21","CLAIMS","ACTIVE","","2026","TRUE","15.16","fe71dc5d-15dd-5cac-9409-ca04606eaf04","2026-07-21","RISK_ADJ_PIPELINE","2026-09-15 10:31:41"
"b3f9c02c-2611-5f1a-baf7-33bd65b53a1a","4d07c3f8-f0d8-59a1-a400-18dc54a89d79","57f904d3-25f0-5934-9b06-aed1adc6deea","HCC58","Major Depressive/Bipolar Disorders","F31.10","Major Depressive/Bipolar Disorders","0.395","1.02","0.4029","2026-09-06","CLAIMS","ACTIVE","","2026","TRUE","7.44","fe71dc5d-15dd-5cac-9409-ca04606eaf04","2026-09-06","RISK_ADJ_PIPELINE","2026-09-15 10:31:41"
"5c370572-58df-5ce5-a663-d90880658d56","4d07c3f8-f0d8-59a1-a400-18dc54a89d79","d7b4243d-9e96-5a31-8118-e32867b3c47b","HCC112","Fibrosis of Lung","J43.1","Fibrosis of Lung","0.199","1.02","0.203","2026-08-11","PROSPECTIVE","ACTIVE","","2026","FALSE","61.29","fe71dc5d-15dd-5cac-9409-ca04606eaf04","2026-08-11","RISK_ADJ_PIPELINE","2026-09-15 10:31:41"
"5c1986bb-9078-5ff3-9547-f7bda0074510","4d07c3f8-f0d8-59a1-a400-18dc54a89d79","64eca1d9-daf7-5372-9c66-5eaa387bb721","HCC9","Lung and Other Severe Cancers","C34.10","Lung and Other Severe Cancers","2.422","1.02","2.4704","2026-06-21","ENCOUNTER","ACTIVE","","2026","TRUE","15.3","fe71dc5d-15dd-5cac-9409-ca04606eaf04","2026-06-21","RISK_ADJ_PIPELINE","2026-09-15 10:31:41"
"eff5d8a0-a4cb-5473-be1e-5ba389629bc7","84daf3fb-c565-58e4-a778-68b10940dc11","96f720f7-3aa2-54fd-b0eb-ae8de3002c15","HCC86","Acute Myocardial Infarction","I21.29","Acute Myocardial Infarction","0.365","1.02","0.3723","2026-06-20","CLAIMS","VALIDATED","","2026","TRUE","16.3","fe71dc5d-15dd-5cac-9409-ca04606eaf04","2026-06-20","RISK_ADJ_PIPELINE","2026-09-15 10:31:41"
"8c1c1312-70cd-58db-a338-09f4471a8b0f","907873d4-d181-504f-9bf2-ccb30334d4a6","c85a6216-5897-59b6-8747-de9e639e6bf1","HCC17","Diabetes with Acute Complications","E10.9","Diabetes with Acute Complications","0.368","1.02","0.3754","2026-06-23","CLAIMS","ACTIVE","","2026","FALSE","55.04","fe71dc5d-15dd-5cac-9409-ca04606eaf04","2026-06-23","RISK_ADJ_PIPELINE","2026-09-15 10:31:41"
"44c75b61-e7dc-58cc-9fbc-5a8b3d74506a","219dbf70-e693-5ca5-8b25-adbbdc4f1d3e","f406d67d-46aa-589b-b262-c6a96dcf950e","HCC12","Colon Cancer","C18.7","Colon Cancer","0.664","1.02","0.6773","2026-08-07","PROSPECTIVE","ACTIVE","","2026","TRUE","1.27","fe71dc5d-15dd-5cac-9409-ca04606eaf04","2026-08-07","RISK_ADJ_PIPELINE","2026-09-15 10:31:41"
"4693dc74-70da-59da-aed5-39b3d3e8b182","219dbf70-e693-5ca5-8b25-adbbdc4f1d3e","ddca7843-4aac-5a84-881c-bba563a08277","HCC40","Rheumatoid Arthritis","M16.30","Rheumatoid Arthritis","0.421","1.02","0.4294","2026-08-29","ENCOUNTER","ACTIVE","","2026","TRUE","12.83","fe71dc5d-15dd-5cac-9409-ca04606eaf04","2026-08-29","RISK_ADJ_PIPELINE","2026-09-15 10:31:41"
"3eed5e67-8411-5f60-bbc2-ce512edc103f","219dbf70-e693-5ca5-8b25-adbbdc4f1d3e","3639fc9a-3267-5d6a-8b50-8d0628ec812b","HCC9","Lung and Other Severe Cancers","C34.30","Lung and Other Severe Cancers","2.422","1.02","2.4704","2026-07-28","CLAIMS","ACTIVE","","2026","FALSE","91.42","fe71dc5d-15dd-5cac-9409-ca04606eaf04","2026-07-28","RISK_ADJ_PIPELINE","2026-09-15 10:31:41"
"b8792c15-02da-51e0-9b53-77045ab5cc56","346dfa41-af94-5d9a-9d3b-eaed0c076926","d5d7e5a0-7933-5038-af6a-37037e87a09f","HCC12","Colon Cancer","C18.4","Colon Cancer","0.664","1.0","0.664","2026-08-18","CLAIMS","SUPERSEDED","","2026","TRUE","9.06","fe71dc5d-15dd-5cac-9409-ca04606eaf04","2026-08-18","RISK_ADJ_PIPELINE","2026-09-15 10:31:41"
"5f9c0b1f-ce63-5fe7-892b-68438d108e48","346dfa41-af94-5d9a-9d3b-eaed0c076926","fbe71ddf-9f60-531c-846f-aa0566c35f3f","HCC58","Major Depressive/Bipolar Disorders","F31.9","Major Depressive/Bipolar Disorders","0.395","1.0","0.395","2026-08-26","CLAIMS","ACTIVE","","2026","TRUE","17.63","fe71dc5d-15dd-5cac-9409-ca04606eaf04","2026-08-26","RISK_ADJ_PIPELINE","2026-09-15 10:31:41"
"0d303e53-7a79-5059-9427-26d19fbab56f","346dfa41-af94-5d9a-9d3b-eaed0c076926","ef60ff72-70a7-5322-a164-80151a31f68d","HCC168","Hip Fracture/Dislocation","M80.811A","Hip Fracture/Dislocation","0.489","1.0","0.489","2026-08-14","PROSPECTIVE","ACTIVE","","2026","TRUE","3.43","fe71dc5d-15dd-5cac-9409-ca04606eaf04","2026-08-14","RISK_ADJ_PIPELINE","2026-09-15 10:31:41"
"6f85791d-a82c-5728-870b-fee72b690731","70be7113-313c-5b04-a11f-28aec3f8d3ad","3c8132d8-75b6-5f45-91a6-8f3492ba7164","HCC168","Hip Fracture/Dislocation","M80.011A","Hip Fracture/Dislocation","0.489","1.0","0.489","2026-08-30","CLAIMS","ACTIVE","","2026","TRUE","8.31","fe71dc5d-15dd-5cac-9409-ca04606eaf04","2026-08-30","RISK_ADJ_PIPELINE","2026-09-15 10:31:41"
"c49a30c1-3d59-55e9-b6de-6df4c9c9b17b","f1881d09-9a22-59fa-9c6a-6936dd5f9e00","8de868b1-abe6-5ab4-8140-3603b71b9eda","HCC17","Diabetes with Acute Complications","E10.10","Diabetes with Acute Complications","0.368","1.02","0.3754","2026-08-26","CLAIMS","ACTIVE","","2026","TRUE","13.23","fe71dc5d-15dd-5cac-9409-ca04606eaf04","2026-08-26","RISK_ADJ_PIPELINE","2026-09-15 10:31:41"
"78941717-408a-5c1c-867d-d9ab335d4154","f1881d09-9a22-59fa-9c6a-6936dd5f9e00","1e0dd56a-4812-5798-af0b-39d108455cb8","HCC19","Diabetes without Complication","E11.9","Diabetes without Complication","0.118","1.02","0.1204","2026-07-07","CLAIMS","ACTIVE","","2026","TRUE","17.67","fe71dc5d-15dd-5cac-9409-ca04606eaf04","2026-07-07","RISK_ADJ_PIPELINE","2026-09-15 10:31:41"
"1d816135-d650-5a6c-a68f-9b8dca6c0938","f1881d09-9a22-59fa-9c6a-6936dd5f9e00","90683620-5628-500b-93de-63bf56a84df1","HCC96","Specified Heart Arrhythmias","I48.11","Specified Heart Arrhythmias","0.271","1.02","0.2764","2026-07-25","CLAIMS","ACTIVE","","2026","TRUE","1.85","fe71dc5d-15dd-5cac-9409-ca04606eaf04","2026-07-25","RISK_ADJ_PIPELINE","2026-09-15 10:31:41"
"fbea09d4-6bb5-59eb-9ff9-ef23ae16c086","42a02fb0-588d-5805-8865-4070f08a0b50","f2a83bf3-7f47-5845-bac1-e00c03588fd7","HCC12","Breast Cancer","C50.019","Breast Cancer","0.664","1.0","0.664","2026-08-15","ENCOUNTER","ACTIVE","","2026","FALSE","94.17","fe71dc5d-15dd-5cac-9409-ca04606eaf04","2026-08-15","RISK_ADJ_PIPELINE","2026-09-15 10:31:41"
"e7391dc9-c768-5dbc-9665-36c8b9d67f72","96babb33-1e00-5ac7-9efb-897140eabbfc","93672eb8-eb5b-508f-a557-162d987159e5","HCC18","Diabetes with Chronic Complications","E13.65","Diabetes with Chronic Complications","0.302","1.02","0.308","2026-06-20","CLAIMS","ACTIVE","","2026","TRUE","15.56","fe71dc5d-15dd-5cac-9409-ca04606eaf04","2026-06-20","RISK_ADJ_PIPELINE","2026-09-15 10:31:41"
"64885fe9-3cb7-5d64-b0cb-415fabe9ec26","8c1b8fc1-6c0d-525c-aef6-8aab7a8a6917","d636b59b-001a-58a1-8f66-75e1e19c845c","HCC12","Colon Cancer","C18.7","Colon Cancer","0.664","1.02","0.6773","2026-07-14","CLAIMS","ACTIVE","","2026","TRUE","4.04","fe71dc5d-15dd-5cac-9409-ca04606eaf04","2026-07-14","RISK_ADJ_PIPELINE","2026-09-15 10:31:41"
"cacc534f-3a12-5f94-924d-62086b8e5619","35449807-e0b2-57bb-9cf0-74a87e3fdea1","ced28586-f467-5fb4-9c5b-d436bfe1ce02","HCC112","Fibrosis of Lung","J43.0","Fibrosis of Lung","0.199","1.0","0.199","2026-08-31","CLAIMS","VALIDATED","","2026","TRUE","20.64","fe71dc5d-15dd-5cac-9409-ca04606eaf04","2026-08-31","RISK_ADJ_PIPELINE","2026-09-15 10:31:41"
"ce83df2e-2986-5799-ac32-f5a0c29d5370","ae57649f-cbff-56bd-b4a1-f49ece015413","12ca46ee-50c9-531f-9886-c68f6ae488fa","HCC57","Schizophrenia","F20.1","Schizophrenia","0.62","1.02","0.6324","2026-07-09","ENCOUNTER","ACTIVE","","2026","TRUE","16.89","fe71dc5d-15dd-5cac-9409-ca04606eaf04","2026-07-09","RISK_ADJ_PIPELINE","2026-09-15 10:31:41"
"341d38f6-9c8a-5b5c-984a-bf23daafd7c0","ae57649f-cbff-56bd-b4a1-f49ece015413","12ca46ee-50c9-531f-9886-c68f6ae488fa","HCC168","Hip Fracture/Dislocation","M80.019A","Hip Fracture/Dislocation","0.489","1.02","0.4988","2026-08-09","CLAIMS","ACTIVE","","2026","TRUE","16.89","fe71dc5d-15dd-5cac-9409-ca04606eaf04","2026-08-09","RISK_ADJ_PIPELINE","2026-09-15 10:31:41"
"41bed1ac-4fda-5b29-b9d5-a1e8d75c4753","ae57649f-cbff-56bd-b4a1-f49ece015413","12ca46ee-50c9-531f-9886-c68f6ae488fa","HCC96","Specified Heart Arrhythmias","I48.11","Specified Heart Arrhythmias","0.271","1.02","0.2764","2026-07-12","CHART_REVIEW","ACTIVE","CODER_REVIEW","2026","TRUE","16.89","fe71dc5d-15dd-5cac-9409-ca04606eaf04","2026-07-12","RISK_ADJ_PIPELINE","2026-09-15 10:31:41"
"52400aef-d85c-5709-b8da-8cf5a4db66d3","ae57649f-cbff-56bd-b4a1-f49ece015413","5af0218c-c315-5386-956a-7892a4e7fd24","HCC18","Diabetes with Chronic Complications","E13.65","Diabetes with Chronic Complications","0.302","1.02","0.308","2026-08-10","CHART_REVIEW","VALIDATED","CODER_REVIEW","2026","TRUE","14.67","fe71dc5d-15dd-5cac-9409-ca04606eaf04","2026-08-10","RISK_ADJ_PIPELINE","2026-09-15 10:31:41"
"f1a3c2aa-0215-5c98-aa5c-9ecc89da8e14","37988aba-f23f-51ac-bdae-4e7b6644f2cc","2a051caa-382a-5a12-a590-ccdf9b483692","HCC85","Congestive Heart Failure","I50.22","Congestive Heart Failure","0.331","1.0","0.331","2026-08-04","CLAIMS","ACTIVE","","2026","TRUE","3.5","fe71dc5d-15dd-5cac-9409-ca04606eaf04","2026-08-04","RISK_ADJ_PIPELINE","2026-09-15 10:31:41"
"5804062a-e29a-5f6e-87bf-eb661a105580","37988aba-f23f-51ac-bdae-4e7b6644f2cc","a3cd2a9a-f59d-589a-9ad5-b18368f89694","HCC111","COPD","J44.0","COPD","0.335","1.0","0.335","2026-07-23","PROSPECTIVE","ACTIVE","","2026","TRUE","9.54","fe71dc5d-15dd-5cac-9409-ca04606eaf04","2026-07-23","RISK_ADJ_PIPELINE","2026-09-15 10:31:41"
"807048fd-62e6-5e1b-b98d-066261f23e12","37988aba-f23f-51ac-bdae-4e7b6644f2cc","afa0d26e-fa8f-5087-9bef-f46a5698fadf","HCC96","Specified Heart Arrhythmias","I48.0","Specified Heart Arrhythmias","0.271","1.0","0.271","2026-07-19","CLAIMS","ACTIVE","","2026","TRUE","18.22","fe71dc5d-15dd-5cac-9409-ca04606eaf04","2026-07-19","RISK_ADJ_PIPELINE","2026-09-15 10:31:41"
"affcae4b-260e-5499-9a59-60e3e402c7a1","4f1ff5ae-aab8-5865-bb66-75f46d064714","d04189ef-042c-5069-9be6-8593f5d24e25","HCC168","Hip Fracture/Dislocation","M80.011A","Hip Fracture/Dislocation","0.489","1.0","0.489","2026-07-25","ENCOUNTER","ACTIVE","","2026","FALSE","44.97","fe71dc5d-15dd-5cac-9409-ca04606eaf04","2026-07-25","RISK_ADJ_PIPELINE","2026-09-15 10:31:41"
"e2393531-8085-5e5b-aeab-5bda15b9fe08","4f1ff5ae-aab8-5865-bb66-75f46d064714","b414ca91-a19d-546a-8a2c-34bc922895e2","HCC57","Schizophrenia","F20.0","Schizophrenia","0.62","1.0","0.62","2026-07-01","CLAIMS","ACTIVE","","2026","FALSE","91.14","fe71dc5d-15dd-5cac-9409-ca04606eaf04","2026-07-01","RISK_ADJ_PIPELINE","2026-09-15 10:31:41"
"f88ab509-14a9-5b54-961b-3ae1ca2310d1","4f1ff5ae-aab8-5865-bb66-75f46d064714","c9b04e76-da79-5650-a440-03e9856eeeb2","HCC12","Colon Cancer","C18.4","Colon Cancer","0.664","1.0","0.664","2026-07-19","CLAIMS","ACTIVE","","2026","FALSE","72.63","fe71dc5d-15dd-5cac-9409-ca04606eaf04","2026-07-19","RISK_ADJ_PIPELINE","2026-09-15 10:31:41"
"29e2e381-42ce-5adb-989a-0527e854f7de","86549c54-3861-5e74-a34c-e502a47d6f8d","be02457a-dab2-5b6c-bb48-17ed9572600d","HCC12","Colon Cancer","C18.7","Colon Cancer","0.664","1.0","0.664","2026-08-31","CLAIMS","ACTIVE","","2026","TRUE","8.8","fe71dc5d-15dd-5cac-9409-ca04606eaf04","2026-08-31","RISK_ADJ_PIPELINE","2026-09-15 10:31:41"
"588567e7-b334-575a-91dd-ee7ae00ad4e3","9eff94c8-c786-5cf9-aa0d-783ea6c364c9","7de3b8db-09d1-5f30-bf86-4d62223e6d6e","HCC12","Colon Cancer","C18.7","Colon Cancer","0.664","1.0","0.664","2026-08-26","CHART_REVIEW","ACTIVE","CODER_REVIEW","2026","TRUE","22.87","fe71dc5d-15dd-5cac-9409-ca04606eaf04","2026-08-26","RISK_ADJ_PIPELINE","2026-09-15 10:31:41"
"413d5e82-2906-53ea-82bf-1eb71f29fb02","9eff94c8-c786-5cf9-aa0d-783ea6c364c9","75b275be-daff-5cec-a5ba-7314c89d02d3","HCC18","Diabetes with Chronic Complications","E13.10","Diabetes with Chronic Complications","0.302","1.0","0.302","2026-07-08","CLAIMS","ACTIVE","","2026","TRUE","4.6","fe71dc5d-15dd-5cac-9409-ca04606eaf04","2026-07-08","RISK_ADJ_PIPELINE","2026-09-15 10:31:41"
"e13d9cc4-873f-56ef-9a22-e4c123d08e1f","06550c31-e278-56eb-9f91-c1ed16cc3d20","1b40f93a-27e3-566b-bb07-4602ebf0ceba","HCC17","Diabetes with Acute Complications","E10.9","Diabetes with Acute Complications","0.368","1.0","0.368","2026-08-31","CLAIMS","VALIDATED","","2026","TRUE","5.61","fe71dc5d-15dd-5cac-9409-ca04606eaf04","2026-08-31","RISK_ADJ_PIPELINE","2026-09-15 10:31:41"
"15f2fd00-c1e4-5dfc-9ec3-f71d8e59925e","06550c31-e278-56eb-9f91-c1ed16cc3d20","b7ac4fc8-5472-5641-a21e-c63fdd46db57","HCC19","Diabetes without Complication","E11.21","Diabetes without Complication","0.118","1.0","0.118","2026-08-12","PROSPECTIVE","ACTIVE","","2026","TRUE","10.05","fe71dc5d-15dd-5cac-9409-ca04606eaf04","2026-08-12","RISK_ADJ_PIPELINE","2026-09-15 10:31:41"
"e6794261-4315-5ec0-80ce-0db2be5e3b7b","06550c31-e278-56eb-9f91-c1ed16cc3d20","778aea68-d202-5ce8-aef8-3c9113ee7a3f","HCC111","COPD","J44.9","COPD","0.335","1.0","0.335","2026-08-03","CHART_REVIEW","ACTIVE","CODER_REVIEW","2026","TRUE","16.23","fe71dc5d-15dd-5cac-9409-ca04606eaf04","2026-08-03","RISK_ADJ_PIPELINE","2026-09-15 10:31:41"
"4ee9510f-748b-5a9d-8ed2-5e848151127a","06550c31-e278-56eb-9f91-c1ed16cc3d20","b0b4c6cd-3d06-59a7-a896-de5553d02041","HCC12","Breast Cancer","C50.019","Breast Cancer","0.664","1.0","0.664","2026-08-13","CHART_REVIEW","ACTIVE","CODER_REVIEW","2026","TRUE","20.32","fe71dc5d-15dd-5cac-9409-ca04606eaf04","2026-08-13","RISK_ADJ_PIPELINE","2026-09-15 10:31:41"
"d80276ec-ba31-52e1-8956-5d57ca0bd036","122ffed5-5a54-52a0-8fdc-1f398015854d","1d59b26c-5585-5fb3-8dca-1547cd239aa5","HCC9","Lung and Other Severe Cancers","C34.30","Lung and Other Severe Cancers","2.422","1.0","2.422","2026-08-05","ENCOUNTER","VALIDATED","","2026","TRUE","8.59","fe71dc5d-15dd-5cac-9409-ca04606eaf04","2026-08-05","RISK_ADJ_PIPELINE","2026-09-15 10:31:41"
"2de41d68-efe3-5400-b01d-cb0f676b4662","d394c510-e098-5fd4-af68-b10213bb431c","cb380574-e54b-5227-b486-60e5fea4e5bd","HCC88","Angina Pectoris / Old MI","I25.5","Angina Pectoris / Old MI","0.241","1.02","0.2458","2026-06-20","CLAIMS","ACTIVE","","2026","TRUE","2.77","fe71dc5d-15dd-5cac-9409-ca04606eaf04","2026-06-20","RISK_ADJ_PIPELINE","2026-09-15 10:31:41"
"1ef0f83e-e9a0-533f-b199-70326f6f65bd","d394c510-e098-5fd4-af68-b10213bb431c","5054cd8b-77be-5ba2-9cef-d885a069d092","HCC19","Diabetes without Complication","E11.9","Diabetes without Complication","0.118","1.02","0.1204","2026-08-24","CLAIMS","ACTIVE","","2026","TRUE","10.19","fe71dc5d-15dd-5cac-9409-ca04606eaf04","2026-08-24","RISK_ADJ_PIPELINE","2026-09-15 10:31:41"
"0733378e-8ae0-58b5-9797-c4855645b43a","d394c510-e098-5fd4-af68-b10213bb431c","cb380574-e54b-5227-b486-60e5fea4e5bd","HCC168","Hip Fracture/Dislocation","M80.019A","Hip Fracture/Dislocation","0.489","1.02","0.4988","2026-06-25","CLAIMS","VALIDATED","","2026","TRUE","2.77","fe71dc5d-15dd-5cac-9409-ca04606eaf04","2026-06-25","RISK_ADJ_PIPELINE","2026-09-15 10:31:41"
"75e54427-2cf8-5688-b152-77bf6d69854e","d394c510-e098-5fd4-af68-b10213bb431c","e97c8c15-ca68-55cd-9179-86878ffbc6ea","HCC135","Acute Renal Failure","N17.2","Acute Renal Failure","0.441","1.02","0.4498","2026-08-23","CLAIMS","ACTIVE","","2026","TRUE","22.54","fe71dc5d-15dd-5cac-9409-ca04606eaf04","2026-08-23","RISK_ADJ_PIPELINE","2026-09-15 10:31:41"
"45d13119-8ab5-5882-bf0e-ba77f53546e6","5f8aa8a6-7d84-5ab2-8726-db515c27da75","0050f165-a2c9-5109-a48c-3cbd21582b1b","HCC112","Fibrosis of Lung","J43.9","Fibrosis of Lung","0.199","1.0","0.199","2026-07-19","CLAIMS","VALIDATED","","2026","TRUE","14.79","fe71dc5d-15dd-5cac-9409-ca04606eaf04","2026-07-19","RISK_ADJ_PIPELINE","2026-09-15 10:31:41"
"aeeb5d20-54da-56ab-8f69-b836ca2b79a2","7f485621-9b3f-583e-9d5c-7785149770d2","d325b216-357c-5aca-b229-3dd5304c6acf","HCC86","Acute Myocardial Infarction","I21.09","Acute Myocardial Infarction","0.365","1.0","0.365","2026-07-12","CLAIMS","VALIDATED","","2026","TRUE","5.72","fe71dc5d-15dd-5cac-9409-ca04606eaf04","2026-07-12","RISK_ADJ_PIPELINE","2026-09-15 10:31:41"
"4116e2b5-caad-5aa3-87c7-1f3c9f8ce564","e3d8e3c2-6acb-5ed9-b456-17625463d458","89885dc4-0252-5fd0-9879-a4a9d670c633","HCC111","COPD","J44.9","COPD","0.335","1.0","0.335","2026-08-24","CLAIMS","ACTIVE","","2026","TRUE","12.8","fe71dc5d-15dd-5cac-9409-ca04606eaf04","2026-08-24","RISK_ADJ_PIPELINE","2026-09-15 10:31:41"
"3520ed3b-8445-5264-ae78-270d4827152e","e3d8e3c2-6acb-5ed9-b456-17625463d458","10c0aa20-ea56-5327-8d37-caa49fbc5b11","HCC168","Hip Fracture/Dislocation","M80.019A","Hip Fracture/Dislocation","0.489","1.0","0.489","2026-06-30","CLAIMS","ACTIVE","","2026","TRUE","6.52","fe71dc5d-15dd-5cac-9409-ca04606eaf04","2026-06-30","RISK_ADJ_PIPELINE","2026-09-15 10:31:41"
"8eb6c9dd-cb1c-5e32-b2c8-4166ea804a87","e3d8e3c2-6acb-5ed9-b456-17625463d458","4180c7b8-c245-5de2-9888-ea15f5c86010","HCC12","Breast Cancer","C50.011","Breast Cancer","0.664","1.0","0.664","2026-06-22","CLAIMS","ACTIVE","","2026","TRUE","6.88","fe71dc5d-15dd-5cac-9409-ca04606eaf04","2026-06-22","RISK_ADJ_PIPELINE","2026-09-15 10:31:41"
"eb32efa0-f035-56bd-ac26-354c69daa360","b3984c93-17ad-5e1d-9e95-77d2b7210dc7","e1b04e00-320d-56a2-8631-e61d01baf68e","HCC136","Chronic Kidney Disease Stage 4","N18.6","Chronic Kidney Disease Stage 4","0.237","1.0","0.237","2026-06-24","ENCOUNTER","ACTIVE","","2026","FALSE","29.95","fe71dc5d-15dd-5cac-9409-ca04606eaf04","2026-06-24","RISK_ADJ_PIPELINE","2026-09-15 10:31:41"
"77b1cc79-5203-5db5-8f4c-7922c51e4f57","716cd179-095e-58f2-b9f5-595ebb002db0","a45bd51c-094c-506e-9b6e-6a18350ea21c","HCC12","Colon Cancer","C18.2","Colon Cancer","0.664","1.02","0.6773","2026-09-07","CHART_REVIEW","SUPERSEDED","CODER_REVIEW","2026","TRUE","16.12","fe71dc5d-15dd-5cac-9409-ca04606eaf04","2026-09-07","RISK_ADJ_PIPELINE","2026-09-15 10:31:41"
"6226c1c8-793b-5b34-b5bf-a1dcb84430a2","b79d858c-70a5-5b87-84a1-df8eb2d25043","848eae9e-775d-5716-ab62-5c091026d2a1","HCC17","Diabetes with Acute Complications","E10.65","Diabetes with Acute Complications","0.368","1.0","0.368","2026-08-28","CHART_REVIEW","SUPERSEDED","CODER_REVIEW","2026","TRUE","4.22","fe71dc5d-15dd-5cac-9409-ca04606eaf04","2026-08-28","RISK_ADJ_PIPELINE","2026-09-15 10:31:41"
"838b88b3-8d16-5c16-b01a-378ab5c23572","b79d858c-70a5-5b87-84a1-df8eb2d25043","9312d2e9-887e-5526-acea-0866310136c4","HCC40","Rheumatoid Arthritis","M16.0","Rheumatoid Arthritis","0.421","1.0","0.421","2026-08-16","PROSPECTIVE","ACTIVE","","2026","TRUE","19.94","fe71dc5d-15dd-5cac-9409-ca04606eaf04","2026-08-16","RISK_ADJ_PIPELINE","2026-09-15 10:31:41"
"7dc86863-7b6d-5c73-abb7-f39aaa686995","a372b43f-adb0-54a0-ba75-d9fe60c97dd1","33b75e81-1c0d-52ea-a46c-eb788aa31c22","HCC17","Diabetes with Acute Complications","E10.9","Diabetes with Acute Complications","0.368","1.0","0.368","2026-08-13","CLAIMS","ACTIVE","","2026","TRUE","4.19","fe71dc5d-15dd-5cac-9409-ca04606eaf04","2026-08-13","RISK_ADJ_PIPELINE","2026-09-15 10:31:41"
"3699efc0-0025-5aa5-9318-9e2ea472f48e","565a036b-1d7a-54df-b060-9a2ecdce1efb","be8da0c0-5d91-550d-beba-0024d43239f9","HCC58","Major Depressive/Bipolar Disorders","F31.10","Major Depressive/Bipolar Disorders","0.395","1.02","0.4029","2026-07-24","CLAIMS","ACTIVE","","2026","TRUE","7.57","fe71dc5d-15dd-5cac-9409-ca04606eaf04","2026-07-24","RISK_ADJ_PIPELINE","2026-09-15 10:31:41"
"1396e8c2-f965-595d-b33d-cae651fe0127","565a036b-1d7a-54df-b060-9a2ecdce1efb","39ab42a0-a217-5d94-8fda-bf4f9ff55a33","HCC9","Lung and Other Severe Cancers","C34.30","Lung and Other Severe Cancers","2.422","1.02","2.4704","2026-06-28","CLAIMS","ACTIVE","","2026","TRUE","9.78","fe71dc5d-15dd-5cac-9409-ca04606eaf04","2026-06-28","RISK_ADJ_PIPELINE","2026-09-15 10:31:41"
"0773a777-d4f1-5003-b20b-547d14ded527","565a036b-1d7a-54df-b060-9a2ecdce1efb","5b1b8865-37bc-5cbe-bd0f-3c4e984ecf63","HCC85","Congestive Heart Failure","I50.22","Congestive Heart Failure","0.331","1.02","0.3376","2026-06-23","CLAIMS","ACTIVE","","2026","TRUE","8.34","fe71dc5d-15dd-5cac-9409-ca04606eaf04","2026-06-23","RISK_ADJ_PIPELINE","2026-09-15 10:31:41"
"99d4d3ef-10af-5559-840f-60379e556b85","d9518d91-dd2c-59cc-9cd9-b24267cb6977","1d9df006-d78e-59de-9724-e0a07cf921ca","HCC40","Rheumatoid Arthritis","M16.30","Rheumatoid Arthritis","0.421","1.0","0.421","2026-08-26","ENCOUNTER","SUPERSEDED","","2026","TRUE","13.54","fe71dc5d-15dd-5cac-9409-ca04606eaf04","2026-08-26","RISK_ADJ_PIPELINE","2026-09-15 10:31:41"
"ffaf3222-dda4-5435-a00c-6c93298e9ba7","19a91f15-6266-56ef-961d-d35ae201b3f7","7b9e4d46-ec7d-5b3d-b710-728bc24d8639","HCC17","Diabetes with Acute Complications","E10.10","Diabetes with Acute Complications","0.368","1.0","0.368","2026-08-22","CLAIMS","ACTIVE","","2026","TRUE","7.56","fe71dc5d-15dd-5cac-9409-ca04606eaf04","2026-08-22","RISK_ADJ_PIPELINE","2026-09-15 10:31:41"
"7122ad4f-3967-583e-b7cc-2ce6d8c64e8f","ecb85a4a-e4e2-5544-ad48-70080f6d6f2d","ff851ba5-b6f6-5cec-842e-68e6233f3df2","HCC17","Diabetes with Acute Complications","E10.10","Diabetes with Acute Complications","0.368","1.0","0.368","2026-07-24","CLAIMS","VALIDATED","","2026","TRUE","7.2","fe71dc5d-15dd-5cac-9409-ca04606eaf04","2026-07-24","RISK_ADJ_PIPELINE","2026-09-15 10:31:41"
"ca8a7a28-6345-5cf7-8dcc-2a3917309364","ecb85a4a-e4e2-5544-ad48-70080f6d6f2d","ff851ba5-b6f6-5cec-842e-68e6233f3df2","HCC86","Acute Myocardial Infarction","I21.19","Acute Myocardial Infarction","0.365","1.0","0.365","2026-07-21","CLAIMS","ACTIVE","","2026","TRUE","7.2","fe71dc5d-15dd-5cac-9409-ca04606eaf04","2026-07-21","RISK_ADJ_PIPELINE","2026-09-15 10:31:41"
"3fe1a5f9-7923-57f7-8e26-ff7748f6e505","ecb85a4a-e4e2-5544-ad48-70080f6d6f2d","2743e15e-a829-560d-9405-18d540414781","HCC40","Rheumatoid Arthritis","M16.0","Rheumatoid Arthritis","0.421","1.0","0.421","2026-08-01","CLAIMS","VALIDATED","","2026","TRUE","10.3","fe71dc5d-15dd-5cac-9409-ca04606eaf04","2026-08-01","RISK_ADJ_PIPELINE","2026-09-15 10:31:41"
"26e989db-89cb-5e1b-9408-0f9966a31ef3","ca41f404-b658-52a0-a13e-ac962f950a23","dd9a1ad4-e63a-58b3-ab86-2e1a98c59076","HCC12","Colon Cancer","C18.2","Colon Cancer","0.664","1.02","0.6773","2026-08-06","CLAIMS","ACTIVE","","2026","TRUE","22.7","fe71dc5d-15dd-5cac-9409-ca04606eaf04","2026-08-06","RISK_ADJ_PIPELINE","2026-09-15 10:31:41"
"e95d16e7-f7ce-5b66-8888-2dcdc662b816","a1db887b-9742-5253-a01a-3e61d2b3e94e","cf2a12ce-adb9-56f3-a737-354768bf0a41","HCC96","Specified Heart Arrhythmias","I48.20","Specified Heart Arrhythmias","0.271","1.0","0.271","2026-08-28","ENCOUNTER","VALIDATED","","2026","TRUE","8.64","fe71dc5d-15dd-5cac-9409-ca04606eaf04","2026-08-28","RISK_ADJ_PIPELINE","2026-09-15 10:31:41"
"1836ad88-3d5e-5607-96b1-48829d5cf71b","a75ce269-4212-5c20-a6aa-dff836335d32","27152296-b8bc-52ef-b3d1-6562051cfe98","HCC19","Diabetes without Complication","E11.65","Diabetes without Complication","0.118","1.02","0.1204","2026-08-20","ENCOUNTER","SUPERSEDED","","2026","TRUE","7.35","fe71dc5d-15dd-5cac-9409-ca04606eaf04","2026-08-20","RISK_ADJ_PIPELINE","2026-09-15 10:31:41"
"52c4d4df-e743-5b95-ab34-e8660a53af0e","a75ce269-4212-5c20-a6aa-dff836335d32","7cb589cc-5327-5831-ac7e-2694bd7400dc","HCC168","Hip Fracture/Dislocation","M80.011A","Hip Fracture/Dislocation","0.489","1.02","0.4988","2026-07-16","ENCOUNTER","SUPERSEDED","","2026","FALSE","82.98","fe71dc5d-15dd-5cac-9409-ca04606eaf04","2026-07-16","RISK_ADJ_PIPELINE","2026-09-15 10:31:41"
"e831b38f-0f67-57b9-a67f-0e484577eeb5","a75ce269-4212-5c20-a6aa-dff836335d32","7d730223-dadb-5424-a301-3a317aede65d","HCC136","Chronic Kidney Disease Stage 4","N18.6","Chronic Kidney Disease Stage 4","0.237","1.02","0.2417","2026-09-09","CLAIMS","VALIDATED","","2026","TRUE","16.19","fe71dc5d-15dd-5cac-9409-ca04606eaf04","2026-09-09","RISK_ADJ_PIPELINE","2026-09-15 10:31:41"
"4b5fb024-caa0-5abe-81a9-7c51d7dc0248","ebc39276-1d73-53a6-9c2f-3b7e36cf775e","9c95596f-5059-588e-92c1-589ceba74bd3","HCC12","Colon Cancer","C18.7","Colon Cancer","0.664","1.02","0.6773","2026-07-09","CLAIMS","SUPERSEDED","","2026","TRUE","12.72","fe71dc5d-15dd-5cac-9409-ca04606eaf04","2026-07-09","RISK_ADJ_PIPELINE","2026-09-15 10:31:41"
"91b1e0a9-8d8a-5833-abc0-d8d49aadfed2","0b59a203-2de1-5066-88aa-bac8cc29e78e","56edddd0-d6b6-5ee3-8f2d-c77b2ea5b30c","HCC96","Specified Heart Arrhythmias","I48.11","Specified Heart Arrhythmias","0.271","1.0","0.271","2026-08-26","ENCOUNTER","VALIDATED","","2026","TRUE","7.41","fe71dc5d-15dd-5cac-9409-ca04606eaf04","2026-08-26","RISK_ADJ_PIPELINE","2026-09-15 10:31:41"
"ecb811f7-95c1-5545-9ac3-cff80f513d92","0b59a203-2de1-5066-88aa-bac8cc29e78e","01be9e04-a763-55fa-964a-2d68fe292f75","HCC112","Fibrosis of Lung","J43.9","Fibrosis of Lung","0.199","1.0","0.199","2026-07-20","CLAIMS","ACTIVE","","2026","TRUE","4.46","fe71dc5d-15dd-5cac-9409-ca04606eaf04","2026-07-20","RISK_ADJ_PIPELINE","2026-09-15 10:31:41"
"0a18908e-7fc7-5725-9d61-3a9e2e5b0914","4d3563d1-2ba2-5734-992d-e1a1a704bf99","d9bc9aa1-7863-5286-933a-6c1f183b6d0c","HCC18","Diabetes with Chronic Complications","E13.10","Diabetes with Chronic Complications","0.302","1.0","0.302","2026-07-18","ENCOUNTER","ACTIVE","","2026","TRUE","9.9","fe71dc5d-15dd-5cac-9409-ca04606eaf04","2026-07-18","RISK_ADJ_PIPELINE","2026-09-15 10:31:41"
"cbe45db7-51da-540f-8838-59c6e46051ca","5e9d7dae-e391-5cb3-bae4-6ca1f2ea7268","7f8dcdc6-c7e0-5ec3-a9cd-ee5c142c8ffb","HCC168","Hip Fracture/Dislocation","M80.019A","Hip Fracture/Dislocation","0.489","1.02","0.4988","2026-09-12","CLAIMS","ACTIVE","","2026","TRUE","11.06","fe71dc5d-15dd-5cac-9409-ca04606eaf04","2026-09-12","RISK_ADJ_PIPELINE","2026-09-15 10:31:41"
"10ea7e66-a552-58f0-8f8f-cb4e969b12bc","5e9d7dae-e391-5cb3-bae4-6ca1f2ea7268","32510145-e4c8-595b-9a53-4d1e5451c01b","HCC136","Chronic Kidney Disease Stage 4","N18.5","Chronic Kidney Disease Stage 4","0.237","1.02","0.2417","2026-09-01","CHART_REVIEW","ACTIVE","CODER_REVIEW","2026","TRUE","0.72","fe71dc5d-15dd-5cac-9409-ca04606eaf04","2026-09-01","RISK_ADJ_PIPELINE","2026-09-15 10:31:41"
"7b937877-9d46-595f-8430-a82a84ee952b","5e9d7dae-e391-5cb3-bae4-6ca1f2ea7268","d41f20b4-eb31-5ae6-95de-fe185a0557f2","HCC96","Specified Heart Arrhythmias","I48.20","Specified Heart Arrhythmias","0.271","1.02","0.2764","2026-08-10","CLAIMS","ACTIVE","","2026","TRUE","20.19","fe71dc5d-15dd-5cac-9409-ca04606eaf04","2026-08-10","RISK_ADJ_PIPELINE","2026-09-15 10:31:41"
"ca6cb8bc-caf2-57d7-ad4c-2e23c8d7b83c","5e9d7dae-e391-5cb3-bae4-6ca1f2ea7268","dcc69a87-8f31-580c-b624-d28a48e5884d","HCC57","Schizophrenia","F20.0","Schizophrenia","0.62","1.02","0.6324","2026-09-06","ENCOUNTER","ACTIVE","","2026","TRUE","10.35","fe71dc5d-15dd-5cac-9409-ca04606eaf04","2026-09-06","RISK_ADJ_PIPELINE","2026-09-15 10:31:41"
"b049bcaa-9a9c-50b7-9be5-b2b675bdce36","0ae6fb1b-f3b3-50a7-aee2-add473e9e29c","0b74fe9c-38eb-551b-b8ea-04d0ec27f456","HCC96","Specified Heart Arrhythmias","I48.11","Specified Heart Arrhythmias","0.271","1.02","0.2764","2026-09-04","CLAIMS","ACTIVE","","2026","TRUE","4.66","fe71dc5d-15dd-5cac-9409-ca04606eaf04","2026-09-04","RISK_ADJ_PIPELINE","2026-09-15 10:31:41"
"fe10a41f-459d-5837-8679-5039aaa5deee","906fbcf5-d227-573f-80bf-8d825892252c","71376ccd-2c22-57a9-9833-3b27314ad942","HCC17","Diabetes with Acute Complications","E10.9","Diabetes with Acute Complications","0.368","1.0","0.368","2026-06-17","CLAIMS","ACTIVE","","2026","TRUE","13.68","fe71dc5d-15dd-5cac-9409-ca04606eaf04","2026-06-17","RISK_ADJ_PIPELINE","2026-09-15 10:31:41"
"1bc42ad5-2ee7-522d-8959-0a8c2ff36637","5cf2c367-26e4-5223-b232-063aebfc655a","4d9175be-a438-5927-b799-e5dc1f8a9bac","HCC85","Congestive Heart Failure","I50.32","Congestive Heart Failure","0.331","1.0","0.331","2026-07-16","CHART_REVIEW","ACTIVE","CODER_REVIEW","2026","FALSE","84.96","fe71dc5d-15dd-5cac-9409-ca04606eaf04","2026-07-16","RISK_ADJ_PIPELINE","2026-09-15 10:31:41"
"d715ca1b-0169-5866-9807-0104d37100ab","a6e4d9fb-cfe4-58f0-b614-c9a264b6785e","142b375d-6996-5c37-ad89-1e324856afbc","HCC111","COPD","J44.1","COPD","0.335","1.02","0.3417","2026-09-13","ENCOUNTER","ACTIVE","","2026","TRUE","2.37","fe71dc5d-15dd-5cac-9409-ca04606eaf04","2026-09-13","RISK_ADJ_PIPELINE","2026-09-15 10:31:41"
"77ba6b8b-04a7-5058-ab4d-d1ba863580e2","a6e4d9fb-cfe4-58f0-b614-c9a264b6785e","3cf105c2-53e4-5df7-a81b-15ec592a329f","HCC168","Hip Fracture/Dislocation","M80.011A","Hip Fracture/Dislocation","0.489","1.02","0.4988","2026-06-25","ENCOUNTER","VALIDATED","","2026","TRUE","19.84","fe71dc5d-15dd-5cac-9409-ca04606eaf04","2026-06-25","RISK_ADJ_PIPELINE","2026-09-15 10:31:41"
"e647e04f-f5d1-5ee1-a1f7-49a775cea4b6","a6e4d9fb-cfe4-58f0-b614-c9a264b6785e","32dd708c-5db7-52ec-84ae-8cbbf564c019","HCC9","Lung and Other Severe Cancers","C34.10","Lung and Other Severe Cancers","2.422","1.02","2.4704","2026-07-05","CHART_REVIEW","VALIDATED","CODER_REVIEW","2026","TRUE","3.24","fe71dc5d-15dd-5cac-9409-ca04606eaf04","2026-07-05","RISK_ADJ_PIPELINE","2026-09-15 10:31:41"
"613b0c24-3df9-51d3-a60f-121c32a9655c","12d77dc3-fdd5-5f06-a146-ca9739bb3aed","2ddc3d43-867a-5b2a-b57e-0d48c5f7fcc2","HCC88","Angina Pectoris / Old MI","I25.10","Angina Pectoris / Old MI","0.241","1.02","0.2458","2026-06-23","CLAIMS","ACTIVE","","2026","TRUE","19.47","fe71dc5d-15dd-5cac-9409-ca04606eaf04","2026-06-23","RISK_ADJ_PIPELINE","2026-09-15 10:31:41"
"4301faa9-977e-5f81-bf96-043427a31271","12d77dc3-fdd5-5f06-a146-ca9739bb3aed","e45bd69e-4c54-5769-b738-9948826f2de5","HCC168","Hip Fracture/Dislocation","M80.011A","Hip Fracture/Dislocation","0.489","1.02","0.4988","2026-07-04","CLAIMS","ACTIVE","","2026","FALSE","40.4","fe71dc5d-15dd-5cac-9409-ca04606eaf04","2026-07-04","RISK_ADJ_PIPELINE","2026-09-15 10:31:41"
"697b03dd-e112-5248-8cea-91fc0dffb23c","12d77dc3-fdd5-5f06-a146-ca9739bb3aed","e45bd69e-4c54-5769-b738-9948826f2de5","HCC86","Acute Myocardial Infarction","I21.3","Acute Myocardial Infarction","0.365","1.02","0.3723","2026-07-08","CLAIMS","ACTIVE","","2026","FALSE","40.4","fe71dc5d-15dd-5cac-9409-ca04606eaf04","2026-07-08","RISK_ADJ_PIPELINE","2026-09-15 10:31:41"
"fec24bf1-65f1-5794-8b02-23b585b97e77","18d0c908-c568-54e9-8744-2e47cfbd9425","ee1f343c-6937-5427-93ec-99b6a353f584","HCC111","COPD","J44.1","COPD","0.335","1.02","0.3417","2026-08-04","CHART_REVIEW","ACTIVE","CODER_REVIEW","2026","TRUE","11.48","fe71dc5d-15dd-5cac-9409-ca04606eaf04","2026-08-04","RISK_ADJ_PIPELINE","2026-09-15 10:31:41"
"2b4372b1-8ecf-5014-b717-3de74fca8e08","9c6240f3-ebc8-5818-93a3-b5f8870a50eb","26c8bf4c-6fe0-5bb7-89ac-2881e8df94a5","HCC58","Major Depressive/Bipolar Disorders","F31.30","Major Depressive/Bipolar Disorders","0.395","1.02","0.4029","2026-08-16","CLAIMS","ACTIVE","","2026","TRUE","20.98","fe71dc5d-15dd-5cac-9409-ca04606eaf04","2026-08-16","RISK_ADJ_PIPELINE","2026-09-15 10:31:41"
"d9b8988e-0ff5-54f4-8eaa-225da2d1da52","9c6240f3-ebc8-5818-93a3-b5f8870a50eb","11a90e9d-e08f-5640-b859-9862d058186d","HCC12","Colon Cancer","C18.7","Colon Cancer","0.664","1.02","0.6773","2026-08-10","CLAIMS","ACTIVE","","2026","TRUE","11.36","fe71dc5d-15dd-5cac-9409-ca04606eaf04","2026-08-10","RISK_ADJ_PIPELINE","2026-09-15 10:31:41"
"e75de544-acca-5492-9067-ec64d8c408f0","3d182a4f-99b0-5342-a22e-546ec3e7df02","a06330c5-c0d9-5d1e-8169-5aa7f6cd7ba6","HCC19","Diabetes without Complication","E11.00","Diabetes without Complication","0.118","1.02","0.1204","2026-08-27","CHART_REVIEW","ACTIVE","CODER_REVIEW","2026","TRUE","16.99","fe71dc5d-15dd-5cac-9409-ca04606eaf04","2026-08-27","RISK_ADJ_PIPELINE","2026-09-15 10:31:41"
"bd59c95f-b0e9-566e-99d0-c790b002f75a","7124048e-6eec-569a-9a15-1406eab2c785","9f8a8119-1ad7-56db-b616-82e8196ae6cc","HCC17","Diabetes with Acute Complications","E10.10","Diabetes with Acute Complications","0.368","1.0","0.368","2026-08-05","CLAIMS","ACTIVE","","2026","TRUE","10.55","fe71dc5d-15dd-5cac-9409-ca04606eaf04","2026-08-05","RISK_ADJ_PIPELINE","2026-09-15 10:31:41"
"7b7c2903-e815-5ef3-9972-e262af9d1839","7124048e-6eec-569a-9a15-1406eab2c785","dad95f4e-eae7-541d-b38c-f1cbc8cbf804","HCC9","Lung and Other Severe Cancers","C34.30","Lung and Other Severe Cancers","2.422","1.0","2.422","2026-08-26","PROSPECTIVE","ACTIVE","","2026","TRUE","2.02","fe71dc5d-15dd-5cac-9409-ca04606eaf04","2026-08-26","RISK_ADJ_PIPELINE","2026-09-15 10:31:41"
"5f4d353c-cccb-55e7-87b7-fbd8ad0842d7","7124048e-6eec-569a-9a15-1406eab2c785","f0846134-7ac5-5455-9bc6-5b74c80baac1","HCC135","Acute Renal Failure","N17.0","Acute Renal Failure","0.441","1.0","0.441","2026-07-21","CLAIMS","VALIDATED","","2026","TRUE","13.65","fe71dc5d-15dd-5cac-9409-ca04606eaf04","2026-07-21","RISK_ADJ_PIPELINE","2026-09-15 10:31:41"
"c3b28a48-262f-58ea-a89e-d1e96027b9df","abb8d90e-0380-5d6f-a1e6-99d8a26b8538","e6dc68af-967c-539c-97cc-1599ad256eff","HCC112","Fibrosis of Lung","J43.9","Fibrosis of Lung","0.199","1.02","0.203","2026-08-28","CLAIMS","ACTIVE","","2026","FALSE","51.57","fe71dc5d-15dd-5cac-9409-ca04606eaf04","2026-08-28","RISK_ADJ_PIPELINE","2026-09-15 10:31:41"
"fbb9a39e-a3e9-50cb-91d1-ea611033d1ca","abb8d90e-0380-5d6f-a1e6-99d8a26b8538","1e075280-9889-557e-a67d-b617850d9f7d","HCC17","Diabetes with Acute Complications","E10.40","Diabetes with Acute Complications","0.368","1.02","0.3754","2026-08-31","CLAIMS","VALIDATED","","2026","TRUE","17.4","fe71dc5d-15dd-5cac-9409-ca04606eaf04","2026-08-31","RISK_ADJ_PIPELINE","2026-09-15 10:31:41"
"73424455-59ce-5009-a935-ed801e0c8094","abb8d90e-0380-5d6f-a1e6-99d8a26b8538","63b4206b-2fa3-506e-9c02-7f49748f00c3","HCC88","Angina Pectoris / Old MI","I25.5","Angina Pectoris / Old MI","0.241","1.02","0.2458","2026-08-31","CHART_REVIEW","VALIDATED","CODER_REVIEW","2026","FALSE","35.87","fe71dc5d-15dd-5cac-9409-ca04606eaf04","2026-08-31","RISK_ADJ_PIPELINE","2026-09-15 10:31:41"
"f547e6b0-2f43-5f4c-917b-8384a38e28c4","abb8d90e-0380-5d6f-a1e6-99d8a26b8538","e6dc68af-967c-539c-97cc-1599ad256eff","HCC168","Hip Fracture/Dislocation","M80.811A","Hip Fracture/Dislocation","0.489","1.02","0.4988","2026-07-15","ENCOUNTER","ACTIVE","","2026","FALSE","51.57","fe71dc5d-15dd-5cac-9409-ca04606eaf04","2026-07-15","RISK_ADJ_PIPELINE","2026-09-15 10:31:41"
"8d32ac2b-bc94-5d34-8b4f-aa827323b257","26410ac3-e5a7-59b4-a00b-7ccb9ab7ab96","8ffc3db5-d1f1-59bc-9ef8-387fbbee2378","HCC19","Diabetes without Complication","E11.40","Diabetes without Complication","0.118","1.0","0.118","2026-07-07","ENCOUNTER","ACTIVE","","2026","TRUE","19.28","fe71dc5d-15dd-5cac-9409-ca04606eaf04","2026-07-07","RISK_ADJ_PIPELINE","2026-09-15 10:31:41"
"8e9ba8da-01ad-5031-bf39-7054fc976167","53223a8d-9002-5b57-847c-4dc20043668c","364fa66c-bed5-58b7-af91-9b315a1ac501","HCC18","Diabetes with Chronic Complications","E13.10","Diabetes with Chronic Complications","0.302","1.02","0.308","2026-07-08","ENCOUNTER","ACTIVE","","2026","TRUE","13.04","fe71dc5d-15dd-5cac-9409-ca04606eaf04","2026-07-08","RISK_ADJ_PIPELINE","2026-09-15 10:31:41"
"cd0e8846-720b-5d26-bf5a-f8b28a2142db","53223a8d-9002-5b57-847c-4dc20043668c","2f48f53f-b1d8-50ab-a521-5f0ef5185acc","HCC111","COPD","J44.1","COPD","0.335","1.02","0.3417","2026-08-29","CLAIMS","ACTIVE","","2026","TRUE","5.48","fe71dc5d-15dd-5cac-9409-ca04606eaf04","2026-08-29","RISK_ADJ_PIPELINE","2026-09-15 10:31:41"
"5b217dd2-539a-57ca-8bf1-f7ec06716759","53223a8d-9002-5b57-847c-4dc20043668c","364fa66c-bed5-58b7-af91-9b315a1ac501","HCC12","Breast Cancer","C50.411","Breast Cancer","0.664","1.02","0.6773","2026-09-05","PROSPECTIVE","ACTIVE","","2026","TRUE","13.04","fe71dc5d-15dd-5cac-9409-ca04606eaf04","2026-09-05","RISK_ADJ_PIPELINE","2026-09-15 10:31:41"
"ea01a4a4-7c1f-5736-a639-1977b6afe350","aed17a52-4b9b-515d-bcf7-0ee6aed0dd14","3fcf7cd6-b19c-5048-9381-1b948d5b20d3","HCC111","COPD","J44.9","COPD","0.335","1.0","0.335","2026-09-07","PROSPECTIVE","ACTIVE","","2026","TRUE","12.99","fe71dc5d-15dd-5cac-9409-ca04606eaf04","2026-09-07","RISK_ADJ_PIPELINE","2026-09-15 10:31:41"
"529867b7-a67c-5bcc-b3b7-44a265d0afa5","b3550055-0140-5adb-beee-5b19fbba2963","3dfaef76-e008-5bae-a18f-a0a4ef2f99c2","HCC86","Acute Myocardial Infarction","I21.09","Acute Myocardial Infarction","0.365","1.02","0.3723","2026-09-06","CLAIMS","ACTIVE","","2026","TRUE","2.06","fe71dc5d-15dd-5cac-9409-ca04606eaf04","2026-09-06","RISK_ADJ_PIPELINE","2026-09-15 10:31:41"
"6c88f5ae-be3b-5482-97f8-ec286148ed53","b3550055-0140-5adb-beee-5b19fbba2963","e2b36d96-caac-5b61-a13f-1d08ddded947","HCC12","Breast Cancer","C50.019","Breast Cancer","0.664","1.02","0.6773","2026-09-05","CLAIMS","VALIDATED","","2026","TRUE","16.34","fe71dc5d-15dd-5cac-9409-ca04606eaf04","2026-09-05","RISK_ADJ_PIPELINE","2026-09-15 10:31:41"
"2e24b342-e618-5bac-a8b5-2557d8609d93","1e1a8f3a-838b-579b-a713-b90115838556","89edc5b1-e175-5f54-a3f3-f153158d404a","HCC96","Specified Heart Arrhythmias","I48.20","Specified Heart Arrhythmias","0.271","1.02","0.2764","2026-08-28","CLAIMS","ACTIVE","","2026","TRUE","6.41","fe71dc5d-15dd-5cac-9409-ca04606eaf04","2026-08-28","RISK_ADJ_PIPELINE","2026-09-15 10:31:41"
"dfeadc62-5286-538f-8310-a88de63afe33","1e1a8f3a-838b-579b-a713-b90115838556","518d4099-6d59-5012-b7a7-c7726d7d79b5","HCC88","Angina Pectoris / Old MI","I25.5","Angina Pectoris / Old MI","0.241","1.02","0.2458","2026-08-31","CLAIMS","ACTIVE","","2026","TRUE","6.42","fe71dc5d-15dd-5cac-9409-ca04606eaf04","2026-08-31","RISK_ADJ_PIPELINE","2026-09-15 10:31:41"
"72c36596-e199-502a-8565-0b2de5981147","b202df8e-342c-57ec-907c-25d669dfcbf4","e0b56a2c-9c26-59da-84a6-e072de41478e","HCC168","Hip Fracture/Dislocation","M80.011A","Hip Fracture/Dislocation","0.489","1.0","0.489","2026-09-04","CLAIMS","ACTIVE","","2026","TRUE","8.44","fe71dc5d-15dd-5cac-9409-ca04606eaf04","2026-09-04","RISK_ADJ_PIPELINE","2026-09-15 10:31:41"
"4f6faf7f-673c-532f-b9c6-a41cb7005e37","b202df8e-342c-57ec-907c-25d669dfcbf4","00cdef0d-6418-56cd-8dc0-e74232fc1174","HCC86","Acute Myocardial Infarction","I21.09","Acute Myocardial Infarction","0.365","1.0","0.365","2026-08-18","CLAIMS","ACTIVE","","2026","TRUE","10.2","fe71dc5d-15dd-5cac-9409-ca04606eaf04","2026-08-18","RISK_ADJ_PIPELINE","2026-09-15 10:31:41"
"7adde403-56d8-5385-ae28-5012c601251e","b202df8e-342c-57ec-907c-25d669dfcbf4","e0b56a2c-9c26-59da-84a6-e072de41478e","HCC12","Colon Cancer","C18.0","Colon Cancer","0.664","1.0","0.664","2026-08-18","CLAIMS","ACTIVE","","2026","TRUE","8.44","fe71dc5d-15dd-5cac-9409-ca04606eaf04","2026-08-18","RISK_ADJ_PIPELINE","2026-09-15 10:31:41"
"32539e38-332f-5685-8573-2e6b413b075f","b202df8e-342c-57ec-907c-25d669dfcbf4","dbe35220-43c3-506c-bcdd-0824c11bb6ff","HCC18","Diabetes with Chronic Complications","E13.65","Diabetes with Chronic Complications","0.302","1.0","0.302","2026-06-19","PROSPECTIVE","ACTIVE","","2026","TRUE","6.38","fe71dc5d-15dd-5cac-9409-ca04606eaf04","2026-06-19","RISK_ADJ_PIPELINE","2026-09-15 10:31:41"
"e3d4fa3d-aad9-5cb3-bb7c-fe237fbc15c4","ba2349c2-eb8c-5d05-afcb-b4586a503af2","adb1b5ac-df0f-5c04-986d-ae98720bf0a8","HCC18","Diabetes with Chronic Complications","E13.10","Diabetes with Chronic Complications","0.302","1.02","0.308","2026-06-18","ENCOUNTER","SUPERSEDED","","2026","TRUE","20.91","fe71dc5d-15dd-5cac-9409-ca04606eaf04","2026-06-18","RISK_ADJ_PIPELINE","2026-09-15 10:31:41"
"e32c5385-2b01-5b4d-80ac-ab2bd9e9c6bd","f9a8a686-54a3-5a15-9b30-fde5cb202d0b","1f20ab23-22a0-5ca7-94d7-bcc13b384c72","HCC85","Congestive Heart Failure","I50.20","Congestive Heart Failure","0.331","1.0","0.331","2026-06-19","CLAIMS","ACTIVE","","2026","TRUE","6.72","fe71dc5d-15dd-5cac-9409-ca04606eaf04","2026-06-19","RISK_ADJ_PIPELINE","2026-09-15 10:31:41"
"f0d4c9f3-9920-50a1-9d19-9d9b5e30c715","3886b639-dc98-5cbb-a1a0-c098f17f7f09","7f25ee32-03a6-5963-b647-68b2540af311","HCC136","Chronic Kidney Disease Stage 4","N18.4","Chronic Kidney Disease Stage 4","0.237","1.02","0.2417","2026-09-14","CLAIMS","ACTIVE","","2026","TRUE","1.03","fe71dc5d-15dd-5cac-9409-ca04606eaf04","2026-09-14","RISK_ADJ_PIPELINE","2026-09-15 10:31:41"
"493e9c18-ccbf-5ac5-aa79-630320ecb3d4","3886b639-dc98-5cbb-a1a0-c098f17f7f09","0cf6125d-9c90-5776-8a71-ccb2e5ecfcdf","HCC86","Acute Myocardial Infarction","I21.19","Acute Myocardial Infarction","0.365","1.02","0.3723","2026-08-21","CLAIMS","VALIDATED","","2026","FALSE","63.18","fe71dc5d-15dd-5cac-9409-ca04606eaf04","2026-08-21","RISK_ADJ_PIPELINE","2026-09-15 10:31:41"
"62c20e60-d1c8-58eb-8781-9b4f5d883116","3886b639-dc98-5cbb-a1a0-c098f17f7f09","d58bd99d-fe95-56c4-8da7-6c8ba45acf93","HCC135","Acute Renal Failure","N17.9","Acute Renal Failure","0.441","1.02","0.4498","2026-07-13","ENCOUNTER","ACTIVE","","2026","TRUE","2.09","fe71dc5d-15dd-5cac-9409-ca04606eaf04","2026-07-13","RISK_ADJ_PIPELINE","2026-09-15 10:31:41"
"663d1ac0-8cf4-5133-95e8-7430b3a94734","f601bf29-eee1-5cad-86a3-37fc20ce842a","aa9beb60-af86-5052-ad75-d0a45aaa229a","HCC57","Schizophrenia","F20.9","Schizophrenia","0.62","1.0","0.62","2026-07-10","ENCOUNTER","ACTIVE","","2026","TRUE","5.35","fe71dc5d-15dd-5cac-9409-ca04606eaf04","2026-07-10","RISK_ADJ_PIPELINE","2026-09-15 10:31:41"
"70b1e745-768e-5f3d-bff0-d5444e3792c5","f601bf29-eee1-5cad-86a3-37fc20ce842a","806f3b76-9506-5679-9f63-45d10189ac20","HCC9","Lung and Other Severe Cancers","C34.11","Lung and Other Severe Cancers","2.422","1.0","2.422","2026-08-09","CLAIMS","ACTIVE","","2026","TRUE","13.23","fe71dc5d-15dd-5cac-9409-ca04606eaf04","2026-08-09","RISK_ADJ_PIPELINE","2026-09-15 10:31:41"
"1d076c5d-5bba-5c37-a149-3e099aacf3a5","f601bf29-eee1-5cad-86a3-37fc20ce842a","aa9beb60-af86-5052-ad75-d0a45aaa229a","HCC112","Fibrosis of Lung","J43.1","Fibrosis of Lung","0.199","1.0","0.199","2026-08-25","CLAIMS","ACTIVE","","2026","TRUE","5.35","fe71dc5d-15dd-5cac-9409-ca04606eaf04","2026-08-25","RISK_ADJ_PIPELINE","2026-09-15 10:31:41"
"884291e3-690e-5aba-8aea-ad94413adfb3","ddd8d663-0fe8-579e-9106-a50b1fbe9186","d9c4cb7b-3e01-5bee-a9a0-6ba2c8556cdb","HCC40","Rheumatoid Arthritis","M16.10","Rheumatoid Arthritis","0.421","1.0","0.421","2026-07-06","CLAIMS","VALIDATED","","2026","TRUE","13.96","fe71dc5d-15dd-5cac-9409-ca04606eaf04","2026-07-06","RISK_ADJ_PIPELINE","2026-09-15 10:31:41"
"3ad0bb2b-3c09-5ee2-a866-fb29649f58b7","ddd8d663-0fe8-579e-9106-a50b1fbe9186","d5756bf4-c39b-58fa-b996-0fdf651066a5","HCC12","Breast Cancer","C50.211","Breast Cancer","0.664","1.0","0.664","2026-06-29","CLAIMS","ACTIVE","","2026","TRUE","4.83","fe71dc5d-15dd-5cac-9409-ca04606eaf04","2026-06-29","RISK_ADJ_PIPELINE","2026-09-15 10:31:41"
"64e6d3c8-db59-59b7-a76d-57e7204f36d1","4f097454-6330-56a9-b841-69391db9d816","ae518d27-ee85-500d-9295-173fd4848f6f","HCC111","COPD","J44.0","COPD","0.335","1.0","0.335","2026-08-30","CHART_REVIEW","ACTIVE","CODER_REVIEW","2026","TRUE","6.97","fe71dc5d-15dd-5cac-9409-ca04606eaf04","2026-08-30","RISK_ADJ_PIPELINE","2026-09-15 10:31:41"
"eed2216b-b34a-5146-ad2a-acded857b6af","4f097454-6330-56a9-b841-69391db9d816","b2dbe5fb-0119-59d5-9dde-0e2c4758d15f","HCC19","Diabetes without Complication","E11.21","Diabetes without Complication","0.118","1.0","0.118","2026-08-29","CHART_REVIEW","ACTIVE","CODER_REVIEW","2026","TRUE","4.75","fe71dc5d-15dd-5cac-9409-ca04606eaf04","2026-08-29","RISK_ADJ_PIPELINE","2026-09-15 10:31:41"
"4afa4443-9410-5968-b9b6-47ff76682cdb","9eeb858a-762c-5974-851b-d69e4c36474a","394f1f87-1510-51e6-95ca-1e0fd3185480","HCC12","Colon Cancer","C18.2","Colon Cancer","0.664","1.0","0.664","2026-08-06","CLAIMS","ACTIVE","","2026","TRUE","9.11","fe71dc5d-15dd-5cac-9409-ca04606eaf04","2026-08-06","RISK_ADJ_PIPELINE","2026-09-15 10:31:41"
"85fe6efa-b56e-59b6-bbe5-4a3755fd7089","9eeb858a-762c-5974-851b-d69e4c36474a","c8110118-3c24-5807-8370-ea8b7df18764","HCC17","Diabetes with Acute Complications","E10.9","Diabetes with Acute Complications","0.368","1.0","0.368","2026-08-20","ENCOUNTER","ACTIVE","","2026","TRUE","22.47","fe71dc5d-15dd-5cac-9409-ca04606eaf04","2026-08-20","RISK_ADJ_PIPELINE","2026-09-15 10:31:41"
"05d06b3f-a4b9-5d54-b1b3-0c19db2ed5d9","820e53e8-2334-5805-b619-50b587a92f80","992ba391-f27f-5d0d-8bd0-5249cc9961a3","HCC86","Acute Myocardial Infarction","I21.29","Acute Myocardial Infarction","0.365","1.02","0.3723","2026-08-20","CHART_REVIEW","ACTIVE","CODER_REVIEW","2026","TRUE","18.94","fe71dc5d-15dd-5cac-9409-ca04606eaf04","2026-08-20","RISK_ADJ_PIPELINE","2026-09-15 10:31:41"
"f6ffb704-8c96-573e-b8e7-5e3e86d41d06","820e53e8-2334-5805-b619-50b587a92f80","e91f8c06-e4bf-5b15-be14-3955037942c9","HCC17","Diabetes with Acute Complications","E10.9","Diabetes with Acute Complications","0.368","1.02","0.3754","2026-07-29","CLAIMS","ACTIVE","","2026","TRUE","12.02","fe71dc5d-15dd-5cac-9409-ca04606eaf04","2026-07-29","RISK_ADJ_PIPELINE","2026-09-15 10:31:41"
"1c0ced44-6de9-5262-863f-3341a387a140","820e53e8-2334-5805-b619-50b587a92f80","0f3fe466-afe9-50d4-b0ea-67c2877a241d","HCC111","COPD","J44.1","COPD","0.335","1.02","0.3417","2026-07-18","CLAIMS","ACTIVE","","2026","TRUE","15.98","fe71dc5d-15dd-5cac-9409-ca04606eaf04","2026-07-18","RISK_ADJ_PIPELINE","2026-09-15 10:31:41"
"1f52782a-79dd-52c0-8c72-54e84b3acee9","820e53e8-2334-5805-b619-50b587a92f80","39b07c2d-378f-5c5d-9d27-68b9ab470210","HCC9","Lung and Other Severe Cancers","C34.10","Lung and Other Severe Cancers","2.422","1.02","2.4704","2026-09-05","ENCOUNTER","ACTIVE","","2026","TRUE","18.85","fe71dc5d-15dd-5cac-9409-ca04606eaf04","2026-09-05","RISK_ADJ_PIPELINE","2026-09-15 10:31:41"
"81560bee-6eaf-5973-aaa5-68aa43b1e01c","68772d9f-e5e8-5061-bc96-db583b80fbe1","06f44401-602f-56cb-8543-4ea83485771a","HCC57","Schizophrenia","F20.0","Schizophrenia","0.62","1.02","0.6324","2026-09-03","PROSPECTIVE","ACTIVE","","2026","TRUE","4.72","fe71dc5d-15dd-5cac-9409-ca04606eaf04","2026-09-03","RISK_ADJ_PIPELINE","2026-09-15 10:31:41"
"5c61fd77-1c7b-544f-b848-c7c16d54fa33","68772d9f-e5e8-5061-bc96-db583b80fbe1","dfbe257a-fe1a-544a-a2c0-b799ecb878b7","HCC40","Rheumatoid Arthritis","M16.0","Rheumatoid Arthritis","0.421","1.02","0.4294","2026-08-01","CHART_REVIEW","ACTIVE","CODER_REVIEW","2026","TRUE","1.78","fe71dc5d-15dd-5cac-9409-ca04606eaf04","2026-08-01","RISK_ADJ_PIPELINE","2026-09-15 10:31:41"
"4658980b-9038-57e7-b397-6392285097f7","68772d9f-e5e8-5061-bc96-db583b80fbe1","06f44401-602f-56cb-8543-4ea83485771a","HCC168","Hip Fracture/Dislocation","M80.811A","Hip Fracture/Dislocation","0.489","1.02","0.4988","2026-09-06","CLAIMS","ACTIVE","","2026","TRUE","4.72","fe71dc5d-15dd-5cac-9409-ca04606eaf04","2026-09-06","RISK_ADJ_PIPELINE","2026-09-15 10:31:41"
"1f40041d-3978-590e-965f-dc9df60cb6c5","68772d9f-e5e8-5061-bc96-db583b80fbe1","06f44401-602f-56cb-8543-4ea83485771a","HCC12","Breast Cancer","C50.011","Breast Cancer","0.664","1.02","0.6773","2026-08-12","ENCOUNTER","SUPERSEDED","","2026","TRUE","4.72","fe71dc5d-15dd-5cac-9409-ca04606eaf04","2026-08-12","RISK_ADJ_PIPELINE","2026-09-15 10:31:41"
"4c975889-9e5b-5ac3-a9c7-bc9f1347e0ab","cf91c62c-b9c9-5306-a675-927a9e592199","af7d958d-a4c4-5d86-b73f-e010bfd04aad","HCC17","Diabetes with Acute Complications","E10.65","Diabetes with Acute Complications","0.368","1.0","0.368","2026-09-05","CLAIMS","ACTIVE","","2026","TRUE","4.96","fe71dc5d-15dd-5cac-9409-ca04606eaf04","2026-09-05","RISK_ADJ_PIPELINE","2026-09-15 10:31:41"
"4ec6afb0-55f2-51d8-8a89-0099e6ed158a","cf91c62c-b9c9-5306-a675-927a9e592199","0bce35d8-89d9-5a3a-9ad7-8ef36247b416","HCC96","Specified Heart Arrhythmias","I48.20","Specified Heart Arrhythmias","0.271","1.0","0.271","2026-06-24","PROSPECTIVE","ACTIVE","","2026","TRUE","16.37","fe71dc5d-15dd-5cac-9409-ca04606eaf04","2026-06-24","RISK_ADJ_PIPELINE","2026-09-15 10:31:41"
"1ffadf3f-80b1-5e14-b87e-aee3e302b6e4","4ee69858-e827-5d90-8987-7479f79b988a","5a344373-962f-532e-8fab-1a86b66b1ccb","HCC18","Diabetes with Chronic Complications","E13.65","Diabetes with Chronic Complications","0.302","1.02","0.308","2026-07-17","ENCOUNTER","SUPERSEDED","","2026","TRUE","19.9","fe71dc5d-15dd-5cac-9409-ca04606eaf04","2026-07-17","RISK_ADJ_PIPELINE","2026-09-15 10:31:41"
"c77ee2f8-f013-5b64-80ab-1f3bb9d0a620","8c1de09a-5ac2-5a2d-8cf8-b7e05adbb5d6","87154fa8-8b7f-5ffa-8fb3-7f03632b9086","HCC85","Congestive Heart Failure","I50.32","Congestive Heart Failure","0.331","1.0","0.331","2026-08-26","CLAIMS","ACTIVE","","2026","TRUE","19.75","fe71dc5d-15dd-5cac-9409-ca04606eaf04","2026-08-26","RISK_ADJ_PIPELINE","2026-09-15 10:31:41"
"a553d5ee-ca08-558e-90d1-9a18e2c3df62","8c1de09a-5ac2-5a2d-8cf8-b7e05adbb5d6","4037a0f9-40dd-577d-b10c-b0bbadd7c19f","HCC88","Angina Pectoris / Old MI","I25.2","Angina Pectoris / Old MI","0.241","1.0","0.241","2026-09-10","CLAIMS","ACTIVE","","2026","TRUE","17.24","fe71dc5d-15dd-5cac-9409-ca04606eaf04","2026-09-10","RISK_ADJ_PIPELINE","2026-09-15 10:31:41"
"c6bc150e-df82-5a85-897f-bc961a08c2d9","be4e7914-ed74-529e-97b8-be3d3040f3af","df10af2b-63f7-5a1c-9124-1daa7d81aa55","HCC57","Schizophrenia","F20.5","Schizophrenia","0.62","1.02","0.6324","2026-08-11","CLAIMS","ACTIVE","","2026","TRUE","20.26","fe71dc5d-15dd-5cac-9409-ca04606eaf04","2026-08-11","RISK_ADJ_PIPELINE","2026-09-15 10:31:41"
"fc87cec2-3627-5a2c-bff4-adee58e99333","ce07dac3-fe72-578c-8cf5-56de537be954","68b93cd8-80a7-575f-b6c7-8246263e9dbb","HCC85","Congestive Heart Failure","I50.20","Congestive Heart Failure","0.331","1.0","0.331","2026-08-04","CLAIMS","ACTIVE","","2026","TRUE","22.46","fe71dc5d-15dd-5cac-9409-ca04606eaf04","2026-08-04","RISK_ADJ_PIPELINE","2026-09-15 10:31:41"
"ba64aa1e-0240-5db5-ab91-9d4824d28738","ce07dac3-fe72-578c-8cf5-56de537be954","db05bfc7-db9e-5389-917a-efe01f2d6812","HCC17","Diabetes with Acute Complications","E10.9","Diabetes with Acute Complications","0.368","1.0","0.368","2026-06-20","CLAIMS","ACTIVE","","2026","TRUE","1.5","fe71dc5d-15dd-5cac-9409-ca04606eaf04","2026-06-20","RISK_ADJ_PIPELINE","2026-09-15 10:31:41"
"46fc8f1d-b097-569e-bd82-0f9a7dbaf34b","5f08a5ad-056e-5320-a28f-dd22c619fc2f","fa3b1a68-44e6-512d-b8ce-b20f7687fc7b","HCC85","Congestive Heart Failure","I50.22","Congestive Heart Failure","0.331","1.0","0.331","2026-06-28","CLAIMS","VALIDATED","","2026","TRUE","19.77","fe71dc5d-15dd-5cac-9409-ca04606eaf04","2026-06-28","RISK_ADJ_PIPELINE","2026-09-15 10:31:41"
"3e98e69f-c58e-52a2-89a1-c445401a1169","5f08a5ad-056e-5320-a28f-dd22c619fc2f","b28f3b3f-8226-5ac7-88fb-300eaab6a2ca","HCC9","Lung and Other Severe Cancers","C34.11","Lung and Other Severe Cancers","2.422","1.0","2.422","2026-07-07","CLAIMS","ACTIVE","","2026","TRUE","14.06","fe71dc5d-15dd-5cac-9409-ca04606eaf04","2026-07-07","RISK_ADJ_PIPELINE","2026-09-15 10:31:41"
"9bbd2e7b-2d17-51f2-a33b-f50d72619eff","12350844-69f7-580d-977a-ed53b70fba71","2d0bb807-3ba8-5447-ab53-d9ee18fafdea","HCC136","Chronic Kidney Disease Stage 4","N18.5","Chronic Kidney Disease Stage 4","0.237","1.02","0.2417","2026-08-16","PROSPECTIVE","ACTIVE","","2026","TRUE","4.94","fe71dc5d-15dd-5cac-9409-ca04606eaf04","2026-08-16","RISK_ADJ_PIPELINE","2026-09-15 10:31:41"
"2cd19bb5-36b9-55c1-b768-eeaaf0cba11d","ba9f522c-3f7d-54fd-8f04-76ca362c55e0","603ac825-a305-5659-83b1-e4aa539e7f87","HCC136","Chronic Kidney Disease Stage 4","N18.5","Chronic Kidney Disease Stage 4","0.237","1.02","0.2417","2026-07-20","CHART_REVIEW","VALIDATED","CODER_REVIEW","2026","FALSE","37.71","fe71dc5d-15dd-5cac-9409-ca04606eaf04","2026-07-20","RISK_ADJ_PIPELINE","2026-09-15 10:31:41"
"408d3426-79e2-5165-8596-12e14d203395","ba9f522c-3f7d-54fd-8f04-76ca362c55e0","c222faa9-ac4f-595e-8690-c0112a1fcdb4","HCC85","Congestive Heart Failure","I50.32","Congestive Heart Failure","0.331","1.02","0.3376","2026-07-28","CLAIMS","ACTIVE","","2026","TRUE","16.12","fe71dc5d-15dd-5cac-9409-ca04606eaf04","2026-07-28","RISK_ADJ_PIPELINE","2026-09-15 10:31:41"
"a6723066-9258-5223-9987-e50b025466d8","ba9f522c-3f7d-54fd-8f04-76ca362c55e0","e060f076-7af0-51c4-848d-bd60535ba27c","HCC96","Specified Heart Arrhythmias","I48.20","Specified Heart Arrhythmias","0.271","1.02","0.2764","2026-09-12","CLAIMS","ACTIVE","","2026","TRUE","5.03","fe71dc5d-15dd-5cac-9409-ca04606eaf04","2026-09-12","RISK_ADJ_PIPELINE","2026-09-15 10:31:41"
"a24e87ca-3328-5bb8-914b-d830308d5917","ba9f522c-3f7d-54fd-8f04-76ca362c55e0","d6dc3bca-2331-5513-9767-2910f941d09c","HCC57","Schizophrenia","F20.9","Schizophrenia","0.62","1.02","0.6324","2026-07-01","CLAIMS","VALIDATED","","2026","TRUE","5.51","fe71dc5d-15dd-5cac-9409-ca04606eaf04","2026-07-01","RISK_ADJ_PIPELINE","2026-09-15 10:31:41"
"df4826a2-4f02-5b26-a7c4-cd6be56dbce8","5233bf95-2158-5456-8c0c-2f51048660c7","a51d0bcb-585b-5b0e-ae10-b665ae39a6b6","HCC40","Rheumatoid Arthritis","M16.30","Rheumatoid Arthritis","0.421","1.0","0.421","2026-06-19","CLAIMS","ACTIVE","","2026","TRUE","13.59","fe71dc5d-15dd-5cac-9409-ca04606eaf04","2026-06-19","RISK_ADJ_PIPELINE","2026-09-15 10:31:41"
"a77e6629-e849-56b7-943c-f5fdab7e2fe7","998dce76-0007-56c8-8357-cec99b79d1be","8d6d1c7c-9784-508c-a684-eba9143be09f","HCC9","Lung and Other Severe Cancers","C34.30","Lung and Other Severe Cancers","2.422","1.0","2.422","2026-08-19","CLAIMS","ACTIVE","","2026","TRUE","12.45","fe71dc5d-15dd-5cac-9409-ca04606eaf04","2026-08-19","RISK_ADJ_PIPELINE","2026-09-15 10:31:41"
"77c134ab-cf9c-5896-9d98-ad3111fec7dc","5ecbd07b-e656-57fd-a0aa-0da31a6c2644","f25d2cb0-9ad3-559a-8789-8292c8c9b295","HCC18","Diabetes with Chronic Complications","E13.10","Diabetes with Chronic Complications","0.302","1.02","0.308","2026-09-14","CLAIMS","ACTIVE","","2026","TRUE","14.48","fe71dc5d-15dd-5cac-9409-ca04606eaf04","2026-09-14","RISK_ADJ_PIPELINE","2026-09-15 10:31:41"
"970f4cfe-3e01-5d4e-8442-1ff188290bc9","5ecbd07b-e656-57fd-a0aa-0da31a6c2644","f25d2cb0-9ad3-559a-8789-8292c8c9b295","HCC12","Breast Cancer","C50.011","Breast Cancer","0.664","1.02","0.6773","2026-06-24","CHART_REVIEW","ACTIVE","CODER_REVIEW","2026","TRUE","14.48","fe71dc5d-15dd-5cac-9409-ca04606eaf04","2026-06-24","RISK_ADJ_PIPELINE","2026-09-15 10:31:41"
"408559bd-5d4a-539b-bfb0-8147d21a6f88","5ecbd07b-e656-57fd-a0aa-0da31a6c2644","4308ff84-2c21-5b46-ab54-c4ce644761b7","HCC88","Angina Pectoris / Old MI","I25.2","Angina Pectoris / Old MI","0.241","1.02","0.2458","2026-07-07","CLAIMS","ACTIVE","","2026","TRUE","0.98","fe71dc5d-15dd-5cac-9409-ca04606eaf04","2026-07-07","RISK_ADJ_PIPELINE","2026-09-15 10:31:41"
"dd145428-7795-5e5f-ab4f-d1877f6a9e67","f004db7a-ea7b-5b0f-ae1f-e0a0ff16ff53","fa41d69c-f825-5cda-a37d-076245570230","HCC86","Acute Myocardial Infarction","I21.3","Acute Myocardial Infarction","0.365","1.0","0.365","2026-08-19","CHART_REVIEW","ACTIVE","CODER_REVIEW","2026","TRUE","22.34","fe71dc5d-15dd-5cac-9409-ca04606eaf04","2026-08-19","RISK_ADJ_PIPELINE","2026-09-15 10:31:41"
"23c5787b-aeb6-5f4d-a4f0-2d6330997ba8","f004db7a-ea7b-5b0f-ae1f-e0a0ff16ff53","491f4807-3c7b-5a9a-a22a-3cf97c377025","HCC88","Angina Pectoris / Old MI","I25.110","Angina Pectoris / Old MI","0.241","1.0","0.241","2026-08-23","CLAIMS","ACTIVE","","2026","TRUE","23.17","fe71dc5d-15dd-5cac-9409-ca04606eaf04","2026-08-23","RISK_ADJ_PIPELINE","2026-09-15 10:31:41"
"0570660d-cac6-5f0c-a596-9817027eea93","f004db7a-ea7b-5b0f-ae1f-e0a0ff16ff53","c836c7b0-2ae2-5f07-883f-bf016ca70cb7","HCC40","Rheumatoid Arthritis","M16.0","Rheumatoid Arthritis","0.421","1.0","0.421","2026-08-13","PROSPECTIVE","ACTIVE","","2026","TRUE","4.05","fe71dc5d-15dd-5cac-9409-ca04606eaf04","2026-08-13","RISK_ADJ_PIPELINE","2026-09-15 10:31:41"
"70070773-5b46-54e9-a3d0-96500f6dc02a","232d34bd-63c0-5c94-9c2e-e7eb52ff2f1f","2c3620d8-1485-5f83-8089-796fa8ddfa73","HCC18","Diabetes with Chronic Complications","E13.65","Diabetes with Chronic Complications","0.302","1.0","0.302","2026-08-27","CLAIMS","ACTIVE","","2026","FALSE","48.08","fe71dc5d-15dd-5cac-9409-ca04606eaf04","2026-08-27","RISK_ADJ_PIPELINE","2026-09-15 10:31:41"
"08626d08-c9e7-5359-936e-ebf6652191b3","9e924225-e132-5e7b-acf0-615a60a4cc74","459162c5-51c1-54dc-804a-624a3295e350","HCC136","Chronic Kidney Disease Stage 4","N18.4","Chronic Kidney Disease Stage 4","0.237","1.02","0.2417","2026-08-10","CLAIMS","VALIDATED","","2026","TRUE","22.52","fe71dc5d-15dd-5cac-9409-ca04606eaf04","2026-08-10","RISK_ADJ_PIPELINE","2026-09-15 10:31:41"
"99f35739-55cd-5b18-8676-2b8a88b25056","9e924225-e132-5e7b-acf0-615a60a4cc74","87909bea-c13a-5146-b269-58f916098364","HCC86","Acute Myocardial Infarction","I21.19","Acute Myocardial Infarction","0.365","1.02","0.3723","2026-06-28","CLAIMS","VALIDATED","","2026","TRUE","9.61","fe71dc5d-15dd-5cac-9409-ca04606eaf04","2026-06-28","RISK_ADJ_PIPELINE","2026-09-15 10:31:41"
"9da6d000-f7ec-553c-8cd7-63668581d5a6","9e924225-e132-5e7b-acf0-615a60a4cc74","b7a57f01-8e60-5e11-872e-155365257dcb","HCC88","Angina Pectoris / Old MI","I25.2","Angina Pectoris / Old MI","0.241","1.02","0.2458","2026-09-10","CLAIMS","VALIDATED","","2026","TRUE","14.86","fe71dc5d-15dd-5cac-9409-ca04606eaf04","2026-09-10","RISK_ADJ_PIPELINE","2026-09-15 10:31:41"
"ed9ef5db-f61a-59d9-a3d2-b23d338e4824","a02f3012-c040-5360-8806-b6a342d3917d","58a1d5b0-86ad-5880-bd3b-8063449f5314","HCC17","Diabetes with Acute Complications","E10.10","Diabetes with Acute Complications","0.368","1.02","0.3754","2026-08-31","ENCOUNTER","ACTIVE","","2026","FALSE","81.87","fe71dc5d-15dd-5cac-9409-ca04606eaf04","2026-08-31","RISK_ADJ_PIPELINE","2026-09-15 10:31:41"
"2f93a13e-11c7-5475-92fe-b70935d4aa59","a02f3012-c040-5360-8806-b6a342d3917d","58a1d5b0-86ad-5880-bd3b-8063449f5314","HCC168","Hip Fracture/Dislocation","M80.019A","Hip Fracture/Dislocation","0.489","1.02","0.4988","2026-07-21","CLAIMS","ACTIVE","","2026","FALSE","81.87","fe71dc5d-15dd-5cac-9409-ca04606eaf04","2026-07-21","RISK_ADJ_PIPELINE","2026-09-15 10:31:41"
"30ba2a0e-1f03-5101-b0b6-264dc57c9305","a02f3012-c040-5360-8806-b6a342d3917d","5d97b5f4-4b6e-502d-ab95-c34d4857d0ad","HCC57","Schizophrenia","F20.1","Schizophrenia","0.62","1.02","0.6324","2026-07-27","CLAIMS","ACTIVE","","2026","TRUE","19.28","fe71dc5d-15dd-5cac-9409-ca04606eaf04","2026-07-27","RISK_ADJ_PIPELINE","2026-09-15 10:31:41"
"79d7e9e2-cf83-5602-93a8-a653eb05031a","317ae849-ce01-5a48-ad54-bdc3c504cfdd","82dd7758-739a-576b-aec6-8e3f4793df7f","HCC136","Chronic Kidney Disease Stage 4","N18.4","Chronic Kidney Disease Stage 4","0.237","1.0","0.237","2026-09-09","PROSPECTIVE","ACTIVE","","2026","FALSE","53.25","fe71dc5d-15dd-5cac-9409-ca04606eaf04","2026-09-09","RISK_ADJ_PIPELINE","2026-09-15 10:31:41"
"5268575a-da0a-55ae-adf8-8b6e578c7ee8","317ae849-ce01-5a48-ad54-bdc3c504cfdd","82dd7758-739a-576b-aec6-8e3f4793df7f","HCC58","Major Depressive/Bipolar Disorders","F31.10","Major Depressive/Bipolar Disorders","0.395","1.0","0.395","2026-08-27","CLAIMS","VALIDATED","","2026","FALSE","53.25","fe71dc5d-15dd-5cac-9409-ca04606eaf04","2026-08-27","RISK_ADJ_PIPELINE","2026-09-15 10:31:41"
"930810d5-3b2f-5aca-9f68-f1e5c832d382","7b030fbf-ad66-55cf-bfdf-bab60cccb3ea","57720b32-c5d7-5c98-8da1-730b4b8565ae","HCC9","Lung and Other Severe Cancers","C34.30","Lung and Other Severe Cancers","2.422","1.02","2.4704","2026-06-21","CHART_REVIEW","ACTIVE","CODER_REVIEW","2026","TRUE","7.04","fe71dc5d-15dd-5cac-9409-ca04606eaf04","2026-06-21","RISK_ADJ_PIPELINE","2026-09-15 10:31:41"
"b83beffc-b889-57e5-8885-f790faf648ea","7b030fbf-ad66-55cf-bfdf-bab60cccb3ea","57720b32-c5d7-5c98-8da1-730b4b8565ae","HCC88","Angina Pectoris / Old MI","I25.10","Angina Pectoris / Old MI","0.241","1.02","0.2458","2026-09-05","CLAIMS","SUPERSEDED","","2026","TRUE","7.04","fe71dc5d-15dd-5cac-9409-ca04606eaf04","2026-09-05","RISK_ADJ_PIPELINE","2026-09-15 10:31:41"
"1db2a4af-0114-58dc-906b-04dad1dc65b1","f6d44ff0-6b00-56c1-8fba-3537454016d4","c2a60112-f1e1-5e8a-be3a-fe9a32360c6b","HCC85","Congestive Heart Failure","I50.42","Congestive Heart Failure","0.331","1.02","0.3376","2026-08-18","CLAIMS","VALIDATED","","2026","TRUE","22.61","fe71dc5d-15dd-5cac-9409-ca04606eaf04","2026-08-18","RISK_ADJ_PIPELINE","2026-09-15 10:31:41"
"4e04e472-75b2-5ae3-b248-224995e7c94f","f3428e4e-be8a-5ef6-a601-9bb6f2d6a09c","e42af86c-f633-5aca-9e3e-2314b18977ff","HCC12","Breast Cancer","C50.411","Breast Cancer","0.664","1.02","0.6773","2026-08-30","CLAIMS","ACTIVE","","2026","FALSE","30.23","fe71dc5d-15dd-5cac-9409-ca04606eaf04","2026-08-30","RISK_ADJ_PIPELINE","2026-09-15 10:31:41"
"3964dd7a-7d85-5f1b-8562-ac4bb4976e50","f3428e4e-be8a-5ef6-a601-9bb6f2d6a09c","fd287659-8663-5af7-a330-f3d09f0ff622","HCC17","Diabetes with Acute Complications","E10.65","Diabetes with Acute Complications","0.368","1.02","0.3754","2026-06-22","CHART_REVIEW","VALIDATED","CODER_REVIEW","2026","TRUE","17.03","fe71dc5d-15dd-5cac-9409-ca04606eaf04","2026-06-22","RISK_ADJ_PIPELINE","2026-09-15 10:31:41"
"83db715d-eafe-5d6a-9dfe-58d5c3f5f4c6","f3428e4e-be8a-5ef6-a601-9bb6f2d6a09c","e42af86c-f633-5aca-9e3e-2314b18977ff","HCC136","Chronic Kidney Disease Stage 4","N18.5","Chronic Kidney Disease Stage 4","0.237","1.02","0.2417","2026-09-01","ENCOUNTER","ACTIVE","","2026","FALSE","30.23","fe71dc5d-15dd-5cac-9409-ca04606eaf04","2026-09-01","RISK_ADJ_PIPELINE","2026-09-15 10:31:41"
"d02f40e6-683c-57e3-a7ba-1456449a22eb","1b060c1f-416a-5752-b69f-6236ba700e9c","293394f9-902c-5eca-af0c-2609e0c53b6e","HCC9","Lung and Other Severe Cancers","C34.10","Lung and Other Severe Cancers","2.422","1.02","2.4704","2026-06-24","CLAIMS","ACTIVE","","2026","TRUE","4.86","fe71dc5d-15dd-5cac-9409-ca04606eaf04","2026-06-24","RISK_ADJ_PIPELINE","2026-09-15 10:31:41"
"3b606a8a-c154-5d33-a0d8-b7fdddf3d0b8","1b060c1f-416a-5752-b69f-6236ba700e9c","d1de8a26-7799-5472-b5ac-d7007f904e6f","HCC136","Chronic Kidney Disease Stage 4","N18.5","Chronic Kidney Disease Stage 4","0.237","1.02","0.2417","2026-06-25","ENCOUNTER","ACTIVE","","2026","TRUE","11.9","fe71dc5d-15dd-5cac-9409-ca04606eaf04","2026-06-25","RISK_ADJ_PIPELINE","2026-09-15 10:31:41"
"bc167543-89b4-5bc5-80de-4fc4e849c1b4","45b2e1e2-e730-5ac0-98dc-2658c40ced2e","a428c6fc-d977-5ffe-9b1e-1f223c26f5e2","HCC18","Diabetes with Chronic Complications","E13.40","Diabetes with Chronic Complications","0.302","1.02","0.308","2026-08-12","PROSPECTIVE","ACTIVE","","2026","FALSE","46.0","fe71dc5d-15dd-5cac-9409-ca04606eaf04","2026-08-12","RISK_ADJ_PIPELINE","2026-09-15 10:31:41"
"2bea0877-028a-5876-b725-bf4c300f737c","fd038f44-2503-5a2b-887e-8787422864ed","04ae9409-96db-51a4-82ee-8ea8b817dc54","HCC58","Major Depressive/Bipolar Disorders","F31.10","Major Depressive/Bipolar Disorders","0.395","1.0","0.395","2026-09-01","CLAIMS","ACTIVE","","2026","FALSE","72.28","fe71dc5d-15dd-5cac-9409-ca04606eaf04","2026-09-01","RISK_ADJ_PIPELINE","2026-09-15 10:31:41"
"e1f3e893-641e-545f-8cb7-664b1fa33939","ed398add-a458-5b63-a68d-d716d6a6fc45","65177ef7-4e45-52b4-8bb1-802172760c97","HCC40","Rheumatoid Arthritis","M16.10","Rheumatoid Arthritis","0.421","1.0","0.421","2026-08-07","CLAIMS","ACTIVE","","2026","TRUE","7.85","fe71dc5d-15dd-5cac-9409-ca04606eaf04","2026-08-07","RISK_ADJ_PIPELINE","2026-09-15 10:31:41"
"5b0e2ab7-0994-5740-a7e7-54286541261e","ed398add-a458-5b63-a68d-d716d6a6fc45","65177ef7-4e45-52b4-8bb1-802172760c97","HCC9","Lung and Other Severe Cancers","C34.30","Lung and Other Severe Cancers","2.422","1.0","2.422","2026-07-04","CLAIMS","ACTIVE","","2026","TRUE","7.85","fe71dc5d-15dd-5cac-9409-ca04606eaf04","2026-07-04","RISK_ADJ_PIPELINE","2026-09-15 10:31:41"
"8a45969c-6451-5362-b208-286d1e14cdae","ed398add-a458-5b63-a68d-d716d6a6fc45","9b9a1b76-0192-50e7-ae69-898daa982dde","HCC12","Colon Cancer","C18.2","Colon Cancer","0.664","1.0","0.664","2026-08-20","CLAIMS","VALIDATED","","2026","TRUE","17.13","fe71dc5d-15dd-5cac-9409-ca04606eaf04","2026-08-20","RISK_ADJ_PIPELINE","2026-09-15 10:31:41"
"632cd940-b965-5421-9676-376b9cc0605a","2d28a99e-bc42-5776-b176-cc87e16105d5","d3e1b767-00e2-55e6-8340-bac7f7aaadc6","HCC136","Chronic Kidney Disease Stage 4","N18.5","Chronic Kidney Disease Stage 4","0.237","1.0","0.237","2026-06-17","CLAIMS","VALIDATED","","2026","TRUE","16.81","fe71dc5d-15dd-5cac-9409-ca04606eaf04","2026-06-17","RISK_ADJ_PIPELINE","2026-09-15 10:31:41"
"78847a1b-fd4b-5895-a84f-044be73a64c4","affc4e02-90c1-59fa-af88-366ec8394b95","fb95e2c0-1cd7-5580-8cbf-440e52609c9a","HCC57","Schizophrenia","F20.1","Schizophrenia","0.62","1.02","0.6324","2026-07-17","CLAIMS","ACTIVE","","2026","TRUE","7.96","fe71dc5d-15dd-5cac-9409-ca04606eaf04","2026-07-17","RISK_ADJ_PIPELINE","2026-09-15 10:31:41"
"b5dd637f-d457-5422-a8a2-7c341d3870da","d4d57264-217c-57a8-9567-14cb44dc1fa0","a3c9c3f5-0f6e-5569-8478-c1df574def43","HCC9","Lung and Other Severe Cancers","C34.10","Lung and Other Severe Cancers","2.422","1.02","2.4704","2026-08-08","CHART_REVIEW","ACTIVE","CODER_REVIEW","2026","TRUE","9.81","fe71dc5d-15dd-5cac-9409-ca04606eaf04","2026-08-08","RISK_ADJ_PIPELINE","2026-09-15 10:31:41"
"0be08f9f-be14-5ab8-8541-087b7d5c0c7e","fe138909-9ded-5edb-b713-84038fe8fff1","c8f6460a-7c6c-51ae-9190-6cc22de113eb","HCC88","Angina Pectoris / Old MI","I25.2","Angina Pectoris / Old MI","0.241","1.02","0.2458","2026-08-12","CLAIMS","ACTIVE","","2026","TRUE","12.91","fe71dc5d-15dd-5cac-9409-ca04606eaf04","2026-08-12","RISK_ADJ_PIPELINE","2026-09-15 10:31:41"
"a78e0e44-4100-51b5-8517-8a1fdd0f90b3","036219aa-8757-5294-9894-ba329117361b","d7c8c3e1-e791-55b4-b9b7-1adb22e7dae4","HCC12","Breast Cancer","C50.411","Breast Cancer","0.664","1.02","0.6773","2026-08-29","CLAIMS","VALIDATED","","2026","FALSE","36.41","fe71dc5d-15dd-5cac-9409-ca04606eaf04","2026-08-29","RISK_ADJ_PIPELINE","2026-09-15 10:31:41"
"d55ff886-e4e3-5205-a3ee-f5b570845cd6","ece9251d-429d-5736-8829-f0f434457d54","f52c6053-29f5-55c5-aeab-c6c40ba41afa","HCC19","Diabetes without Complication","E11.00","Diabetes without Complication","0.118","1.0","0.118","2026-08-30","CLAIMS","ACTIVE","","2026","TRUE","19.6","fe71dc5d-15dd-5cac-9409-ca04606eaf04","2026-08-30","RISK_ADJ_PIPELINE","2026-09-15 10:31:41"
"dd3f0db7-6947-5c44-977e-bf941e36325f","ece9251d-429d-5736-8829-f0f434457d54","f52c6053-29f5-55c5-aeab-c6c40ba41afa","HCC86","Acute Myocardial Infarction","I21.3","Acute Myocardial Infarction","0.365","1.0","0.365","2026-07-03","ENCOUNTER","ACTIVE","","2026","TRUE","19.6","fe71dc5d-15dd-5cac-9409-ca04606eaf04","2026-07-03","RISK_ADJ_PIPELINE","2026-09-15 10:31:41"
"75ed0509-3702-59f9-8ceb-23388972dbde","49ec2233-203a-5d98-91a1-c0b452beb3b0","90798387-57c0-5bf2-982b-c2d0786c5ad0","HCC96","Specified Heart Arrhythmias","I48.19","Specified Heart Arrhythmias","0.271","1.0","0.271","2026-07-15","CLAIMS","ACTIVE","","2026","TRUE","13.4","fe71dc5d-15dd-5cac-9409-ca04606eaf04","2026-07-15","RISK_ADJ_PIPELINE","2026-09-15 10:31:41"
"70c6dd48-66be-58f8-af5f-8bb228a4dcbd","49ec2233-203a-5d98-91a1-c0b452beb3b0","4cfdb382-27c7-5cf7-8dea-d050bdc3c22c","HCC19","Diabetes without Complication","E11.21","Diabetes without Complication","0.118","1.0","0.118","2026-09-07","CLAIMS","ACTIVE","","2026","TRUE","23.05","fe71dc5d-15dd-5cac-9409-ca04606eaf04","2026-09-07","RISK_ADJ_PIPELINE","2026-09-15 10:31:41"
"c484f349-fee6-59a1-bd12-0b0152263396","40d60bb8-a824-50ec-9929-da61defe391f","c69e6008-e12c-5e7c-8802-b2cc2b5e06c8","HCC17","Diabetes with Acute Complications","E10.40","Diabetes with Acute Complications","0.368","1.0","0.368","2026-07-06","ENCOUNTER","VALIDATED","","2026","TRUE","7.96","fe71dc5d-15dd-5cac-9409-ca04606eaf04","2026-07-06","RISK_ADJ_PIPELINE","2026-09-15 10:31:41"
"99405df6-359b-5e34-ae20-b091ea24cbd9","bfb68551-2040-5724-aea8-79ec0559d2ba","d4c903b7-2f5f-51c1-ad9f-e7e1f500802e","HCC86","Acute Myocardial Infarction","I21.19","Acute Myocardial Infarction","0.365","1.02","0.3723","2026-07-27","CLAIMS","VALIDATED","","2026","TRUE","13.62","fe71dc5d-15dd-5cac-9409-ca04606eaf04","2026-07-27","RISK_ADJ_PIPELINE","2026-09-15 10:31:41"
"852f6d41-a568-5582-96df-948932a405ea","e9747ef5-7905-5b20-a912-47a2d3942ed4","5351f31b-0f9a-56e3-b54b-819b3714bed5","HCC12","Colon Cancer","C18.7","Colon Cancer","0.664","1.0","0.664","2026-07-16","PROSPECTIVE","ACTIVE","","2026","TRUE","10.83","fe71dc5d-15dd-5cac-9409-ca04606eaf04","2026-07-16","RISK_ADJ_PIPELINE","2026-09-15 10:31:41"
"a6f5586f-e0fb-57a7-8562-47694151b31e","bfd7dfb3-bf0e-5175-8b30-7dc70421895c","84cd742e-80e7-5351-9688-03801fe4ec41","HCC12","Colon Cancer","C18.7","Colon Cancer","0.664","1.02","0.6773","2026-08-25","CLAIMS","ACTIVE","","2026","TRUE","20.4","fe71dc5d-15dd-5cac-9409-ca04606eaf04","2026-08-25","RISK_ADJ_PIPELINE","2026-09-15 10:31:41"
"1bde5ecc-ea7d-5cb0-8f68-ce44803a45c2","e863ce01-2e72-5f5b-ac74-36d2b2dde854","24c4c5ea-89fd-5b36-994a-1462728ea53a","HCC40","Rheumatoid Arthritis","M16.0","Rheumatoid Arthritis","0.421","1.0","0.421","2026-07-12","ENCOUNTER","ACTIVE","","2026","TRUE","17.86","fe71dc5d-15dd-5cac-9409-ca04606eaf04","2026-07-12","RISK_ADJ_PIPELINE","2026-09-15 10:31:41"
"3cda1c8b-634a-53e1-9441-52d9dda89322","9e581156-8c87-5460-a2b5-d4edcafae610","309550e6-ea93-5863-8306-0cb65d1367e9","HCC168","Hip Fracture/Dislocation","M80.011A","Hip Fracture/Dislocation","0.489","1.0","0.489","2026-08-30","CHART_REVIEW","ACTIVE","CODER_REVIEW","2026","TRUE","7.42","fe71dc5d-15dd-5cac-9409-ca04606eaf04","2026-08-30","RISK_ADJ_PIPELINE","2026-09-15 10:31:41"
"7ee15ac0-22ed-5981-8eb9-012a40d32f8e","9e581156-8c87-5460-a2b5-d4edcafae610","f148671b-4dce-5e0b-901b-ca74cb53ce5d","HCC112","Fibrosis of Lung","J43.9","Fibrosis of Lung","0.199","1.0","0.199","2026-06-28","CLAIMS","SUPERSEDED","","2026","TRUE","1.91","fe71dc5d-15dd-5cac-9409-ca04606eaf04","2026-06-28","RISK_ADJ_PIPELINE","2026-09-15 10:31:41"
"b6c7b1c3-4d1d-5195-9800-758a71d52245","44ca6161-280f-54a5-bc75-42d463772cef","30fdee43-d8d0-5f7a-860e-121c317247ba","HCC17","Diabetes with Acute Complications","E10.40","Diabetes with Acute Complications","0.368","1.0","0.368","2026-06-30","CLAIMS","ACTIVE","","2026","TRUE","20.92","fe71dc5d-15dd-5cac-9409-ca04606eaf04","2026-06-30","RISK_ADJ_PIPELINE","2026-09-15 10:31:41"
"80b6e862-1a7a-59ab-a05a-e3f095affe2d","44ca6161-280f-54a5-bc75-42d463772cef","132f9093-cdd8-5b40-a826-1b39bfaf69e7","HCC85","Congestive Heart Failure","I50.32","Congestive Heart Failure","0.331","1.0","0.331","2026-07-20","CHART_REVIEW","ACTIVE","CODER_REVIEW","2026","TRUE","0.57","fe71dc5d-15dd-5cac-9409-ca04606eaf04","2026-07-20","RISK_ADJ_PIPELINE","2026-09-15 10:31:41"
"a3468200-ec80-500e-ab00-797ab12ed036","cf84d224-2036-5faa-ac3e-e5d53bef5390","ae53129a-a383-5db1-8227-3b770f6dace3","HCC96","Specified Heart Arrhythmias","I48.11","Specified Heart Arrhythmias","0.271","1.02","0.2764","2026-09-13","CHART_REVIEW","ACTIVE","CODER_REVIEW","2026","TRUE","22.19","fe71dc5d-15dd-5cac-9409-ca04606eaf04","2026-09-13","RISK_ADJ_PIPELINE","2026-09-15 10:31:41"
"b625a8c5-5154-5d64-a3b7-1233521ced89","cf84d224-2036-5faa-ac3e-e5d53bef5390","e0a42904-f367-5f00-a83f-65516a287837","HCC17","Diabetes with Acute Complications","E10.9","Diabetes with Acute Complications","0.368","1.02","0.3754","2026-07-26","CLAIMS","ACTIVE","","2026","TRUE","0.53","fe71dc5d-15dd-5cac-9409-ca04606eaf04","2026-07-26","RISK_ADJ_PIPELINE","2026-09-15 10:31:41"
"d2b33c53-1bb9-5cba-b9f1-818e0468d40e","cf84d224-2036-5faa-ac3e-e5d53bef5390","206c06ce-7223-5c37-a266-65591a86d6a4","HCC136","Chronic Kidney Disease Stage 4","N18.5","Chronic Kidney Disease Stage 4","0.237","1.02","0.2417","2026-08-24","CLAIMS","ACTIVE","","2026","TRUE","4.71","fe71dc5d-15dd-5cac-9409-ca04606eaf04","2026-08-24","RISK_ADJ_PIPELINE","2026-09-15 10:31:41"
"1f651640-1162-5357-b94a-8f69a644c817","6fc27bea-496f-5afb-8a53-611eedacac4d","5ef08ee3-d844-511f-b305-2c1b3403f73b","HCC12","Colon Cancer","C18.4","Colon Cancer","0.664","1.0","0.664","2026-06-22","ENCOUNTER","ACTIVE","","2026","TRUE","7.1","fe71dc5d-15dd-5cac-9409-ca04606eaf04","2026-06-22","RISK_ADJ_PIPELINE","2026-09-15 10:31:41"
"71c63188-5694-5d9d-88e3-60b43ea052a2","36c8bd7d-630b-58d0-8bc0-c87dc9e3eb32","bd9decee-bd2b-5cc4-ad54-8e9df655ec87","HCC9","Lung and Other Severe Cancers","C34.12","Lung and Other Severe Cancers","2.422","1.02","2.4704","2026-06-19","CLAIMS","ACTIVE","","2026","TRUE","6.84","fe71dc5d-15dd-5cac-9409-ca04606eaf04","2026-06-19","RISK_ADJ_PIPELINE","2026-09-15 10:31:41"
"41278d2c-ed33-5f83-a778-790c7364f267","36c8bd7d-630b-58d0-8bc0-c87dc9e3eb32","63f3ca95-642e-5221-bc26-84384253c168","HCC96","Specified Heart Arrhythmias","I48.20","Specified Heart Arrhythmias","0.271","1.02","0.2764","2026-08-06","PROSPECTIVE","SUPERSEDED","","2026","TRUE","21.92","fe71dc5d-15dd-5cac-9409-ca04606eaf04","2026-08-06","RISK_ADJ_PIPELINE","2026-09-15 10:31:41"
"a9d1e656-1e03-5212-9a3b-6b4b06a1d29f","5d7132bf-9729-52df-9d58-594d6b7b8eda","ee287259-7cca-500e-8995-65c74fc296ff","HCC17","Diabetes with Acute Complications","E10.65","Diabetes with Acute Complications","0.368","1.02","0.3754","2026-07-01","CLAIMS","ACTIVE","","2026","TRUE","11.52","fe71dc5d-15dd-5cac-9409-ca04606eaf04","2026-07-01","RISK_ADJ_PIPELINE","2026-09-15 10:31:41"
"1f56a91d-d6cf-55c8-87b0-b66b67384efb","bf135965-11d0-54c4-922a-810fd7a2d6a3","46c87c53-3c93-53a3-b860-50c39cda0a4d","HCC17","Diabetes with Acute Complications","E10.10","Diabetes with Acute Complications","0.368","1.0","0.368","2026-08-06","CHART_REVIEW","ACTIVE","CODER_REVIEW","2026","TRUE","17.07","fe71dc5d-15dd-5cac-9409-ca04606eaf04","2026-08-06","RISK_ADJ_PIPELINE","2026-09-15 10:31:41"
"267e256b-02b9-5e29-bad8-d99d13ee2536","bf135965-11d0-54c4-922a-810fd7a2d6a3","46c87c53-3c93-53a3-b860-50c39cda0a4d","HCC88","Angina Pectoris / Old MI","I25.5","Angina Pectoris / Old MI","0.241","1.0","0.241","2026-07-22","CLAIMS","SUPERSEDED","","2026","TRUE","17.07","fe71dc5d-15dd-5cac-9409-ca04606eaf04","2026-07-22","RISK_ADJ_PIPELINE","2026-09-15 10:31:41"
"005a6c3e-529f-59c6-81d7-ce4d3d71c71b","bf135965-11d0-54c4-922a-810fd7a2d6a3","f12502b5-26b2-5ebf-b655-6bb8b761f715","HCC18","Diabetes with Chronic Complications","E13.65","Diabetes with Chronic Complications","0.302","1.0","0.302","2026-07-10","CLAIMS","ACTIVE","","2026","TRUE","13.89","fe71dc5d-15dd-5cac-9409-ca04606eaf04","2026-07-10","RISK_ADJ_PIPELINE","2026-09-15 10:31:41"
"0cfb1755-aa10-5a5c-bb10-dae40a7b004d","bf135965-11d0-54c4-922a-810fd7a2d6a3","af87f3b9-159c-5cbe-a11b-a516fa99ac4f","HCC9","Lung and Other Severe Cancers","C34.30","Lung and Other Severe Cancers","2.422","1.0","2.422","2026-07-08","CLAIMS","ACTIVE","","2026","TRUE","14.25","fe71dc5d-15dd-5cac-9409-ca04606eaf04","2026-07-08","RISK_ADJ_PIPELINE","2026-09-15 10:31:41"
"10f5eba6-31f1-52f2-bd2e-8e3b0af72e5a","9d4d451d-259c-542e-ab59-3d8dd843b6d9","3e31160d-57d0-56da-865a-bbba5806e4a6","HCC111","COPD","J44.0","COPD","0.335","1.0","0.335","2026-06-20","CLAIMS","ACTIVE","","2026","TRUE","9.22","fe71dc5d-15dd-5cac-9409-ca04606eaf04","2026-06-20","RISK_ADJ_PIPELINE","2026-09-15 10:31:41"
"0647b182-2537-5128-a354-64543e26aafc","191d8d7e-0f17-5f8a-b3f6-687251d58836","f06937ef-722e-575c-b6db-ec5fd00df4de","HCC136","Chronic Kidney Disease Stage 4","N18.4","Chronic Kidney Disease Stage 4","0.237","1.02","0.2417","2026-06-22","CHART_REVIEW","ACTIVE","CODER_REVIEW","2026","TRUE","13.57","fe71dc5d-15dd-5cac-9409-ca04606eaf04","2026-06-22","RISK_ADJ_PIPELINE","2026-09-15 10:31:41"
"755d84f8-b2b9-54c2-935c-ba819f48722b","191d8d7e-0f17-5f8a-b3f6-687251d58836","146dac9f-f7e0-5bad-8433-8c92387ee029","HCC57","Schizophrenia","F20.0","Schizophrenia","0.62","1.02","0.6324","2026-07-18","CLAIMS","VALIDATED","","2026","TRUE","4.12","fe71dc5d-15dd-5cac-9409-ca04606eaf04","2026-07-18","RISK_ADJ_PIPELINE","2026-09-15 10:31:41"
"8be55439-bdac-5dac-93c9-7fbc92b56802","13f8cd2a-36e0-5932-b3bf-3077e1bb09e2","5982439d-1bb4-53a2-982c-30851c4d2dfe","HCC135","Acute Renal Failure","N17.0","Acute Renal Failure","0.441","1.02","0.4498","2026-07-23","CLAIMS","VALIDATED","","2026","TRUE","3.71","fe71dc5d-15dd-5cac-9409-ca04606eaf04","2026-07-23","RISK_ADJ_PIPELINE","2026-09-15 10:31:41"
"87e99a59-34b3-5739-9d09-35eb0e914429","13f8cd2a-36e0-5932-b3bf-3077e1bb09e2","a4a8d944-362e-5da0-ae9c-1535007cdbfe","HCC40","Rheumatoid Arthritis","M16.0","Rheumatoid Arthritis","0.421","1.02","0.4294","2026-08-22","CLAIMS","VALIDATED","","2026","TRUE","1.24","fe71dc5d-15dd-5cac-9409-ca04606eaf04","2026-08-22","RISK_ADJ_PIPELINE","2026-09-15 10:31:41"
"c31c065e-3675-550b-8037-fed30a6f5ae4","13f8cd2a-36e0-5932-b3bf-3077e1bb09e2","4212f6e1-a086-56cc-b955-7292b8ff7497","HCC12","Breast Cancer","C50.411","Breast Cancer","0.664","1.02","0.6773","2026-07-30","CLAIMS","ACTIVE","","2026","TRUE","0.83","fe71dc5d-15dd-5cac-9409-ca04606eaf04","2026-07-30","RISK_ADJ_PIPELINE","2026-09-15 10:31:41"
"da646ab7-4626-57c2-bcef-3dce7757c23c","6304c887-72dd-5dc4-95e8-a1e8d543dc77","b1cf4f5f-41fa-5bc2-908e-efb800ed4d82","HCC40","Rheumatoid Arthritis","M16.30","Rheumatoid Arthritis","0.421","1.0","0.421","2026-08-12","CLAIMS","ACTIVE","","2026","TRUE","9.07","fe71dc5d-15dd-5cac-9409-ca04606eaf04","2026-08-12","RISK_ADJ_PIPELINE","2026-09-15 10:31:41"
"10fd4a5c-0c93-5ed8-b520-1b8151397072","6304c887-72dd-5dc4-95e8-a1e8d543dc77","62de49c9-919d-521b-8081-4b13de745968","HCC88","Angina Pectoris / Old MI","I25.110","Angina Pectoris / Old MI","0.241","1.0","0.241","2026-07-28","CLAIMS","VALIDATED","","2026","TRUE","5.89","fe71dc5d-15dd-5cac-9409-ca04606eaf04","2026-07-28","RISK_ADJ_PIPELINE","2026-09-15 10:31:41"
"6f3b0513-cbe8-5908-a325-c24e53921be0","c7a518c3-1612-52b4-831f-3ddbf5f8e08f","0737084a-905e-596b-9904-92dc891d392b","HCC112","Fibrosis of Lung","J43.0","Fibrosis of Lung","0.199","1.0","0.199","2026-07-29","CLAIMS","SUPERSEDED","","2026","TRUE","4.3","fe71dc5d-15dd-5cac-9409-ca04606eaf04","2026-07-29","RISK_ADJ_PIPELINE","2026-09-15 10:31:41"
"270e08d1-8181-5d65-b1af-deff6db564ff","c7a518c3-1612-52b4-831f-3ddbf5f8e08f","bc10d90e-6953-51e7-a0bd-6db5aa393a91","HCC136","Chronic Kidney Disease Stage 4","N18.5","Chronic Kidney Disease Stage 4","0.237","1.0","0.237","2026-08-20","CLAIMS","ACTIVE","","2026","TRUE","4.44","fe71dc5d-15dd-5cac-9409-ca04606eaf04","2026-08-20","RISK_ADJ_PIPELINE","2026-09-15 10:31:41"
"a9bb7e2a-ee3f-5fa3-9f38-16f3398f76c3","c7a518c3-1612-52b4-831f-3ddbf5f8e08f","81fa6aee-5998-5f6a-bb2e-89d4c0e27e5a","HCC88","Angina Pectoris / Old MI","I25.2","Angina Pectoris / Old MI","0.241","1.0","0.241","2026-06-30","ENCOUNTER","ACTIVE","","2026","TRUE","15.08","fe71dc5d-15dd-5cac-9409-ca04606eaf04","2026-06-30","RISK_ADJ_PIPELINE","2026-09-15 10:31:41"
"b944c143-9f48-5a6d-b147-0b71058f789e","c9d1dfc9-3fa9-5789-a2e2-89b4a10a0d86","30859c41-4753-5339-bbcb-4407c07455f2","HCC168","Hip Fracture/Dislocation","M80.811A","Hip Fracture/Dislocation","0.489","1.0","0.489","2026-07-11","ENCOUNTER","ACTIVE","","2026","TRUE","9.75","fe71dc5d-15dd-5cac-9409-ca04606eaf04","2026-07-11","RISK_ADJ_PIPELINE","2026-09-15 10:31:41"
"50d5330e-fb55-5a1e-ba8e-91c54d8df98b","c9d1dfc9-3fa9-5789-a2e2-89b4a10a0d86","e8e9e1bf-4e95-551d-80de-b0ea20023c6a","HCC86","Acute Myocardial Infarction","I21.19","Acute Myocardial Infarction","0.365","1.0","0.365","2026-08-03","ENCOUNTER","ACTIVE","","2026","FALSE","77.8","fe71dc5d-15dd-5cac-9409-ca04606eaf04","2026-08-03","RISK_ADJ_PIPELINE","2026-09-15 10:31:41"
"b3998353-cbe9-52f4-9fdd-761d6a40ecb9","0a3798cb-b9a4-5579-9d3b-bda81fe905da","2003770f-885d-5220-a179-55b551ebbdfa","HCC18","Diabetes with Chronic Complications","E13.10","Diabetes with Chronic Complications","0.302","1.0","0.302","2026-08-25","CLAIMS","ACTIVE","","2026","FALSE","34.06","fe71dc5d-15dd-5cac-9409-ca04606eaf04","2026-08-25","RISK_ADJ_PIPELINE","2026-09-15 10:31:41"
"d06b0332-980f-5e5f-b231-7d97796ba642","0a3798cb-b9a4-5579-9d3b-bda81fe905da","6ee4663d-87da-5c5e-b879-5eae45bc83da","HCC58","Major Depressive/Bipolar Disorders","F31.30","Major Depressive/Bipolar Disorders","0.395","1.0","0.395","2026-06-30","CLAIMS","ACTIVE","","2026","TRUE","18.62","fe71dc5d-15dd-5cac-9409-ca04606eaf04","2026-06-30","RISK_ADJ_PIPELINE","2026-09-15 10:31:41"
"38b7b5df-2116-5d04-9ee4-fb25b1d95983","0a3798cb-b9a4-5579-9d3b-bda81fe905da","3ce5fc1f-c3c0-5c23-a71e-e88575f73f5a","HCC17","Diabetes with Acute Complications","E10.40","Diabetes with Acute Complications","0.368","1.0","0.368","2026-07-02","CLAIMS","SUPERSEDED","","2026","TRUE","23.45","fe71dc5d-15dd-5cac-9409-ca04606eaf04","2026-07-02","RISK_ADJ_PIPELINE","2026-09-15 10:31:41"
"8ceb5e28-ce7d-57df-9912-4332eccb5f1b","683340a4-d1de-5786-a29c-f5e0084c6efb","baebb3a4-fff2-5dfe-9168-029f4b1a8404","HCC136","Chronic Kidney Disease Stage 4","N18.4","Chronic Kidney Disease Stage 4","0.237","1.02","0.2417","2026-09-13","CLAIMS","ACTIVE","","2026","TRUE","18.31","fe71dc5d-15dd-5cac-9409-ca04606eaf04","2026-09-13","RISK_ADJ_PIPELINE","2026-09-15 10:31:41"
"efa5e1f5-ee25-5ce4-8fc7-e02c1b656d54","683340a4-d1de-5786-a29c-f5e0084c6efb","5871728a-941d-59a4-bcaa-7c1da2114bc3","HCC12","Colon Cancer","C18.7","Colon Cancer","0.664","1.02","0.6773","2026-08-25","CLAIMS","ACTIVE","","2026","TRUE","21.21","fe71dc5d-15dd-5cac-9409-ca04606eaf04","2026-08-25","RISK_ADJ_PIPELINE","2026-09-15 10:31:41"
"59a1fcfb-d55a-5cd0-9ba9-b2df079d8cc4","44a2206b-9b0d-509f-924c-1ed2199b5cf9","3f33501c-d17b-5865-a52a-01de12c4bd05","HCC18","Diabetes with Chronic Complications","E13.40","Diabetes with Chronic Complications","0.302","1.0","0.302","2026-08-22","CLAIMS","SUPERSEDED","","2026","TRUE","21.03","fe71dc5d-15dd-5cac-9409-ca04606eaf04","2026-08-22","RISK_ADJ_PIPELINE","2026-09-15 10:31:41"
"3835f18a-f974-5fb8-8d9b-b86703674100","c125a20f-3b52-54d0-93e5-7775ff81b84c","b13dac40-034c-5882-b23e-cfa35aea03c1","HCC19","Diabetes without Complication","E11.00","Diabetes without Complication","0.118","1.0","0.118","2026-06-21","ENCOUNTER","ACTIVE","","2026","TRUE","18.17","fe71dc5d-15dd-5cac-9409-ca04606eaf04","2026-06-21","RISK_ADJ_PIPELINE","2026-09-15 10:31:41"
"756797da-e3a9-557b-97e7-c96c1592c8a8","35599560-835b-5040-a38e-046a80f1b2a3","b9c3c270-ba26-59a0-91c2-1c607e757111","HCC85","Congestive Heart Failure","I50.32","Congestive Heart Failure","0.331","1.02","0.3376","2026-06-23","CLAIMS","ACTIVE","","2026","TRUE","7.79","fe71dc5d-15dd-5cac-9409-ca04606eaf04","2026-06-23","RISK_ADJ_PIPELINE","2026-09-15 10:31:41"
"9e7710a1-692d-5c9a-b14f-56bc781f9cd1","56c829c4-9c1a-5cd4-a91a-0a027118ea51","710b5201-c239-589c-a3ce-5a28d997caae","HCC17","Diabetes with Acute Complications","E10.40","Diabetes with Acute Complications","0.368","1.0","0.368","2026-06-18","CHART_REVIEW","SUPERSEDED","CODER_REVIEW","2026","TRUE","0.67","fe71dc5d-15dd-5cac-9409-ca04606eaf04","2026-06-18","RISK_ADJ_PIPELINE","2026-09-15 10:31:41"
"1e473383-941b-54df-8b49-9986dae1ef41","0ad2e249-9272-5aaa-bed4-4497ce264dc2","61330d32-c64c-5b22-bfde-74a3f4122283","HCC96","Specified Heart Arrhythmias","I48.20","Specified Heart Arrhythmias","0.271","1.0","0.271","2026-08-19","CHART_REVIEW","ACTIVE","CODER_REVIEW","2026","TRUE","21.98","fe71dc5d-15dd-5cac-9409-ca04606eaf04","2026-08-19","RISK_ADJ_PIPELINE","2026-09-15 10:31:41"
"29681cf8-c8e9-5674-8015-1f74413346cd","7291566a-82d8-57c2-8e66-bc4ee50ab9a9","244a8819-d553-5651-9660-fd72264a186d","HCC58","Major Depressive/Bipolar Disorders","F31.62","Major Depressive/Bipolar Disorders","0.395","1.0","0.395","2026-08-05","ENCOUNTER","ACTIVE","","2026","TRUE","11.13","fe71dc5d-15dd-5cac-9409-ca04606eaf04","2026-08-05","RISK_ADJ_PIPELINE","2026-09-15 10:31:41"
"eff4703e-e3ca-54b2-b7dd-365622681647","a1d5fafa-7d8f-5f9f-9635-ed80a1af614a","bc225832-e145-5c42-8e9e-d54cfa4b02e8","HCC58","Major Depressive/Bipolar Disorders","F31.62","Major Depressive/Bipolar Disorders","0.395","1.0","0.395","2026-08-26","CLAIMS","ACTIVE","","2026","TRUE","13.5","fe71dc5d-15dd-5cac-9409-ca04606eaf04","2026-08-26","RISK_ADJ_PIPELINE","2026-09-15 10:31:41"
"dd50e4f9-c8eb-5970-abfc-6b92c34536d1","b0cff5c2-3fa4-546f-948d-fd37e3312c99","baa044f7-10ff-5438-a4bc-3408553352fe","HCC58","Major Depressive/Bipolar Disorders","F31.62","Major Depressive/Bipolar Disorders","0.395","1.0","0.395","2026-06-28","CHART_REVIEW","ACTIVE","CODER_REVIEW","2026","TRUE","2.45","fe71dc5d-15dd-5cac-9409-ca04606eaf04","2026-06-28","RISK_ADJ_PIPELINE","2026-09-15 10:31:41"
"5ac0225e-8b82-5599-85dd-3dde23bac2fe","b0cff5c2-3fa4-546f-948d-fd37e3312c99","186427d8-06de-59d3-9eec-6cf83096dd6d","HCC135","Acute Renal Failure","N17.0","Acute Renal Failure","0.441","1.0","0.441","2026-08-05","CLAIMS","ACTIVE","","2026","TRUE","6.03","fe71dc5d-15dd-5cac-9409-ca04606eaf04","2026-08-05","RISK_ADJ_PIPELINE","2026-09-15 10:31:41"
"3beac998-342e-5772-a06e-f71d5750a51c","3b7b1661-b872-5599-b7ee-2f9488ebdf57","119903e3-8ef4-51d4-ba67-064d84e5d970","HCC85","Congestive Heart Failure","I50.32","Congestive Heart Failure","0.331","1.0","0.331","2026-06-29","PROSPECTIVE","VALIDATED","","2026","TRUE","13.31","fe71dc5d-15dd-5cac-9409-ca04606eaf04","2026-06-29","RISK_ADJ_PIPELINE","2026-09-15 10:31:41"
"f34489ea-4e59-5d82-9d2a-7122afe58138","3b7b1661-b872-5599-b7ee-2f9488ebdf57","119903e3-8ef4-51d4-ba67-064d84e5d970","HCC17","Diabetes with Acute Complications","E10.10","Diabetes with Acute Complications","0.368","1.0","0.368","2026-06-29","PROSPECTIVE","ACTIVE","","2026","TRUE","13.31","fe71dc5d-15dd-5cac-9409-ca04606eaf04","2026-06-29","RISK_ADJ_PIPELINE","2026-09-15 10:31:41"
"abd8fce7-62b2-5532-bbec-4bcecbe7c949","3b7b1661-b872-5599-b7ee-2f9488ebdf57","7f11b61c-168f-59b1-960d-335af6d76fa5","HCC112","Fibrosis of Lung","J43.9","Fibrosis of Lung","0.199","1.0","0.199","2026-07-05","CLAIMS","ACTIVE","","2026","TRUE","17.54","fe71dc5d-15dd-5cac-9409-ca04606eaf04","2026-07-05","RISK_ADJ_PIPELINE","2026-09-15 10:31:41"
"f04ff97d-c8bd-5972-a899-449d1e893244","4e6107e5-6435-5bfc-a95e-294a5842d21c","e89325b6-f75d-52e7-9c80-60360a5c9918","HCC40","Rheumatoid Arthritis","M16.30","Rheumatoid Arthritis","0.421","1.0","0.421","2026-07-18","CLAIMS","ACTIVE","","2026","TRUE","7.34","fe71dc5d-15dd-5cac-9409-ca04606eaf04","2026-07-18","RISK_ADJ_PIPELINE","2026-09-15 10:31:41"
"2b8b189f-6676-57cd-b437-fe0e35158d78","4e6107e5-6435-5bfc-a95e-294a5842d21c","6a184379-2fbf-57e3-bd64-fc3e2d86463a","HCC111","COPD","J44.1","COPD","0.335","1.0","0.335","2026-07-26","ENCOUNTER","ACTIVE","","2026","TRUE","1.92","fe71dc5d-15dd-5cac-9409-ca04606eaf04","2026-07-26","RISK_ADJ_PIPELINE","2026-09-15 10:31:41"
"77c3554b-cc96-587a-b649-63ba6dc061e1","04cf725d-ceb2-5212-ba75-1205e6f79e1b","807b5a88-d6d8-58a7-9e71-a163b055effc","HCC12","Colon Cancer","C18.2","Colon Cancer","0.664","1.0","0.664","2026-07-03","ENCOUNTER","ACTIVE","","2026","FALSE","27.17","fe71dc5d-15dd-5cac-9409-ca04606eaf04","2026-07-03","RISK_ADJ_PIPELINE","2026-09-15 10:31:41"
"a74213ee-95d3-5ad4-bdb4-74a23e214638","04cf725d-ceb2-5212-ba75-1205e6f79e1b","be5b2fef-4a0b-5742-a145-32d380203500","HCC19","Diabetes without Complication","E11.9","Diabetes without Complication","0.118","1.0","0.118","2026-07-30","CLAIMS","ACTIVE","","2026","TRUE","12.73","fe71dc5d-15dd-5cac-9409-ca04606eaf04","2026-07-30","RISK_ADJ_PIPELINE","2026-09-15 10:31:41"
"1ca839cb-0a08-54c1-b603-df27047abd2c","07f17a70-0f34-58d1-b812-c7793276acf0","eedcc748-9107-593b-85de-c018f6b3863a","HCC12","Breast Cancer","C50.211","Breast Cancer","0.664","1.02","0.6773","2026-07-23","CLAIMS","SUPERSEDED","","2026","TRUE","4.67","fe71dc5d-15dd-5cac-9409-ca04606eaf04","2026-07-23","RISK_ADJ_PIPELINE","2026-09-15 10:31:41"
"62775a69-dcf1-55b4-a5f2-b02f887dccd4","07f17a70-0f34-58d1-b812-c7793276acf0","85f1e286-c9c5-5e4b-b4ce-5bb56765daee","HCC112","Fibrosis of Lung","J43.0","Fibrosis of Lung","0.199","1.02","0.203","2026-08-20","CLAIMS","VALIDATED","","2026","FALSE","82.84","fe71dc5d-15dd-5cac-9409-ca04606eaf04","2026-08-20","RISK_ADJ_PIPELINE","2026-09-15 10:31:41"
"ad751bbd-d7c6-53e9-bcc9-88b965e0aed1","e8b2f6c7-77e0-5f07-a2b5-93a980ce459c","feda684f-581e-5d6e-b296-3104d7da36b0","HCC88","Angina Pectoris / Old MI","I25.5","Angina Pectoris / Old MI","0.241","1.0","0.241","2026-08-30","CLAIMS","SUPERSEDED","","2026","TRUE","0.58","fe71dc5d-15dd-5cac-9409-ca04606eaf04","2026-08-30","RISK_ADJ_PIPELINE","2026-09-15 10:31:41"
"14633195-0ced-5eaf-82c8-4a84dcadc981","e8b2f6c7-77e0-5f07-a2b5-93a980ce459c","80e2d68b-80a9-55c5-852e-8911a0295727","HCC85","Congestive Heart Failure","I50.32","Congestive Heart Failure","0.331","1.0","0.331","2026-07-27","PROSPECTIVE","SUPERSEDED","","2026","TRUE","18.95","fe71dc5d-15dd-5cac-9409-ca04606eaf04","2026-07-27","RISK_ADJ_PIPELINE","2026-09-15 10:31:41"
"e3149d44-da0f-51f8-9df4-54c8fe387a3f","c736b786-92cb-5005-b3bb-72da43f26d07","41d5cf3d-dc79-5543-870b-6fe430babd09","HCC19","Diabetes without Complication","E11.9","Diabetes without Complication","0.118","1.0","0.118","2026-07-30","ENCOUNTER","ACTIVE","","2026","TRUE","1.52","fe71dc5d-15dd-5cac-9409-ca04606eaf04","2026-07-30","RISK_ADJ_PIPELINE","2026-09-15 10:31:41"
"a16b1084-af91-5f46-847c-bf333bc4d662","c736b786-92cb-5005-b3bb-72da43f26d07","5fe078af-edab-50b6-8563-912bcefb2183","HCC168","Hip Fracture/Dislocation","M80.811A","Hip Fracture/Dislocation","0.489","1.0","0.489","2026-09-03","CLAIMS","ACTIVE","","2026","TRUE","14.8","fe71dc5d-15dd-5cac-9409-ca04606eaf04","2026-09-03","RISK_ADJ_PIPELINE","2026-09-15 10:31:41"
"690027a5-70bb-5604-8130-24f82da62601","9a489f19-8ad8-53ee-b316-d73f015e6615","9caa91a9-a253-5345-a93f-dc91fc02c98d","HCC40","Rheumatoid Arthritis","M16.30","Rheumatoid Arthritis","0.421","1.0","0.421","2026-08-09","CLAIMS","ACTIVE","","2026","TRUE","1.49","fe71dc5d-15dd-5cac-9409-ca04606eaf04","2026-08-09","RISK_ADJ_PIPELINE","2026-09-15 10:31:41"
"55972423-49c0-5708-b492-69bdc678309c","9a489f19-8ad8-53ee-b316-d73f015e6615","1e8d425a-cd8a-5afa-8098-fdc8c0b6258f","HCC17","Diabetes with Acute Complications","E10.9","Diabetes with Acute Complications","0.368","1.0","0.368","2026-08-17","CLAIMS","ACTIVE","","2026","TRUE","3.16","fe71dc5d-15dd-5cac-9409-ca04606eaf04","2026-08-17","RISK_ADJ_PIPELINE","2026-09-15 10:31:41"
"1e38fa87-7c09-570a-91a2-c0850df1415f","9a489f19-8ad8-53ee-b316-d73f015e6615","a02d966f-2ac5-52e1-8b7c-ef054b8ec909","HCC12","Colon Cancer","C18.7","Colon Cancer","0.664","1.0","0.664","2026-09-07","CLAIMS","ACTIVE","","2026","TRUE","7.06","fe71dc5d-15dd-5cac-9409-ca04606eaf04","2026-09-07","RISK_ADJ_PIPELINE","2026-09-15 10:31:41"
"853405e6-3969-5260-b4b0-c407d7121d21","c3098cc2-9db7-5146-a7e7-9f60b889924e","a477215c-b1cd-52c5-8de9-e6e21f0d77c1","HCC58","Major Depressive/Bipolar Disorders","F31.62","Major Depressive/Bipolar Disorders","0.395","1.0","0.395","2026-07-04","CLAIMS","ACTIVE","","2026","TRUE","18.02","fe71dc5d-15dd-5cac-9409-ca04606eaf04","2026-07-04","RISK_ADJ_PIPELINE","2026-09-15 10:31:41"
"c5ff5410-44f4-5f5e-a485-53da5c21d81a","c3098cc2-9db7-5146-a7e7-9f60b889924e","657fc547-2d92-5349-aed8-855418325bbb","HCC18","Diabetes with Chronic Complications","E13.10","Diabetes with Chronic Complications","0.302","1.0","0.302","2026-06-30","CLAIMS","ACTIVE","","2026","TRUE","21.15","fe71dc5d-15dd-5cac-9409-ca04606eaf04","2026-06-30","RISK_ADJ_PIPELINE","2026-09-15 10:31:41"
"573fc766-82ea-53bb-ac90-3c9761bf5458","ad82e8f6-41d6-575a-9133-a06bc6d49747","89e5751d-4f5a-5dc5-8828-000211c2a3b2","HCC96","Specified Heart Arrhythmias","I48.0","Specified Heart Arrhythmias","0.271","1.0","0.271","2026-07-19","CLAIMS","VALIDATED","","2026","TRUE","2.77","fe71dc5d-15dd-5cac-9409-ca04606eaf04","2026-07-19","RISK_ADJ_PIPELINE","2026-09-15 10:31:41"
"0e5c5c3b-e7ff-5dc1-9f31-c9de9fbb451d","ed470c0a-96f8-5a23-853c-503f8ab15c44","63108d8c-38f5-53eb-baa8-7dcca37e18a1","HCC111","COPD","J44.1","COPD","0.335","1.02","0.3417","2026-09-04","CLAIMS","ACTIVE","","2026","FALSE","52.93","fe71dc5d-15dd-5cac-9409-ca04606eaf04","2026-09-04","RISK_ADJ_PIPELINE","2026-09-15 10:31:41"
"9ba9cbf4-9370-52ac-9f36-c1fcfa0666df","ed470c0a-96f8-5a23-853c-503f8ab15c44","8268be98-3075-5219-bfb1-b4f52b5e83c7","HCC96","Specified Heart Arrhythmias","I48.0","Specified Heart Arrhythmias","0.271","1.02","0.2764","2026-09-11","CLAIMS","ACTIVE","","2026","TRUE","5.89","fe71dc5d-15dd-5cac-9409-ca04606eaf04","2026-09-11","RISK_ADJ_PIPELINE","2026-09-15 10:31:41"
"a6212538-793a-55e8-9a6c-eaa2edfbe679","ffea3d64-a0c0-5cb0-893b-628ab530e3b0","111ada49-d7c0-57f9-8f7e-32232117a5df","HCC58","Major Depressive/Bipolar Disorders","F31.62","Major Depressive/Bipolar Disorders","0.395","1.02","0.4029","2026-06-26","CLAIMS","VALIDATED","","2026","TRUE","20.68","fe71dc5d-15dd-5cac-9409-ca04606eaf04","2026-06-26","RISK_ADJ_PIPELINE","2026-09-15 10:31:41"
"07816768-4f3f-5fce-b800-77cecb4ca153","ffea3d64-a0c0-5cb0-893b-628ab530e3b0","9e1e7770-c151-543d-8a4c-621acc61b772","HCC88","Angina Pectoris / Old MI","I25.5","Angina Pectoris / Old MI","0.241","1.02","0.2458","2026-06-21","PROSPECTIVE","ACTIVE","","2026","TRUE","6.75","fe71dc5d-15dd-5cac-9409-ca04606eaf04","2026-06-21","RISK_ADJ_PIPELINE","2026-09-15 10:31:41"
"55bcffae-d9df-50ba-9eb2-dd9b4e143399","ffea3d64-a0c0-5cb0-893b-628ab530e3b0","fdda559e-a2b7-58bc-91b9-323f9d08227e","HCC57","Schizophrenia","F20.9","Schizophrenia","0.62","1.02","0.6324","2026-08-16","CLAIMS","ACTIVE","","2026","FALSE","61.99","fe71dc5d-15dd-5cac-9409-ca04606eaf04","2026-08-16","RISK_ADJ_PIPELINE","2026-09-15 10:31:41"
"7dee4aff-2a60-52e1-87ff-226579208097","38dc78e8-1f9c-51e5-bbae-80ff772825d0","ffb6b777-ab23-5042-ba12-45ed94305c54","HCC9","Lung and Other Severe Cancers","C34.10","Lung and Other Severe Cancers","2.422","1.0","2.422","2026-07-16","CLAIMS","ACTIVE","","2026","TRUE","6.18","fe71dc5d-15dd-5cac-9409-ca04606eaf04","2026-07-16","RISK_ADJ_PIPELINE","2026-09-15 10:31:41"
"c08d8031-2dfb-5de6-8159-cd3ac82c367b","57884302-a31e-5aac-942e-24c7eedb45ef","05eb298d-209d-5c0b-9b8c-f1a84cd372d5","HCC19","Diabetes without Complication","E11.00","Diabetes without Complication","0.118","1.02","0.1204","2026-08-16","CLAIMS","ACTIVE","","2026","TRUE","22.09","fe71dc5d-15dd-5cac-9409-ca04606eaf04","2026-08-16","RISK_ADJ_PIPELINE","2026-09-15 10:31:41"
"7f5ef9dc-a0d8-5b05-bec3-9612fe7ecb4c","801efa9d-d70d-5e16-abbe-c7be295d5620","e28db238-17db-5d43-b7e3-630abf06f080","HCC12","Colon Cancer","C18.7","Colon Cancer","0.664","1.02","0.6773","2026-08-08","CLAIMS","ACTIVE","","2026","TRUE","7.07","fe71dc5d-15dd-5cac-9409-ca04606eaf04","2026-08-08","RISK_ADJ_PIPELINE","2026-09-15 10:31:41"
"e4fae2f7-8e88-5676-a920-caa5bea86a91","4cae93fe-4c70-55ee-be1e-9669afb39e41","cb55526c-14da-5b87-a2bb-886f8ca16751","HCC136","Chronic Kidney Disease Stage 4","N18.5","Chronic Kidney Disease Stage 4","0.237","1.0","0.237","2026-06-29","CLAIMS","ACTIVE","","2026","TRUE","17.28","fe71dc5d-15dd-5cac-9409-ca04606eaf04","2026-06-29","RISK_ADJ_PIPELINE","2026-09-15 10:31:41"
"df89f01e-c1a9-5b4d-b4f7-b0a07d579a4d","4cae93fe-4c70-55ee-be1e-9669afb39e41","4dd9e3c0-d08e-52aa-a084-a893ad3dff90","HCC96","Specified Heart Arrhythmias","I48.19","Specified Heart Arrhythmias","0.271","1.0","0.271","2026-08-29","CLAIMS","ACTIVE","","2026","FALSE","88.35","fe71dc5d-15dd-5cac-9409-ca04606eaf04","2026-08-29","RISK_ADJ_PIPELINE","2026-09-15 10:31:41"
"643049c8-e3d0-5286-bad6-846c754b02dd","3eeb0f24-dc41-590e-a478-d1b5ef326294","dbf988d6-e92d-5529-9a82-3a53523333b0","HCC57","Schizophrenia","F20.1","Schizophrenia","0.62","1.02","0.6324","2026-06-30","PROSPECTIVE","ACTIVE","","2026","FALSE","49.81","fe71dc5d-15dd-5cac-9409-ca04606eaf04","2026-06-30","RISK_ADJ_PIPELINE","2026-09-15 10:31:41"
"e12854fd-8023-5999-ab25-3877adaf877a","22ed7eed-c183-5e19-bb4a-fe28e3995c3b","90f70a1c-ab83-5667-9dc0-52df83881e89","HCC136","Chronic Kidney Disease Stage 4","N18.5","Chronic Kidney Disease Stage 4","0.237","1.02","0.2417","2026-08-05","CLAIMS","ACTIVE","","2026","TRUE","22.72","fe71dc5d-15dd-5cac-9409-ca04606eaf04","2026-08-05","RISK_ADJ_PIPELINE","2026-09-15 10:31:41"
"3a3dc292-4f30-5f32-8e16-96c6b1328e21","22ed7eed-c183-5e19-bb4a-fe28e3995c3b","8d478a80-fef0-50a4-9403-05f4891ba4da","HCC19","Diabetes without Complication","E11.00","Diabetes without Complication","0.118","1.02","0.1204","2026-08-27","CLAIMS","ACTIVE","","2026","TRUE","13.24","fe71dc5d-15dd-5cac-9409-ca04606eaf04","2026-08-27","RISK_ADJ_PIPELINE","2026-09-15 10:31:41"
"de9944d6-c915-5702-bf66-4f5453bac7b4","22ed7eed-c183-5e19-bb4a-fe28e3995c3b","08f5167d-cec5-5b0c-90fe-3302acea702e","HCC12","Breast Cancer","C50.211","Breast Cancer","0.664","1.02","0.6773","2026-06-29","ENCOUNTER","ACTIVE","","2026","TRUE","20.63","fe71dc5d-15dd-5cac-9409-ca04606eaf04","2026-06-29","RISK_ADJ_PIPELINE","2026-09-15 10:31:41"
"802f46c3-fd0c-55ad-a4e9-1520f7a1bf7b","b20445e2-675b-53f6-9463-ec8faa476862","559e23b9-897a-5115-9076-a40272391b6c","HCC12","Colon Cancer","C18.7","Colon Cancer","0.664","1.0","0.664","2026-08-02","CLAIMS","VALIDATED","","2026","TRUE","6.58","fe71dc5d-15dd-5cac-9409-ca04606eaf04","2026-08-02","RISK_ADJ_PIPELINE","2026-09-15 10:31:41"
"a3a8de6f-0579-5e29-b0db-4156be10e183","351231a7-2945-5a31-a244-bc93206dc416","472fd42a-bcb3-59f0-ba3b-3bf57ded319d","HCC12","Breast Cancer","C50.019","Breast Cancer","0.664","1.0","0.664","2026-08-18","CLAIMS","ACTIVE","","2026","TRUE","3.28","fe71dc5d-15dd-5cac-9409-ca04606eaf04","2026-08-18","RISK_ADJ_PIPELINE","2026-09-15 10:31:41"
"6a1cc2cd-c517-5820-852c-385247a5672d","8762f0d9-ebaa-5e56-ba2e-9896eca7d195","1fec2544-e1e1-52f8-a6c3-69dabd06dff9","HCC111","COPD","J44.0","COPD","0.335","1.0","0.335","2026-06-26","ENCOUNTER","ACTIVE","","2026","TRUE","8.42","fe71dc5d-15dd-5cac-9409-ca04606eaf04","2026-06-26","RISK_ADJ_PIPELINE","2026-09-15 10:31:41"
"b50faef9-56b5-5394-af58-70ccf8dd06c1","73fd43af-1a45-57b3-9a91-076aa3acf9cb","dcd280f5-7d22-565a-9799-c4f003e9f23f","HCC168","Hip Fracture/Dislocation","M80.019A","Hip Fracture/Dislocation","0.489","1.0","0.489","2026-08-23","CLAIMS","ACTIVE","","2026","TRUE","20.15","fe71dc5d-15dd-5cac-9409-ca04606eaf04","2026-08-23","RISK_ADJ_PIPELINE","2026-09-15 10:31:41"
"cb85e434-f310-5d66-b483-d071b924f2f3","f942b2ad-b251-580a-bdba-ceb344af88ba","e23afa9b-0ed7-5016-816f-8c1f4af1ca1a","HCC57","Schizophrenia","F20.1","Schizophrenia","0.62","1.02","0.6324","2026-07-15","CLAIMS","VALIDATED","","2026","FALSE","50.36","fe71dc5d-15dd-5cac-9409-ca04606eaf04","2026-07-15","RISK_ADJ_PIPELINE","2026-09-15 10:31:41"
"84e67a20-180a-5b72-bc83-ce833b97ff83","f942b2ad-b251-580a-bdba-ceb344af88ba","4f728d07-a9a2-5964-acd6-7d2c86082605","HCC136","Chronic Kidney Disease Stage 4","N18.5","Chronic Kidney Disease Stage 4","0.237","1.02","0.2417","2026-07-19","CLAIMS","VALIDATED","","2026","FALSE","90.86","fe71dc5d-15dd-5cac-9409-ca04606eaf04","2026-07-19","RISK_ADJ_PIPELINE","2026-09-15 10:31:41"
"20120d1a-4abd-55ac-9ffe-54dbf10e9848","f942b2ad-b251-580a-bdba-ceb344af88ba","e23afa9b-0ed7-5016-816f-8c1f4af1ca1a","HCC40","Rheumatoid Arthritis","M16.0","Rheumatoid Arthritis","0.421","1.02","0.4294","2026-09-02","CLAIMS","ACTIVE","","2026","FALSE","50.36","fe71dc5d-15dd-5cac-9409-ca04606eaf04","2026-09-02","RISK_ADJ_PIPELINE","2026-09-15 10:31:41"
"8525d909-f17c-5f5b-9934-7b0b24ebea6c","f942b2ad-b251-580a-bdba-ceb344af88ba","0118fd6e-7196-58af-a6fa-d62beae2b407","HCC9","Lung and Other Severe Cancers","C34.12","Lung and Other Severe Cancers","2.422","1.02","2.4704","2026-07-15","CLAIMS","ACTIVE","","2026","TRUE","13.32","fe71dc5d-15dd-5cac-9409-ca04606eaf04","2026-07-15","RISK_ADJ_PIPELINE","2026-09-15 10:31:41"
"7f66928a-b09f-5b6b-b9df-b2a96367a302","486f6186-c2b8-5efb-aa2d-020f44f43623","9ac15927-2e7b-5827-9107-4e3a1876fcaf","HCC19","Diabetes without Complication","E11.00","Diabetes without Complication","0.118","1.02","0.1204","2026-07-01","CLAIMS","ACTIVE","","2026","TRUE","4.71","fe71dc5d-15dd-5cac-9409-ca04606eaf04","2026-07-01","RISK_ADJ_PIPELINE","2026-09-15 10:31:41"
"93397d17-90f9-5080-a53c-f73468effc33","486f6186-c2b8-5efb-aa2d-020f44f43623","3415c758-a596-5ccf-8558-a551204defd2","HCC86","Acute Myocardial Infarction","I21.29","Acute Myocardial Infarction","0.365","1.02","0.3723","2026-07-16","CLAIMS","ACTIVE","","2026","TRUE","10.61","fe71dc5d-15dd-5cac-9409-ca04606eaf04","2026-07-16","RISK_ADJ_PIPELINE","2026-09-15 10:31:41"
"2e5100a1-a44e-592f-83de-612cdd0cb368","ab024ce7-ab65-5831-8812-48732aedb0ec","94fba0cf-4a8b-59bd-98f3-b24699ba7283","HCC136","Chronic Kidney Disease Stage 4","N18.6","Chronic Kidney Disease Stage 4","0.237","1.0","0.237","2026-09-06","ENCOUNTER","ACTIVE","","2026","FALSE","60.87","fe71dc5d-15dd-5cac-9409-ca04606eaf04","2026-09-06","RISK_ADJ_PIPELINE","2026-09-15 10:31:41"
"d2d68482-3f6d-594e-9e76-b4afe904f140","ab024ce7-ab65-5831-8812-48732aedb0ec","5d74188a-9d51-5db0-a2aa-9735166135c9","HCC58","Major Depressive/Bipolar Disorders","F31.9","Major Depressive/Bipolar Disorders","0.395","1.0","0.395","2026-09-11","CHART_REVIEW","ACTIVE","CODER_REVIEW","2026","TRUE","1.17","fe71dc5d-15dd-5cac-9409-ca04606eaf04","2026-09-11","RISK_ADJ_PIPELINE","2026-09-15 10:31:41"
"b94d3dc5-51f0-5725-a61f-129eb1cc1510","ab024ce7-ab65-5831-8812-48732aedb0ec","fba470fc-22b5-5109-9e6a-508dca99a075","HCC85","Congestive Heart Failure","I50.22","Congestive Heart Failure","0.331","1.0","0.331","2026-07-14","CLAIMS","ACTIVE","","2026","FALSE","55.66","fe71dc5d-15dd-5cac-9409-ca04606eaf04","2026-07-14","RISK_ADJ_PIPELINE","2026-09-15 10:31:41"
"fa0cff9c-cf2e-5df7-8fcd-e3dfbad7778d","ab024ce7-ab65-5831-8812-48732aedb0ec","5d74188a-9d51-5db0-a2aa-9735166135c9","HCC111","COPD","J44.0","COPD","0.335","1.0","0.335","2026-08-24","CLAIMS","ACTIVE","","2026","TRUE","1.17","fe71dc5d-15dd-5cac-9409-ca04606eaf04","2026-08-24","RISK_ADJ_PIPELINE","2026-09-15 10:31:41"
"5b1cbfda-eb6d-5d51-ab98-d0000d7addf6","241274b6-2b30-5f7d-a9bc-b2eba5d007ee","b92d40c4-9c33-5735-a128-dcf5838ba7e9","HCC112","Fibrosis of Lung","J43.9","Fibrosis of Lung","0.199","1.0","0.199","2026-08-05","CLAIMS","ACTIVE","","2026","TRUE","11.54","fe71dc5d-15dd-5cac-9409-ca04606eaf04","2026-08-05","RISK_ADJ_PIPELINE","2026-09-15 10:31:41"
"c371be14-4391-56ec-8702-8c9d1193b572","e1284f79-be2f-5f5b-aa66-884c17509489","49e8981e-ddd9-5d1a-acfa-5683e67fc020","HCC57","Schizophrenia","F20.0","Schizophrenia","0.62","1.02","0.6324","2026-07-01","CLAIMS","ACTIVE","","2026","TRUE","13.69","fe71dc5d-15dd-5cac-9409-ca04606eaf04","2026-07-01","RISK_ADJ_PIPELINE","2026-09-15 10:31:41"
"4f4fdb78-e642-5576-af17-6ef19f58d179","94d45987-bea5-5a9d-892a-a7baeb927b00","eeafce6d-531f-5e75-9a47-d4727c7be677","HCC17","Diabetes with Acute Complications","E10.40","Diabetes with Acute Complications","0.368","1.02","0.3754","2026-08-29","CLAIMS","VALIDATED","","2026","TRUE","7.44","fe71dc5d-15dd-5cac-9409-ca04606eaf04","2026-08-29","RISK_ADJ_PIPELINE","2026-09-15 10:31:41"
"6c708e3e-9e0b-547b-89a5-edc216352632","94d45987-bea5-5a9d-892a-a7baeb927b00","848c4abd-3378-5824-8360-93072acfddd9","HCC57","Schizophrenia","F20.9","Schizophrenia","0.62","1.02","0.6324","2026-06-17","CLAIMS","ACTIVE","","2026","TRUE","20.24","fe71dc5d-15dd-5cac-9409-ca04606eaf04","2026-06-17","RISK_ADJ_PIPELINE","2026-09-15 10:31:41"
"45f89cc5-749a-5a75-a042-96b340b366ee","b6c0a266-de8f-54cb-b967-edecf5b9b3fe","7d011998-3c7b-5ad9-8175-f6b2a4012bf7","HCC19","Diabetes without Complication","E11.65","Diabetes without Complication","0.118","1.02","0.1204","2026-08-15","CLAIMS","ACTIVE","","2026","TRUE","10.78","fe71dc5d-15dd-5cac-9409-ca04606eaf04","2026-08-15","RISK_ADJ_PIPELINE","2026-09-15 10:31:41"
"89f2a159-725d-5310-b720-cd4028f38635","08ddec8d-5946-5486-82dd-ca79afc8ad88","7ad1d30e-633b-5faa-9dca-b6d42959acff","HCC168","Hip Fracture/Dislocation","M80.811A","Hip Fracture/Dislocation","0.489","1.0","0.489","2026-07-06","CHART_REVIEW","ACTIVE","CODER_REVIEW","2026","TRUE","17.97","fe71dc5d-15dd-5cac-9409-ca04606eaf04","2026-07-06","RISK_ADJ_PIPELINE","2026-09-15 10:31:41"
"99e881df-9068-5803-a67b-15438b88d0fc","08ddec8d-5946-5486-82dd-ca79afc8ad88","d9ee5384-fade-52b8-ae98-d0b4a14221b8","HCC12","Colon Cancer","C18.4","Colon Cancer","0.664","1.0","0.664","2026-07-18","ENCOUNTER","ACTIVE","","2026","TRUE","3.08","fe71dc5d-15dd-5cac-9409-ca04606eaf04","2026-07-18","RISK_ADJ_PIPELINE","2026-09-15 10:31:41"
"2f95fabc-2271-51e5-9275-19b553dfb9f9","615b4240-dac7-5769-ba12-93a836b1070f","a04e940e-be49-5d10-84c7-d03d03f69cf3","HCC111","COPD","J44.0","COPD","0.335","1.0","0.335","2026-08-01","PROSPECTIVE","VALIDATED","","2026","TRUE","6.32","fe71dc5d-15dd-5cac-9409-ca04606eaf04","2026-08-01","RISK_ADJ_PIPELINE","2026-09-15 10:31:41"
"7fa7c1a7-e047-5e38-a28c-c6cd721aec6f","615b4240-dac7-5769-ba12-93a836b1070f","2922c3f5-8880-5e76-b4aa-86e018fd52ba","HCC18","Diabetes with Chronic Complications","E13.65","Diabetes with Chronic Complications","0.302","1.0","0.302","2026-07-30","PROSPECTIVE","ACTIVE","","2026","TRUE","6.4","fe71dc5d-15dd-5cac-9409-ca04606eaf04","2026-07-30","RISK_ADJ_PIPELINE","2026-09-15 10:31:41"
"f9acd4ba-4206-5fcd-9617-aba8ff06abf7","615b4240-dac7-5769-ba12-93a836b1070f","9bbaeb4c-fff4-5983-a70d-45e09683db40","HCC112","Fibrosis of Lung","J43.0","Fibrosis of Lung","0.199","1.0","0.199","2026-09-03","CLAIMS","ACTIVE","","2026","TRUE","20.15","fe71dc5d-15dd-5cac-9409-ca04606eaf04","2026-09-03","RISK_ADJ_PIPELINE","2026-09-15 10:31:41"
"4311bdf3-da7a-51f6-a46d-62340f3cdef9","7dcfeada-00fe-5043-aa41-a868f13eb28e","99efbbac-e36e-548c-9bdc-f102eb047235","HCC86","Acute Myocardial Infarction","I21.19","Acute Myocardial Infarction","0.365","1.02","0.3723","2026-07-15","CHART_REVIEW","ACTIVE","CODER_REVIEW","2026","TRUE","18.29","fe71dc5d-15dd-5cac-9409-ca04606eaf04","2026-07-15","RISK_ADJ_PIPELINE","2026-09-15 10:31:41"
"e2f21e1a-4dd2-587a-9a4a-f75e7b4bcc99","7dcfeada-00fe-5043-aa41-a868f13eb28e","c39d819c-b1d3-528b-86e3-2b2a55f064e0","HCC88","Angina Pectoris / Old MI","I25.5","Angina Pectoris / Old MI","0.241","1.02","0.2458","2026-06-20","CLAIMS","ACTIVE","","2026","TRUE","6.06","fe71dc5d-15dd-5cac-9409-ca04606eaf04","2026-06-20","RISK_ADJ_PIPELINE","2026-09-15 10:31:41"
"1e544cc1-02d0-5159-8b48-ec70071776a7","011c4ffc-4c9a-5e5b-9ecb-1f801a2a40c2","55a751aa-7fe9-50d5-96f9-0800bdc4ffee","HCC96","Specified Heart Arrhythmias","I48.0","Specified Heart Arrhythmias","0.271","1.0","0.271","2026-07-23","CLAIMS","ACTIVE","","2026","TRUE","5.99","fe71dc5d-15dd-5cac-9409-ca04606eaf04","2026-07-23","RISK_ADJ_PIPELINE","2026-09-15 10:31:41"
"bbd65544-7348-5307-b943-20808b1558ea","011c4ffc-4c9a-5e5b-9ecb-1f801a2a40c2","8c64fc90-12d3-5310-a314-7704671c4a6e","HCC168","Hip Fracture/Dislocation","M80.811A","Hip Fracture/Dislocation","0.489","1.0","0.489","2026-07-20","CLAIMS","ACTIVE","","2026","TRUE","2.16","fe71dc5d-15dd-5cac-9409-ca04606eaf04","2026-07-20","RISK_ADJ_PIPELINE","2026-09-15 10:31:41"
"4325de1e-3234-5222-a17f-fe3bfdf69fc9","61410dee-e035-5824-8e77-2484502f6cd6","9985a160-f72c-58e4-a4fa-7a6345f055a3","HCC58","Major Depressive/Bipolar Disorders","F31.9","Major Depressive/Bipolar Disorders","0.395","1.0","0.395","2026-07-24","CLAIMS","ACTIVE","","2026","TRUE","12.95","fe71dc5d-15dd-5cac-9409-ca04606eaf04","2026-07-24","RISK_ADJ_PIPELINE","2026-09-15 10:31:41"
"29806a41-5707-5e34-a1ff-f832b7f8b48a","5b5d2b6c-d541-5da2-b174-0d6812432fc6","b534c22a-9f51-5673-86f5-a066e9f57557","HCC19","Diabetes without Complication","E11.65","Diabetes without Complication","0.118","1.0","0.118","2026-08-14","CLAIMS","ACTIVE","","2026","TRUE","10.8","fe71dc5d-15dd-5cac-9409-ca04606eaf04","2026-08-14","RISK_ADJ_PIPELINE","2026-09-15 10:31:41"
"d5fe9eec-c49f-5df8-8ff6-e26f366ae2c4","607e3cf6-3a53-5652-995f-50205695a085","9c153945-ad8e-509a-bfd4-9e1631e02882","HCC111","COPD","J44.1","COPD","0.335","1.02","0.3417","2026-08-16","CLAIMS","ACTIVE","","2026","FALSE","54.77","fe71dc5d-15dd-5cac-9409-ca04606eaf04","2026-08-16","RISK_ADJ_PIPELINE","2026-09-15 10:31:41"
"fc704be3-9b10-5697-b34a-c5158bbd399a","8d0665e9-780d-518f-841f-46f0ea54bda3","2e4b8754-90dc-5aa6-92d6-ec43d5074683","HCC9","Lung and Other Severe Cancers","C34.30","Lung and Other Severe Cancers","2.422","1.0","2.422","2026-06-19","ENCOUNTER","ACTIVE","","2026","TRUE","18.82","fe71dc5d-15dd-5cac-9409-ca04606eaf04","2026-06-19","RISK_ADJ_PIPELINE","2026-09-15 10:31:41"
"326e0407-8bfc-5d09-bcb1-21199af796ab","8d0665e9-780d-518f-841f-46f0ea54bda3","8959dd20-c645-5ca6-ba05-1cdd01f6a097","HCC168","Hip Fracture/Dislocation","M80.019A","Hip Fracture/Dislocation","0.489","1.0","0.489","2026-07-11","ENCOUNTER","SUPERSEDED","","2026","TRUE","21.06","fe71dc5d-15dd-5cac-9409-ca04606eaf04","2026-07-11","RISK_ADJ_PIPELINE","2026-09-15 10:31:41"
"44645952-0cb4-59c8-902c-1f9a661c3962","9d409aca-87e4-56a5-854b-fd5101930e9c","f65dbd1a-f54a-566f-8cbd-167be6e66331","HCC86","Acute Myocardial Infarction","I21.19","Acute Myocardial Infarction","0.365","1.02","0.3723","2026-08-31","CLAIMS","ACTIVE","","2026","TRUE","20.6","fe71dc5d-15dd-5cac-9409-ca04606eaf04","2026-08-31","RISK_ADJ_PIPELINE","2026-09-15 10:31:41"
"a388935a-c753-5b9d-be40-0e6ee677ba3c","9d409aca-87e4-56a5-854b-fd5101930e9c","00339a92-a31a-513f-b166-28ffa892b659","HCC18","Diabetes with Chronic Complications","E13.65","Diabetes with Chronic Complications","0.302","1.02","0.308","2026-08-21","CLAIMS","ACTIVE","","2026","TRUE","17.88","fe71dc5d-15dd-5cac-9409-ca04606eaf04","2026-08-21","RISK_ADJ_PIPELINE","2026-09-15 10:31:41"
"23fc67c1-7df4-5f57-833e-d0f591b7f56b","9d409aca-87e4-56a5-854b-fd5101930e9c","dccd391a-371a-5e12-aec7-2072835af021","HCC12","Breast Cancer","C50.011","Breast Cancer","0.664","1.02","0.6773","2026-08-30","CLAIMS","VALIDATED","","2026","TRUE","4.36","fe71dc5d-15dd-5cac-9409-ca04606eaf04","2026-08-30","RISK_ADJ_PIPELINE","2026-09-15 10:31:41"
"138c098c-b9a0-5bc9-91de-c06f2d0a4117","f63db9ad-71b4-5c8c-9493-84f6c365ea9e","bb09479b-f60f-570b-9b9f-cb5fb032a551","HCC17","Diabetes with Acute Complications","E10.65","Diabetes with Acute Complications","0.368","1.0","0.368","2026-09-06","CLAIMS","ACTIVE","","2026","TRUE","15.78","fe71dc5d-15dd-5cac-9409-ca04606eaf04","2026-09-06","RISK_ADJ_PIPELINE","2026-09-15 10:31:41"
"1deeb97a-0d99-5469-aeb3-00656fdab2a7","f63db9ad-71b4-5c8c-9493-84f6c365ea9e","ed9b704e-6359-5be4-b40b-3e599ab50d70","HCC96","Specified Heart Arrhythmias","I48.11","Specified Heart Arrhythmias","0.271","1.0","0.271","2026-07-04","CLAIMS","ACTIVE","","2026","FALSE","42.61","fe71dc5d-15dd-5cac-9409-ca04606eaf04","2026-07-04","RISK_ADJ_PIPELINE","2026-09-15 10:31:41"
"ba43c24e-806e-54d5-b109-92661a449e0c","b67e1e0b-ddf2-5601-aa05-d0b442811030","58559df2-93a9-5a17-8036-2fa8a88f4be4","HCC40","Rheumatoid Arthritis","M16.0","Rheumatoid Arthritis","0.421","1.0","0.421","2026-06-26","CLAIMS","VALIDATED","","2026","TRUE","17.8","fe71dc5d-15dd-5cac-9409-ca04606eaf04","2026-06-26","RISK_ADJ_PIPELINE","2026-09-15 10:31:41"
"f4e1161f-0200-5c5a-950b-afb1d7740eaa","3141a6b1-4e7a-5533-b1cb-8b7e29415e0a","51b83509-41dd-5112-bafc-2a2868fa3501","HCC58","Major Depressive/Bipolar Disorders","F31.30","Major Depressive/Bipolar Disorders","0.395","1.0","0.395","2026-07-06","ENCOUNTER","ACTIVE","","2026","TRUE","1.14","fe71dc5d-15dd-5cac-9409-ca04606eaf04","2026-07-06","RISK_ADJ_PIPELINE","2026-09-15 10:31:41"
"67d91ed9-d9ae-5e60-aff6-905f3d31c0fb","d4b9fd06-7d6c-5d77-b149-1c3bea25daf8","1c3f67b4-1c02-5e69-9a5d-ec30ce65ff04","HCC12","Breast Cancer","C50.019","Breast Cancer","0.664","1.0","0.664","2026-06-18","CLAIMS","VALIDATED","","2026","TRUE","2.64","fe71dc5d-15dd-5cac-9409-ca04606eaf04","2026-06-18","RISK_ADJ_PIPELINE","2026-09-15 10:31:41"
"7584a15f-cb89-5460-a055-65b970d83092","d8c63b66-c624-5ddb-bfdd-618564c9a78e","11c6dae0-4602-5173-baf7-2d7f7b948684","HCC12","Colon Cancer","C18.4","Colon Cancer","0.664","1.0","0.664","2026-06-25","CLAIMS","ACTIVE","","2026","TRUE","7.49","fe71dc5d-15dd-5cac-9409-ca04606eaf04","2026-06-25","RISK_ADJ_PIPELINE","2026-09-15 10:31:41"
"af9c4765-b937-5ca8-90da-f0f5bf67e555","d8c63b66-c624-5ddb-bfdd-618564c9a78e","4e485d0c-03e3-5fb1-b850-57793409003a","HCC96","Specified Heart Arrhythmias","I48.19","Specified Heart Arrhythmias","0.271","1.0","0.271","2026-06-18","CLAIMS","ACTIVE","","2026","TRUE","21.16","fe71dc5d-15dd-5cac-9409-ca04606eaf04","2026-06-18","RISK_ADJ_PIPELINE","2026-09-15 10:31:41"
"97e15c6b-b542-58f3-8b7c-411287bd788d","93f39979-3159-5909-b86d-ae68cb3d95ae","1743fbf7-a7c1-57ea-9d63-dd6aa5947ddf","HCC19","Diabetes without Complication","E11.40","Diabetes without Complication","0.118","1.02","0.1204","2026-07-18","CLAIMS","ACTIVE","","2026","TRUE","10.49","fe71dc5d-15dd-5cac-9409-ca04606eaf04","2026-07-18","RISK_ADJ_PIPELINE","2026-09-15 10:31:41"
"dafd081f-9e3c-513a-97da-a56745c5365d","93f39979-3159-5909-b86d-ae68cb3d95ae","4a63b68d-5674-5e21-a097-c77119a8a63f","HCC96","Specified Heart Arrhythmias","I48.0","Specified Heart Arrhythmias","0.271","1.02","0.2764","2026-08-09","CLAIMS","ACTIVE","","2026","TRUE","15.12","fe71dc5d-15dd-5cac-9409-ca04606eaf04","2026-08-09","RISK_ADJ_PIPELINE","2026-09-15 10:31:41"
"301b9c26-cf25-5f6d-ae91-65164e6b71f4","93f39979-3159-5909-b86d-ae68cb3d95ae","b59f9a60-e14e-58be-844f-f3204859b64e","HCC12","Breast Cancer","C50.019","Breast Cancer","0.664","1.02","0.6773","2026-08-30","CHART_REVIEW","ACTIVE","CODER_REVIEW","2026","TRUE","5.6","fe71dc5d-15dd-5cac-9409-ca04606eaf04","2026-08-30","RISK_ADJ_PIPELINE","2026-09-15 10:31:41"
"de1c75e9-3f5f-5533-a12e-353619844f47","93f39979-3159-5909-b86d-ae68cb3d95ae","b59f9a60-e14e-58be-844f-f3204859b64e","HCC88","Angina Pectoris / Old MI","I25.10","Angina Pectoris / Old MI","0.241","1.02","0.2458","2026-06-26","CLAIMS","ACTIVE","","2026","TRUE","5.6","fe71dc5d-15dd-5cac-9409-ca04606eaf04","2026-06-26","RISK_ADJ_PIPELINE","2026-09-15 10:31:41"
"13b12c52-c643-5577-8120-54ce49ab9862","19d3868e-6ca3-5521-80b9-cc13133a7631","73449440-83d4-56ce-a0be-07959d4d0ff5","HCC12","Colon Cancer","C18.4","Colon Cancer","0.664","1.02","0.6773","2026-07-20","ENCOUNTER","VALIDATED","","2026","TRUE","0.91","fe71dc5d-15dd-5cac-9409-ca04606eaf04","2026-07-20","RISK_ADJ_PIPELINE","2026-09-15 10:31:41"
"ec744522-2f67-5004-a6b5-c77eda48accd","27238909-2d5a-53e4-a4ef-2d4c4b817315","384dc839-fc0a-54a8-8684-4830c3da9fe9","HCC111","COPD","J44.9","COPD","0.335","1.02","0.3417","2026-07-23","CLAIMS","ACTIVE","","2026","TRUE","1.74","fe71dc5d-15dd-5cac-9409-ca04606eaf04","2026-07-23","RISK_ADJ_PIPELINE","2026-09-15 10:31:41"
"c2fd4122-eb69-51b4-af95-901ff68a1566","27238909-2d5a-53e4-a4ef-2d4c4b817315","586767c1-f169-5535-a40f-949cc86a7e4b","HCC12","Breast Cancer","C50.411","Breast Cancer","0.664","1.02","0.6773","2026-08-20","CLAIMS","ACTIVE","","2026","TRUE","13.93","fe71dc5d-15dd-5cac-9409-ca04606eaf04","2026-08-20","RISK_ADJ_PIPELINE","2026-09-15 10:31:41"
"0035a655-e691-5c68-8da5-e128d51df6df","b4006b12-643b-5dda-a6bf-3a675a57b0b0","3889b36d-e5e6-576f-adce-ff0d068faa50","HCC96","Specified Heart Arrhythmias","I48.20","Specified Heart Arrhythmias","0.271","1.02","0.2764","2026-07-29","ENCOUNTER","ACTIVE","","2026","TRUE","4.15","fe71dc5d-15dd-5cac-9409-ca04606eaf04","2026-07-29","RISK_ADJ_PIPELINE","2026-09-15 10:31:41"
"0c31bc30-fa20-5fb6-b88b-ab724b417cf5","fc8dbb3d-34f0-5106-8b52-c32a0c26e729","e93e7055-e427-5cc9-ac50-bee08b214395","HCC58","Major Depressive/Bipolar Disorders","F31.30","Major Depressive/Bipolar Disorders","0.395","1.0","0.395","2026-09-08","CLAIMS","ACTIVE","","2026","TRUE","16.49","fe71dc5d-15dd-5cac-9409-ca04606eaf04","2026-09-08","RISK_ADJ_PIPELINE","2026-09-15 10:31:41"
"171fdbdb-0cae-50d1-9f46-35cc81a2b659","fc8dbb3d-34f0-5106-8b52-c32a0c26e729","b0f004ab-236d-5ba5-bfa7-4abd4bb8664a","HCC112","Fibrosis of Lung","J43.9","Fibrosis of Lung","0.199","1.0","0.199","2026-09-03","CHART_REVIEW","ACTIVE","CODER_REVIEW","2026","TRUE","11.32","fe71dc5d-15dd-5cac-9409-ca04606eaf04","2026-09-03","RISK_ADJ_PIPELINE","2026-09-15 10:31:41"
"67b01b68-0cbd-5082-b82d-b75b599b69b8","fc8dbb3d-34f0-5106-8b52-c32a0c26e729","e93e7055-e427-5cc9-ac50-bee08b214395","HCC168","Hip Fracture/Dislocation","M80.811A","Hip Fracture/Dislocation","0.489","1.0","0.489","2026-07-10","CLAIMS","ACTIVE","","2026","TRUE","16.49","fe71dc5d-15dd-5cac-9409-ca04606eaf04","2026-07-10","RISK_ADJ_PIPELINE","2026-09-15 10:31:41"
"efa9a314-1e6a-5704-8577-c5ec3ecfecbc","4be8bbe4-c2c0-5440-9799-c7d8932577f1","90e47d48-b2e7-58b9-a7bb-1ab75140e21b","HCC86","Acute Myocardial Infarction","I21.19","Acute Myocardial Infarction","0.365","1.0","0.365","2026-08-01","CLAIMS","ACTIVE","","2026","TRUE","15.42","fe71dc5d-15dd-5cac-9409-ca04606eaf04","2026-08-01","RISK_ADJ_PIPELINE","2026-09-15 10:31:41"
"56ec52d2-6851-5037-a261-60fb04125c78","bdf819f3-dc80-51c9-83ea-9d7ad6cf00cf","97bcbf21-0c45-578d-8f43-28e385455952","HCC18","Diabetes with Chronic Complications","E13.40","Diabetes with Chronic Complications","0.302","1.02","0.308","2026-09-09","CLAIMS","ACTIVE","","2026","FALSE","33.76","fe71dc5d-15dd-5cac-9409-ca04606eaf04","2026-09-09","RISK_ADJ_PIPELINE","2026-09-15 10:31:41"
"19202ac6-311b-5d3f-b006-51b3fd9bb880","cc8ad30c-fe59-5009-b6fd-9b0f19826a77","0fcb2a4b-f428-5004-a4bc-080beb9a5b63","HCC85","Congestive Heart Failure","I50.20","Congestive Heart Failure","0.331","1.02","0.3376","2026-07-15","ENCOUNTER","ACTIVE","","2026","TRUE","22.64","fe71dc5d-15dd-5cac-9409-ca04606eaf04","2026-07-15","RISK_ADJ_PIPELINE","2026-09-15 10:31:41"
"f6106417-82ee-58ed-ac9d-b6a1847d1ef1","cc8ad30c-fe59-5009-b6fd-9b0f19826a77","ea13bc33-bba6-51e8-bcd0-cdc93f40eb6a","HCC19","Diabetes without Complication","E11.21","Diabetes without Complication","0.118","1.02","0.1204","2026-08-09","CLAIMS","ACTIVE","","2026","TRUE","18.69","fe71dc5d-15dd-5cac-9409-ca04606eaf04","2026-08-09","RISK_ADJ_PIPELINE","2026-09-15 10:31:41"
"b65ad51e-c300-5c08-94d0-94da4486d98c","f46f0060-55ba-5fe3-94ce-7001ade60fb4","a6b32329-e8c1-5655-82cc-7d900074d415","HCC85","Congestive Heart Failure","I50.22","Congestive Heart Failure","0.331","1.02","0.3376","2026-09-14","CLAIMS","ACTIVE","","2026","TRUE","5.4","fe71dc5d-15dd-5cac-9409-ca04606eaf04","2026-09-14","RISK_ADJ_PIPELINE","2026-09-15 10:31:41"
"f15c9ba2-6850-5809-b716-881c430c6d8b","f46f0060-55ba-5fe3-94ce-7001ade60fb4","25bd96c8-8350-5e95-a292-7154b62e781c","HCC136","Chronic Kidney Disease Stage 4","N18.5","Chronic Kidney Disease Stage 4","0.237","1.02","0.2417","2026-08-22","CLAIMS","ACTIVE","","2026","TRUE","9.83","fe71dc5d-15dd-5cac-9409-ca04606eaf04","2026-08-22","RISK_ADJ_PIPELINE","2026-09-15 10:31:41"
"4004464b-d0be-5f13-889b-46efa4b79bd9","f46f0060-55ba-5fe3-94ce-7001ade60fb4","6015f78d-99bb-58a7-8bc4-3dc51f8b2ddb","HCC58","Major Depressive/Bipolar Disorders","F31.62","Major Depressive/Bipolar Disorders","0.395","1.02","0.4029","2026-07-23","ENCOUNTER","ACTIVE","","2026","TRUE","14.29","fe71dc5d-15dd-5cac-9409-ca04606eaf04","2026-07-23","RISK_ADJ_PIPELINE","2026-09-15 10:31:41"
"cf2a4e5d-a3fe-5d0d-8347-8d9212f571ad","6f9ed9ac-e3b2-5463-84ae-04c166b9e77d","3af71c2c-dd0a-52ed-aeea-f4c3e13a3d20","HCC168","Hip Fracture/Dislocation","M80.011A","Hip Fracture/Dislocation","0.489","1.0","0.489","2026-08-25","CHART_REVIEW","ACTIVE","CODER_REVIEW","2026","FALSE","37.34","fe71dc5d-15dd-5cac-9409-ca04606eaf04","2026-08-25","RISK_ADJ_PIPELINE","2026-09-15 10:31:41"
"ba6f2f76-dc2b-5d7d-80a1-82a3f3dfe895","e36b3549-499c-5b6a-9a12-854eefe88e75","05d6e659-bc66-5fc2-b455-1005907a2e06","HCC18","Diabetes with Chronic Complications","E13.65","Diabetes with Chronic Complications","0.302","1.0","0.302","2026-09-09","CLAIMS","ACTIVE","","2026","FALSE","64.42","fe71dc5d-15dd-5cac-9409-ca04606eaf04","2026-09-09","RISK_ADJ_PIPELINE","2026-09-15 10:31:41"
"14d11f95-0241-5873-954b-902a1b5e07d0","e36b3549-499c-5b6a-9a12-854eefe88e75","9a8bdbd1-ab35-53fb-a732-896ec2002bd3","HCC19","Diabetes without Complication","E11.21","Diabetes without Complication","0.118","1.0","0.118","2026-08-10","CLAIMS","ACTIVE","","2026","FALSE","35.48","fe71dc5d-15dd-5cac-9409-ca04606eaf04","2026-08-10","RISK_ADJ_PIPELINE","2026-09-15 10:31:41"
"d2c2467a-5352-56d5-9368-d767e1f4afba","e36b3549-499c-5b6a-9a12-854eefe88e75","1db818af-8828-5329-a8d4-b394bc19b9c7","HCC40","Rheumatoid Arthritis","M16.30","Rheumatoid Arthritis","0.421","1.0","0.421","2026-08-22","CLAIMS","ACTIVE","","2026","FALSE","75.59","fe71dc5d-15dd-5cac-9409-ca04606eaf04","2026-08-22","RISK_ADJ_PIPELINE","2026-09-15 10:31:41"
"5ae6bd06-a3ac-5393-b149-2a17a8578fbd","6240686f-0ad4-52f6-9861-a25753fd7078","e3eb24ba-f8ba-504d-a800-09b43a0ae64d","HCC111","COPD","J44.0","COPD","0.335","1.02","0.3417","2026-07-09","CLAIMS","ACTIVE","","2026","TRUE","1.0","fe71dc5d-15dd-5cac-9409-ca04606eaf04","2026-07-09","RISK_ADJ_PIPELINE","2026-09-15 10:31:41"
"ceff5eea-bc87-5067-a305-ba07fd57b3d7","f8f38675-ad28-5599-ae7b-b285ebae5467","1cc1b39c-7e0e-5fca-8a5f-f719156b3347","HCC9","Lung and Other Severe Cancers","C34.30","Lung and Other Severe Cancers","2.422","1.02","2.4704","2026-06-30","CLAIMS","ACTIVE","","2026","TRUE","8.3","fe71dc5d-15dd-5cac-9409-ca04606eaf04","2026-06-30","RISK_ADJ_PIPELINE","2026-09-15 10:31:41"
"207ced06-9d37-5621-a689-5cced683fc45","6439e907-3691-504d-8df4-08cc4aad37e2","02e1f4a0-9c3a-51bf-8c02-dcdf86c0d905","HCC96","Specified Heart Arrhythmias","I48.0","Specified Heart Arrhythmias","0.271","1.02","0.2764","2026-06-20","PROSPECTIVE","ACTIVE","","2026","TRUE","8.3","fe71dc5d-15dd-5cac-9409-ca04606eaf04","2026-06-20","RISK_ADJ_PIPELINE","2026-09-15 10:31:41"
"8b0614ae-8b5d-5cf2-a502-1fe3443efb7c","86dadb43-ec5d-55cf-9b35-302c60cafaf7","8955e088-ca0f-5657-a89c-2beebb596557","HCC9","Lung and Other Severe Cancers","C34.10","Lung and Other Severe Cancers","2.422","1.02","2.4704","2026-07-26","PROSPECTIVE","ACTIVE","","2026","TRUE","5.9","fe71dc5d-15dd-5cac-9409-ca04606eaf04","2026-07-26","RISK_ADJ_PIPELINE","2026-09-15 10:31:41"
"0975fe1d-e333-5b5d-af18-b0e9c7bbf117","86dadb43-ec5d-55cf-9b35-302c60cafaf7","8955e088-ca0f-5657-a89c-2beebb596557","HCC85","Congestive Heart Failure","I50.32","Congestive Heart Failure","0.331","1.02","0.3376","2026-08-26","ENCOUNTER","ACTIVE","","2026","TRUE","5.9","fe71dc5d-15dd-5cac-9409-ca04606eaf04","2026-08-26","RISK_ADJ_PIPELINE","2026-09-15 10:31:41"
"b85f8217-0ae8-5a4a-96ad-20787794ec88","1c54ac5b-d162-52fc-b33f-8b47b39d1ff4","13e8007c-0ed5-574a-8e8b-f1ebd1dd75fe","HCC19","Diabetes without Complication","E11.65","Diabetes without Complication","0.118","1.02","0.1204","2026-07-17","CHART_REVIEW","ACTIVE","CODER_REVIEW","2026","TRUE","14.85","fe71dc5d-15dd-5cac-9409-ca04606eaf04","2026-07-17","RISK_ADJ_PIPELINE","2026-09-15 10:31:41"
"339a3ab6-eefa-5ac5-9c3d-2426e75d81b0","2a3c507c-dba8-55d8-919a-97bdeda7b1c7","a63c4dbc-4e05-54fe-96cf-2493fddcf922","HCC17","Diabetes with Acute Complications","E10.65","Diabetes with Acute Complications","0.368","1.0","0.368","2026-07-20","CHART_REVIEW","ACTIVE","CODER_REVIEW","2026","TRUE","18.71","fe71dc5d-15dd-5cac-9409-ca04606eaf04","2026-07-20","RISK_ADJ_PIPELINE","2026-09-15 10:31:41"
"c6aef43e-ceae-59e6-b871-9d2a64df3c6a","2a3c507c-dba8-55d8-919a-97bdeda7b1c7","1c84a18a-d4a7-5df3-ab3a-9f3dc8ef485f","HCC96","Specified Heart Arrhythmias","I48.19","Specified Heart Arrhythmias","0.271","1.0","0.271","2026-08-20","CLAIMS","ACTIVE","","2026","TRUE","12.67","fe71dc5d-15dd-5cac-9409-ca04606eaf04","2026-08-20","RISK_ADJ_PIPELINE","2026-09-15 10:31:41"
"ba1214b9-6401-5d11-8f9a-2021c3ad9b95","2a3c507c-dba8-55d8-919a-97bdeda7b1c7","44026b52-fcba-5e7e-9990-39241461ca1b","HCC12","Breast Cancer","C50.019","Breast Cancer","0.664","1.0","0.664","2026-07-12","ENCOUNTER","ACTIVE","","2026","FALSE","68.55","fe71dc5d-15dd-5cac-9409-ca04606eaf04","2026-07-12","RISK_ADJ_PIPELINE","2026-09-15 10:31:41"
"052e5ddb-5d66-5082-a6b9-93833c053e78","2a3c507c-dba8-55d8-919a-97bdeda7b1c7","1c84a18a-d4a7-5df3-ab3a-9f3dc8ef485f","HCC40","Rheumatoid Arthritis","M16.0","Rheumatoid Arthritis","0.421","1.0","0.421","2026-07-31","CLAIMS","ACTIVE","","2026","TRUE","12.67","fe71dc5d-15dd-5cac-9409-ca04606eaf04","2026-07-31","RISK_ADJ_PIPELINE","2026-09-15 10:31:41"
"5bac37eb-2e40-5bad-8506-d56fb43a7661","b2a548df-5599-5d53-9aa2-b79976937a28","871a51ff-86de-5d8b-be2b-0a9005d08681","HCC19","Diabetes without Complication","E11.21","Diabetes without Complication","0.118","1.02","0.1204","2026-09-11","CLAIMS","VALIDATED","","2026","TRUE","21.0","fe71dc5d-15dd-5cac-9409-ca04606eaf04","2026-09-11","RISK_ADJ_PIPELINE","2026-09-15 10:31:41"
"5bdce1d7-7f43-568f-b3ac-5f00e2aef311","b2a548df-5599-5d53-9aa2-b79976937a28","871a51ff-86de-5d8b-be2b-0a9005d08681","HCC12","Breast Cancer","C50.211","Breast Cancer","0.664","1.02","0.6773","2026-09-10","PROSPECTIVE","ACTIVE","","2026","TRUE","21.0","fe71dc5d-15dd-5cac-9409-ca04606eaf04","2026-09-10","RISK_ADJ_PIPELINE","2026-09-15 10:31:41"
"92936a70-c3d9-5250-a749-759d217be285","b2a548df-5599-5d53-9aa2-b79976937a28","cdc484dc-f1ad-5343-9d98-6015fded2489","HCC85","Congestive Heart Failure","I50.42","Congestive Heart Failure","0.331","1.02","0.3376","2026-06-17","CLAIMS","ACTIVE","","2026","FALSE","45.73","fe71dc5d-15dd-5cac-9409-ca04606eaf04","2026-06-17","RISK_ADJ_PIPELINE","2026-09-15 10:31:41"
"2a386438-8875-5e21-b002-91f65887636a","8daf3252-980f-591c-ade1-e304ae538c4f","68b47c31-3d9c-5a98-b020-e9ff28c85f56","HCC96","Specified Heart Arrhythmias","I48.19","Specified Heart Arrhythmias","0.271","1.0","0.271","2026-07-11","ENCOUNTER","ACTIVE","","2026","TRUE","22.91","fe71dc5d-15dd-5cac-9409-ca04606eaf04","2026-07-11","RISK_ADJ_PIPELINE","2026-09-15 10:31:41"
"f2e01e5d-0524-5a81-ba6d-dc424e7758f8","8daf3252-980f-591c-ade1-e304ae538c4f","0c2fb940-5ca8-5bd5-8c1a-0773f09c3831","HCC58","Major Depressive/Bipolar Disorders","F31.30","Major Depressive/Bipolar Disorders","0.395","1.0","0.395","2026-07-26","CLAIMS","VALIDATED","","2026","TRUE","21.6","fe71dc5d-15dd-5cac-9409-ca04606eaf04","2026-07-26","RISK_ADJ_PIPELINE","2026-09-15 10:31:41"
"34b407fb-9230-5700-bf77-3ef40dab0d26","8daf3252-980f-591c-ade1-e304ae538c4f","791d2f04-adc4-5aac-ba38-e2e913cf3868","HCC135","Acute Renal Failure","N17.2","Acute Renal Failure","0.441","1.0","0.441","2026-09-06","CLAIMS","ACTIVE","","2026","FALSE","70.08","fe71dc5d-15dd-5cac-9409-ca04606eaf04","2026-09-06","RISK_ADJ_PIPELINE","2026-09-15 10:31:41"
"6d1f6f67-050f-5017-b44e-aa4d7458106f","29a0652a-6f7c-5b39-aaba-6037a5dcf080","6e474476-da49-5227-b791-99cb341b12b2","HCC17","Diabetes with Acute Complications","E10.10","Diabetes with Acute Complications","0.368","1.02","0.3754","2026-09-13","CLAIMS","ACTIVE","","2026","TRUE","17.79","fe71dc5d-15dd-5cac-9409-ca04606eaf04","2026-09-13","RISK_ADJ_PIPELINE","2026-09-15 10:31:41"
"7b6d6f59-9a9e-5ce9-bc4c-3f978489261c","29a0652a-6f7c-5b39-aaba-6037a5dcf080","cc75964d-d052-5b60-95f7-dc05969c3b2d","HCC135","Acute Renal Failure","N17.9","Acute Renal Failure","0.441","1.02","0.4498","2026-08-26","CLAIMS","ACTIVE","","2026","TRUE","17.47","fe71dc5d-15dd-5cac-9409-ca04606eaf04","2026-08-26","RISK_ADJ_PIPELINE","2026-09-15 10:31:41"
"bf320202-05de-5a47-83fe-54d3aa818c3a","29a0652a-6f7c-5b39-aaba-6037a5dcf080","cc75964d-d052-5b60-95f7-dc05969c3b2d","HCC58","Major Depressive/Bipolar Disorders","F31.9","Major Depressive/Bipolar Disorders","0.395","1.02","0.4029","2026-08-01","CLAIMS","ACTIVE","","2026","TRUE","17.47","fe71dc5d-15dd-5cac-9409-ca04606eaf04","2026-08-01","RISK_ADJ_PIPELINE","2026-09-15 10:31:41"
"b171a709-70f7-590c-b229-ae8df4f86afc","e316d472-e66e-51c6-bc3c-5602474db497","5c41611f-8b54-5d26-a501-ceb8c3aa8f16","HCC168","Hip Fracture/Dislocation","M80.019A","Hip Fracture/Dislocation","0.489","1.0","0.489","2026-08-18","CLAIMS","ACTIVE","","2026","TRUE","19.96","fe71dc5d-15dd-5cac-9409-ca04606eaf04","2026-08-18","RISK_ADJ_PIPELINE","2026-09-15 10:31:41"
"bbf2027a-bc0e-5e77-8aa2-d321c53bb772","e316d472-e66e-51c6-bc3c-5602474db497","6bed9d2a-5626-537c-8a79-e609bc9a8cd7","HCC12","Breast Cancer","C50.211","Breast Cancer","0.664","1.0","0.664","2026-07-30","ENCOUNTER","SUPERSEDED","","2026","TRUE","22.04","fe71dc5d-15dd-5cac-9409-ca04606eaf04","2026-07-30","RISK_ADJ_PIPELINE","2026-09-15 10:31:41"
"356730b3-ac45-56c9-ac7b-dc600820f599","26695a55-975c-537c-a8b7-43430ee8ef88","479e38b2-3ef3-5a77-afc6-3a30dfa289ea","HCC88","Angina Pectoris / Old MI","I25.110","Angina Pectoris / Old MI","0.241","1.02","0.2458","2026-09-13","CHART_REVIEW","ACTIVE","CODER_REVIEW","2026","TRUE","14.79","fe71dc5d-15dd-5cac-9409-ca04606eaf04","2026-09-13","RISK_ADJ_PIPELINE","2026-09-15 10:31:41"
"d0235feb-b54f-5471-934d-e199c4552938","26695a55-975c-537c-a8b7-43430ee8ef88","ee0324c7-65e1-5758-8e82-0e88e129de0f","HCC135","Acute Renal Failure","N17.0","Acute Renal Failure","0.441","1.02","0.4498","2026-08-30","CLAIMS","VALIDATED","","2026","TRUE","16.68","fe71dc5d-15dd-5cac-9409-ca04606eaf04","2026-08-30","RISK_ADJ_PIPELINE","2026-09-15 10:31:41"
"94ff2c77-8cf7-5a8f-a7fb-400e743adb3b","36129fb0-41bc-542d-8424-b4ba3e796ad7","0ad31ebb-3b1b-5029-863f-46e4063950fe","HCC17","Diabetes with Acute Complications","E10.40","Diabetes with Acute Complications","0.368","1.02","0.3754","2026-09-01","CLAIMS","ACTIVE","","2026","TRUE","19.8","fe71dc5d-15dd-5cac-9409-ca04606eaf04","2026-09-01","RISK_ADJ_PIPELINE","2026-09-15 10:31:41"
"adf9d8cd-b45c-5804-a6f6-9e965c7a7bdb","b2d39901-e11a-552f-839b-3aa374b09d51","33128f24-afb8-574c-a628-a3717290b3dc","HCC40","Rheumatoid Arthritis","M16.10","Rheumatoid Arthritis","0.421","1.0","0.421","2026-08-10","PROSPECTIVE","ACTIVE","","2026","TRUE","21.36","fe71dc5d-15dd-5cac-9409-ca04606eaf04","2026-08-10","RISK_ADJ_PIPELINE","2026-09-15 10:31:41"
"084e777f-33b5-5b5a-8625-fef89f8ce8c1","b6d44965-61dc-5ea3-b4b9-090e5943c693","06a2585c-7639-5d95-80b0-250fbbb1d011","HCC18","Diabetes with Chronic Complications","E13.40","Diabetes with Chronic Complications","0.302","1.0","0.302","2026-06-22","CLAIMS","ACTIVE","","2026","TRUE","13.8","fe71dc5d-15dd-5cac-9409-ca04606eaf04","2026-06-22","RISK_ADJ_PIPELINE","2026-09-15 10:31:41"
"28292bb5-f1a7-564c-bc5c-73c9e57e54c6","b9c31731-88d3-538f-a5a9-f89bd5a63394","5ce912b9-ef72-5ae9-a719-d487f9623b61","HCC57","Schizophrenia","F20.5","Schizophrenia","0.62","1.02","0.6324","2026-09-10","ENCOUNTER","ACTIVE","","2026","TRUE","6.88","fe71dc5d-15dd-5cac-9409-ca04606eaf04","2026-09-10","RISK_ADJ_PIPELINE","2026-09-15 10:31:41"
"db3ba01a-25a4-54fa-a98c-1c5dfad9ac94","b9c31731-88d3-538f-a5a9-f89bd5a63394","e0e390d9-2b7a-573b-8d6b-4a610141e698","HCC19","Diabetes without Complication","E11.00","Diabetes without Complication","0.118","1.02","0.1204","2026-08-05","CHART_REVIEW","ACTIVE","CODER_REVIEW","2026","TRUE","1.11","fe71dc5d-15dd-5cac-9409-ca04606eaf04","2026-08-05","RISK_ADJ_PIPELINE","2026-09-15 10:31:41"
"9b450b9d-5d76-548f-8f67-f84b33e5aa95","4561dca1-f657-521e-9183-f0c57a88e4c1","f997dfce-d495-5c30-956d-2cd3f709218b","HCC17","Diabetes with Acute Complications","E10.9","Diabetes with Acute Complications","0.368","1.0","0.368","2026-08-25","CLAIMS","ACTIVE","","2026","FALSE","68.92","fe71dc5d-15dd-5cac-9409-ca04606eaf04","2026-08-25","RISK_ADJ_PIPELINE","2026-09-15 10:31:41"
"4487610f-1c1d-5ec5-ae94-6259ebbfabb3","4561dca1-f657-521e-9183-f0c57a88e4c1","1fccca7a-920b-50b8-8023-e55fc2480a10","HCC88","Angina Pectoris / Old MI","I25.5","Angina Pectoris / Old MI","0.241","1.0","0.241","2026-07-15","ENCOUNTER","ACTIVE","","2026","TRUE","4.91","fe71dc5d-15dd-5cac-9409-ca04606eaf04","2026-07-15","RISK_ADJ_PIPELINE","2026-09-15 10:31:41"
"c6489f8f-b842-5b38-8ed6-f56e6c80fa26","4561dca1-f657-521e-9183-f0c57a88e4c1","26d6b59f-7f44-5fd7-b996-abd20223546a","HCC96","Specified Heart Arrhythmias","I48.0","Specified Heart Arrhythmias","0.271","1.0","0.271","2026-06-28","CHART_REVIEW","ACTIVE","CODER_REVIEW","2026","FALSE","93.51","fe71dc5d-15dd-5cac-9409-ca04606eaf04","2026-06-28","RISK_ADJ_PIPELINE","2026-09-15 10:31:41"
"87312857-eaed-54eb-893b-ddbf1ea8acbb","20d7a6e1-f2b0-564b-96f4-47d1ea59827a","29b6b469-b94d-5777-bd0f-0a8ae8ad9105","HCC57","Schizophrenia","F20.9","Schizophrenia","0.62","1.02","0.6324","2026-07-16","CHART_REVIEW","ACTIVE","CODER_REVIEW","2026","TRUE","16.4","fe71dc5d-15dd-5cac-9409-ca04606eaf04","2026-07-16","RISK_ADJ_PIPELINE","2026-09-15 10:31:41"
"d3b72dbd-14a5-53b4-bdf9-20389584c4fc","0d730868-98c7-5f41-9667-7d5928995762","2719ca45-3b48-5b67-a69b-1da763378547","HCC96","Specified Heart Arrhythmias","I48.11","Specified Heart Arrhythmias","0.271","1.0","0.271","2026-07-15","CLAIMS","VALIDATED","","2026","TRUE","17.55","fe71dc5d-15dd-5cac-9409-ca04606eaf04","2026-07-15","RISK_ADJ_PIPELINE","2026-09-15 10:31:41"
"803df15d-b023-526d-bc07-5dd68bc95e52","0d730868-98c7-5f41-9667-7d5928995762","6a6493ee-bcdb-5b95-8b0f-281467a8a03a","HCC86","Acute Myocardial Infarction","I21.19","Acute Myocardial Infarction","0.365","1.0","0.365","2026-07-04","CLAIMS","ACTIVE","","2026","TRUE","3.91","fe71dc5d-15dd-5cac-9409-ca04606eaf04","2026-07-04","RISK_ADJ_PIPELINE","2026-09-15 10:31:41"
"b408d4f6-0550-5ea0-8340-86321036fabd","0d730868-98c7-5f41-9667-7d5928995762","408e2816-1d38-54a3-96f9-85dc6dd76125","HCC18","Diabetes with Chronic Complications","E13.65","Diabetes with Chronic Complications","0.302","1.0","0.302","2026-06-25","PROSPECTIVE","ACTIVE","","2026","TRUE","10.17","fe71dc5d-15dd-5cac-9409-ca04606eaf04","2026-06-25","RISK_ADJ_PIPELINE","2026-09-15 10:31:41"
"c21d8287-05de-5ea2-9c5c-d23b39fa9869","0d730868-98c7-5f41-9667-7d5928995762","408e2816-1d38-54a3-96f9-85dc6dd76125","HCC40","Rheumatoid Arthritis","M16.10","Rheumatoid Arthritis","0.421","1.0","0.421","2026-09-01","PROSPECTIVE","ACTIVE","","2026","TRUE","10.17","fe71dc5d-15dd-5cac-9409-ca04606eaf04","2026-09-01","RISK_ADJ_PIPELINE","2026-09-15 10:31:41"
"286d5cd2-dd14-54f6-a9f4-dfada26a87f3","0cb76ea8-d5e3-59b5-a5b1-773163c6fc94","31cf94df-0ea6-5b4d-babc-78b742cd2b74","HCC12","Colon Cancer","C18.0","Colon Cancer","0.664","1.0","0.664","2026-07-01","CLAIMS","ACTIVE","","2026","FALSE","61.46","fe71dc5d-15dd-5cac-9409-ca04606eaf04","2026-07-01","RISK_ADJ_PIPELINE","2026-09-15 10:31:41"
"bb86d59a-804f-5504-b9fe-d01106d7959f","0cb76ea8-d5e3-59b5-a5b1-773163c6fc94","0e70d7aa-e979-5bbd-bcaf-08c899686cd0","HCC168","Hip Fracture/Dislocation","M80.811A","Hip Fracture/Dislocation","0.489","1.0","0.489","2026-08-28","CLAIMS","VALIDATED","","2026","TRUE","3.87","fe71dc5d-15dd-5cac-9409-ca04606eaf04","2026-08-28","RISK_ADJ_PIPELINE","2026-09-15 10:31:41"
"3589190e-d571-5241-b6e5-034db9a42392","35b32433-4b82-5e03-9366-76fa22a65963","eab02e7e-3db1-5f96-9de4-64346f112c46","HCC12","Breast Cancer","C50.019","Breast Cancer","0.664","1.0","0.664","2026-07-24","ENCOUNTER","VALIDATED","","2026","TRUE","18.8","fe71dc5d-15dd-5cac-9409-ca04606eaf04","2026-07-24","RISK_ADJ_PIPELINE","2026-09-15 10:31:41"
"8dff861c-ed15-5d3c-b2ff-7bb470065e81","35b32433-4b82-5e03-9366-76fa22a65963","75027125-d417-5afa-ae15-c577c93feba9","HCC96","Specified Heart Arrhythmias","I48.20","Specified Heart Arrhythmias","0.271","1.0","0.271","2026-09-09","CLAIMS","ACTIVE","","2026","FALSE","73.46","fe71dc5d-15dd-5cac-9409-ca04606eaf04","2026-09-09","RISK_ADJ_PIPELINE","2026-09-15 10:31:41"
"7bf456a8-a93c-5e23-aa7f-55c0f6027aa6","35b32433-4b82-5e03-9366-76fa22a65963","9db23711-e0ad-5960-918a-e25feb4729f7","HCC58","Major Depressive/Bipolar Disorders","F31.62","Major Depressive/Bipolar Disorders","0.395","1.0","0.395","2026-07-27","CLAIMS","ACTIVE","","2026","FALSE","69.63","fe71dc5d-15dd-5cac-9409-ca04606eaf04","2026-07-27","RISK_ADJ_PIPELINE","2026-09-15 10:31:41"
"4612ab9d-aec9-5f61-983f-afd706e2b15b","5eb96027-f279-5625-a4aa-f91e2dee0dd2","3424b207-0ef9-5250-b9e8-daeeb0837c0f","HCC9","Lung and Other Severe Cancers","C34.12","Lung and Other Severe Cancers","2.422","1.0","2.422","2026-07-15","CLAIMS","ACTIVE","","2026","TRUE","12.93","fe71dc5d-15dd-5cac-9409-ca04606eaf04","2026-07-15","RISK_ADJ_PIPELINE","2026-09-15 10:31:41"
"4abe020e-d754-5d1f-a27b-e69696c57636","5eb96027-f279-5625-a4aa-f91e2dee0dd2","473c512e-8d5b-57fe-8215-1a4c161773b5","HCC85","Congestive Heart Failure","I50.42","Congestive Heart Failure","0.331","1.0","0.331","2026-09-06","CHART_REVIEW","ACTIVE","CODER_REVIEW","2026","TRUE","1.76","fe71dc5d-15dd-5cac-9409-ca04606eaf04","2026-09-06","RISK_ADJ_PIPELINE","2026-09-15 10:31:41"
"dcb8606f-cb03-5f4f-87d6-12338ff547e6","4ae571b2-b1df-5bb5-ab73-b5a4186e9e85","bc952bf6-43b8-5f58-9d2d-189b435ce8bd","HCC136","Chronic Kidney Disease Stage 4","N18.4","Chronic Kidney Disease Stage 4","0.237","1.02","0.2417","2026-06-30","CLAIMS","ACTIVE","","2026","TRUE","17.34","fe71dc5d-15dd-5cac-9409-ca04606eaf04","2026-06-30","RISK_ADJ_PIPELINE","2026-09-15 10:31:41"
"4aa80ed5-cf68-5ecc-81b8-e077511bb86a","4ae571b2-b1df-5bb5-ab73-b5a4186e9e85","559a8c16-e15b-5d1a-a2f0-5f0ca5c52222","HCC17","Diabetes with Acute Complications","E10.65","Diabetes with Acute Complications","0.368","1.02","0.3754","2026-06-30","CHART_REVIEW","ACTIVE","CODER_REVIEW","2026","TRUE","6.69","fe71dc5d-15dd-5cac-9409-ca04606eaf04","2026-06-30","RISK_ADJ_PIPELINE","2026-09-15 10:31:41"
"f348c645-97cb-59d2-8a5f-b05f220c51d2","4ae571b2-b1df-5bb5-ab73-b5a4186e9e85","5e0a30a9-fb73-58f3-a9f6-9349a4602dbf","HCC85","Congestive Heart Failure","I50.20","Congestive Heart Failure","0.331","1.02","0.3376","2026-08-24","CLAIMS","ACTIVE","","2026","TRUE","1.88","fe71dc5d-15dd-5cac-9409-ca04606eaf04","2026-08-24","RISK_ADJ_PIPELINE","2026-09-15 10:31:41"
"101ec45b-7844-5f18-ab21-c446ca39bf2c","50f1c511-129c-5f4b-aea1-7d677f30c608","09ea2268-2180-5ce7-9991-d89c5eacf3b4","HCC9","Lung and Other Severe Cancers","C34.12","Lung and Other Severe Cancers","2.422","1.02","2.4704","2026-09-13","CLAIMS","ACTIVE","","2026","TRUE","8.63","fe71dc5d-15dd-5cac-9409-ca04606eaf04","2026-09-13","RISK_ADJ_PIPELINE","2026-09-15 10:31:41"
"5ebb463e-3cb1-58d3-aeea-2be6e2649b4e","9fbb4324-b341-5c07-b569-756c7189b559","d3a18e2c-32fd-54d5-912d-98ceba86f0d3","HCC19","Diabetes without Complication","E11.00","Diabetes without Complication","0.118","1.02","0.1204","2026-09-01","CLAIMS","ACTIVE","","2026","TRUE","19.51","fe71dc5d-15dd-5cac-9409-ca04606eaf04","2026-09-01","RISK_ADJ_PIPELINE","2026-09-15 10:31:41"
"dc7866f8-9709-5491-8199-e1eb73c15b94","7afd2b74-2a3e-5a4d-9aa1-b20965d32210","a0ff0e67-1166-5c3e-a086-99389861d63d","HCC12","Colon Cancer","C18.4","Colon Cancer","0.664","1.02","0.6773","2026-06-18","CLAIMS","ACTIVE","","2026","TRUE","21.04","fe71dc5d-15dd-5cac-9409-ca04606eaf04","2026-06-18","RISK_ADJ_PIPELINE","2026-09-15 10:31:41"
"7cbfe550-3c8f-5cb1-af72-f61c62d328f5","7afd2b74-2a3e-5a4d-9aa1-b20965d32210","6f29a206-6f92-5068-94a7-6b4e868662cb","HCC19","Diabetes without Complication","E11.9","Diabetes without Complication","0.118","1.02","0.1204","2026-07-21","CLAIMS","ACTIVE","","2026","TRUE","23.34","fe71dc5d-15dd-5cac-9409-ca04606eaf04","2026-07-21","RISK_ADJ_PIPELINE","2026-09-15 10:31:41"
"4b0075ff-dc7b-508d-b55c-44aadf7dcad8","7afd2b74-2a3e-5a4d-9aa1-b20965d32210","6f29a206-6f92-5068-94a7-6b4e868662cb","HCC88","Angina Pectoris / Old MI","I25.2","Angina Pectoris / Old MI","0.241","1.02","0.2458","2026-06-18","CHART_REVIEW","ACTIVE","CODER_REVIEW","2026","TRUE","23.34","fe71dc5d-15dd-5cac-9409-ca04606eaf04","2026-06-18","RISK_ADJ_PIPELINE","2026-09-15 10:31:41"
"5c660743-7e0d-58c7-aa89-010239fa7c4c","26ef6702-b578-52df-84f6-79414d8481f8","2af56914-1959-5ade-befe-21e5e92298f8","HCC17","Diabetes with Acute Complications","E10.9","Diabetes with Acute Complications","0.368","1.02","0.3754","2026-06-27","PROSPECTIVE","ACTIVE","","2026","TRUE","7.33","fe71dc5d-15dd-5cac-9409-ca04606eaf04","2026-06-27","RISK_ADJ_PIPELINE","2026-09-15 10:31:41"
"ea615e36-8d12-522d-9c9c-9f56ef053347","4012b74a-a09b-5199-b300-1b8422df8204","8fe30081-7a22-5486-bc03-62afb887f401","HCC112","Fibrosis of Lung","J43.0","Fibrosis of Lung","0.199","1.02","0.203","2026-07-20","CHART_REVIEW","ACTIVE","CODER_REVIEW","2026","TRUE","1.41","fe71dc5d-15dd-5cac-9409-ca04606eaf04","2026-07-20","RISK_ADJ_PIPELINE","2026-09-15 10:31:41"
"0930b58a-a9dd-58ec-9020-a99c5d4e7a87","4012b74a-a09b-5199-b300-1b8422df8204","57bc16ca-3419-572e-8782-15def597057a","HCC136","Chronic Kidney Disease Stage 4","N18.4","Chronic Kidney Disease Stage 4","0.237","1.02","0.2417","2026-08-20","CLAIMS","ACTIVE","","2026","TRUE","11.69","fe71dc5d-15dd-5cac-9409-ca04606eaf04","2026-08-20","RISK_ADJ_PIPELINE","2026-09-15 10:31:41"
"f0712765-3501-55dc-a47f-48ec5455b911","aac4fede-17ba-5604-8512-dd92fa9f2133","09d0727c-fe7d-5473-b4a5-9323ebc3fe05","HCC111","COPD","J44.9","COPD","0.335","1.0","0.335","2026-08-20","CLAIMS","ACTIVE","","2026","TRUE","8.24","fe71dc5d-15dd-5cac-9409-ca04606eaf04","2026-08-20","RISK_ADJ_PIPELINE","2026-09-15 10:31:41"
"75e4199f-1ff3-5461-a30b-2f5695c0d4d0","aac4fede-17ba-5604-8512-dd92fa9f2133","cabda731-f0dc-5bbc-ada1-ac49f45d8b0a","HCC85","Congestive Heart Failure","I50.22","Congestive Heart Failure","0.331","1.0","0.331","2026-07-19","CLAIMS","ACTIVE","","2026","FALSE","29.67","fe71dc5d-15dd-5cac-9409-ca04606eaf04","2026-07-19","RISK_ADJ_PIPELINE","2026-09-15 10:31:41"
"7bfba62b-46a6-581c-885a-7eecd4d187f2","fe760f02-c0b7-56c4-a698-b8a1de767e74","7b344931-eaed-568a-bf41-d402c8cc9480","HCC112","Fibrosis of Lung","J43.1","Fibrosis of Lung","0.199","1.0","0.199","2026-08-14","CLAIMS","ACTIVE","","2026","TRUE","6.39","fe71dc5d-15dd-5cac-9409-ca04606eaf04","2026-08-14","RISK_ADJ_PIPELINE","2026-09-15 10:31:41"
"b8a287d3-584e-5e2c-83c0-80587dedfca8","fe760f02-c0b7-56c4-a698-b8a1de767e74","cea184d6-1364-531c-8061-12441235a83e","HCC86","Acute Myocardial Infarction","I21.19","Acute Myocardial Infarction","0.365","1.0","0.365","2026-08-27","CHART_REVIEW","VALIDATED","CODER_REVIEW","2026","TRUE","14.84","fe71dc5d-15dd-5cac-9409-ca04606eaf04","2026-08-27","RISK_ADJ_PIPELINE","2026-09-15 10:31:41"
"dc3d6527-c124-55c5-b94e-7792ca475e3a","fe760f02-c0b7-56c4-a698-b8a1de767e74","4c99e53f-1854-512c-850a-7e29252e9dea","HCC18","Diabetes with Chronic Complications","E13.10","Diabetes with Chronic Complications","0.302","1.0","0.302","2026-07-20","CLAIMS","ACTIVE","","2026","TRUE","8.55","fe71dc5d-15dd-5cac-9409-ca04606eaf04","2026-07-20","RISK_ADJ_PIPELINE","2026-09-15 10:31:41"
"6dce525b-916e-5464-a4b7-e8644856fbc7","fe760f02-c0b7-56c4-a698-b8a1de767e74","91e7a744-5b94-5eda-902a-ef26a521d5fd","HCC17","Diabetes with Acute Complications","E10.40","Diabetes with Acute Complications","0.368","1.0","0.368","2026-08-02","PROSPECTIVE","ACTIVE","","2026","TRUE","18.19","fe71dc5d-15dd-5cac-9409-ca04606eaf04","2026-08-02","RISK_ADJ_PIPELINE","2026-09-15 10:31:41"
"cec045b9-ab83-5273-a0e6-31fe0f873342","7420e7c3-5dfb-51eb-b6ef-6541210766f9","3e826465-d762-52eb-8ef6-ce1f8cb2e870","HCC111","COPD","J44.9","COPD","0.335","1.02","0.3417","2026-08-18","CLAIMS","ACTIVE","","2026","FALSE","73.74","fe71dc5d-15dd-5cac-9409-ca04606eaf04","2026-08-18","RISK_ADJ_PIPELINE","2026-09-15 10:31:41"
"35fb79cd-b5c4-5bc8-97ee-d9c0dea401e3","7420e7c3-5dfb-51eb-b6ef-6541210766f9","8420a27f-0392-5b09-a7bd-0975cdf138e9","HCC88","Angina Pectoris / Old MI","I25.5","Angina Pectoris / Old MI","0.241","1.02","0.2458","2026-09-13","CLAIMS","ACTIVE","","2026","TRUE","4.73","fe71dc5d-15dd-5cac-9409-ca04606eaf04","2026-09-13","RISK_ADJ_PIPELINE","2026-09-15 10:31:41"
"3a90eba5-91c7-54c8-84a6-63dc1c688019","360e2818-252f-53c0-b1e2-e2ddf483e83d","600431d7-9c20-595b-a84c-56fe3f2a3788","HCC58","Major Depressive/Bipolar Disorders","F31.10","Major Depressive/Bipolar Disorders","0.395","1.0","0.395","2026-08-03","ENCOUNTER","ACTIVE","","2026","TRUE","2.4","fe71dc5d-15dd-5cac-9409-ca04606eaf04","2026-08-03","RISK_ADJ_PIPELINE","2026-09-15 10:31:41"
"b3b8f1a7-2201-53d3-9677-4ab27ab999c5","360e2818-252f-53c0-b1e2-e2ddf483e83d","e198c02e-12fb-5130-8011-41fd49795381","HCC168","Hip Fracture/Dislocation","M80.811A","Hip Fracture/Dislocation","0.489","1.0","0.489","2026-07-22","CLAIMS","ACTIVE","","2026","TRUE","14.44","fe71dc5d-15dd-5cac-9409-ca04606eaf04","2026-07-22","RISK_ADJ_PIPELINE","2026-09-15 10:31:41"
"8f972815-2bde-53e7-8737-3aaebb28a837","37c56bc4-b1f9-55a1-aa17-17f7976f453e","a27b7f45-8266-5daa-9e40-2d21156ab676","HCC58","Major Depressive/Bipolar Disorders","F31.62","Major Depressive/Bipolar Disorders","0.395","1.0","0.395","2026-09-03","CLAIMS","ACTIVE","","2026","TRUE","22.78","fe71dc5d-15dd-5cac-9409-ca04606eaf04","2026-09-03","RISK_ADJ_PIPELINE","2026-09-15 10:31:41"
"0970b332-746d-57da-9025-b4c30a6e0257","37c56bc4-b1f9-55a1-aa17-17f7976f453e","4990f049-5100-5688-80c3-12df39b6f659","HCC18","Diabetes with Chronic Complications","E13.65","Diabetes with Chronic Complications","0.302","1.0","0.302","2026-08-06","CLAIMS","ACTIVE","","2026","TRUE","3.09","fe71dc5d-15dd-5cac-9409-ca04606eaf04","2026-08-06","RISK_ADJ_PIPELINE","2026-09-15 10:31:41"
"62d5880b-973f-5a22-babc-c872250a2c69","37c56bc4-b1f9-55a1-aa17-17f7976f453e","a27b7f45-8266-5daa-9e40-2d21156ab676","HCC17","Diabetes with Acute Complications","E10.40","Diabetes with Acute Complications","0.368","1.0","0.368","2026-07-12","CLAIMS","ACTIVE","","2026","TRUE","22.78","fe71dc5d-15dd-5cac-9409-ca04606eaf04","2026-07-12","RISK_ADJ_PIPELINE","2026-09-15 10:31:41"
"28c555fe-20dd-50a9-bba1-8d0e11460934","1b9b4c42-db87-5628-8f5b-9d3c6451d37a","ef869cf4-d7bf-5521-beef-5b10ba24c44b","HCC57","Schizophrenia","F20.9","Schizophrenia","0.62","1.02","0.6324","2026-07-30","CLAIMS","ACTIVE","","2026","TRUE","3.97","fe71dc5d-15dd-5cac-9409-ca04606eaf04","2026-07-30","RISK_ADJ_PIPELINE","2026-09-15 10:31:41"
"6d2b6636-f488-5c2c-acf2-f31799c1460b","9a5b085e-a8dc-5227-9b97-aa46d195864e","ae3480c0-fc4f-5f8e-a3eb-d8b6184a5981","HCC112","Fibrosis of Lung","J43.1","Fibrosis of Lung","0.199","1.02","0.203","2026-09-11","ENCOUNTER","VALIDATED","","2026","TRUE","13.09","fe71dc5d-15dd-5cac-9409-ca04606eaf04","2026-09-11","RISK_ADJ_PIPELINE","2026-09-15 10:31:41"
"903ac5db-3302-5770-a9a4-a0f5dbbd15f3","6add84e8-fd4d-5a2b-9646-4dd55c13c3d0","498d63ef-e142-51df-a9fb-f4c56f913f80","HCC111","COPD","J44.9","COPD","0.335","1.02","0.3417","2026-07-02","ENCOUNTER","VALIDATED","","2026","TRUE","1.2","fe71dc5d-15dd-5cac-9409-ca04606eaf04","2026-07-02","RISK_ADJ_PIPELINE","2026-09-15 10:31:41"
"1bc6b43f-a4bf-57d4-8325-264d829e6b33","6add84e8-fd4d-5a2b-9646-4dd55c13c3d0","512b3729-b17a-50da-b283-ec38f96568fa","HCC40","Rheumatoid Arthritis","M16.30","Rheumatoid Arthritis","0.421","1.02","0.4294","2026-07-02","CLAIMS","ACTIVE","","2026","TRUE","17.7","fe71dc5d-15dd-5cac-9409-ca04606eaf04","2026-07-02","RISK_ADJ_PIPELINE","2026-09-15 10:31:41"
"7a868b3d-c9ac-592d-a96f-ec06a2051059","70fc8d35-efaf-5fd4-aa60-e3a53868bd34","75657822-d2d2-5e9b-9b0d-d5806a90464d","HCC86","Acute Myocardial Infarction","I21.3","Acute Myocardial Infarction","0.365","1.02","0.3723","2026-07-05","CHART_REVIEW","VALIDATED","CODER_REVIEW","2026","TRUE","13.41","fe71dc5d-15dd-5cac-9409-ca04606eaf04","2026-07-05","RISK_ADJ_PIPELINE","2026-09-15 10:31:41"
"d34cb547-7d17-515f-b548-3750961013ab","70fc8d35-efaf-5fd4-aa60-e3a53868bd34","e667f647-f8af-54ba-8d70-715e69d89da9","HCC112","Fibrosis of Lung","J43.9","Fibrosis of Lung","0.199","1.02","0.203","2026-07-06","CLAIMS","ACTIVE","","2026","TRUE","7.14","fe71dc5d-15dd-5cac-9409-ca04606eaf04","2026-07-06","RISK_ADJ_PIPELINE","2026-09-15 10:31:41"
"5a5bf9a8-f3c3-5198-a61b-664016226aaf","70fc8d35-efaf-5fd4-aa60-e3a53868bd34","d854a0db-3b0c-55ac-9c46-3adfb7ca4ed4","HCC135","Acute Renal Failure","N17.2","Acute Renal Failure","0.441","1.02","0.4498","2026-08-28","CLAIMS","ACTIVE","","2026","TRUE","12.58","fe71dc5d-15dd-5cac-9409-ca04606eaf04","2026-08-28","RISK_ADJ_PIPELINE","2026-09-15 10:31:41"
"30cf28ac-7cd6-5d34-9dd2-c3135073d6f6","f94c63fe-a36c-5fd5-908c-f845b34773f0","8147aaf0-6ca3-5658-b5a5-53f14b487073","HCC88","Angina Pectoris / Old MI","I25.2","Angina Pectoris / Old MI","0.241","1.0","0.241","2026-06-19","CLAIMS","ACTIVE","","2026","TRUE","12.93","fe71dc5d-15dd-5cac-9409-ca04606eaf04","2026-06-19","RISK_ADJ_PIPELINE","2026-09-15 10:31:41"
"60c83403-2315-59be-9c7f-19d2e1f59fde","f94c63fe-a36c-5fd5-908c-f845b34773f0","79959e39-c5a8-55f6-91c6-9a53ba218449","HCC12","Colon Cancer","C18.4","Colon Cancer","0.664","1.0","0.664","2026-08-21","CLAIMS","ACTIVE","","2026","TRUE","0.86","fe71dc5d-15dd-5cac-9409-ca04606eaf04","2026-08-21","RISK_ADJ_PIPELINE","2026-09-15 10:31:41"
"0b046036-8a08-55c7-9e94-e9b4b3aa0899","15216f6d-ce36-53a1-85cb-9b8e5abe5791","18e5081b-a939-5021-b5f3-55c1e9473e5c","HCC17","Diabetes with Acute Complications","E10.40","Diabetes with Acute Complications","0.368","1.0","0.368","2026-08-11","CLAIMS","ACTIVE","","2026","FALSE","24.84","fe71dc5d-15dd-5cac-9409-ca04606eaf04","2026-08-11","RISK_ADJ_PIPELINE","2026-09-15 10:31:41"
"f8a523ca-8002-5694-85d8-64a954b0460f","e976b6e6-e369-5585-ac5c-b6ea6832f467","544bede9-961c-5be0-a811-27402d1c8c29","HCC40","Rheumatoid Arthritis","M16.0","Rheumatoid Arthritis","0.421","1.0","0.421","2026-09-03","CLAIMS","ACTIVE","","2026","TRUE","20.68","fe71dc5d-15dd-5cac-9409-ca04606eaf04","2026-09-03","RISK_ADJ_PIPELINE","2026-09-15 10:31:41"
"c52e2ce6-299a-54d8-be34-cda58a94100e","22cd0748-2534-5f51-b012-f519421f30ca","55b23d12-144d-52ba-96df-90ef17595a9b","HCC111","COPD","J44.1","COPD","0.335","1.0","0.335","2026-08-04","CLAIMS","ACTIVE","","2026","TRUE","1.98","fe71dc5d-15dd-5cac-9409-ca04606eaf04","2026-08-04","RISK_ADJ_PIPELINE","2026-09-15 10:31:41"
"14dc8a1f-e4b3-584b-8504-4cce885a632b","22cd0748-2534-5f51-b012-f519421f30ca","13355f38-b00c-58bc-9e94-f10da6cbd566","HCC12","Colon Cancer","C18.4","Colon Cancer","0.664","1.0","0.664","2026-08-25","CLAIMS","ACTIVE","","2026","TRUE","17.35","fe71dc5d-15dd-5cac-9409-ca04606eaf04","2026-08-25","RISK_ADJ_PIPELINE","2026-09-15 10:31:41"
"8a867973-168c-5a1c-9ab7-39cbb2382bde","d1d39754-2d50-584c-b3d7-0a1aba9ede8f","ab557139-3c31-5660-908f-73737f1afe50","HCC58","Major Depressive/Bipolar Disorders","F31.9","Major Depressive/Bipolar Disorders","0.395","1.02","0.4029","2026-08-19","PROSPECTIVE","SUPERSEDED","","2026","FALSE","55.92","fe71dc5d-15dd-5cac-9409-ca04606eaf04","2026-08-19","RISK_ADJ_PIPELINE","2026-09-15 10:31:41"
"07b59b4f-0823-575b-9025-59c42048de39","86667886-7c08-5ae4-b585-9d975e0d14f5","8811e6ac-af25-5e59-87c1-a0502362c9f3","HCC12","Breast Cancer","C50.011","Breast Cancer","0.664","1.02","0.6773","2026-08-20","CLAIMS","ACTIVE","","2026","TRUE","12.85","fe71dc5d-15dd-5cac-9409-ca04606eaf04","2026-08-20","RISK_ADJ_PIPELINE","2026-09-15 10:31:41"
"2c78c0a5-1f9e-5b86-b6ee-f4a5ee34e00d","86667886-7c08-5ae4-b585-9d975e0d14f5","5e2a472b-f89c-5766-b819-44c5986f8e8d","HCC136","Chronic Kidney Disease Stage 4","N18.6","Chronic Kidney Disease Stage 4","0.237","1.02","0.2417","2026-09-05","ENCOUNTER","ACTIVE","","2026","FALSE","85.05","fe71dc5d-15dd-5cac-9409-ca04606eaf04","2026-09-05","RISK_ADJ_PIPELINE","2026-09-15 10:31:41"
"732daa3f-e7d1-59ae-96f6-7996d40ac1a1","02a84b7a-ed12-5f8a-88b8-fee053fd6685","48e4dd60-5bec-5710-87ce-3d355224c265","HCC168","Hip Fracture/Dislocation","M80.011A","Hip Fracture/Dislocation","0.489","1.0","0.489","2026-06-22","ENCOUNTER","ACTIVE","","2026","TRUE","3.89","fe71dc5d-15dd-5cac-9409-ca04606eaf04","2026-06-22","RISK_ADJ_PIPELINE","2026-09-15 10:31:41"
"99b80444-738d-5383-aa84-1f242c8b4d8f","6b23a49a-ee4d-57a1-b09b-dabe2db87ebe","d473057a-bca8-515e-9dac-fe71884f7e3c","HCC19","Diabetes without Complication","E11.40","Diabetes without Complication","0.118","1.0","0.118","2026-08-03","CLAIMS","ACTIVE","","2026","TRUE","2.95","fe71dc5d-15dd-5cac-9409-ca04606eaf04","2026-08-03","RISK_ADJ_PIPELINE","2026-09-15 10:31:41"
"0b528cf8-d7c7-5c9b-aabe-444ebaf216a7","6b23a49a-ee4d-57a1-b09b-dabe2db87ebe","8612e0af-1b86-58f9-bf8f-b366f2262b50","HCC168","Hip Fracture/Dislocation","M80.011A","Hip Fracture/Dislocation","0.489","1.0","0.489","2026-09-10","CLAIMS","ACTIVE","","2026","TRUE","1.79","fe71dc5d-15dd-5cac-9409-ca04606eaf04","2026-09-10","RISK_ADJ_PIPELINE","2026-09-15 10:31:41"
"a716ad60-068f-55cc-8a94-d824b929da9e","6b23a49a-ee4d-57a1-b09b-dabe2db87ebe","294d7b7c-6c44-5451-8e6d-8d6c973c71de","HCC86","Acute Myocardial Infarction","I21.29","Acute Myocardial Infarction","0.365","1.0","0.365","2026-08-09","CLAIMS","ACTIVE","","2026","TRUE","14.08","fe71dc5d-15dd-5cac-9409-ca04606eaf04","2026-08-09","RISK_ADJ_PIPELINE","2026-09-15 10:31:41"
"240aac48-c753-52d3-8e20-f5c3b3fdeb02","b201d118-0909-59f4-af23-a4a0e3faacee","c91f967a-c559-5807-bc22-69a84f81231d","HCC88","Angina Pectoris / Old MI","I25.10","Angina Pectoris / Old MI","0.241","1.02","0.2458","2026-07-28","CHART_REVIEW","ACTIVE","CODER_REVIEW","2026","TRUE","4.84","fe71dc5d-15dd-5cac-9409-ca04606eaf04","2026-07-28","RISK_ADJ_PIPELINE","2026-09-15 10:31:41"
"7dfe6d78-7dae-5993-86dd-1c42ddbf2238","b201d118-0909-59f4-af23-a4a0e3faacee","bec22ddf-4f73-5f00-91d1-7d8a0a7b8139","HCC111","COPD","J44.9","COPD","0.335","1.02","0.3417","2026-06-19","CLAIMS","ACTIVE","","2026","TRUE","5.18","fe71dc5d-15dd-5cac-9409-ca04606eaf04","2026-06-19","RISK_ADJ_PIPELINE","2026-09-15 10:31:41"
"13a0b2f9-93c6-57e9-ae4d-053ae9dd4a31","b201d118-0909-59f4-af23-a4a0e3faacee","9ef08fd1-27dd-51e7-9dd2-08f29dc87e2a","HCC40","Rheumatoid Arthritis","M16.30","Rheumatoid Arthritis","0.421","1.02","0.4294","2026-06-22","CLAIMS","VALIDATED","","2026","TRUE","17.98","fe71dc5d-15dd-5cac-9409-ca04606eaf04","2026-06-22","RISK_ADJ_PIPELINE","2026-09-15 10:31:41"
"dc299b01-f56b-565e-8da9-3427e6d471c6","b201d118-0909-59f4-af23-a4a0e3faacee","415bee79-6d31-5420-ab55-2b10861070c9","HCC86","Acute Myocardial Infarction","I21.09","Acute Myocardial Infarction","0.365","1.02","0.3723","2026-07-09","ENCOUNTER","VALIDATED","","2026","TRUE","10.36","fe71dc5d-15dd-5cac-9409-ca04606eaf04","2026-07-09","RISK_ADJ_PIPELINE","2026-09-15 10:31:41"
"04c4e283-e09f-5788-ae64-39dd2201b111","1bb4f038-9773-5081-9860-f5fd99b6ea3b","a05d6551-b5bc-55bc-995a-0d885fff5170","HCC96","Specified Heart Arrhythmias","I48.11","Specified Heart Arrhythmias","0.271","1.0","0.271","2026-07-29","CHART_REVIEW","VALIDATED","CODER_REVIEW","2026","TRUE","16.51","fe71dc5d-15dd-5cac-9409-ca04606eaf04","2026-07-29","RISK_ADJ_PIPELINE","2026-09-15 10:31:41"
"7bd19706-9b0f-529b-bce1-50bcf025c30a","1bb4f038-9773-5081-9860-f5fd99b6ea3b","ba699ab6-c7f6-53f6-a2f5-80bc1a6ae2ef","HCC40","Rheumatoid Arthritis","M16.0","Rheumatoid Arthritis","0.421","1.0","0.421","2026-09-11","CLAIMS","ACTIVE","","2026","TRUE","22.66","fe71dc5d-15dd-5cac-9409-ca04606eaf04","2026-09-11","RISK_ADJ_PIPELINE","2026-09-15 10:31:41"
"0b397e41-00ab-5789-bcea-3250bcb5e62d","79ece8ca-7a66-5112-ab9e-f909d641f979","df224962-3cb1-5410-b8af-60266f7b414d","HCC57","Schizophrenia","F20.0","Schizophrenia","0.62","1.0","0.62","2026-08-23","CLAIMS","ACTIVE","","2026","FALSE","33.03","fe71dc5d-15dd-5cac-9409-ca04606eaf04","2026-08-23","RISK_ADJ_PIPELINE","2026-09-15 10:31:41"
"91f05afa-4c46-5af5-b8ba-176f8fbd6e6b","2d5fcc6d-2077-5c5e-99ae-51b8375cc0ba","33e3cc2c-d46d-5565-b06e-959303a032a6","HCC17","Diabetes with Acute Complications","E10.9","Diabetes with Acute Complications","0.368","1.0","0.368","2026-07-23","CHART_REVIEW","ACTIVE","CODER_REVIEW","2026","TRUE","11.08","fe71dc5d-15dd-5cac-9409-ca04606eaf04","2026-07-23","RISK_ADJ_PIPELINE","2026-09-15 10:31:41"
"287a7824-1496-5b26-8d50-32db1f73f199","2d5fcc6d-2077-5c5e-99ae-51b8375cc0ba","18e016f1-f250-544d-95e7-a3595ae4189d","HCC85","Congestive Heart Failure","I50.32","Congestive Heart Failure","0.331","1.0","0.331","2026-09-06","CLAIMS","SUPERSEDED","","2026","TRUE","22.26","fe71dc5d-15dd-5cac-9409-ca04606eaf04","2026-09-06","RISK_ADJ_PIPELINE","2026-09-15 10:31:41"
"beae68ec-ab6f-5ad2-be9f-3d9eed14c2ee","656b8f88-6eb7-547b-b766-676e43baff4b","af674a5a-075b-5c1a-9bff-4349deee19ee","HCC58","Major Depressive/Bipolar Disorders","F31.10","Major Depressive/Bipolar Disorders","0.395","1.02","0.4029","2026-08-30","CLAIMS","VALIDATED","","2026","TRUE","5.31","fe71dc5d-15dd-5cac-9409-ca04606eaf04","2026-08-30","RISK_ADJ_PIPELINE","2026-09-15 10:31:41"
"a8497a64-3076-510d-9622-953e11acbca9","42240d01-87f5-5680-bc56-97ee2af36816","f439fc00-93d5-54c7-893b-bd55e611353f","HCC40","Rheumatoid Arthritis","M16.10","Rheumatoid Arthritis","0.421","1.02","0.4294","2026-06-18","PROSPECTIVE","ACTIVE","","2026","FALSE","69.22","fe71dc5d-15dd-5cac-9409-ca04606eaf04","2026-06-18","RISK_ADJ_PIPELINE","2026-09-15 10:31:41"
"248f82fc-1ab6-57e9-9a58-66b27cdfe29f","aa13a7df-87dc-50ce-9697-4dc204525374","c2aaa8d1-aa8e-5fc5-bdcb-94186a48640c","HCC88","Angina Pectoris / Old MI","I25.2","Angina Pectoris / Old MI","0.241","1.0","0.241","2026-07-09","CLAIMS","SUPERSEDED","","2026","TRUE","18.85","fe71dc5d-15dd-5cac-9409-ca04606eaf04","2026-07-09","RISK_ADJ_PIPELINE","2026-09-15 10:31:41"
"52c2666d-6b61-5e3e-9217-fb9d4ef168bc","eaa30ec7-8215-52db-9ee4-c8439c2f91a9","a4e5fb21-7607-5155-932d-9fc5dbec14ab","HCC85","Congestive Heart Failure","I50.42","Congestive Heart Failure","0.331","1.0","0.331","2026-07-28","PROSPECTIVE","ACTIVE","","2026","TRUE","19.14","fe71dc5d-15dd-5cac-9409-ca04606eaf04","2026-07-28","RISK_ADJ_PIPELINE","2026-09-15 10:31:41"
"caea3227-2841-50be-8370-c60f36aeec7a","b8e0b467-bffe-5ce7-bf9c-3ced202b6276","9723f8be-c2c7-5ca2-a9e7-db2a42a3d6e4","HCC86","Acute Myocardial Infarction","I21.29","Acute Myocardial Infarction","0.365","1.0","0.365","2026-07-04","CLAIMS","SUPERSEDED","","2026","TRUE","3.03","fe71dc5d-15dd-5cac-9409-ca04606eaf04","2026-07-04","RISK_ADJ_PIPELINE","2026-09-15 10:31:41"
"78fed3f8-4cf4-59ec-8ed0-1abb209c29f1","8300245f-4a3e-50a5-b475-50b4c2cc7bf7","b8929ab0-1f59-512e-b61e-e5f66622ed31","HCC17","Diabetes with Acute Complications","E10.9","Diabetes with Acute Complications","0.368","1.02","0.3754","2026-08-31","CLAIMS","ACTIVE","","2026","TRUE","9.69","fe71dc5d-15dd-5cac-9409-ca04606eaf04","2026-08-31","RISK_ADJ_PIPELINE","2026-09-15 10:31:41"
"a42ad050-3502-5fef-aeea-1037ae0d3beb","8300245f-4a3e-50a5-b475-50b4c2cc7bf7","7dc6f35a-8f4f-5dbc-9e9a-fe3b31bf7e41","HCC112","Fibrosis of Lung","J43.0","Fibrosis of Lung","0.199","1.02","0.203","2026-08-15","PROSPECTIVE","ACTIVE","","2026","TRUE","13.28","fe71dc5d-15dd-5cac-9409-ca04606eaf04","2026-08-15","RISK_ADJ_PIPELINE","2026-09-15 10:31:41"
"a38670e6-943d-5668-8db0-7c23a606b04b","8300245f-4a3e-50a5-b475-50b4c2cc7bf7","8ac87993-a92e-5a15-8854-bb46082eab31","HCC135","Acute Renal Failure","N17.2","Acute Renal Failure","0.441","1.02","0.4498","2026-07-22","CLAIMS","SUPERSEDED","","2026","TRUE","11.66","fe71dc5d-15dd-5cac-9409-ca04606eaf04","2026-07-22","RISK_ADJ_PIPELINE","2026-09-15 10:31:41"
"be13d88b-404c-5189-8a9f-6385e89489d3","e41a32c6-cce0-551f-9c4b-291cd542e559","c7d9d99b-d3ee-5d6a-8100-c14f202c35a3","HCC58","Major Depressive/Bipolar Disorders","F31.9","Major Depressive/Bipolar Disorders","0.395","1.0","0.395","2026-09-11","CLAIMS","ACTIVE","","2026","TRUE","9.74","fe71dc5d-15dd-5cac-9409-ca04606eaf04","2026-09-11","RISK_ADJ_PIPELINE","2026-09-15 10:31:41"
"265919ce-7a17-541b-8867-e3258dfa15ac","e41a32c6-cce0-551f-9c4b-291cd542e559","60c50ff1-8995-53b1-bf09-2433f41855bf","HCC18","Diabetes with Chronic Complications","E13.65","Diabetes with Chronic Complications","0.302","1.0","0.302","2026-09-10","CLAIMS","VALIDATED","","2026","TRUE","10.46","fe71dc5d-15dd-5cac-9409-ca04606eaf04","2026-09-10","RISK_ADJ_PIPELINE","2026-09-15 10:31:41"
"1103edce-cf6c-5abd-9114-c3929b5ea537","e41a32c6-cce0-551f-9c4b-291cd542e559","43dfe0f4-2d6c-51b5-888d-7a86b67b7aa7","HCC85","Congestive Heart Failure","I50.20","Congestive Heart Failure","0.331","1.0","0.331","2026-09-13","CLAIMS","ACTIVE","","2026","TRUE","15.86","fe71dc5d-15dd-5cac-9409-ca04606eaf04","2026-09-13","RISK_ADJ_PIPELINE","2026-09-15 10:31:41"
"8a2cb0a8-7b3a-5fef-a595-df65053d4b49","cf6c062d-9bef-5493-aaac-da1208e74d2f","1c9d8ada-c36f-52e2-92e0-3a48927d991f","HCC9","Lung and Other Severe Cancers","C34.30","Lung and Other Severe Cancers","2.422","1.02","2.4704","2026-06-25","CHART_REVIEW","ACTIVE","CODER_REVIEW","2026","TRUE","12.49","fe71dc5d-15dd-5cac-9409-ca04606eaf04","2026-06-25","RISK_ADJ_PIPELINE","2026-09-15 10:31:41"
"23ba7734-2c90-54f9-8b78-afc2ea5a7c01","92308702-08a8-5198-9a57-04019acb83ff","6cad8488-8d45-5c4b-bc62-daad98b2cf56","HCC135","Acute Renal Failure","N17.0","Acute Renal Failure","0.441","1.02","0.4498","2026-08-29","CLAIMS","ACTIVE","","2026","TRUE","19.13","fe71dc5d-15dd-5cac-9409-ca04606eaf04","2026-08-29","RISK_ADJ_PIPELINE","2026-09-15 10:31:41"
"6387a971-6b77-5596-bb6d-30608b4f0361","92308702-08a8-5198-9a57-04019acb83ff","2c7e8ba7-3ac7-5b58-93b7-ee1f9a40efb4","HCC111","COPD","J44.0","COPD","0.335","1.02","0.3417","2026-08-25","ENCOUNTER","ACTIVE","","2026","TRUE","17.99","fe71dc5d-15dd-5cac-9409-ca04606eaf04","2026-08-25","RISK_ADJ_PIPELINE","2026-09-15 10:31:41"
"03d0d8c4-466f-5227-86f2-9380a6648a80","2eac4af5-c5a6-557e-be79-72f5b474d13b","4f8a83eb-3194-52e1-9e2a-0945983a7c95","HCC57","Schizophrenia","F20.1","Schizophrenia","0.62","1.02","0.6324","2026-07-17","CLAIMS","VALIDATED","","2026","TRUE","9.55","fe71dc5d-15dd-5cac-9409-ca04606eaf04","2026-07-17","RISK_ADJ_PIPELINE","2026-09-15 10:31:41"
"5e182f58-79da-58a1-a1d7-9d8368f321fb","2eac4af5-c5a6-557e-be79-72f5b474d13b","cd3af52e-c048-52d3-9bfb-3e07f30785fe","HCC19","Diabetes without Complication","E11.00","Diabetes without Complication","0.118","1.02","0.1204","2026-08-04","CLAIMS","ACTIVE","","2026","TRUE","8.71","fe71dc5d-15dd-5cac-9409-ca04606eaf04","2026-08-04","RISK_ADJ_PIPELINE","2026-09-15 10:31:41"
"ef6a5f65-5813-5c8c-9f63-ea5622617a00","926a327c-2144-55ee-a263-4bc750e8e95f","042dae04-5d1e-51fc-9d3c-dac786167616","HCC12","Colon Cancer","C18.2","Colon Cancer","0.664","1.02","0.6773","2026-08-09","CHART_REVIEW","ACTIVE","CODER_REVIEW","2026","TRUE","22.65","fe71dc5d-15dd-5cac-9409-ca04606eaf04","2026-08-09","RISK_ADJ_PIPELINE","2026-09-15 10:31:41"
"02caf21f-a91d-5336-b57a-96c14ffb9d56","926a327c-2144-55ee-a263-4bc750e8e95f","da764d58-c717-5862-845b-5840569cead8","HCC136","Chronic Kidney Disease Stage 4","N18.5","Chronic Kidney Disease Stage 4","0.237","1.02","0.2417","2026-08-01","CLAIMS","ACTIVE","","2026","TRUE","8.32","fe71dc5d-15dd-5cac-9409-ca04606eaf04","2026-08-01","RISK_ADJ_PIPELINE","2026-09-15 10:31:41"
"10cf1f98-6c26-50a7-a141-50653c3dbca5","b03ee333-5b06-5198-9001-1ee3411ef3d2","b4e78bd0-59c5-5150-b9de-8b0d83d7d15b","HCC135","Acute Renal Failure","N17.2","Acute Renal Failure","0.441","1.02","0.4498","2026-08-11","PROSPECTIVE","ACTIVE","","2026","TRUE","6.07","fe71dc5d-15dd-5cac-9409-ca04606eaf04","2026-08-11","RISK_ADJ_PIPELINE","2026-09-15 10:31:41"
"560b9b44-78a6-5b3d-86fc-995bbaaccf38","0f6a0cf9-a12c-56ff-8064-9948e527b26a","a749ea2d-9cce-5f89-816e-15763013f2b8","HCC168","Hip Fracture/Dislocation","M80.011A","Hip Fracture/Dislocation","0.489","1.02","0.4988","2026-08-31","CLAIMS","ACTIVE","","2026","FALSE","94.6","fe71dc5d-15dd-5cac-9409-ca04606eaf04","2026-08-31","RISK_ADJ_PIPELINE","2026-09-15 10:31:41"
"ccd70069-a044-558d-974f-8b7afe534cd4","0f6a0cf9-a12c-56ff-8064-9948e527b26a","12f93480-7509-54f8-8521-ca75fb8745c7","HCC86","Acute Myocardial Infarction","I21.09","Acute Myocardial Infarction","0.365","1.02","0.3723","2026-08-18","CLAIMS","VALIDATED","","2026","TRUE","6.87","fe71dc5d-15dd-5cac-9409-ca04606eaf04","2026-08-18","RISK_ADJ_PIPELINE","2026-09-15 10:31:41"
"a3bd8ec8-b61f-57be-a698-5eaaab1d6215","0f6a0cf9-a12c-56ff-8064-9948e527b26a","0a1da643-28ef-56bb-8f07-415c3a0b5aeb","HCC12","Colon Cancer","C18.0","Colon Cancer","0.664","1.02","0.6773","2026-08-17","CLAIMS","VALIDATED","","2026","FALSE","42.13","fe71dc5d-15dd-5cac-9409-ca04606eaf04","2026-08-17","RISK_ADJ_PIPELINE","2026-09-15 10:31:41"
"1d552013-dc8b-5e73-aa49-e07022c293e1","e49f15d5-a035-50cf-b557-3e5448eacec5","3219129c-b0af-5ca6-9d30-f3180781df00","HCC12","Breast Cancer","C50.011","Breast Cancer","0.664","1.0","0.664","2026-09-07","CLAIMS","ACTIVE","","2026","TRUE","2.27","fe71dc5d-15dd-5cac-9409-ca04606eaf04","2026-09-07","RISK_ADJ_PIPELINE","2026-09-15 10:31:41"
"98e6a40e-6ead-50c7-a16a-c4c4e5b7261d","e49f15d5-a035-50cf-b557-3e5448eacec5","dbfae031-57e1-5185-b621-f9f52fd1fc70","HCC18","Diabetes with Chronic Complications","E13.10","Diabetes with Chronic Complications","0.302","1.0","0.302","2026-08-15","CLAIMS","ACTIVE","","2026","TRUE","16.93","fe71dc5d-15dd-5cac-9409-ca04606eaf04","2026-08-15","RISK_ADJ_PIPELINE","2026-09-15 10:31:41"
"45028fb6-6a89-5262-a03b-1d360f0e56ad","ab986358-4056-5c22-8774-c4c1a6118461","f2508f51-a285-5da4-8dbe-5b5c6664951d","HCC40","Rheumatoid Arthritis","M16.10","Rheumatoid Arthritis","0.421","1.0","0.421","2026-09-03","ENCOUNTER","SUPERSEDED","","2026","TRUE","13.55","fe71dc5d-15dd-5cac-9409-ca04606eaf04","2026-09-03","RISK_ADJ_PIPELINE","2026-09-15 10:31:41"
"92c1d509-8161-5c4b-9d10-317fa6f64925","07028a4e-3ea0-5c5a-9a28-f5368e77977d","5e66ea4e-c3e0-5310-9197-fb043e67ad56","HCC111","COPD","J44.9","COPD","0.335","1.0","0.335","2026-07-13","ENCOUNTER","VALIDATED","","2026","TRUE","17.94","fe71dc5d-15dd-5cac-9409-ca04606eaf04","2026-07-13","RISK_ADJ_PIPELINE","2026-09-15 10:31:41"
"1cb30b3d-f525-5e82-9db8-a66c202c1134","07028a4e-3ea0-5c5a-9a28-f5368e77977d","93d9747d-f798-5504-b87e-e89f06c7fa8f","HCC40","Rheumatoid Arthritis","M16.0","Rheumatoid Arthritis","0.421","1.0","0.421","2026-09-01","CLAIMS","ACTIVE","","2026","TRUE","4.52","fe71dc5d-15dd-5cac-9409-ca04606eaf04","2026-09-01","RISK_ADJ_PIPELINE","2026-09-15 10:31:41"
"85d9418f-694b-5289-9bc1-8ca83733d234","bf20967e-0b01-5ffa-9be5-d4c0db083a1c","5fd580a9-1b53-57f8-b4f0-3646cf7b806b","HCC12","Colon Cancer","C18.0","Colon Cancer","0.664","1.0","0.664","2026-06-24","CLAIMS","ACTIVE","","2026","TRUE","3.28","fe71dc5d-15dd-5cac-9409-ca04606eaf04","2026-06-24","RISK_ADJ_PIPELINE","2026-09-15 10:31:41"
"59a34560-8ae8-59b1-90bd-ad5cfd9d5fd5","1e7c2bcf-fffc-50e2-84c9-8ee13ad5757c","abc50379-1439-52a4-9216-4335ea152022","HCC40","Rheumatoid Arthritis","M16.30","Rheumatoid Arthritis","0.421","1.02","0.4294","2026-07-20","CLAIMS","ACTIVE","","2026","TRUE","4.91","fe71dc5d-15dd-5cac-9409-ca04606eaf04","2026-07-20","RISK_ADJ_PIPELINE","2026-09-15 10:31:41"
"f888258d-5f53-5d15-8322-26b0e3b21216","5f548c82-2d57-5cab-9e5f-958705fed456","237c4d0c-22ce-583e-80a5-9f5c2b301b4f","HCC12","Breast Cancer","C50.011","Breast Cancer","0.664","1.0","0.664","2026-08-21","CLAIMS","VALIDATED","","2026","TRUE","18.15","fe71dc5d-15dd-5cac-9409-ca04606eaf04","2026-08-21","RISK_ADJ_PIPELINE","2026-09-15 10:31:41"
"9af73444-43a7-52c3-a82e-b4571c33d0ea","f2bcb780-09b1-5f24-b267-062f1407d35e","802a8403-011f-529e-bcc7-8bb09f0d469a","HCC12","Colon Cancer","C18.2","Colon Cancer","0.664","1.02","0.6773","2026-08-28","CLAIMS","ACTIVE","","2026","TRUE","13.16","fe71dc5d-15dd-5cac-9409-ca04606eaf04","2026-08-28","RISK_ADJ_PIPELINE","2026-09-15 10:31:41"
"32888c04-2763-5c39-a651-29738ad610cc","f2bcb780-09b1-5f24-b267-062f1407d35e","843347f5-fb2c-5ae7-8f30-16daa3b98ba4","HCC112","Fibrosis of Lung","J43.9","Fibrosis of Lung","0.199","1.02","0.203","2026-08-26","CLAIMS","ACTIVE","","2026","TRUE","3.41","fe71dc5d-15dd-5cac-9409-ca04606eaf04","2026-08-26","RISK_ADJ_PIPELINE","2026-09-15 10:31:41"
"368390a8-615b-56fc-a39e-e7d35c2a19ab","f2bcb780-09b1-5f24-b267-062f1407d35e","bb166e8f-568f-59ea-b6fc-ba89a739c440","HCC85","Congestive Heart Failure","I50.20","Congestive Heart Failure","0.331","1.02","0.3376","2026-09-14","CLAIMS","ACTIVE","","2026","TRUE","0.86","fe71dc5d-15dd-5cac-9409-ca04606eaf04","2026-09-14","RISK_ADJ_PIPELINE","2026-09-15 10:31:41"
"ee195470-3f7c-5653-8810-fa4ff0e3f32d","ba7af555-2b9c-57b8-b462-5753a6409b64","3ce53f57-c4bd-5b99-811f-4c83fc5836f5","HCC85","Congestive Heart Failure","I50.32","Congestive Heart Failure","0.331","1.0","0.331","2026-08-18","CLAIMS","ACTIVE","","2026","TRUE","23.11","fe71dc5d-15dd-5cac-9409-ca04606eaf04","2026-08-18","RISK_ADJ_PIPELINE","2026-09-15 10:31:41"
"dfa32a2c-17ca-577f-84eb-8ee54568b4be","ba7af555-2b9c-57b8-b462-5753a6409b64","d464b1ea-80fb-5e40-99db-b7548bcf568b","HCC112","Fibrosis of Lung","J43.9","Fibrosis of Lung","0.199","1.0","0.199","2026-08-10","CLAIMS","ACTIVE","","2026","TRUE","14.14","fe71dc5d-15dd-5cac-9409-ca04606eaf04","2026-08-10","RISK_ADJ_PIPELINE","2026-09-15 10:31:41"
"a970d94e-0968-5e07-abc0-c891be7b5609","07d628fe-83a2-56d4-a0dd-098b7e813d43","7bdb99fb-ee0f-5561-8fbf-b882646b54ce","HCC136","Chronic Kidney Disease Stage 4","N18.5","Chronic Kidney Disease Stage 4","0.237","1.0","0.237","2026-09-08","CLAIMS","ACTIVE","","2026","TRUE","12.22","fe71dc5d-15dd-5cac-9409-ca04606eaf04","2026-09-08","RISK_ADJ_PIPELINE","2026-09-15 10:31:41"
"7c71707a-0be3-53f7-8f75-ad223eb8f841","07d628fe-83a2-56d4-a0dd-098b7e813d43","7bdb99fb-ee0f-5561-8fbf-b882646b54ce","HCC88","Angina Pectoris / Old MI","I25.2","Angina Pectoris / Old MI","0.241","1.0","0.241","2026-07-31","CLAIMS","ACTIVE","","2026","TRUE","12.22","fe71dc5d-15dd-5cac-9409-ca04606eaf04","2026-07-31","RISK_ADJ_PIPELINE","2026-09-15 10:31:41"
"3ab0f504-20ef-56a4-9d0c-2b6c3f9e13cd","07d628fe-83a2-56d4-a0dd-098b7e813d43","90b3a5ac-a8ba-505c-adc6-84f0f380fc0d","HCC57","Schizophrenia","F20.1","Schizophrenia","0.62","1.0","0.62","2026-09-06","CHART_REVIEW","ACTIVE","CODER_REVIEW","2026","TRUE","5.14","fe71dc5d-15dd-5cac-9409-ca04606eaf04","2026-09-06","RISK_ADJ_PIPELINE","2026-09-15 10:31:41"
"52ffce3a-e894-599c-9fe6-92dd1b7ad8f4","07d628fe-83a2-56d4-a0dd-098b7e813d43","1e828df3-7ab0-5a0a-806c-bc28e089c270","HCC168","Hip Fracture/Dislocation","M80.019A","Hip Fracture/Dislocation","0.489","1.0","0.489","2026-07-14","PROSPECTIVE","SUPERSEDED","","2026","TRUE","11.03","fe71dc5d-15dd-5cac-9409-ca04606eaf04","2026-07-14","RISK_ADJ_PIPELINE","2026-09-15 10:31:41"
"5820893e-09b3-5881-ad69-726ce9a7291a","ffc96338-7da4-57ea-a134-6855a0cdf152","84e5b0f9-37bd-5352-851b-ec1ea3de6bcb","HCC85","Congestive Heart Failure","I50.42","Congestive Heart Failure","0.331","1.02","0.3376","2026-08-16","ENCOUNTER","ACTIVE","","2026","TRUE","21.72","fe71dc5d-15dd-5cac-9409-ca04606eaf04","2026-08-16","RISK_ADJ_PIPELINE","2026-09-15 10:31:41"
"bb36f29f-f9d9-5bd4-b0df-83a222128c65","ffc96338-7da4-57ea-a134-6855a0cdf152","b75490fe-30c6-54c5-b402-6343d0030af8","HCC18","Diabetes with Chronic Complications","E13.65","Diabetes with Chronic Complications","0.302","1.02","0.308","2026-07-10","CLAIMS","SUPERSEDED","","2026","TRUE","1.08","fe71dc5d-15dd-5cac-9409-ca04606eaf04","2026-07-10","RISK_ADJ_PIPELINE","2026-09-15 10:31:41"
"0a90039a-f546-538c-a26e-7a14f6507713","d48ac5ac-bd0b-5ed0-b47e-536f1778ba25","ecf3d26f-08da-5514-8433-61f7ab9967fe","HCC85","Congestive Heart Failure","I50.32","Congestive Heart Failure","0.331","1.0","0.331","2026-08-22","CLAIMS","ACTIVE","","2026","TRUE","11.51","fe71dc5d-15dd-5cac-9409-ca04606eaf04","2026-08-22","RISK_ADJ_PIPELINE","2026-09-15 10:31:41"
"3b57311b-b85b-5c6e-88fe-73b765791c34","285c5e88-202c-5819-8e3a-9fe628b52d7d","9ec70b42-8239-567f-aa9d-fc3d59af1549","HCC112","Fibrosis of Lung","J43.1","Fibrosis of Lung","0.199","1.02","0.203","2026-09-11","CHART_REVIEW","ACTIVE","CODER_REVIEW","2026","TRUE","10.02","fe71dc5d-15dd-5cac-9409-ca04606eaf04","2026-09-11","RISK_ADJ_PIPELINE","2026-09-15 10:31:41"
"d108c11c-db2d-5eca-9b14-99dd35feb204","285c5e88-202c-5819-8e3a-9fe628b52d7d","ebccfae4-00a2-53d7-b7f3-65623c076b8a","HCC12","Colon Cancer","C18.0","Colon Cancer","0.664","1.02","0.6773","2026-07-30","ENCOUNTER","ACTIVE","","2026","TRUE","7.67","fe71dc5d-15dd-5cac-9409-ca04606eaf04","2026-07-30","RISK_ADJ_PIPELINE","2026-09-15 10:31:41"
"488fac63-e44d-538c-9c91-bcac1f89c7ae","0c14065a-c65e-5e91-8f4b-fc16fdc947af","4423f524-cc86-53ee-9b1e-ff1d8bfe303d","HCC86","Acute Myocardial Infarction","I21.29","Acute Myocardial Infarction","0.365","1.02","0.3723","2026-09-07","CLAIMS","VALIDATED","","2026","TRUE","20.97","fe71dc5d-15dd-5cac-9409-ca04606eaf04","2026-09-07","RISK_ADJ_PIPELINE","2026-09-15 10:31:41"
"96ba9ab0-4546-5705-8925-26b696c1df5d","0c14065a-c65e-5e91-8f4b-fc16fdc947af","735cc91f-7ae3-526b-9fec-01a6c6b5f7d1","HCC18","Diabetes with Chronic Complications","E13.10","Diabetes with Chronic Complications","0.302","1.02","0.308","2026-08-08","CLAIMS","ACTIVE","","2026","TRUE","17.68","fe71dc5d-15dd-5cac-9409-ca04606eaf04","2026-08-08","RISK_ADJ_PIPELINE","2026-09-15 10:31:41"
"21a592b5-7e91-521f-93c7-f1796e34f045","ada9c7ae-de76-5975-8048-cfd8b93aff41","53783272-fd65-5bb3-ae95-823ef537cc3a","HCC135","Acute Renal Failure","N17.9","Acute Renal Failure","0.441","1.0","0.441","2026-06-19","CHART_REVIEW","ACTIVE","CODER_REVIEW","2026","TRUE","10.76","fe71dc5d-15dd-5cac-9409-ca04606eaf04","2026-06-19","RISK_ADJ_PIPELINE","2026-09-15 10:31:41"
"d576754d-7b99-56e5-bb0b-e9c643a365b2","18db5d41-d198-5fb6-b3c2-056165a7bb02","1e11f986-65d9-5d92-8dcf-0e7c2cefa95c","HCC12","Breast Cancer","C50.011","Breast Cancer","0.664","1.02","0.6773","2026-07-24","ENCOUNTER","ACTIVE","","2026","TRUE","10.71","fe71dc5d-15dd-5cac-9409-ca04606eaf04","2026-07-24","RISK_ADJ_PIPELINE","2026-09-15 10:31:41"
"b40bdab1-8a70-50f5-b043-4c7f6e06f022","18db5d41-d198-5fb6-b3c2-056165a7bb02","b944ee85-2021-55f8-9353-8f05f88d6f37","HCC135","Acute Renal Failure","N17.2","Acute Renal Failure","0.441","1.02","0.4498","2026-08-07","ENCOUNTER","ACTIVE","","2026","FALSE","69.64","fe71dc5d-15dd-5cac-9409-ca04606eaf04","2026-08-07","RISK_ADJ_PIPELINE","2026-09-15 10:31:41"
"66407ace-f1ce-53b0-8d2c-8785f40e56cd","18db5d41-d198-5fb6-b3c2-056165a7bb02","9150310f-9f7a-5bab-9505-63f767e00433","HCC86","Acute Myocardial Infarction","I21.19","Acute Myocardial Infarction","0.365","1.02","0.3723","2026-08-14","CLAIMS","ACTIVE","","2026","TRUE","0.91","fe71dc5d-15dd-5cac-9409-ca04606eaf04","2026-08-14","RISK_ADJ_PIPELINE","2026-09-15 10:31:41"
"d8bd259e-9495-5748-9ed6-30dee15e4c3b","4dd923bb-cf47-5e77-b40c-6ed3bc9fbf1e","1aae5d15-7c5c-5fe2-ba85-2733d47561d1","HCC86","Acute Myocardial Infarction","I21.19","Acute Myocardial Infarction","0.365","1.0","0.365","2026-08-12","CHART_REVIEW","VALIDATED","CODER_REVIEW","2026","TRUE","4.12","fe71dc5d-15dd-5cac-9409-ca04606eaf04","2026-08-12","RISK_ADJ_PIPELINE","2026-09-15 10:31:41"
"2a791ae0-33d7-5a39-8a7b-5439e0e16b9f","4dd923bb-cf47-5e77-b40c-6ed3bc9fbf1e","fe579dd5-1132-5a7d-9998-15b825072852","HCC88","Angina Pectoris / Old MI","I25.110","Angina Pectoris / Old MI","0.241","1.0","0.241","2026-06-28","CLAIMS","ACTIVE","","2026","FALSE","58.46","fe71dc5d-15dd-5cac-9409-ca04606eaf04","2026-06-28","RISK_ADJ_PIPELINE","2026-09-15 10:31:41"
"97649e2a-c613-50ea-aa9e-acf76f89140d","5f0bd972-5f8b-56be-a284-ba1088b2ac12","bf372df6-d91f-5660-97b8-b74f8d614b06","HCC19","Diabetes without Complication","E11.00","Diabetes without Complication","0.118","1.0","0.118","2026-09-02","PROSPECTIVE","ACTIVE","","2026","TRUE","21.27","fe71dc5d-15dd-5cac-9409-ca04606eaf04","2026-09-02","RISK_ADJ_PIPELINE","2026-09-15 10:31:41"
"fb9b7996-7ca4-5d79-968c-0e46799b167f","16d28c51-5c35-5297-a3ad-7d4f4ff9f9f9","80d4530d-209b-5d5f-b42f-54ce1d1bf3e4","HCC85","Congestive Heart Failure","I50.42","Congestive Heart Failure","0.331","1.02","0.3376","2026-09-08","CLAIMS","ACTIVE","","2026","TRUE","4.89","fe71dc5d-15dd-5cac-9409-ca04606eaf04","2026-09-08","RISK_ADJ_PIPELINE","2026-09-15 10:31:41"
"6ce1c060-31ca-5e6b-b75e-458d9a33dc8d","16d28c51-5c35-5297-a3ad-7d4f4ff9f9f9","ccec6d74-e489-5165-9d1b-955ec364090b","HCC86","Acute Myocardial Infarction","I21.29","Acute Myocardial Infarction","0.365","1.02","0.3723","2026-06-17","CLAIMS","ACTIVE","","2026","TRUE","14.48","fe71dc5d-15dd-5cac-9409-ca04606eaf04","2026-06-17","RISK_ADJ_PIPELINE","2026-09-15 10:31:41"
"a507f04a-b118-53ea-b82f-198ce3a26ec4","16d28c51-5c35-5297-a3ad-7d4f4ff9f9f9","ccec6d74-e489-5165-9d1b-955ec364090b","HCC88","Angina Pectoris / Old MI","I25.5","Angina Pectoris / Old MI","0.241","1.02","0.2458","2026-08-01","CLAIMS","ACTIVE","","2026","TRUE","14.48","fe71dc5d-15dd-5cac-9409-ca04606eaf04","2026-08-01","RISK_ADJ_PIPELINE","2026-09-15 10:31:41"
"9d6ce40c-f2dd-5a75-8c12-1b905f763af1","e6ff7b4e-8e3c-50e8-9f86-063f9e331275","6cba2bd0-f41a-51eb-b70f-63cec0c7ee2e","HCC96","Specified Heart Arrhythmias","I48.19","Specified Heart Arrhythmias","0.271","1.0","0.271","2026-08-30","CHART_REVIEW","ACTIVE","CODER_REVIEW","2026","TRUE","10.67","fe71dc5d-15dd-5cac-9409-ca04606eaf04","2026-08-30","RISK_ADJ_PIPELINE","2026-09-15 10:31:41"
"bbc8bf09-f610-5245-8200-570893b9d20d","47532974-3c0e-5bbc-8c34-c09b46dc13aa","f78b0495-6565-5578-a21d-46281d31db69","HCC136","Chronic Kidney Disease Stage 4","N18.5","Chronic Kidney Disease Stage 4","0.237","1.02","0.2417","2026-08-17","CLAIMS","ACTIVE","","2026","TRUE","5.43","fe71dc5d-15dd-5cac-9409-ca04606eaf04","2026-08-17","RISK_ADJ_PIPELINE","2026-09-15 10:31:41"
"4a018ed2-c826-5e15-a65a-1882d7cf9696","e0a3d52a-b5ab-57b4-b496-f3f005191d98","57cb5805-4164-5401-9925-e656dede5571","HCC86","Acute Myocardial Infarction","I21.09","Acute Myocardial Infarction","0.365","1.02","0.3723","2026-07-28","CLAIMS","ACTIVE","","2026","TRUE","17.78","fe71dc5d-15dd-5cac-9409-ca04606eaf04","2026-07-28","RISK_ADJ_PIPELINE","2026-09-15 10:31:41"
"4ec231bc-108a-5083-a3c2-5b6ed4a8825e","e0a3d52a-b5ab-57b4-b496-f3f005191d98","c377893d-2145-514e-ad3a-0faaf3e97646","HCC40","Rheumatoid Arthritis","M16.10","Rheumatoid Arthritis","0.421","1.02","0.4294","2026-09-01","ENCOUNTER","ACTIVE","","2026","TRUE","21.89","fe71dc5d-15dd-5cac-9409-ca04606eaf04","2026-09-01","RISK_ADJ_PIPELINE","2026-09-15 10:31:41"
"17d4c58f-64d1-5075-b95b-609a2f0bfb56","e0a3d52a-b5ab-57b4-b496-f3f005191d98","5b9284db-86f5-526e-97ab-6ffb9d15e139","HCC12","Colon Cancer","C18.7","Colon Cancer","0.664","1.02","0.6773","2026-08-26","CHART_REVIEW","ACTIVE","CODER_REVIEW","2026","TRUE","15.01","fe71dc5d-15dd-5cac-9409-ca04606eaf04","2026-08-26","RISK_ADJ_PIPELINE","2026-09-15 10:31:41"
"c4682232-388c-50cf-a4c9-6cf34fdacd79","b5569d66-4a40-5754-bb39-e1cdd4d90bf8","4091f914-80db-5e62-a816-410044bc9c7d","HCC86","Acute Myocardial Infarction","I21.09","Acute Myocardial Infarction","0.365","1.02","0.3723","2026-07-06","ENCOUNTER","ACTIVE","","2026","TRUE","17.73","fe71dc5d-15dd-5cac-9409-ca04606eaf04","2026-07-06","RISK_ADJ_PIPELINE","2026-09-15 10:31:41"
"11b8b97b-ed46-56b8-832a-05338bb074fa","30cb8fc8-5d85-561c-bc61-4975fd95b61a","a9ab934b-c513-5627-9808-35bfd690f418","HCC40","Rheumatoid Arthritis","M16.0","Rheumatoid Arthritis","0.421","1.02","0.4294","2026-06-23","CLAIMS","ACTIVE","","2026","TRUE","1.27","fe71dc5d-15dd-5cac-9409-ca04606eaf04","2026-06-23","RISK_ADJ_PIPELINE","2026-09-15 10:31:41"
"a642248f-370f-5b32-a166-f78b37d3911a","30cb8fc8-5d85-561c-bc61-4975fd95b61a","e57c4479-0485-575c-9ce4-3c3335825de1","HCC135","Acute Renal Failure","N17.0","Acute Renal Failure","0.441","1.02","0.4498","2026-08-24","CHART_REVIEW","ACTIVE","CODER_REVIEW","2026","TRUE","12.68","fe71dc5d-15dd-5cac-9409-ca04606eaf04","2026-08-24","RISK_ADJ_PIPELINE","2026-09-15 10:31:41"
"9b988b15-a255-5542-95dd-713b1464f1a5","8d1537eb-6819-5059-aa20-681a50228a25","c3eb419d-653d-5701-9336-8376818a2010","HCC58","Major Depressive/Bipolar Disorders","F31.62","Major Depressive/Bipolar Disorders","0.395","1.02","0.4029","2026-06-28","CLAIMS","ACTIVE","","2026","TRUE","9.21","fe71dc5d-15dd-5cac-9409-ca04606eaf04","2026-06-28","RISK_ADJ_PIPELINE","2026-09-15 10:31:41"
"b2f92dd6-22fb-55fb-ada2-03a4037b67fd","52408bc2-aed9-512a-bdc3-b9dbb7b9984c","43c140ff-5efd-5e95-b870-0c1990943bca","HCC9","Lung and Other Severe Cancers","C34.12","Lung and Other Severe Cancers","2.422","1.02","2.4704","2026-09-14","CLAIMS","ACTIVE","","2026","TRUE","6.51","fe71dc5d-15dd-5cac-9409-ca04606eaf04","2026-09-14","RISK_ADJ_PIPELINE","2026-09-15 10:31:41"
"46abb5fd-8d08-5ebc-baea-68597412a8c3","52408bc2-aed9-512a-bdc3-b9dbb7b9984c","99f3f9f2-83cb-58c6-9b7b-bf57fda82675","HCC96","Specified Heart Arrhythmias","I48.0","Specified Heart Arrhythmias","0.271","1.02","0.2764","2026-08-30","CLAIMS","ACTIVE","","2026","TRUE","17.0","fe71dc5d-15dd-5cac-9409-ca04606eaf04","2026-08-30","RISK_ADJ_PIPELINE","2026-09-15 10:31:41"
"6a38c6ce-b4fc-51c9-85e2-bdfb8b1fbe41","52408bc2-aed9-512a-bdc3-b9dbb7b9984c","8e0231cf-f649-5c8f-bc7f-4c6a149211ae","HCC18","Diabetes with Chronic Complications","E13.10","Diabetes with Chronic Complications","0.302","1.02","0.308","2026-06-23","PROSPECTIVE","ACTIVE","","2026","TRUE","14.56","fe71dc5d-15dd-5cac-9409-ca04606eaf04","2026-06-23","RISK_ADJ_PIPELINE","2026-09-15 10:31:41"
"d5e898d1-a473-54da-a189-29593f70c775","9d2fac7c-82d5-5ade-a583-a7416c63a876","01bef7e2-6d50-575b-8de9-203c5ef4f184","HCC88","Angina Pectoris / Old MI","I25.5","Angina Pectoris / Old MI","0.241","1.0","0.241","2026-09-08","CLAIMS","SUPERSEDED","","2026","TRUE","17.18","fe71dc5d-15dd-5cac-9409-ca04606eaf04","2026-09-08","RISK_ADJ_PIPELINE","2026-09-15 10:31:41"
"6849c541-7456-5d8a-9da1-226b7f9e8b75","9d2fac7c-82d5-5ade-a583-a7416c63a876","e1b63af5-748c-5a52-8621-cae02af793c5","HCC17","Diabetes with Acute Complications","E10.40","Diabetes with Acute Complications","0.368","1.0","0.368","2026-06-24","CLAIMS","ACTIVE","","2026","FALSE","35.85","fe71dc5d-15dd-5cac-9409-ca04606eaf04","2026-06-24","RISK_ADJ_PIPELINE","2026-09-15 10:31:41"
"b5234b91-909e-5890-add7-45c25fb1b64c","509d9234-93e9-5d40-9fb6-7a1d9fc9b7aa","c27aa830-3ead-53f8-93d6-55eb427a26cd","HCC40","Rheumatoid Arthritis","M16.0","Rheumatoid Arthritis","0.421","1.0","0.421","2026-07-05","CHART_REVIEW","VALIDATED","CODER_REVIEW","2026","FALSE","53.62","fe71dc5d-15dd-5cac-9409-ca04606eaf04","2026-07-05","RISK_ADJ_PIPELINE","2026-09-15 10:31:41"
"9adcb94c-c85e-52f1-b37b-5f776e114dc1","509d9234-93e9-5d40-9fb6-7a1d9fc9b7aa","2c1cdcb9-5ca9-5e99-8a85-17cc7c67f9b4","HCC9","Lung and Other Severe Cancers","C34.10","Lung and Other Severe Cancers","2.422","1.0","2.422","2026-08-03","ENCOUNTER","VALIDATED","","2026","TRUE","22.88","fe71dc5d-15dd-5cac-9409-ca04606eaf04","2026-08-03","RISK_ADJ_PIPELINE","2026-09-15 10:31:41"
"82c5f900-34fe-5ded-ad4a-385c0567476a","d2ba203a-3153-5507-aeaa-df20372b0f03","2ed8da4a-3464-55ab-920d-25e95d9f2efe","HCC9","Lung and Other Severe Cancers","C34.12","Lung and Other Severe Cancers","2.422","1.0","2.422","2026-07-30","ENCOUNTER","VALIDATED","","2026","TRUE","1.87","fe71dc5d-15dd-5cac-9409-ca04606eaf04","2026-07-30","RISK_ADJ_PIPELINE","2026-09-15 10:31:41"
"d189426b-2ff0-58a3-a427-d2356e7e22fb","d2ba203a-3153-5507-aeaa-df20372b0f03","374306b9-ada3-57e6-b080-3a6cd16728c9","HCC85","Congestive Heart Failure","I50.32","Congestive Heart Failure","0.331","1.0","0.331","2026-06-20","CLAIMS","ACTIVE","","2026","TRUE","3.26","fe71dc5d-15dd-5cac-9409-ca04606eaf04","2026-06-20","RISK_ADJ_PIPELINE","2026-09-15 10:31:41"
"f309706a-5d2e-54d7-8ea7-fafa2bf2aa45","d2ba203a-3153-5507-aeaa-df20372b0f03","374306b9-ada3-57e6-b080-3a6cd16728c9","HCC12","Colon Cancer","C18.7","Colon Cancer","0.664","1.0","0.664","2026-06-27","CHART_REVIEW","VALIDATED","CODER_REVIEW","2026","TRUE","3.26","fe71dc5d-15dd-5cac-9409-ca04606eaf04","2026-06-27","RISK_ADJ_PIPELINE","2026-09-15 10:31:41"
"0d0c92f4-8466-531d-9fff-ed441539e622","135625ab-50a4-58e7-89a2-f9974b34ba2a","80e0db9c-6df0-52b4-9f80-8d1c4ba622a4","HCC40","Rheumatoid Arthritis","M16.10","Rheumatoid Arthritis","0.421","1.02","0.4294","2026-08-23","PROSPECTIVE","VALIDATED","","2026","TRUE","10.3","fe71dc5d-15dd-5cac-9409-ca04606eaf04","2026-08-23","RISK_ADJ_PIPELINE","2026-09-15 10:31:41"
"a250285f-30da-5ba3-8549-0c553af76f7f","841fb799-3f85-5a78-9c41-1778b632812e","0bcd4682-aa3f-57ef-a888-06ead3e8bda5","HCC136","Chronic Kidney Disease Stage 4","N18.5","Chronic Kidney Disease Stage 4","0.237","1.02","0.2417","2026-08-19","CLAIMS","ACTIVE","","2026","TRUE","19.89","fe71dc5d-15dd-5cac-9409-ca04606eaf04","2026-08-19","RISK_ADJ_PIPELINE","2026-09-15 10:31:41"
"ab203fe6-0f58-59c4-a0dd-6191f32b35c3","841fb799-3f85-5a78-9c41-1778b632812e","da20119d-0be2-5c49-a3ad-10b99ab175e1","HCC111","COPD","J44.0","COPD","0.335","1.02","0.3417","2026-07-08","CLAIMS","ACTIVE","","2026","TRUE","1.84","fe71dc5d-15dd-5cac-9409-ca04606eaf04","2026-07-08","RISK_ADJ_PIPELINE","2026-09-15 10:31:41"
"54d910b8-e47a-57a3-94ca-9c33ff133cd7","841fb799-3f85-5a78-9c41-1778b632812e","da20119d-0be2-5c49-a3ad-10b99ab175e1","HCC135","Acute Renal Failure","N17.9","Acute Renal Failure","0.441","1.02","0.4498","2026-07-22","ENCOUNTER","ACTIVE","","2026","TRUE","1.84","fe71dc5d-15dd-5cac-9409-ca04606eaf04","2026-07-22","RISK_ADJ_PIPELINE","2026-09-15 10:31:41"
"e179dd7f-80eb-59df-ae53-8ca3148bb7f0","841fb799-3f85-5a78-9c41-1778b632812e","5537e29e-92e1-5df0-a4ad-74330d8214e8","HCC57","Schizophrenia","F20.0","Schizophrenia","0.62","1.02","0.6324","2026-09-01","CLAIMS","ACTIVE","","2026","TRUE","11.7","fe71dc5d-15dd-5cac-9409-ca04606eaf04","2026-09-01","RISK_ADJ_PIPELINE","2026-09-15 10:31:41"
"ec1da9c9-7645-5817-ba3c-be4bba4c791d","631f8a09-abf1-5dd7-9d30-2eb315ebb554","1c2c03b2-7796-5a0d-8d2f-e523faf3dd3b","HCC96","Specified Heart Arrhythmias","I48.11","Specified Heart Arrhythmias","0.271","1.0","0.271","2026-07-23","CLAIMS","ACTIVE","","2026","TRUE","21.73","fe71dc5d-15dd-5cac-9409-ca04606eaf04","2026-07-23","RISK_ADJ_PIPELINE","2026-09-15 10:31:41"
"0aa98987-8931-54d7-92dc-7e243e0041b6","631f8a09-abf1-5dd7-9d30-2eb315ebb554","1237cbb2-e8f4-5256-b211-982d8e03a845","HCC12","Colon Cancer","C18.7","Colon Cancer","0.664","1.0","0.664","2026-09-10","CLAIMS","SUPERSEDED","","2026","TRUE","21.77","fe71dc5d-15dd-5cac-9409-ca04606eaf04","2026-09-10","RISK_ADJ_PIPELINE","2026-09-15 10:31:41"
"3064dd33-19ee-5121-bbbe-abfe94d473f3","631f8a09-abf1-5dd7-9d30-2eb315ebb554","79decbe7-cf9e-5669-afe6-953c20d47ff9","HCC136","Chronic Kidney Disease Stage 4","N18.5","Chronic Kidney Disease Stage 4","0.237","1.0","0.237","2026-08-21","CLAIMS","VALIDATED","","2026","FALSE","48.77","fe71dc5d-15dd-5cac-9409-ca04606eaf04","2026-08-21","RISK_ADJ_PIPELINE","2026-09-15 10:31:41"
"cd16c350-21ae-5f32-bd8e-d7395a495da4","85be463d-37b6-52ff-9b35-c9a8f049f304","bb58097d-cbce-56e1-a431-f0db4dfa822a","HCC111","COPD","J44.1","COPD","0.335","1.02","0.3417","2026-08-30","CLAIMS","ACTIVE","","2026","FALSE","60.71","fe71dc5d-15dd-5cac-9409-ca04606eaf04","2026-08-30","RISK_ADJ_PIPELINE","2026-09-15 10:31:41"
"fda54d80-062e-52cf-913e-7e8ab0a093fe","14ace281-9d0d-53f9-a4ac-efc83175ee69","fafed8dc-3643-54a8-9e2f-1ad2b3bd70f0","HCC85","Congestive Heart Failure","I50.32","Congestive Heart Failure","0.331","1.0","0.331","2026-07-09","CLAIMS","ACTIVE","","2026","FALSE","68.39","fe71dc5d-15dd-5cac-9409-ca04606eaf04","2026-07-09","RISK_ADJ_PIPELINE","2026-09-15 10:31:41"
"a324894e-a298-596c-aa6f-d0836ed07614","3ae01ada-e342-5837-a591-f85984ee796a","e5234e5e-60de-5e5c-9f43-643989a56aab","HCC111","COPD","J44.0","COPD","0.335","1.02","0.3417","2026-09-07","CLAIMS","ACTIVE","","2026","TRUE","10.95","fe71dc5d-15dd-5cac-9409-ca04606eaf04","2026-09-07","RISK_ADJ_PIPELINE","2026-09-15 10:31:41"
"908a8aa7-b6ed-5f33-b2ef-d3531e36e63c","10191280-853a-5903-9d99-ee4122006520","1cbd7b69-29d8-5137-9571-b6b97b740d1f","HCC19","Diabetes without Complication","E11.65","Diabetes without Complication","0.118","1.0","0.118","2026-08-20","ENCOUNTER","ACTIVE","","2026","TRUE","21.32","fe71dc5d-15dd-5cac-9409-ca04606eaf04","2026-08-20","RISK_ADJ_PIPELINE","2026-09-15 10:31:41"
"736707dc-dc12-5b0a-8d18-5b72deda2d21","10191280-853a-5903-9d99-ee4122006520","4542767e-56a9-5d2a-90e7-c0265be503f8","HCC12","Colon Cancer","C18.4","Colon Cancer","0.664","1.0","0.664","2026-07-21","CLAIMS","ACTIVE","","2026","TRUE","13.99","fe71dc5d-15dd-5cac-9409-ca04606eaf04","2026-07-21","RISK_ADJ_PIPELINE","2026-09-15 10:31:41"
"a470c89c-e407-5e0b-a7c0-849e6d2235a4","96e6ee7b-85e2-5356-a1b6-3c5a78906163","249a844f-9468-5ae7-aaba-6ef5fef7dade","HCC9","Lung and Other Severe Cancers","C34.11","Lung and Other Severe Cancers","2.422","1.02","2.4704","2026-09-08","CLAIMS","ACTIVE","","2026","TRUE","14.47","fe71dc5d-15dd-5cac-9409-ca04606eaf04","2026-09-08","RISK_ADJ_PIPELINE","2026-09-15 10:31:41"
"fbc69ba2-1a46-568f-ba08-2bd0d78dd5da","96e6ee7b-85e2-5356-a1b6-3c5a78906163","64f395f1-01b6-52be-a9a7-746f3faee43e","HCC40","Rheumatoid Arthritis","M16.30","Rheumatoid Arthritis","0.421","1.02","0.4294","2026-06-23","PROSPECTIVE","VALIDATED","","2026","TRUE","4.71","fe71dc5d-15dd-5cac-9409-ca04606eaf04","2026-06-23","RISK_ADJ_PIPELINE","2026-09-15 10:31:41"
"2fe53edc-338b-5275-9190-dfd15bf9335a","96e6ee7b-85e2-5356-a1b6-3c5a78906163","aa77f197-9db9-5ada-bbb4-959bb3c9479c","HCC168","Hip Fracture/Dislocation","M80.019A","Hip Fracture/Dislocation","0.489","1.02","0.4988","2026-09-14","CLAIMS","ACTIVE","","2026","TRUE","6.37","fe71dc5d-15dd-5cac-9409-ca04606eaf04","2026-09-14","RISK_ADJ_PIPELINE","2026-09-15 10:31:41"
"06692954-44c7-5c55-af48-81818bee08ec","96e6ee7b-85e2-5356-a1b6-3c5a78906163","d644e8f5-c52f-551d-928e-590c633d4abc","HCC135","Acute Renal Failure","N17.0","Acute Renal Failure","0.441","1.02","0.4498","2026-08-05","CLAIMS","ACTIVE","","2026","TRUE","23.15","fe71dc5d-15dd-5cac-9409-ca04606eaf04","2026-08-05","RISK_ADJ_PIPELINE","2026-09-15 10:31:41"
"07768ee7-25d8-51ef-9ef4-9a29e3f2a1a0","56b48bc5-491b-53c3-b152-182e03424ef8","3af42521-9316-5748-a82f-69bb230271d5","HCC112","Fibrosis of Lung","J43.1","Fibrosis of Lung","0.199","1.0","0.199","2026-08-17","CLAIMS","ACTIVE","","2026","TRUE","2.65","fe71dc5d-15dd-5cac-9409-ca04606eaf04","2026-08-17","RISK_ADJ_PIPELINE","2026-09-15 10:31:41"
"f9164fc6-037a-5b73-af0b-58d367077ef2","971099f5-1c20-5908-ab38-8524e30da104","9ac5817d-c657-5c20-b3fd-fbdc85884f9f","HCC135","Acute Renal Failure","N17.0","Acute Renal Failure","0.441","1.0","0.441","2026-09-01","CLAIMS","ACTIVE","","2026","TRUE","19.27","fe71dc5d-15dd-5cac-9409-ca04606eaf04","2026-09-01","RISK_ADJ_PIPELINE","2026-09-15 10:31:41"
"dee3ccea-2fe6-5d4d-a73e-bff74bd01fff","971099f5-1c20-5908-ab38-8524e30da104","9ac5817d-c657-5c20-b3fd-fbdc85884f9f","HCC111","COPD","J44.9","COPD","0.335","1.0","0.335","2026-06-22","CHART_REVIEW","SUPERSEDED","CODER_REVIEW","2026","TRUE","19.27","fe71dc5d-15dd-5cac-9409-ca04606eaf04","2026-06-22","RISK_ADJ_PIPELINE","2026-09-15 10:31:41"
"cd3a6140-bd9f-59e0-83c9-29f707758718","3000ed4b-3678-5d09-b22d-29f507f48769","4384616c-298b-5baf-a09a-44a9327bcbef","HCC19","Diabetes without Complication","E11.21","Diabetes without Complication","0.118","1.0","0.118","2026-07-26","CLAIMS","VALIDATED","","2026","TRUE","2.74","fe71dc5d-15dd-5cac-9409-ca04606eaf04","2026-07-26","RISK_ADJ_PIPELINE","2026-09-15 10:31:41"
"d37ebc0e-8e86-592b-a8c1-bf98b2954d3a","277c6e6b-5ce5-5ff4-8473-34dcf917f00a","2f3a3379-ec4f-5861-a41e-80978b35ebc0","HCC12","Breast Cancer","C50.211","Breast Cancer","0.664","1.02","0.6773","2026-08-07","CLAIMS","ACTIVE","","2026","TRUE","3.2","fe71dc5d-15dd-5cac-9409-ca04606eaf04","2026-08-07","RISK_ADJ_PIPELINE","2026-09-15 10:31:41"
"7f0c30af-3028-5e78-b44d-b625c7ffc51a","277c6e6b-5ce5-5ff4-8473-34dcf917f00a","a0637f1c-abf6-5553-9dc6-00bab5f05d0c","HCC86","Acute Myocardial Infarction","I21.09","Acute Myocardial Infarction","0.365","1.02","0.3723","2026-09-10","CLAIMS","ACTIVE","","2026","TRUE","14.18","fe71dc5d-15dd-5cac-9409-ca04606eaf04","2026-09-10","RISK_ADJ_PIPELINE","2026-09-15 10:31:41"
"91ef5ec5-3e0a-5a3b-a812-f2b17515b970","2461522f-326b-5c56-8169-c53dcafe94ca","c8890e91-768b-5245-9706-f6281efbd049","HCC19","Diabetes without Complication","E11.40","Diabetes without Complication","0.118","1.0","0.118","2026-07-05","CLAIMS","ACTIVE","","2026","FALSE","62.49","fe71dc5d-15dd-5cac-9409-ca04606eaf04","2026-07-05","RISK_ADJ_PIPELINE","2026-09-15 10:31:41"
"afbd6146-cec1-5411-aac1-3ded1636d570","fdcbd70c-04c0-530e-afd8-92c54b899efe","ec41fa1e-5288-5141-ba9c-1abe84b7f4a4","HCC18","Diabetes with Chronic Complications","E13.10","Diabetes with Chronic Complications","0.302","1.02","0.308","2026-08-02","CLAIMS","SUPERSEDED","","2026","TRUE","0.61","fe71dc5d-15dd-5cac-9409-ca04606eaf04","2026-08-02","RISK_ADJ_PIPELINE","2026-09-15 10:31:41"
"825590a2-1c0e-51d0-87d1-5d635f7be192","6e0ef986-0aed-5f72-bfbe-c9673b01892d","bb0807c1-fdfd-52b7-a243-414db670f6c7","HCC17","Diabetes with Acute Complications","E10.9","Diabetes with Acute Complications","0.368","1.0","0.368","2026-08-06","CLAIMS","ACTIVE","","2026","TRUE","6.83","fe71dc5d-15dd-5cac-9409-ca04606eaf04","2026-08-06","RISK_ADJ_PIPELINE","2026-09-15 10:31:41"
"b5af1205-7d47-569e-9a11-f09c17a0fe2c","6e0ef986-0aed-5f72-bfbe-c9673b01892d","89e68999-f47b-5f1b-9ec7-2470cd31d397","HCC96","Specified Heart Arrhythmias","I48.0","Specified Heart Arrhythmias","0.271","1.0","0.271","2026-09-10","ENCOUNTER","ACTIVE","","2026","TRUE","5.99","fe71dc5d-15dd-5cac-9409-ca04606eaf04","2026-09-10","RISK_ADJ_PIPELINE","2026-09-15 10:31:41"
"8b8e0fe6-e091-561f-985e-007c508a6d0a","6e0ef986-0aed-5f72-bfbe-c9673b01892d","3280a83c-b084-5d78-b87e-75cbcf7a365b","HCC12","Breast Cancer","C50.211","Breast Cancer","0.664","1.0","0.664","2026-09-12","CLAIMS","ACTIVE","","2026","FALSE","72.57","fe71dc5d-15dd-5cac-9409-ca04606eaf04","2026-09-12","RISK_ADJ_PIPELINE","2026-09-15 10:31:41"
"18fedf57-5de5-5268-9e43-fbea0d9252b5","12fd95a4-c506-5ecf-b105-7944340d677c","b8667fac-1389-5af6-9a61-ade6d5ad36f9","HCC136","Chronic Kidney Disease Stage 4","N18.4","Chronic Kidney Disease Stage 4","0.237","1.0","0.237","2026-07-06","CLAIMS","VALIDATED","","2026","TRUE","2.58","fe71dc5d-15dd-5cac-9409-ca04606eaf04","2026-07-06","RISK_ADJ_PIPELINE","2026-09-15 10:31:41"
"76b396ca-73d3-531c-a045-40d6ff5a842a","1fa7d21b-88db-5799-a53e-a269a43ffc10","5b824c7c-b332-55c2-82ad-8bb75c637fe9","HCC111","COPD","J44.9","COPD","0.335","1.02","0.3417","2026-08-19","CHART_REVIEW","VALIDATED","CODER_REVIEW","2026","FALSE","59.11","fe71dc5d-15dd-5cac-9409-ca04606eaf04","2026-08-19","RISK_ADJ_PIPELINE","2026-09-15 10:31:41"
"bbe56809-8dfc-5115-9e21-ca81f5a63b6d","1fa7d21b-88db-5799-a53e-a269a43ffc10","f101fb5e-89fa-5a36-8db1-100651a5aeaf","HCC40","Rheumatoid Arthritis","M16.10","Rheumatoid Arthritis","0.421","1.02","0.4294","2026-06-30","CLAIMS","ACTIVE","","2026","FALSE","69.11","fe71dc5d-15dd-5cac-9409-ca04606eaf04","2026-06-30","RISK_ADJ_PIPELINE","2026-09-15 10:31:41"
"aa78501d-a643-55c8-9431-908bee19f53a","1fa7d21b-88db-5799-a53e-a269a43ffc10","bb5b68b5-483c-5274-8f53-993b7adf73d7","HCC168","Hip Fracture/Dislocation","M80.011A","Hip Fracture/Dislocation","0.489","1.02","0.4988","2026-06-29","CLAIMS","ACTIVE","","2026","TRUE","8.33","fe71dc5d-15dd-5cac-9409-ca04606eaf04","2026-06-29","RISK_ADJ_PIPELINE","2026-09-15 10:31:41"
"14993baf-dde4-5c65-8e91-36357d58a146","d211118b-4d75-57f7-84da-0b529e85b843","69dfe917-c4f2-50c0-92f8-679502cd0459","HCC19","Diabetes without Complication","E11.21","Diabetes without Complication","0.118","1.0","0.118","2026-08-08","CLAIMS","ACTIVE","","2026","FALSE","88.04","fe71dc5d-15dd-5cac-9409-ca04606eaf04","2026-08-08","RISK_ADJ_PIPELINE","2026-09-15 10:31:41"
"622fbcb4-fc15-59c3-a341-b9992308f47a","d211118b-4d75-57f7-84da-0b529e85b843","8f181f2d-7b5a-5882-bfe0-9bb18ffa4481","HCC57","Schizophrenia","F20.9","Schizophrenia","0.62","1.0","0.62","2026-08-14","CLAIMS","ACTIVE","","2026","TRUE","12.79","fe71dc5d-15dd-5cac-9409-ca04606eaf04","2026-08-14","RISK_ADJ_PIPELINE","2026-09-15 10:31:41"
"b72e334c-6e06-55da-951e-41bc6f2c2700","40ed3083-5753-5027-b327-85d4e6776c37","4d4f6dc9-7c35-5bc1-9f64-96abe0b2a26c","HCC85","Congestive Heart Failure","I50.22","Congestive Heart Failure","0.331","1.0","0.331","2026-08-15","CLAIMS","ACTIVE","","2026","TRUE","18.58","fe71dc5d-15dd-5cac-9409-ca04606eaf04","2026-08-15","RISK_ADJ_PIPELINE","2026-09-15 10:31:41"
"dbaa74e5-be17-5c92-a6ef-6a38d96fdc25","40ed3083-5753-5027-b327-85d4e6776c37","f2752add-76f7-5819-89a9-fb526b06e2e4","HCC96","Specified Heart Arrhythmias","I48.20","Specified Heart Arrhythmias","0.271","1.0","0.271","2026-06-23","CLAIMS","ACTIVE","","2026","TRUE","17.65","fe71dc5d-15dd-5cac-9409-ca04606eaf04","2026-06-23","RISK_ADJ_PIPELINE","2026-09-15 10:31:41"
"d3d28bcc-35f7-5ade-9572-c013f16a4288","40ed3083-5753-5027-b327-85d4e6776c37","4d4f6dc9-7c35-5bc1-9f64-96abe0b2a26c","HCC112","Fibrosis of Lung","J43.9","Fibrosis of Lung","0.199","1.0","0.199","2026-07-16","CLAIMS","VALIDATED","","2026","TRUE","18.58","fe71dc5d-15dd-5cac-9409-ca04606eaf04","2026-07-16","RISK_ADJ_PIPELINE","2026-09-15 10:31:41"
"413a11bf-adf1-577b-84b7-05ea90308193","6e97f279-1f91-5bd3-bbb6-2f95fb6c9607","1fc0e3e2-e6f8-58dc-be0c-98088dcc87f5","HCC18","Diabetes with Chronic Complications","E13.40","Diabetes with Chronic Complications","0.302","1.0","0.302","2026-08-04","CLAIMS","ACTIVE","","2026","TRUE","15.1","fe71dc5d-15dd-5cac-9409-ca04606eaf04","2026-08-04","RISK_ADJ_PIPELINE","2026-09-15 10:31:41"
"d6f61aea-c894-572d-bece-8a2af774f52e","6e97f279-1f91-5bd3-bbb6-2f95fb6c9607","af523ada-1f5d-5682-9633-39899f315349","HCC88","Angina Pectoris / Old MI","I25.110","Angina Pectoris / Old MI","0.241","1.0","0.241","2026-08-10","CLAIMS","ACTIVE","","2026","TRUE","12.0","fe71dc5d-15dd-5cac-9409-ca04606eaf04","2026-08-10","RISK_ADJ_PIPELINE","2026-09-15 10:31:41"
"ceef36e3-4b72-58d2-a0fb-b27495ae19d6","6e97f279-1f91-5bd3-bbb6-2f95fb6c9607","11da2a2b-ee28-5acb-9c65-944bde286d6f","HCC168","Hip Fracture/Dislocation","M80.019A","Hip Fracture/Dislocation","0.489","1.0","0.489","2026-06-25","CLAIMS","ACTIVE","","2026","TRUE","2.2","fe71dc5d-15dd-5cac-9409-ca04606eaf04","2026-06-25","RISK_ADJ_PIPELINE","2026-09-15 10:31:41"
"350f2796-18f8-5437-b211-377789300e6c","6e97f279-1f91-5bd3-bbb6-2f95fb6c9607","f941b0c1-8938-584b-a60e-54c3fe300a2e","HCC57","Schizophrenia","F20.0","Schizophrenia","0.62","1.0","0.62","2026-06-26","ENCOUNTER","ACTIVE","","2026","FALSE","39.2","fe71dc5d-15dd-5cac-9409-ca04606eaf04","2026-06-26","RISK_ADJ_PIPELINE","2026-09-15 10:31:41"
"cefd8bec-c5b1-59e9-9ccb-8b04c0f4fe3a","1725ee27-17da-521c-a5cf-a07df4f0ac4a","b08af7af-dd9e-559f-80f1-3d6e5e1e43ce","HCC85","Congestive Heart Failure","I50.32","Congestive Heart Failure","0.331","1.02","0.3376","2026-07-22","CLAIMS","ACTIVE","","2026","TRUE","4.3","fe71dc5d-15dd-5cac-9409-ca04606eaf04","2026-07-22","RISK_ADJ_PIPELINE","2026-09-15 10:31:41"
"fa80e417-76c0-5001-943f-8678a18d3cb6","1725ee27-17da-521c-a5cf-a07df4f0ac4a","a0402b1b-5f74-5c7e-a51a-1f56fae5ded1","HCC112","Fibrosis of Lung","J43.9","Fibrosis of Lung","0.199","1.02","0.203","2026-08-11","CLAIMS","ACTIVE","","2026","TRUE","9.15","fe71dc5d-15dd-5cac-9409-ca04606eaf04","2026-08-11","RISK_ADJ_PIPELINE","2026-09-15 10:31:41"
"3725cf51-356c-57e3-8120-2741327be0b2","c315aa67-7f95-5cb0-9cd9-d0a9688a24bf","d7021607-2bb2-50e2-8ac0-14dd6b5640b3","HCC111","COPD","J44.0","COPD","0.335","1.02","0.3417","2026-07-15","CLAIMS","ACTIVE","","2026","TRUE","15.71","fe71dc5d-15dd-5cac-9409-ca04606eaf04","2026-07-15","RISK_ADJ_PIPELINE","2026-09-15 10:31:41"
"31544ef1-08a1-582c-b7ec-54cf2f17620c","c315aa67-7f95-5cb0-9cd9-d0a9688a24bf","5e41fafe-8507-53a6-ba79-b6924e9b0f6f","HCC136","Chronic Kidney Disease Stage 4","N18.5","Chronic Kidney Disease Stage 4","0.237","1.02","0.2417","2026-06-20","CLAIMS","ACTIVE","","2026","TRUE","14.02","fe71dc5d-15dd-5cac-9409-ca04606eaf04","2026-06-20","RISK_ADJ_PIPELINE","2026-09-15 10:31:41"
"7be66b0c-f1f8-5d34-be4b-e408cdf04007","a26768f7-24c0-5509-b926-cb3e6fd42286","c6352eb1-7d33-54d7-8796-9cefc71de8d2","HCC112","Fibrosis of Lung","J43.1","Fibrosis of Lung","0.199","1.02","0.203","2026-07-25","CLAIMS","ACTIVE","","2026","TRUE","12.31","fe71dc5d-15dd-5cac-9409-ca04606eaf04","2026-07-25","RISK_ADJ_PIPELINE","2026-09-15 10:31:41"
"61818c74-73f1-52e3-bbbb-7542b1b2f9c0","a26768f7-24c0-5509-b926-cb3e6fd42286","c70bcdf2-f21a-5af6-aac6-09641d3c9eb6","HCC86","Acute Myocardial Infarction","I21.29","Acute Myocardial Infarction","0.365","1.02","0.3723","2026-07-30","CLAIMS","ACTIVE","","2026","TRUE","13.91","fe71dc5d-15dd-5cac-9409-ca04606eaf04","2026-07-30","RISK_ADJ_PIPELINE","2026-09-15 10:31:41"
"0d7121c5-33fe-576c-856a-8af74df9cdb6","8e4cce00-67a0-5061-ae41-a7ee03876ca8","6689d84a-5361-525c-a001-6a3ca61dd92e","HCC96","Specified Heart Arrhythmias","I48.0","Specified Heart Arrhythmias","0.271","1.02","0.2764","2026-08-02","CLAIMS","VALIDATED","","2026","TRUE","16.16","fe71dc5d-15dd-5cac-9409-ca04606eaf04","2026-08-02","RISK_ADJ_PIPELINE","2026-09-15 10:31:41"
"aebd7c00-1ad4-5470-b236-574a4a17ea5a","8e4cce00-67a0-5061-ae41-a7ee03876ca8","d5a43377-c4e3-5a9e-b035-9c83606e4226","HCC12","Colon Cancer","C18.7","Colon Cancer","0.664","1.02","0.6773","2026-08-13","CLAIMS","ACTIVE","","2026","TRUE","23.07","fe71dc5d-15dd-5cac-9409-ca04606eaf04","2026-08-13","RISK_ADJ_PIPELINE","2026-09-15 10:31:41"
"7e75381b-15e8-5d17-bf00-a03b5a00c0aa","8e4cce00-67a0-5061-ae41-a7ee03876ca8","01d76b0c-94a1-5f2b-910d-6acb6c30c150","HCC112","Fibrosis of Lung","J43.0","Fibrosis of Lung","0.199","1.02","0.203","2026-08-28","PROSPECTIVE","ACTIVE","","2026","TRUE","1.96","fe71dc5d-15dd-5cac-9409-ca04606eaf04","2026-08-28","RISK_ADJ_PIPELINE","2026-09-15 10:31:41"
"1d53ee48-2cc6-5fec-b981-8aabb5ad36ce","330b9530-a928-5914-a280-bd22a9161559","f2912c8b-99bb-5779-9309-c73c291d8953","HCC58","Major Depressive/Bipolar Disorders","F31.9","Major Depressive/Bipolar Disorders","0.395","1.02","0.4029","2026-08-25","ENCOUNTER","ACTIVE","","2026","TRUE","13.54","fe71dc5d-15dd-5cac-9409-ca04606eaf04","2026-08-25","RISK_ADJ_PIPELINE","2026-09-15 10:31:41"
"ee6a452f-d6f8-5d9a-946a-17b32a195d14","5971d9a7-8092-5dff-8d9b-0222a5f664af","4cb5722f-40d9-5c8a-aaa4-b9d2870cab1d","HCC57","Schizophrenia","F20.5","Schizophrenia","0.62","1.0","0.62","2026-06-26","ENCOUNTER","ACTIVE","","2026","TRUE","18.39","fe71dc5d-15dd-5cac-9409-ca04606eaf04","2026-06-26","RISK_ADJ_PIPELINE","2026-09-15 10:31:41"
"f2c55614-c322-5648-bdf6-8c714f146fbc","af50b6bf-caed-5d4a-a83f-b5401e0f6128","1486679d-e008-546b-96db-1a381cfe1b82","HCC9","Lung and Other Severe Cancers","C34.12","Lung and Other Severe Cancers","2.422","1.02","2.4704","2026-08-24","CHART_REVIEW","ACTIVE","CODER_REVIEW","2026","TRUE","18.57","fe71dc5d-15dd-5cac-9409-ca04606eaf04","2026-08-24","RISK_ADJ_PIPELINE","2026-09-15 10:31:41"
"6fb6a8aa-7db4-594c-81c1-47005d3f6c85","2bb5b028-188a-5484-bd3d-d4b01edb47e6","8838824f-c192-5536-ab59-d239fa39d52d","HCC58","Major Depressive/Bipolar Disorders","F31.30","Major Depressive/Bipolar Disorders","0.395","1.0","0.395","2026-07-30","CLAIMS","ACTIVE","","2026","TRUE","9.29","fe71dc5d-15dd-5cac-9409-ca04606eaf04","2026-07-30","RISK_ADJ_PIPELINE","2026-09-15 10:31:41"
"2ba0beb2-7749-5a08-9ca7-705440d983b8","348e8cb5-bd5d-56f2-8760-780a521d3b1e","407f0cf4-930c-5caf-a9d6-7503281e1ca8","HCC18","Diabetes with Chronic Complications","E13.40","Diabetes with Chronic Complications","0.302","1.02","0.308","2026-08-04","CLAIMS","ACTIVE","","2026","FALSE","63.73","fe71dc5d-15dd-5cac-9409-ca04606eaf04","2026-08-04","RISK_ADJ_PIPELINE","2026-09-15 10:31:41"
"d956ee8e-617c-575d-9d25-2e3be45493a2","348e8cb5-bd5d-56f2-8760-780a521d3b1e","3e101cc4-a17f-51f8-80bc-ded9e379a632","HCC9","Lung and Other Severe Cancers","C34.10","Lung and Other Severe Cancers","2.422","1.02","2.4704","2026-08-13","ENCOUNTER","ACTIVE","","2026","FALSE","90.81","fe71dc5d-15dd-5cac-9409-ca04606eaf04","2026-08-13","RISK_ADJ_PIPELINE","2026-09-15 10:31:41"
"1d064676-55a5-5fd1-a1d3-e64b6ef84133","7817c910-b503-5678-9948-2890fc2ce3aa","b38f335f-65fa-5d44-b52a-12345d305cc2","HCC19","Diabetes without Complication","E11.40","Diabetes without Complication","0.118","1.0","0.118","2026-08-21","CLAIMS","ACTIVE","","2026","TRUE","1.63","fe71dc5d-15dd-5cac-9409-ca04606eaf04","2026-08-21","RISK_ADJ_PIPELINE","2026-09-15 10:31:41"
"b28941c4-7c83-5aee-a2a1-604c4b25da8a","7817c910-b503-5678-9948-2890fc2ce3aa","ed765bd8-777a-5acf-8466-86053d01ae41","HCC168","Hip Fracture/Dislocation","M80.011A","Hip Fracture/Dislocation","0.489","1.0","0.489","2026-08-18","CLAIMS","SUPERSEDED","","2026","TRUE","2.84","fe71dc5d-15dd-5cac-9409-ca04606eaf04","2026-08-18","RISK_ADJ_PIPELINE","2026-09-15 10:31:41"
"6a9c60a8-829f-5a1c-9d41-49da193d1b56","7817c910-b503-5678-9948-2890fc2ce3aa","751c95f1-d459-5ea1-863f-5e0869769f50","HCC57","Schizophrenia","F20.9","Schizophrenia","0.62","1.0","0.62","2026-07-26","CHART_REVIEW","ACTIVE","CODER_REVIEW","2026","TRUE","23.3","fe71dc5d-15dd-5cac-9409-ca04606eaf04","2026-07-26","RISK_ADJ_PIPELINE","2026-09-15 10:31:41"
"65af4a6b-0e0a-58e0-b01a-736456f6ca7e","9e514f14-4c34-5031-b52c-9165150d2dec","a4fd9a33-1550-5eac-8cdf-3a11bad101a5","HCC12","Colon Cancer","C18.4","Colon Cancer","0.664","1.0","0.664","2026-08-04","CLAIMS","VALIDATED","","2026","TRUE","6.93","fe71dc5d-15dd-5cac-9409-ca04606eaf04","2026-08-04","RISK_ADJ_PIPELINE","2026-09-15 10:31:41"
"7748e473-3162-5b57-b412-a4e0ab59a375","9e514f14-4c34-5031-b52c-9165150d2dec","c7034758-ba11-576d-8e26-bfdcb311529f","HCC112","Fibrosis of Lung","J43.9","Fibrosis of Lung","0.199","1.0","0.199","2026-09-07","CLAIMS","ACTIVE","","2026","TRUE","14.59","fe71dc5d-15dd-5cac-9409-ca04606eaf04","2026-09-07","RISK_ADJ_PIPELINE","2026-09-15 10:31:41"
"03022f7c-e54a-554b-8923-ac3b197643dc","d1986e90-d126-5753-88b5-edac95f0cf3a","427b2ccd-7ed5-5129-9a7a-2b08088364c9","HCC58","Major Depressive/Bipolar Disorders","F31.62","Major Depressive/Bipolar Disorders","0.395","1.02","0.4029","2026-08-10","CHART_REVIEW","ACTIVE","CODER_REVIEW","2026","TRUE","13.49","fe71dc5d-15dd-5cac-9409-ca04606eaf04","2026-08-10","RISK_ADJ_PIPELINE","2026-09-15 10:31:41"
"22ca0b27-cd70-5fa9-a192-f917823dc21b","c63ad05f-f168-59f5-b2a6-227861081ffc","44384d42-7ed7-55f1-ba27-768f72049259","HCC136","Chronic Kidney Disease Stage 4","N18.4","Chronic Kidney Disease Stage 4","0.237","1.02","0.2417","2026-08-02","CLAIMS","ACTIVE","","2026","TRUE","10.86","fe71dc5d-15dd-5cac-9409-ca04606eaf04","2026-08-02","RISK_ADJ_PIPELINE","2026-09-15 10:31:41"
"864c8f31-5945-5b97-8f40-dca95e0d8e66","c63ad05f-f168-59f5-b2a6-227861081ffc","f8fcf4b4-0a02-5f6e-80bd-9de73af7485c","HCC9","Lung and Other Severe Cancers","C34.30","Lung and Other Severe Cancers","2.422","1.02","2.4704","2026-09-10","CHART_REVIEW","ACTIVE","CODER_REVIEW","2026","FALSE","80.45","fe71dc5d-15dd-5cac-9409-ca04606eaf04","2026-09-10","RISK_ADJ_PIPELINE","2026-09-15 10:31:41"
"28b9bd0e-f977-515f-b899-7d260547ea46","c63ad05f-f168-59f5-b2a6-227861081ffc","6c80adc3-5a5d-5f7a-a5e2-91767db2eb49","HCC96","Specified Heart Arrhythmias","I48.11","Specified Heart Arrhythmias","0.271","1.02","0.2764","2026-09-08","CLAIMS","ACTIVE","","2026","FALSE","49.23","fe71dc5d-15dd-5cac-9409-ca04606eaf04","2026-09-08","RISK_ADJ_PIPELINE","2026-09-15 10:31:41"
"371777c8-2d51-5fe9-b732-7ff2f1380905","c63ad05f-f168-59f5-b2a6-227861081ffc","f8fcf4b4-0a02-5f6e-80bd-9de73af7485c","HCC40","Rheumatoid Arthritis","M16.0","Rheumatoid Arthritis","0.421","1.02","0.4294","2026-08-08","CLAIMS","ACTIVE","","2026","FALSE","80.45","fe71dc5d-15dd-5cac-9409-ca04606eaf04","2026-08-08","RISK_ADJ_PIPELINE","2026-09-15 10:31:41"
"c7712d0e-00db-55ac-b8b1-0e8a0ce98829","88122566-caea-57f4-84cf-e17c4453a61f","e933a718-c0e2-5e89-b48c-3411804f31cd","HCC58","Major Depressive/Bipolar Disorders","F31.10","Major Depressive/Bipolar Disorders","0.395","1.02","0.4029","2026-06-22","ENCOUNTER","ACTIVE","","2026","TRUE","6.72","fe71dc5d-15dd-5cac-9409-ca04606eaf04","2026-06-22","RISK_ADJ_PIPELINE","2026-09-15 10:31:41"
"8f5ea3bc-52b1-5df3-ac74-899582ada047","88122566-caea-57f4-84cf-e17c4453a61f","2fa203f4-4e8f-584d-bedb-ee5618c86cce","HCC88","Angina Pectoris / Old MI","I25.5","Angina Pectoris / Old MI","0.241","1.02","0.2458","2026-07-14","PROSPECTIVE","ACTIVE","","2026","TRUE","11.26","fe71dc5d-15dd-5cac-9409-ca04606eaf04","2026-07-14","RISK_ADJ_PIPELINE","2026-09-15 10:31:41"
"9562a705-3bc0-5155-842e-9c1f9ffe17c1","0c376032-0765-5b16-9de2-32785ad0ef6d","639ff397-4e1c-59ba-8ae7-ef37bc9c844c","HCC168","Hip Fracture/Dislocation","M80.011A","Hip Fracture/Dislocation","0.489","1.02","0.4988","2026-08-01","CLAIMS","ACTIVE","","2026","FALSE","60.93","fe71dc5d-15dd-5cac-9409-ca04606eaf04","2026-08-01","RISK_ADJ_PIPELINE","2026-09-15 10:31:41"
"1ae8c5df-b44a-5c59-9252-2a7ddc8b228b","0a5bc919-e77c-52ef-be32-1ff7c7492ada","fe21a870-5930-515a-a835-9cdd5bc26a12","HCC168","Hip Fracture/Dislocation","M80.011A","Hip Fracture/Dislocation","0.489","1.0","0.489","2026-08-20","CLAIMS","ACTIVE","","2026","FALSE","47.28","fe71dc5d-15dd-5cac-9409-ca04606eaf04","2026-08-20","RISK_ADJ_PIPELINE","2026-09-15 10:31:41"
"e981f53f-809d-5c7b-beef-40777a28e028","9d5e0ea7-102e-5d8d-8375-5088643340ed","cd309967-31b6-56a2-9686-24c82cdc1998","HCC85","Congestive Heart Failure","I50.22","Congestive Heart Failure","0.331","1.02","0.3376","2026-07-05","CLAIMS","ACTIVE","","2026","TRUE","6.19","fe71dc5d-15dd-5cac-9409-ca04606eaf04","2026-07-05","RISK_ADJ_PIPELINE","2026-09-15 10:31:41"
"ca82e5a1-0742-5f70-b456-3234efb83a0f","f38d8206-ee1f-5915-98cf-de4b90317b0b","30f206a7-4ee5-5898-84cb-0706bcab9f8b","HCC17","Diabetes with Acute Complications","E10.65","Diabetes with Acute Complications","0.368","1.02","0.3754","2026-06-26","CLAIMS","ACTIVE","","2026","TRUE","3.86","fe71dc5d-15dd-5cac-9409-ca04606eaf04","2026-06-26","RISK_ADJ_PIPELINE","2026-09-15 10:31:41"
"f866a141-0e91-5985-9a6d-cecd3b0e90fc","f38d8206-ee1f-5915-98cf-de4b90317b0b","dc8d30cb-2c6b-5af7-a133-478d950c6f32","HCC136","Chronic Kidney Disease Stage 4","N18.4","Chronic Kidney Disease Stage 4","0.237","1.02","0.2417","2026-08-02","CLAIMS","ACTIVE","","2026","TRUE","4.87","fe71dc5d-15dd-5cac-9409-ca04606eaf04","2026-08-02","RISK_ADJ_PIPELINE","2026-09-15 10:31:41"
"8dbaa765-66e8-57e3-828b-3bf80dddd614","f38d8206-ee1f-5915-98cf-de4b90317b0b","4661f30b-6a1d-57b3-a8d3-b316932ad97a","HCC168","Hip Fracture/Dislocation","M80.019A","Hip Fracture/Dislocation","0.489","1.02","0.4988","2026-08-10","CLAIMS","VALIDATED","","2026","FALSE","88.23","fe71dc5d-15dd-5cac-9409-ca04606eaf04","2026-08-10","RISK_ADJ_PIPELINE","2026-09-15 10:31:41"
"f7b44433-8c56-5120-9411-19c4db328967","336144bb-3a6e-5917-94dc-f770e93f85f0","97b72e0f-007a-53cd-8dc1-07ef23820a97","HCC57","Schizophrenia","F20.1","Schizophrenia","0.62","1.02","0.6324","2026-06-24","CLAIMS","ACTIVE","","2026","TRUE","22.42","fe71dc5d-15dd-5cac-9409-ca04606eaf04","2026-06-24","RISK_ADJ_PIPELINE","2026-09-15 10:31:41"
"7409169b-6b47-5c20-9b6d-164f4b0f2100","a3c30e05-b39e-5fe7-b2ea-6833c1fadd9a","3cef6a8d-f609-5244-b7f8-660d50be54b7","HCC40","Rheumatoid Arthritis","M16.10","Rheumatoid Arthritis","0.421","1.0","0.421","2026-06-20","CLAIMS","ACTIVE","","2026","FALSE","71.56","fe71dc5d-15dd-5cac-9409-ca04606eaf04","2026-06-20","RISK_ADJ_PIPELINE","2026-09-15 10:31:41"
"9e011675-a98c-5bfe-b262-802e9cb003d8","a3c30e05-b39e-5fe7-b2ea-6833c1fadd9a","2ccacf30-d016-5e31-af39-698689bbd9a7","HCC12","Colon Cancer","C18.2","Colon Cancer","0.664","1.0","0.664","2026-07-12","CLAIMS","ACTIVE","","2026","FALSE","71.45","fe71dc5d-15dd-5cac-9409-ca04606eaf04","2026-07-12","RISK_ADJ_PIPELINE","2026-09-15 10:31:41"
"9e011675-a98c-5bfe-b262-802e9cb003d8","a3c30e05-b39e-5fe7-b2ea-6833c1fadd9a","3cef6a8d-f609-5244-b7f8-660d50be54b7","HCC12","Breast Cancer","C50.411","Breast Cancer","0.664","1.0","0.664","2026-08-10","ENCOUNTER","SUPERSEDED","","2026","FALSE","71.56","fe71dc5d-15dd-5cac-9409-ca04606eaf04","2026-08-10","RISK_ADJ_PIPELINE","2026-09-15 10:31:41"
"55b69c43-6ddb-5b4c-814d-fcc3b25d205a","a9a87f5e-78c3-59cc-b18d-0353de0d9fec","8581dd93-dfcf-54f2-bf59-24f0ee81d364","HCC136","Chronic Kidney Disease Stage 4","N18.4","Chronic Kidney Disease Stage 4","0.237","1.0","0.237","2026-07-11","CLAIMS","ACTIVE","","2026","TRUE","16.9","fe71dc5d-15dd-5cac-9409-ca04606eaf04","2026-07-11","RISK_ADJ_PIPELINE","2026-09-15 10:31:41"
"8594e738-b6fc-54dd-b6aa-e7bce59f65e8","62b0bf92-7e9d-5a24-8ef5-8cf97b00ba47","dcc6eb31-81ae-5b25-8a2e-98392b0f69e4","HCC135","Acute Renal Failure","N17.2","Acute Renal Failure","0.441","1.02","0.4498","2026-09-09","CLAIMS","VALIDATED","","2026","TRUE","4.73","fe71dc5d-15dd-5cac-9409-ca04606eaf04","2026-09-09","RISK_ADJ_PIPELINE","2026-09-15 10:31:41"
"f59af588-71dc-5d83-9c82-4f0fe56d5a1c","486be5e6-8218-56e0-afa9-acb97bcb17d3","a0d6a27c-219b-51b5-af89-e6d7cb7bda32","HCC58","Major Depressive/Bipolar Disorders","F31.10","Major Depressive/Bipolar Disorders","0.395","1.02","0.4029","2026-07-22","CLAIMS","ACTIVE","","2026","TRUE","14.38","fe71dc5d-15dd-5cac-9409-ca04606eaf04","2026-07-22","RISK_ADJ_PIPELINE","2026-09-15 10:31:41"
"746a2e5b-3809-5211-9865-8df9f8e10978","486be5e6-8218-56e0-afa9-acb97bcb17d3","e1fc324f-64c1-553c-96e9-058d728bc6a7","HCC12","Breast Cancer","C50.011","Breast Cancer","0.664","1.02","0.6773","2026-06-25","CLAIMS","SUPERSEDED","","2026","TRUE","19.96","fe71dc5d-15dd-5cac-9409-ca04606eaf04","2026-06-25","RISK_ADJ_PIPELINE","2026-09-15 10:31:41"
"dbc31806-836f-5878-b472-da47378c0d4b","e1a75bab-5a53-51e8-8f90-80552679d144","0fd7d80a-04d0-59ce-b808-57fe10c15ad4","HCC18","Diabetes with Chronic Complications","E13.65","Diabetes with Chronic Complications","0.302","1.02","0.308","2026-08-12","CLAIMS","ACTIVE","","2026","TRUE","12.33","fe71dc5d-15dd-5cac-9409-ca04606eaf04","2026-08-12","RISK_ADJ_PIPELINE","2026-09-15 10:31:41"
"6f197b29-4386-5979-97ae-29e07dde8890","e1a75bab-5a53-51e8-8f90-80552679d144","a1f0db93-1ffa-5dbb-baa2-c3ae29fc68f3","HCC88","Angina Pectoris / Old MI","I25.110","Angina Pectoris / Old MI","0.241","1.02","0.2458","2026-07-21","CHART_REVIEW","ACTIVE","CODER_REVIEW","2026","TRUE","19.62","fe71dc5d-15dd-5cac-9409-ca04606eaf04","2026-07-21","RISK_ADJ_PIPELINE","2026-09-15 10:31:41"
"52b5eada-b2bd-541e-97ed-613bf1f270ff","129d298c-8bd4-5508-9413-c200c4e42ac2","23a47cd8-560e-58c3-a07e-0b7c6cb82542","HCC12","Breast Cancer","C50.011","Breast Cancer","0.664","1.02","0.6773","2026-07-27","CHART_REVIEW","ACTIVE","CODER_REVIEW","2026","TRUE","7.77","fe71dc5d-15dd-5cac-9409-ca04606eaf04","2026-07-27","RISK_ADJ_PIPELINE","2026-09-15 10:31:41"
"ef1c4503-c259-5583-94c1-a20b548b095e","129d298c-8bd4-5508-9413-c200c4e42ac2","73618478-8d1e-580c-8943-6799edd1b0d8","HCC96","Specified Heart Arrhythmias","I48.20","Specified Heart Arrhythmias","0.271","1.02","0.2764","2026-07-24","PROSPECTIVE","ACTIVE","","2026","TRUE","14.31","fe71dc5d-15dd-5cac-9409-ca04606eaf04","2026-07-24","RISK_ADJ_PIPELINE","2026-09-15 10:31:41"
"7e235db6-10b4-595d-8089-a9c487a7671b","81fef492-ef30-55d0-8ab4-d89a625575e9","97e3800e-f6c7-50c6-b910-a20eb878a6f9","HCC168","Hip Fracture/Dislocation","M80.011A","Hip Fracture/Dislocation","0.489","1.02","0.4988","2026-07-31","CLAIMS","ACTIVE","","2026","TRUE","19.76","fe71dc5d-15dd-5cac-9409-ca04606eaf04","2026-07-31","RISK_ADJ_PIPELINE","2026-09-15 10:31:41"
"d2f74f01-c1c5-5673-bbb9-feb09c2b72b8","81fef492-ef30-55d0-8ab4-d89a625575e9","33543109-02f3-5f9a-be49-17297304d260","HCC57","Schizophrenia","F20.1","Schizophrenia","0.62","1.02","0.6324","2026-07-21","PROSPECTIVE","ACTIVE","","2026","TRUE","18.25","fe71dc5d-15dd-5cac-9409-ca04606eaf04","2026-07-21","RISK_ADJ_PIPELINE","2026-09-15 10:31:41"
"4a2f8822-55ae-5d96-a9f1-d1faa5e25f45","81fef492-ef30-55d0-8ab4-d89a625575e9","97e3800e-f6c7-50c6-b910-a20eb878a6f9","HCC135","Acute Renal Failure","N17.0","Acute Renal Failure","0.441","1.02","0.4498","2026-07-14","CLAIMS","ACTIVE","","2026","TRUE","19.76","fe71dc5d-15dd-5cac-9409-ca04606eaf04","2026-07-14","RISK_ADJ_PIPELINE","2026-09-15 10:31:41"
"91f8ee6a-5e1e-56bf-a5b5-c56023d1a9cb","95e6e945-0edd-552e-8cb1-407dfeb18cc5","fb646a5c-1f9d-5777-b6da-d3446ddba155","HCC19","Diabetes without Complication","E11.21","Diabetes without Complication","0.118","1.02","0.1204","2026-06-23","CLAIMS","SUPERSEDED","","2026","TRUE","4.05","fe71dc5d-15dd-5cac-9409-ca04606eaf04","2026-06-23","RISK_ADJ_PIPELINE","2026-09-15 10:31:41"
"e5c5e529-a755-5688-b01c-64301616e1c0","ce395547-71d8-51c4-8ec3-952e2c1baf89","28fcaf02-db48-5141-b877-9061c3ddfdbe","HCC12","Breast Cancer","C50.019","Breast Cancer","0.664","1.0","0.664","2026-08-01","CLAIMS","ACTIVE","","2026","TRUE","8.39","fe71dc5d-15dd-5cac-9409-ca04606eaf04","2026-08-01","RISK_ADJ_PIPELINE","2026-09-15 10:31:41"
"430a4a55-a8ee-5e47-bf2a-e1365018294a","ce395547-71d8-51c4-8ec3-952e2c1baf89","d6edbb01-4e73-527b-8099-23a7da5c1e12","HCC40","Rheumatoid Arthritis","M16.10","Rheumatoid Arthritis","0.421","1.0","0.421","2026-08-22","CLAIMS","ACTIVE","","2026","FALSE","64.29","fe71dc5d-15dd-5cac-9409-ca04606eaf04","2026-08-22","RISK_ADJ_PIPELINE","2026-09-15 10:31:41"
"bfc798ab-5b5d-59cf-99d9-537ae739a5ac","91dfdca9-8200-5c6d-b4cf-f426f6190666","813d90c5-fc95-5a57-90a3-badd798e6aa1","HCC135","Acute Renal Failure","N17.0","Acute Renal Failure","0.441","1.02","0.4498","2026-08-04","CLAIMS","VALIDATED","","2026","FALSE","26.09","fe71dc5d-15dd-5cac-9409-ca04606eaf04","2026-08-04","RISK_ADJ_PIPELINE","2026-09-15 10:31:41"
"ffb5c24c-67c3-5b54-9dcf-d6173595075f","e2440cb3-c704-5a84-b685-014ebcdd8f29","9bd178ad-8186-579e-ac72-a5b92fe70c6b","HCC88","Angina Pectoris / Old MI","I25.2","Angina Pectoris / Old MI","0.241","1.0","0.241","2026-06-30","CLAIMS","ACTIVE","","2026","TRUE","3.38","fe71dc5d-15dd-5cac-9409-ca04606eaf04","2026-06-30","RISK_ADJ_PIPELINE","2026-09-15 10:31:41"
"c4206632-e04f-511b-afd4-7ba57dd40133","bd53446c-5804-5868-9b0e-717f049d7ebd","6272bb89-1271-5785-a8ac-4e76775041fc","HCC12","Breast Cancer","C50.019","Breast Cancer","0.664","1.0","0.664","2026-09-02","CLAIMS","ACTIVE","","2026","TRUE","23.31","fe71dc5d-15dd-5cac-9409-ca04606eaf04","2026-09-02","RISK_ADJ_PIPELINE","2026-09-15 10:31:41"
"cc0e1ae1-ac21-5ccd-93f7-5775ababdade","bd53446c-5804-5868-9b0e-717f049d7ebd","19f860f6-91dc-5b01-bcae-84d46193be04","HCC86","Acute Myocardial Infarction","I21.3","Acute Myocardial Infarction","0.365","1.0","0.365","2026-07-04","ENCOUNTER","ACTIVE","","2026","TRUE","11.11","fe71dc5d-15dd-5cac-9409-ca04606eaf04","2026-07-04","RISK_ADJ_PIPELINE","2026-09-15 10:31:41"
"a7ae4a2d-edde-585b-8004-9506edea772d","bd53446c-5804-5868-9b0e-717f049d7ebd","e590b598-996a-5f25-a503-553f05c18de3","HCC40","Rheumatoid Arthritis","M16.0","Rheumatoid Arthritis","0.421","1.0","0.421","2026-07-28","CLAIMS","ACTIVE","","2026","TRUE","17.06","fe71dc5d-15dd-5cac-9409-ca04606eaf04","2026-07-28","RISK_ADJ_PIPELINE","2026-09-15 10:31:41"
"78dac63f-9bd0-5223-8e76-f45fc6d5968a","d0c889ad-3950-5bd3-9e4c-aabf977ffa4b","b4678bda-33be-54d7-b562-b7742365709a","HCC96","Specified Heart Arrhythmias","I48.0","Specified Heart Arrhythmias","0.271","1.0","0.271","2026-07-10","PROSPECTIVE","ACTIVE","","2026","TRUE","18.06","fe71dc5d-15dd-5cac-9409-ca04606eaf04","2026-07-10","RISK_ADJ_PIPELINE","2026-09-15 10:31:41"
"26cba4e3-f667-5fd0-8621-a154f1efdcb2","b58122b4-5343-5297-b248-37c9415508e4","f4098676-245c-5e42-a986-2c111084751c","HCC135","Acute Renal Failure","N17.2","Acute Renal Failure","0.441","1.02","0.4498","2026-07-24","CLAIMS","ACTIVE","","2026","TRUE","2.68","fe71dc5d-15dd-5cac-9409-ca04606eaf04","2026-07-24","RISK_ADJ_PIPELINE","2026-09-15 10:31:41"
"3fa6b46f-3c53-5636-b419-152892a8ac0c","b58122b4-5343-5297-b248-37c9415508e4","8a68e015-8782-5871-ac37-795e7afe308e","HCC12","Colon Cancer","C18.7","Colon Cancer","0.664","1.02","0.6773","2026-09-08","CLAIMS","ACTIVE","","2026","TRUE","9.62","fe71dc5d-15dd-5cac-9409-ca04606eaf04","2026-09-08","RISK_ADJ_PIPELINE","2026-09-15 10:31:41"
"41199d70-0a61-5937-8301-2facbf90c2f3","d4b0baf5-597a-5750-a12c-23dea9e5db3b","fc685836-1038-57e5-8483-aa40c60cb8ae","HCC88","Angina Pectoris / Old MI","I25.5","Angina Pectoris / Old MI","0.241","1.02","0.2458","2026-06-19","CLAIMS","SUPERSEDED","","2026","TRUE","18.12","fe71dc5d-15dd-5cac-9409-ca04606eaf04","2026-06-19","RISK_ADJ_PIPELINE","2026-09-15 10:31:41"
"e58fe262-017c-5b19-891f-912821ab414e","b6fc7d91-d3ba-5987-8fb1-8a364cd97d6b","868529ab-77dc-5b23-91af-a5a7304d2810","HCC57","Schizophrenia","F20.0","Schizophrenia","0.62","1.02","0.6324","2026-08-12","CLAIMS","ACTIVE","","2026","TRUE","3.58","fe71dc5d-15dd-5cac-9409-ca04606eaf04","2026-08-12","RISK_ADJ_PIPELINE","2026-09-15 10:31:41"
"cd32ce0a-bbd8-5ba8-a36d-7636045ec3d0","b6fc7d91-d3ba-5987-8fb1-8a364cd97d6b","24645640-3c62-5927-8bca-041f66f35123","HCC40","Rheumatoid Arthritis","M16.10","Rheumatoid Arthritis","0.421","1.02","0.4294","2026-07-21","CLAIMS","VALIDATED","","2026","TRUE","2.7","fe71dc5d-15dd-5cac-9409-ca04606eaf04","2026-07-21","RISK_ADJ_PIPELINE","2026-09-15 10:31:41"
"c8cac7f7-c792-57b7-82ba-9af68be77c76","cc88fa7b-736d-59c6-9627-36550d48a8b4","e6299669-e464-5674-a5f6-9b34bb0a47c3","HCC86","Acute Myocardial Infarction","I21.29","Acute Myocardial Infarction","0.365","1.0","0.365","2026-08-11","CLAIMS","ACTIVE","","2026","TRUE","1.05","fe71dc5d-15dd-5cac-9409-ca04606eaf04","2026-08-11","RISK_ADJ_PIPELINE","2026-09-15 10:31:41"
"2a9bc086-7c9a-5e23-879e-785fbe768c27","f9289f13-bf7d-5808-b652-bd8131c1f7b9","bb0b0aef-7837-5a34-a15d-bbacb75916db","HCC136","Chronic Kidney Disease Stage 4","N18.5","Chronic Kidney Disease Stage 4","0.237","1.0","0.237","2026-09-07","ENCOUNTER","ACTIVE","","2026","TRUE","10.53","fe71dc5d-15dd-5cac-9409-ca04606eaf04","2026-09-07","RISK_ADJ_PIPELINE","2026-09-15 10:31:41"
"5ef90d8f-ff24-507f-948d-8877737a1e14","f53f3a42-647a-51c6-ad94-a0dd4e9797a7","eef56e38-726b-5344-b02a-bfc6dca77b71","HCC168","Hip Fracture/Dislocation","M80.019A","Hip Fracture/Dislocation","0.489","1.0","0.489","2026-09-13","CLAIMS","ACTIVE","","2026","TRUE","15.29","fe71dc5d-15dd-5cac-9409-ca04606eaf04","2026-09-13","RISK_ADJ_PIPELINE","2026-09-15 10:31:41"
"b0797f38-f912-573d-9931-b45fa295d7f2","f53f3a42-647a-51c6-ad94-a0dd4e9797a7","cd9d9eab-7fc8-5faf-9d52-6e2f6bf3eb5c","HCC40","Rheumatoid Arthritis","M16.30","Rheumatoid Arthritis","0.421","1.0","0.421","2026-07-29","CLAIMS","VALIDATED","","2026","FALSE","43.37","fe71dc5d-15dd-5cac-9409-ca04606eaf04","2026-07-29","RISK_ADJ_PIPELINE","2026-09-15 10:31:41"
"ba7b4565-3c30-5787-a601-33555d6134fe","2326f2b8-b13a-5597-8f58-0fea1f68ef2f","d230aa48-a4f4-5991-ab41-a9b88c4ddd46","HCC112","Fibrosis of Lung","J43.1","Fibrosis of Lung","0.199","1.02","0.203","2026-08-13","CLAIMS","ACTIVE","","2026","FALSE","78.19","fe71dc5d-15dd-5cac-9409-ca04606eaf04","2026-08-13","RISK_ADJ_PIPELINE","2026-09-15 10:31:41"
"942d7aa7-337a-507b-ba0c-53da470e7ff6","2326f2b8-b13a-5597-8f58-0fea1f68ef2f","7087120e-3bb4-5d6b-9819-683a672e5aa6","HCC58","Major Depressive/Bipolar Disorders","F31.30","Major Depressive/Bipolar Disorders","0.395","1.02","0.4029","2026-08-04","CLAIMS","ACTIVE","","2026","TRUE","18.68","fe71dc5d-15dd-5cac-9409-ca04606eaf04","2026-08-04","RISK_ADJ_PIPELINE","2026-09-15 10:31:41"
"54036195-fcf2-54ec-b1bf-24db2c321f7d","f91f6584-00af-5542-899e-7c4a35305ffc","8fdee92f-c49f-5f26-af65-26ac7592e6c0","HCC136","Chronic Kidney Disease Stage 4","N18.6","Chronic Kidney Disease Stage 4","0.237","1.0","0.237","2026-07-29","ENCOUNTER","ACTIVE","","2026","TRUE","3.51","fe71dc5d-15dd-5cac-9409-ca04606eaf04","2026-07-29","RISK_ADJ_PIPELINE","2026-09-15 10:31:41"
"2c046998-0ffb-526b-bc0f-e7d408454811","d60b954c-4ad1-5c06-b99a-cabfe1a095a6","b58e6095-23df-5c5f-997b-7b0f6707cd34","HCC58","Major Depressive/Bipolar Disorders","F31.62","Major Depressive/Bipolar Disorders","0.395","1.0","0.395","2026-07-05","ENCOUNTER","VALIDATED","","2026","TRUE","17.18","fe71dc5d-15dd-5cac-9409-ca04606eaf04","2026-07-05","RISK_ADJ_PIPELINE","2026-09-15 10:31:41"
"81b7d4b1-a3fb-5b8c-a43e-41120d98c9ec","df09aeb7-46b3-5813-a587-6bc147e5b7c8","d7dd13b7-6a35-548e-aca5-5b888f6e3aca","HCC85","Congestive Heart Failure","I50.22","Congestive Heart Failure","0.331","1.0","0.331","2026-07-28","CLAIMS","ACTIVE","","2026","FALSE","80.52","fe71dc5d-15dd-5cac-9409-ca04606eaf04","2026-07-28","RISK_ADJ_PIPELINE","2026-09-15 10:31:41"
"129645ee-602a-53cb-8b70-fac11dd3d704","c543102a-534d-5ff2-a13b-15045ea0f81e","c46b6f54-e32b-5677-87a1-1a6367df76d0","HCC9","Lung and Other Severe Cancers","C34.10","Lung and Other Severe Cancers","2.422","1.02","2.4704","2026-08-22","CLAIMS","ACTIVE","","2026","TRUE","15.01","fe71dc5d-15dd-5cac-9409-ca04606eaf04","2026-08-22","RISK_ADJ_PIPELINE","2026-09-15 10:31:41"
"228a2dba-cde9-51c6-bb88-85f9d1b9a98c","c543102a-534d-5ff2-a13b-15045ea0f81e","bde6c438-edf1-51f2-b10f-d72b857570ce","HCC168","Hip Fracture/Dislocation","M80.011A","Hip Fracture/Dislocation","0.489","1.02","0.4988","2026-07-01","CHART_REVIEW","VALIDATED","CODER_REVIEW","2026","TRUE","16.4","fe71dc5d-15dd-5cac-9409-ca04606eaf04","2026-07-01","RISK_ADJ_PIPELINE","2026-09-15 10:31:41"
"7290e1f9-a5e5-5d89-981b-774d182268e9","c543102a-534d-5ff2-a13b-15045ea0f81e","55dff301-1c88-59ea-b83e-a853dfd9859b","HCC18","Diabetes with Chronic Complications","E13.10","Diabetes with Chronic Complications","0.302","1.02","0.308","2026-08-11","ENCOUNTER","ACTIVE","","2026","TRUE","16.51","fe71dc5d-15dd-5cac-9409-ca04606eaf04","2026-08-11","RISK_ADJ_PIPELINE","2026-09-15 10:31:41"
"f0ef0ce3-9d88-5faf-8fda-5ec7c420279b","0025c8a9-b69f-5c74-b5e6-deb7b1242ec5","dc726424-956e-56d6-9dcb-cb045fc395cd","HCC86","Acute Myocardial Infarction","I21.09","Acute Myocardial Infarction","0.365","1.0","0.365","2026-08-27","CLAIMS","ACTIVE","","2026","TRUE","14.57","fe71dc5d-15dd-5cac-9409-ca04606eaf04","2026-08-27","RISK_ADJ_PIPELINE","2026-09-15 10:31:41"
"d575a26b-1281-5aba-8ec0-2eea48719bbc","0025c8a9-b69f-5c74-b5e6-deb7b1242ec5","dc726424-956e-56d6-9dcb-cb045fc395cd","HCC9","Lung and Other Severe Cancers","C34.11","Lung and Other Severe Cancers","2.422","1.0","2.422","2026-07-27","CLAIMS","ACTIVE","","2026","TRUE","14.57","fe71dc5d-15dd-5cac-9409-ca04606eaf04","2026-07-27","RISK_ADJ_PIPELINE","2026-09-15 10:31:41"
"55d8576b-5c16-574f-8d3c-b1d961011815","0025c8a9-b69f-5c74-b5e6-deb7b1242ec5","1fadd8e2-904d-5585-8389-b515be7740dd","HCC88","Angina Pectoris / Old MI","I25.5","Angina Pectoris / Old MI","0.241","1.0","0.241","2026-08-07","CHART_REVIEW","ACTIVE","CODER_REVIEW","2026","TRUE","1.48","fe71dc5d-15dd-5cac-9409-ca04606eaf04","2026-08-07","RISK_ADJ_PIPELINE","2026-09-15 10:31:41"
"ddc416a6-fcec-5365-b805-2b6ccb4cd899","1413140e-954c-5de3-9a1d-5ed45856cc26","20b5ec2a-9024-530c-b5cf-e34d29dc616f","HCC111","COPD","J44.1","COPD","0.335","1.02","0.3417","2026-08-25","CLAIMS","ACTIVE","","2026","FALSE","94.7","fe71dc5d-15dd-5cac-9409-ca04606eaf04","2026-08-25","RISK_ADJ_PIPELINE","2026-09-15 10:31:41"
"e1b14d62-ca32-5f74-9c0a-34ef670a343e","1413140e-954c-5de3-9a1d-5ed45856cc26","20b5ec2a-9024-530c-b5cf-e34d29dc616f","HCC86","Acute Myocardial Infarction","I21.29","Acute Myocardial Infarction","0.365","1.02","0.3723","2026-07-09","CLAIMS","ACTIVE","","2026","FALSE","94.7","fe71dc5d-15dd-5cac-9409-ca04606eaf04","2026-07-09","RISK_ADJ_PIPELINE","2026-09-15 10:31:41"
"56868b0f-4d35-5348-aa43-97a334b9cd38","0583efbd-d42b-5630-b218-14e67a664dd4","34301da8-9def-5c7e-9ecd-2fdad292a2e0","HCC12","Colon Cancer","C18.4","Colon Cancer","0.664","1.0","0.664","2026-06-21","CLAIMS","ACTIVE","","2026","TRUE","18.67","fe71dc5d-15dd-5cac-9409-ca04606eaf04","2026-06-21","RISK_ADJ_PIPELINE","2026-09-15 10:31:41"
"06a2d9ca-9495-5aff-a6fa-c56b2e479218","0583efbd-d42b-5630-b218-14e67a664dd4","4062978c-809b-5e26-bf6e-ab9efcb963e3","HCC40","Rheumatoid Arthritis","M16.30","Rheumatoid Arthritis","0.421","1.0","0.421","2026-08-31","CLAIMS","ACTIVE","","2026","TRUE","23.41","fe71dc5d-15dd-5cac-9409-ca04606eaf04","2026-08-31","RISK_ADJ_PIPELINE","2026-09-15 10:31:41"
"7ddd2d84-7943-50ba-a797-1d0d8f88c914","0583efbd-d42b-5630-b218-14e67a664dd4","4062978c-809b-5e26-bf6e-ab9efcb963e3","HCC9","Lung and Other Severe Cancers","C34.11","Lung and Other Severe Cancers","2.422","1.0","2.422","2026-08-04","CLAIMS","ACTIVE","","2026","TRUE","23.41","fe71dc5d-15dd-5cac-9409-ca04606eaf04","2026-08-04","RISK_ADJ_PIPELINE","2026-09-15 10:31:41"
"5af80f4b-bc01-5c8a-9bbf-59ecb19bb234","42473961-3749-5867-9ba2-fa8a8c5b1ce5","3c2d6ad4-c8cf-5cc3-9228-32b4245ed93a","HCC40","Rheumatoid Arthritis","M16.0","Rheumatoid Arthritis","0.421","1.0","0.421","2026-08-02","CLAIMS","VALIDATED","","2026","TRUE","11.91","fe71dc5d-15dd-5cac-9409-ca04606eaf04","2026-08-02","RISK_ADJ_PIPELINE","2026-09-15 10:31:41"
"a58ace7c-525f-50e2-a630-9501ac1ebc8e","fdc76efd-e3f4-5eb3-bc75-25d93cf03a52","02871cb1-f0f9-5f74-ae84-904d2276b068","HCC40","Rheumatoid Arthritis","M16.0","Rheumatoid Arthritis","0.421","1.0","0.421","2026-08-26","CLAIMS","ACTIVE","","2026","FALSE","73.03","fe71dc5d-15dd-5cac-9409-ca04606eaf04","2026-08-26","RISK_ADJ_PIPELINE","2026-09-15 10:31:41"
"077cd47c-c01a-51a3-aab5-c192e0cdfde2","fdc76efd-e3f4-5eb3-bc75-25d93cf03a52","c18ea811-abe4-5f43-9cd3-90ce44c776cc","HCC112","Fibrosis of Lung","J43.1","Fibrosis of Lung","0.199","1.0","0.199","2026-07-25","CHART_REVIEW","ACTIVE","CODER_REVIEW","2026","TRUE","22.31","fe71dc5d-15dd-5cac-9409-ca04606eaf04","2026-07-25","RISK_ADJ_PIPELINE","2026-09-15 10:31:41"
"6d5d1a87-8ccf-5c4d-832c-b9e59e288eb0","4eb41dbd-8b35-55cf-9bdf-bec06bd99ad9","b676c885-1d89-5c6c-9964-df1ee659f9d4","HCC168","Hip Fracture/Dislocation","M80.019A","Hip Fracture/Dislocation","0.489","1.02","0.4988","2026-06-20","CLAIMS","VALIDATED","","2026","TRUE","6.14","fe71dc5d-15dd-5cac-9409-ca04606eaf04","2026-06-20","RISK_ADJ_PIPELINE","2026-09-15 10:31:41"
"c2999f83-c98b-5169-86a2-e440e1a4e9df","f34a88f2-248d-5617-b542-8804ac3c411e","747b6422-ae46-5617-a1e7-f97a65e6f299","HCC12","Breast Cancer","C50.019","Breast Cancer","0.664","1.0","0.664","2026-06-27","ENCOUNTER","ACTIVE","","2026","TRUE","20.22","fe71dc5d-15dd-5cac-9409-ca04606eaf04","2026-06-27","RISK_ADJ_PIPELINE","2026-09-15 10:31:41"
"445a8da2-8476-5a0a-998e-948cf73aab35","dffb9e63-96af-5e68-8ecd-b530d511b0fc","cf1a1694-78ff-5c36-a2e6-eab3bc6ffd17","HCC85","Congestive Heart Failure","I50.20","Congestive Heart Failure","0.331","1.02","0.3376","2026-08-27","CLAIMS","ACTIVE","","2026","TRUE","5.23","fe71dc5d-15dd-5cac-9409-ca04606eaf04","2026-08-27","RISK_ADJ_PIPELINE","2026-09-15 10:31:41"
"6d7196d9-786f-5e95-a328-8d1c5294ae87","dffb9e63-96af-5e68-8ecd-b530d511b0fc","c8618a9a-2e8a-5e1b-ae43-5a16f27e9587","HCC96","Specified Heart Arrhythmias","I48.20","Specified Heart Arrhythmias","0.271","1.02","0.2764","2026-07-30","CLAIMS","ACTIVE","","2026","TRUE","13.41","fe71dc5d-15dd-5cac-9409-ca04606eaf04","2026-07-30","RISK_ADJ_PIPELINE","2026-09-15 10:31:41"
"24561898-63bc-53a4-a72a-ef66e1f24a1b","dffb9e63-96af-5e68-8ecd-b530d511b0fc","b1709b59-4875-58a7-9aff-852b7d465cf1","HCC19","Diabetes without Complication","E11.65","Diabetes without Complication","0.118","1.02","0.1204","2026-06-25","CLAIMS","ACTIVE","","2026","TRUE","19.37","fe71dc5d-15dd-5cac-9409-ca04606eaf04","2026-06-25","RISK_ADJ_PIPELINE","2026-09-15 10:31:41"
"e56d2d6a-f1a6-5d78-aec8-b5f63f52244c","6aa522cd-f81a-5188-9e46-6f8aa1bb63d5","7d6f424b-2f0b-5771-86b0-defedc45dd20","HCC57","Schizophrenia","F20.5","Schizophrenia","0.62","1.02","0.6324","2026-08-11","PROSPECTIVE","ACTIVE","","2026","TRUE","4.95","fe71dc5d-15dd-5cac-9409-ca04606eaf04","2026-08-11","RISK_ADJ_PIPELINE","2026-09-15 10:31:41"
"b7128f23-2f86-59cf-9c1b-33f536f1c736","91f02ed5-2883-5ab3-8267-ca56c25b4e9d","5fa871ce-7f23-507c-9f72-8b2db68e1917","HCC18","Diabetes with Chronic Complications","E13.65","Diabetes with Chronic Complications","0.302","1.02","0.308","2026-08-28","CHART_REVIEW","ACTIVE","CODER_REVIEW","2026","TRUE","2.72","fe71dc5d-15dd-5cac-9409-ca04606eaf04","2026-08-28","RISK_ADJ_PIPELINE","2026-09-15 10:31:41"
"e7f2a743-7df1-5dde-a73c-8a19d05d3eb1","a511b5e5-e689-5e1b-98f1-94b870848604","818e65fd-7600-51b3-ae18-0dc4b9c1a3be","HCC135","Acute Renal Failure","N17.2","Acute Renal Failure","0.441","1.0","0.441","2026-08-19","CLAIMS","ACTIVE","","2026","TRUE","12.43","fe71dc5d-15dd-5cac-9409-ca04606eaf04","2026-08-19","RISK_ADJ_PIPELINE","2026-09-15 10:31:41"
"89d8297a-e3c4-5025-8efc-72b21ed8500a","a511b5e5-e689-5e1b-98f1-94b870848604","1c7e19bf-4c5a-58ee-a5f3-303b46f29ff6","HCC86","Acute Myocardial Infarction","I21.3","Acute Myocardial Infarction","0.365","1.0","0.365","2026-09-13","CLAIMS","SUPERSEDED","","2026","FALSE","25.82","fe71dc5d-15dd-5cac-9409-ca04606eaf04","2026-09-13","RISK_ADJ_PIPELINE","2026-09-15 10:31:41"
"106e7878-23db-5ab2-9a6c-daa1e201cb2c","3c42f42a-1c22-599b-8c7e-6c2b8e5c6057","dd4278f5-cf4a-5ed7-bbab-43f852bcbb3b","HCC57","Schizophrenia","F20.0","Schizophrenia","0.62","1.0","0.62","2026-07-04","ENCOUNTER","ACTIVE","","2026","TRUE","19.56","fe71dc5d-15dd-5cac-9409-ca04606eaf04","2026-07-04","RISK_ADJ_PIPELINE","2026-09-15 10:31:41"
"cb60b713-6cad-510a-a3ae-0299f7bba67d","47253747-7b83-5c27-a86d-24786645d160","fa3d2046-3c0a-5726-8af8-238d13701da3","HCC168","Hip Fracture/Dislocation","M80.011A","Hip Fracture/Dislocation","0.489","1.0","0.489","2026-09-01","CLAIMS","ACTIVE","","2026","TRUE","1.55","fe71dc5d-15dd-5cac-9409-ca04606eaf04","2026-09-01","RISK_ADJ_PIPELINE","2026-09-15 10:31:41"
"c5e30bf3-6dba-5e9e-bbe7-e5e6f6d3b1ba","8b0704e8-f648-5614-9e76-14bc3727cc68","0a75e3da-2d3e-5446-b50b-58b0ec223177","HCC112","Fibrosis of Lung","J43.1","Fibrosis of Lung","0.199","1.0","0.199","2026-09-10","CLAIMS","VALIDATED","","2026","TRUE","6.48","fe71dc5d-15dd-5cac-9409-ca04606eaf04","2026-09-10","RISK_ADJ_PIPELINE","2026-09-15 10:31:41"
"45ef5b44-7298-5e34-83d1-d5c24ac5c735","cc64fbe3-629d-5af3-b3fb-03ff1faad415","caf8d135-99ea-522b-9888-62de466e887e","HCC9","Lung and Other Severe Cancers","C34.10","Lung and Other Severe Cancers","2.422","1.02","2.4704","2026-09-11","CLAIMS","ACTIVE","","2026","TRUE","23.44","fe71dc5d-15dd-5cac-9409-ca04606eaf04","2026-09-11","RISK_ADJ_PIPELINE","2026-09-15 10:31:41"
"62dccad2-d378-52b9-92fc-a9283943574f","7068d69b-40cb-54f8-b64a-c3e49d3e4c8f","e9465e8e-066c-54ab-a078-980f13205d50","HCC12","Breast Cancer","C50.211","Breast Cancer","0.664","1.0","0.664","2026-09-09","PROSPECTIVE","SUPERSEDED","","2026","TRUE","12.16","fe71dc5d-15dd-5cac-9409-ca04606eaf04","2026-09-09","RISK_ADJ_PIPELINE","2026-09-15 10:31:41"
"14687a99-0197-56c4-842b-664ba19233f0","610aecc2-0bef-5dcf-bae0-16c514447731","08620e76-22c8-54e8-95c0-680da5e8a61c","HCC12","Colon Cancer","C18.2","Colon Cancer","0.664","1.0","0.664","2026-06-22","PROSPECTIVE","ACTIVE","","2026","FALSE","57.46","fe71dc5d-15dd-5cac-9409-ca04606eaf04","2026-06-22","RISK_ADJ_PIPELINE","2026-09-15 10:31:41"
"05231325-d698-5da9-a6d0-3a365aa6f2a3","a116b0d0-61d5-5404-be2d-e1718c393c09","f654bc4a-d5eb-50fb-8099-7b758bdc71b1","HCC19","Diabetes without Complication","E11.00","Diabetes without Complication","0.118","1.02","0.1204","2026-08-09","CLAIMS","ACTIVE","","2026","FALSE","31.2","fe71dc5d-15dd-5cac-9409-ca04606eaf04","2026-08-09","RISK_ADJ_PIPELINE","2026-09-15 10:31:41"
"7139d892-8e10-507a-9490-e608cc29ccf1","a116b0d0-61d5-5404-be2d-e1718c393c09","7e6bc7c0-5802-5354-a122-0db5ab174a8d","HCC135","Acute Renal Failure","N17.2","Acute Renal Failure","0.441","1.02","0.4498","2026-09-05","CLAIMS","SUPERSEDED","","2026","TRUE","11.29","fe71dc5d-15dd-5cac-9409-ca04606eaf04","2026-09-05","RISK_ADJ_PIPELINE","2026-09-15 10:31:41"
"2c6448e7-320e-554f-85e2-ec2632242732","a116b0d0-61d5-5404-be2d-e1718c393c09","f1dec594-f0e4-5510-afa0-09a1406e9e12","HCC112","Fibrosis of Lung","J43.0","Fibrosis of Lung","0.199","1.02","0.203","2026-06-23","CLAIMS","ACTIVE","","2026","FALSE","30.86","fe71dc5d-15dd-5cac-9409-ca04606eaf04","2026-06-23","RISK_ADJ_PIPELINE","2026-09-15 10:31:41"
"4c949b21-d729-5fe9-8761-72dc43156a18","00ea21c0-fe90-53b8-8c70-ab85ed56d4a1","2afa94a9-bb6c-5ec9-88a4-cef2f7c3e920","HCC168","Hip Fracture/Dislocation","M80.011A","Hip Fracture/Dislocation","0.489","1.0","0.489","2026-08-15","CLAIMS","SUPERSEDED","","2026","FALSE","82.55","fe71dc5d-15dd-5cac-9409-ca04606eaf04","2026-08-15","RISK_ADJ_PIPELINE","2026-09-15 10:31:41"
"0c2c5e89-8386-57b1-9686-ee440bbf0281","00ea21c0-fe90-53b8-8c70-ab85ed56d4a1","4d53b45c-4970-5cca-80f0-06e120223ecc","HCC86","Acute Myocardial Infarction","I21.19","Acute Myocardial Infarction","0.365","1.0","0.365","2026-09-13","CLAIMS","ACTIVE","","2026","FALSE","28.35","fe71dc5d-15dd-5cac-9409-ca04606eaf04","2026-09-13","RISK_ADJ_PIPELINE","2026-09-15 10:31:41"
"82370f5f-5af2-5edb-aef6-b515eb64bcae","00ea21c0-fe90-53b8-8c70-ab85ed56d4a1","4d53b45c-4970-5cca-80f0-06e120223ecc","HCC136","Chronic Kidney Disease Stage 4","N18.4","Chronic Kidney Disease Stage 4","0.237","1.0","0.237","2026-08-03","CLAIMS","ACTIVE","","2026","FALSE","28.35","fe71dc5d-15dd-5cac-9409-ca04606eaf04","2026-08-03","RISK_ADJ_PIPELINE","2026-09-15 10:31:41"
"0c58f5fc-54cf-542e-9820-a6c58ac11a0e","0f20e473-aa27-521d-85ab-35d7f57e3da3","61978e60-8b2c-5798-b9c5-56be29a6b556","HCC168","Hip Fracture/Dislocation","M80.011A","Hip Fracture/Dislocation","0.489","1.02","0.4988","2026-09-07","CLAIMS","ACTIVE","","2026","TRUE","6.7","fe71dc5d-15dd-5cac-9409-ca04606eaf04","2026-09-07","RISK_ADJ_PIPELINE","2026-09-15 10:31:41"
"a7b8fd0e-5567-5c72-9f2d-cd1b34431037","0f20e473-aa27-521d-85ab-35d7f57e3da3","717e8cf4-3fdc-5c4e-86a0-60c024ae9e4c","HCC136","Chronic Kidney Disease Stage 4","N18.6","Chronic Kidney Disease Stage 4","0.237","1.02","0.2417","2026-08-28","ENCOUNTER","ACTIVE","","2026","FALSE","50.39","fe71dc5d-15dd-5cac-9409-ca04606eaf04","2026-08-28","RISK_ADJ_PIPELINE","2026-09-15 10:31:41"
"2071b367-0bd1-57e2-888c-e9809495450d","bc995327-1a56-5eea-9920-1051d31805b8","2dc315b0-78f9-5fa4-803e-0f029de8a714","HCC40","Rheumatoid Arthritis","M16.30","Rheumatoid Arthritis","0.421","1.02","0.4294","2026-09-05","CLAIMS","ACTIVE","","2026","TRUE","19.4","fe71dc5d-15dd-5cac-9409-ca04606eaf04","2026-09-05","RISK_ADJ_PIPELINE","2026-09-15 10:31:41"
"fb11bd69-f360-5f7e-ae33-1e588d82edea","1a41600c-d8c9-5040-b358-10576c51f620","7d8cbd18-cbbc-55ae-a35b-e1d49ecd119d","HCC58","Major Depressive/Bipolar Disorders","F31.9","Major Depressive/Bipolar Disorders","0.395","1.02","0.4029","2026-08-29","PROSPECTIVE","ACTIVE","","2026","TRUE","4.4","fe71dc5d-15dd-5cac-9409-ca04606eaf04","2026-08-29","RISK_ADJ_PIPELINE","2026-09-15 10:31:41"
"9e1be699-2806-5ff4-8e17-2fbfabc9b74d","f360bbd3-c605-5496-99fe-7a12f7d2cc8b","972cb2f4-5d08-5c29-bb42-fcb7a85d9bc2","HCC58","Major Depressive/Bipolar Disorders","F31.62","Major Depressive/Bipolar Disorders","0.395","1.0","0.395","2026-08-12","CLAIMS","ACTIVE","","2026","TRUE","19.36","fe71dc5d-15dd-5cac-9409-ca04606eaf04","2026-08-12","RISK_ADJ_PIPELINE","2026-09-15 10:31:41"
"5ffd3649-a9f3-5546-a7d9-005d4d52288c","f360bbd3-c605-5496-99fe-7a12f7d2cc8b","972cb2f4-5d08-5c29-bb42-fcb7a85d9bc2","HCC12","Colon Cancer","C18.7","Colon Cancer","0.664","1.0","0.664","2026-08-16","CLAIMS","ACTIVE","","2026","TRUE","19.36","fe71dc5d-15dd-5cac-9409-ca04606eaf04","2026-08-16","RISK_ADJ_PIPELINE","2026-09-15 10:31:41"
"841e425b-308e-500e-a866-98c4c57e4fc5","91c41442-8693-5572-bd6d-777217d3fff3","f3aff5d0-a0d9-5062-8c42-f816b540c9cd","HCC40","Rheumatoid Arthritis","M16.10","Rheumatoid Arthritis","0.421","1.02","0.4294","2026-07-29","CLAIMS","ACTIVE","","2026","TRUE","3.69","fe71dc5d-15dd-5cac-9409-ca04606eaf04","2026-07-29","RISK_ADJ_PIPELINE","2026-09-15 10:31:41"
"4f5a62d4-9763-5fca-bb88-06722eae0757","91c41442-8693-5572-bd6d-777217d3fff3","9c46c9ae-3c40-5946-a591-83d1ad55ecc1","HCC135","Acute Renal Failure","N17.0","Acute Renal Failure","0.441","1.02","0.4498","2026-07-31","PROSPECTIVE","VALIDATED","","2026","TRUE","16.08","fe71dc5d-15dd-5cac-9409-ca04606eaf04","2026-07-31","RISK_ADJ_PIPELINE","2026-09-15 10:31:41"
"1b0f1b36-cbce-5a65-be70-ed31eee34538","91c41442-8693-5572-bd6d-777217d3fff3","8961b26a-c565-514f-9121-903e04245bc2","HCC18","Diabetes with Chronic Complications","E13.40","Diabetes with Chronic Complications","0.302","1.02","0.308","2026-08-09","PROSPECTIVE","ACTIVE","","2026","TRUE","15.06","fe71dc5d-15dd-5cac-9409-ca04606eaf04","2026-08-09","RISK_ADJ_PIPELINE","2026-09-15 10:31:41"
"f5191f7b-2b08-59e2-9ecc-615a2e451e53","91c41442-8693-5572-bd6d-777217d3fff3","c6d1188b-19a8-5eef-8527-aff0e53918d5","HCC88","Angina Pectoris / Old MI","I25.110","Angina Pectoris / Old MI","0.241","1.02","0.2458","2026-07-24","CLAIMS","ACTIVE","","2026","TRUE","13.47","fe71dc5d-15dd-5cac-9409-ca04606eaf04","2026-07-24","RISK_ADJ_PIPELINE","2026-09-15 10:31:41"
"6e56ff72-9e34-5065-a3ac-643180aee1e7","0569b55a-d3f6-5357-a62c-dc8e67e4c8e9","427555e6-480a-5c6d-97c6-0142af3b735e","HCC86","Acute Myocardial Infarction","I21.3","Acute Myocardial Infarction","0.365","1.02","0.3723","2026-07-03","CLAIMS","VALIDATED","","2026","FALSE","92.08","fe71dc5d-15dd-5cac-9409-ca04606eaf04","2026-07-03","RISK_ADJ_PIPELINE","2026-09-15 10:31:41"
"508e046f-024f-55b7-8f74-2da3ad6e2499","dfc59b80-f856-5ba4-bf20-bf76dc15ec75","5ca882ff-1b03-58ee-a742-903cc6ef9002","HCC12","Colon Cancer","C18.2","Colon Cancer","0.664","1.02","0.6773","2026-07-09","CLAIMS","ACTIVE","","2026","TRUE","8.03","fe71dc5d-15dd-5cac-9409-ca04606eaf04","2026-07-09","RISK_ADJ_PIPELINE","2026-09-15 10:31:41"
"bd05afb1-6f89-52f6-9906-afa6e4ca4c3a","dfc59b80-f856-5ba4-bf20-bf76dc15ec75","0f719c22-55cb-58f7-a2c1-16e3c2dfee50","HCC135","Acute Renal Failure","N17.2","Acute Renal Failure","0.441","1.02","0.4498","2026-09-12","CLAIMS","ACTIVE","","2026","TRUE","20.03","fe71dc5d-15dd-5cac-9409-ca04606eaf04","2026-09-12","RISK_ADJ_PIPELINE","2026-09-15 10:31:41"
"f246a3bb-5a86-54c6-9892-57281a933f45","73b1810a-9d21-5862-ac30-1b31f7e87fcd","78ad2d8f-8c7e-593f-8a5b-5bcb8e6ef17e","HCC18","Diabetes with Chronic Complications","E13.65","Diabetes with Chronic Complications","0.302","1.02","0.308","2026-09-07","PROSPECTIVE","VALIDATED","","2026","TRUE","21.65","fe71dc5d-15dd-5cac-9409-ca04606eaf04","2026-09-07","RISK_ADJ_PIPELINE","2026-09-15 10:31:41"
"b8c970e7-eb73-5465-8f1d-e0d87a1abe84","cedb8412-7d11-51ba-8978-23544598aed0","7a56f424-fb2d-512e-b810-6b21c1ad3a5b","HCC19","Diabetes without Complication","E11.00","Diabetes without Complication","0.118","1.0","0.118","2026-08-16","ENCOUNTER","ACTIVE","","2026","TRUE","6.91","fe71dc5d-15dd-5cac-9409-ca04606eaf04","2026-08-16","RISK_ADJ_PIPELINE","2026-09-15 10:31:41"
"fc1cc57b-10f3-5922-9829-99752f331d25","83d52ac3-7158-5065-bfa5-6dc678441a67","6719e7e9-2c21-5fe5-964f-8a2b52c5f7c5","HCC57","Schizophrenia","F20.9","Schizophrenia","0.62","1.0","0.62","2026-08-14","CLAIMS","VALIDATED","","2026","TRUE","6.89","fe71dc5d-15dd-5cac-9409-ca04606eaf04","2026-08-14","RISK_ADJ_PIPELINE","2026-09-15 10:31:41"
"877f8fa9-2510-5caf-a47c-9cf8f8871ff4","83d52ac3-7158-5065-bfa5-6dc678441a67","9f68b091-ae25-5a1f-8630-e060c2389315","HCC111","COPD","J44.9","COPD","0.335","1.0","0.335","2026-06-19","CLAIMS","SUPERSEDED","","2026","TRUE","10.91","fe71dc5d-15dd-5cac-9409-ca04606eaf04","2026-06-19","RISK_ADJ_PIPELINE","2026-09-15 10:31:41"
"b6a6255d-2dd8-5ea8-a563-43a095bbc6c7","851f6690-78d3-5381-94de-e6de56789e9d","26b18905-bec1-5c27-a926-bfef99ae9f90","HCC111","COPD","J44.1","COPD","0.335","1.02","0.3417","2026-08-26","CLAIMS","ACTIVE","","2026","TRUE","18.96","fe71dc5d-15dd-5cac-9409-ca04606eaf04","2026-08-26","RISK_ADJ_PIPELINE","2026-09-15 10:31:41"
"2eb1d867-3d4e-5f06-b432-793393861180","851f6690-78d3-5381-94de-e6de56789e9d","b79909d2-3518-5430-9171-a25ea032c8b4","HCC17","Diabetes with Acute Complications","E10.9","Diabetes with Acute Complications","0.368","1.02","0.3754","2026-08-07","PROSPECTIVE","ACTIVE","","2026","TRUE","10.57","fe71dc5d-15dd-5cac-9409-ca04606eaf04","2026-08-07","RISK_ADJ_PIPELINE","2026-09-15 10:31:41"
"ea4d569d-c9a5-5cf6-8e95-3cc69d17f594","851f6690-78d3-5381-94de-e6de56789e9d","2356480a-e3dc-5023-ba69-d115f090fff6","HCC40","Rheumatoid Arthritis","M16.0","Rheumatoid Arthritis","0.421","1.02","0.4294","2026-08-01","CHART_REVIEW","VALIDATED","CODER_REVIEW","2026","TRUE","15.54","fe71dc5d-15dd-5cac-9409-ca04606eaf04","2026-08-01","RISK_ADJ_PIPELINE","2026-09-15 10:31:41"
"b7efeeec-b0d0-5554-af3c-8fa6bf077d1b","d7932dd7-f550-5a5a-a5b7-cbe089bb5168","c21a3f13-3de5-5924-a00c-5c014eae043e","HCC96","Specified Heart Arrhythmias","I48.20","Specified Heart Arrhythmias","0.271","1.0","0.271","2026-08-18","CLAIMS","ACTIVE","","2026","TRUE","23.45","fe71dc5d-15dd-5cac-9409-ca04606eaf04","2026-08-18","RISK_ADJ_PIPELINE","2026-09-15 10:31:41"
"467600c0-bc73-5565-9a69-367a22df0e8e","1aaf4343-3f74-506e-ae4e-423e6f70f111","ef58b108-7ad6-5318-8dd9-2c76545f03f9","HCC96","Specified Heart Arrhythmias","I48.0","Specified Heart Arrhythmias","0.271","1.0","0.271","2026-08-02","CLAIMS","ACTIVE","","2026","TRUE","20.22","fe71dc5d-15dd-5cac-9409-ca04606eaf04","2026-08-02","RISK_ADJ_PIPELINE","2026-09-15 10:31:41"
"d013a068-cfb2-52b6-83de-acf89c418e85","1aaf4343-3f74-506e-ae4e-423e6f70f111","df12aacb-148b-5dfc-89a3-cd214642b736","HCC111","COPD","J44.1","COPD","0.335","1.0","0.335","2026-06-19","CLAIMS","ACTIVE","","2026","TRUE","3.35","fe71dc5d-15dd-5cac-9409-ca04606eaf04","2026-06-19","RISK_ADJ_PIPELINE","2026-09-15 10:31:41"
"d596b674-b5ef-548d-aae9-87d262a6b75a","1aaf4343-3f74-506e-ae4e-423e6f70f111","18415595-4bd4-5f74-a750-1ed485d9cd7d","HCC18","Diabetes with Chronic Complications","E13.65","Diabetes with Chronic Complications","0.302","1.0","0.302","2026-07-24","CLAIMS","ACTIVE","","2026","TRUE","2.34","fe71dc5d-15dd-5cac-9409-ca04606eaf04","2026-07-24","RISK_ADJ_PIPELINE","2026-09-15 10:31:41"
"4a611866-7471-5ea0-940f-57c1de778c16","8007f055-bc60-5204-9663-edb465b197cb","7ee58014-8fba-57a6-9478-66adb93e7aed","HCC17","Diabetes with Acute Complications","E10.10","Diabetes with Acute Complications","0.368","1.0","0.368","2026-07-03","CLAIMS","SUPERSEDED","","2026","TRUE","19.42","fe71dc5d-15dd-5cac-9409-ca04606eaf04","2026-07-03","RISK_ADJ_PIPELINE","2026-09-15 10:31:41"
"9e864f19-2092-56b9-bab7-a680102fe46c","5c4bf546-f6e9-5b87-9c18-5e2f76ac3676","06fdec9d-39a1-5755-8f41-49a000432252","HCC58","Major Depressive/Bipolar Disorders","F31.62","Major Depressive/Bipolar Disorders","0.395","1.0","0.395","2026-07-01","CLAIMS","VALIDATED","","2026","FALSE","95.89","fe71dc5d-15dd-5cac-9409-ca04606eaf04","2026-07-01","RISK_ADJ_PIPELINE","2026-09-15 10:31:41"
"0618168a-bd2b-5330-9666-1e9fe82e1e2f","21f941b1-286c-5f88-9899-09e4d635b9e3","34de5268-b000-5e03-93c7-dfeb5744c885","HCC40","Rheumatoid Arthritis","M16.10","Rheumatoid Arthritis","0.421","1.0","0.421","2026-08-06","CLAIMS","ACTIVE","","2026","TRUE","19.64","fe71dc5d-15dd-5cac-9409-ca04606eaf04","2026-08-06","RISK_ADJ_PIPELINE","2026-09-15 10:31:41"
"edc31d0c-9353-572e-9edf-3603b64f3f7a","21f941b1-286c-5f88-9899-09e4d635b9e3","73f96866-6820-5f1d-a72e-8c9390b387e6","HCC12","Colon Cancer","C18.4","Colon Cancer","0.664","1.0","0.664","2026-07-01","CLAIMS","ACTIVE","","2026","TRUE","14.09","fe71dc5d-15dd-5cac-9409-ca04606eaf04","2026-07-01","RISK_ADJ_PIPELINE","2026-09-15 10:31:41"
"2c8ffb21-9905-5cf8-8827-979bcad8dbb8","21f941b1-286c-5f88-9899-09e4d635b9e3","99ad4b9d-606a-5827-8500-df6fb5730001","HCC112","Fibrosis of Lung","J43.0","Fibrosis of Lung","0.199","1.0","0.199","2026-08-21","CLAIMS","ACTIVE","","2026","TRUE","14.74","fe71dc5d-15dd-5cac-9409-ca04606eaf04","2026-08-21","RISK_ADJ_PIPELINE","2026-09-15 10:31:41"
"eb6eda0c-146b-58b9-9518-a2ca7c247d4a","66fe3da0-d452-5ed9-81e7-b1a696cb7b47","808844af-459e-58f4-9f3d-1cb356a978b1","HCC12","Breast Cancer","C50.411","Breast Cancer","0.664","1.0","0.664","2026-07-11","CLAIMS","ACTIVE","","2026","TRUE","1.85","fe71dc5d-15dd-5cac-9409-ca04606eaf04","2026-07-11","RISK_ADJ_PIPELINE","2026-09-15 10:31:41"
"7be952f2-b365-56fc-a99d-362735c71e92","f29f23e4-e150-5351-a12f-685ea3bb7db7","38f930cb-81c3-5008-8e6e-5abcb44d4d6a","HCC112","Fibrosis of Lung","J43.9","Fibrosis of Lung","0.199","1.02","0.203","2026-06-21","ENCOUNTER","ACTIVE","","2026","TRUE","6.0","fe71dc5d-15dd-5cac-9409-ca04606eaf04","2026-06-21","RISK_ADJ_PIPELINE","2026-09-15 10:31:41"
"e83cc55e-0686-5c55-98b8-3e6deff5f388","e618e838-a571-581e-839c-5c24209c8d7a","eb366a34-4e89-5adf-b01e-32d47413e52b","HCC111","COPD","J44.9","COPD","0.335","1.02","0.3417","2026-07-05","CLAIMS","ACTIVE","","2026","TRUE","18.04","fe71dc5d-15dd-5cac-9409-ca04606eaf04","2026-07-05","RISK_ADJ_PIPELINE","2026-09-15 10:31:41"
"68e891fb-4954-53e2-8ac1-d9907ac91010","bf834a28-e742-5079-b641-6fde0e64ed19","71320298-e24a-5692-9d3c-32b851017391","HCC136","Chronic Kidney Disease Stage 4","N18.5","Chronic Kidney Disease Stage 4","0.237","1.0","0.237","2026-06-19","CLAIMS","VALIDATED","","2026","TRUE","20.09","fe71dc5d-15dd-5cac-9409-ca04606eaf04","2026-06-19","RISK_ADJ_PIPELINE","2026-09-15 10:31:41"
"de9f7095-79e3-5023-a6c6-83423df8747a","bf834a28-e742-5079-b641-6fde0e64ed19","1910499b-bafe-5af6-bf2c-23b339eb030d","HCC96","Specified Heart Arrhythmias","I48.20","Specified Heart Arrhythmias","0.271","1.0","0.271","2026-09-06","CLAIMS","VALIDATED","","2026","TRUE","14.59","fe71dc5d-15dd-5cac-9409-ca04606eaf04","2026-09-06","RISK_ADJ_PIPELINE","2026-09-15 10:31:41"
"c460f9c3-5c97-5b55-be74-e375df16b809","376e4570-2473-5e2d-beee-893a5045374b","4107b47f-2382-5cc4-87e7-cc1207c84941","HCC9","Lung and Other Severe Cancers","C34.30","Lung and Other Severe Cancers","2.422","1.0","2.422","2026-07-07","PROSPECTIVE","ACTIVE","","2026","TRUE","10.07","fe71dc5d-15dd-5cac-9409-ca04606eaf04","2026-07-07","RISK_ADJ_PIPELINE","2026-09-15 10:31:41"
"ab43f3fc-7e48-5734-b8a9-06ea208e8dfe","b3caa1b3-102a-5738-a449-a07308838ff7","3c61b8ee-acab-54f6-99c7-d132b01453bf","HCC88","Angina Pectoris / Old MI","I25.10","Angina Pectoris / Old MI","0.241","1.02","0.2458","2026-08-26","CLAIMS","ACTIVE","","2026","TRUE","17.07","fe71dc5d-15dd-5cac-9409-ca04606eaf04","2026-08-26","RISK_ADJ_PIPELINE","2026-09-15 10:31:41"
"820ed303-71c8-5300-8a2c-5507f362ef65","b3caa1b3-102a-5738-a449-a07308838ff7","04b7299a-3531-548d-b6e0-e7062a789ecf","HCC168","Hip Fracture/Dislocation","M80.019A","Hip Fracture/Dislocation","0.489","1.02","0.4988","2026-06-17","CLAIMS","ACTIVE","","2026","FALSE","34.13","fe71dc5d-15dd-5cac-9409-ca04606eaf04","2026-06-17","RISK_ADJ_PIPELINE","2026-09-15 10:31:41"
"f922c44b-178c-5eea-a5f2-622511c92387","da32a83b-c173-51e7-a57b-6033edfb8398","b0ba483f-19a0-5003-bce3-f8680b07e530","HCC136","Chronic Kidney Disease Stage 4","N18.6","Chronic Kidney Disease Stage 4","0.237","1.02","0.2417","2026-06-27","CLAIMS","ACTIVE","","2026","TRUE","13.93","fe71dc5d-15dd-5cac-9409-ca04606eaf04","2026-06-27","RISK_ADJ_PIPELINE","2026-09-15 10:31:41"
"61d55938-e601-5619-92d6-2c9b48567bb5","21e7cb6e-55e4-5b86-b227-2e9ace7601a6","7b4090f9-639e-59b3-9d27-b493bc7a1e60","HCC40","Rheumatoid Arthritis","M16.10","Rheumatoid Arthritis","0.421","1.0","0.421","2026-09-14","ENCOUNTER","ACTIVE","","2026","TRUE","20.4","fe71dc5d-15dd-5cac-9409-ca04606eaf04","2026-09-14","RISK_ADJ_PIPELINE","2026-09-15 10:31:41"
"80420c39-0dc0-5955-8687-d7b76a6c7d3f","21e7cb6e-55e4-5b86-b227-2e9ace7601a6","443d68fe-896f-56c9-8e3e-2c1c34576198","HCC12","Colon Cancer","C18.7","Colon Cancer","0.664","1.0","0.664","2026-07-09","CLAIMS","ACTIVE","","2026","TRUE","12.62","fe71dc5d-15dd-5cac-9409-ca04606eaf04","2026-07-09","RISK_ADJ_PIPELINE","2026-09-15 10:31:41"
"1df5fd72-fff2-5808-ae5b-0c67027e9c68","0e4a1da6-46df-5f35-907f-e15ceae62c85","dd2b56d9-8afd-53e0-97ee-0233eb704e01","HCC168","Hip Fracture/Dislocation","M80.811A","Hip Fracture/Dislocation","0.489","1.02","0.4988","2026-07-11","PROSPECTIVE","ACTIVE","","2026","TRUE","14.15","fe71dc5d-15dd-5cac-9409-ca04606eaf04","2026-07-11","RISK_ADJ_PIPELINE","2026-09-15 10:31:41"
"92d0f9ce-3232-5fda-8bc1-bf191f42ce17","2f18921b-fcdd-534a-8524-7291037363e5","e3d43cbb-1d3f-5cc6-ad39-2abfa9916c80","HCC19","Diabetes without Complication","E11.40","Diabetes without Complication","0.118","1.0","0.118","2026-07-17","CLAIMS","ACTIVE","","2026","TRUE","4.16","fe71dc5d-15dd-5cac-9409-ca04606eaf04","2026-07-17","RISK_ADJ_PIPELINE","2026-09-15 10:31:41"
"1ff6d8ae-e3e7-5048-8932-3b642af3a3d0","2f18921b-fcdd-534a-8524-7291037363e5","20ca8d61-8104-5433-abac-eea99533f7e7","HCC18","Diabetes with Chronic Complications","E13.65","Diabetes with Chronic Complications","0.302","1.0","0.302","2026-06-27","CLAIMS","ACTIVE","","2026","TRUE","16.01","fe71dc5d-15dd-5cac-9409-ca04606eaf04","2026-06-27","RISK_ADJ_PIPELINE","2026-09-15 10:31:41"
"4f31d98e-3c1b-56b3-8ae4-9448182b197f","2f18921b-fcdd-534a-8524-7291037363e5","2aceaf6b-f175-57e6-aeb8-afdbbdd02e3a","HCC136","Chronic Kidney Disease Stage 4","N18.4","Chronic Kidney Disease Stage 4","0.237","1.0","0.237","2026-09-11","CLAIMS","VALIDATED","","2026","TRUE","11.84","fe71dc5d-15dd-5cac-9409-ca04606eaf04","2026-09-11","RISK_ADJ_PIPELINE","2026-09-15 10:31:41"
"6d7cd546-70df-5f14-835a-d51b71cbc643","62c0a437-524f-519b-beee-df1c7536b1af","be1f6f84-13cc-59b9-b1e7-487ed4d14cb7","HCC111","COPD","J44.1","COPD","0.335","1.02","0.3417","2026-07-15","PROSPECTIVE","ACTIVE","","2026","TRUE","17.05","fe71dc5d-15dd-5cac-9409-ca04606eaf04","2026-07-15","RISK_ADJ_PIPELINE","2026-09-15 10:31:41"
"b68d1524-9954-57ea-b0c7-0f52ff3e8061","5b48104e-315e-5fd9-8a1e-83893d4e0fd0","8b04ca6b-fa1e-5d16-a742-ff91a0d0b2c6","HCC12","Colon Cancer","C18.4","Colon Cancer","0.664","1.0","0.664","2026-08-17","CLAIMS","ACTIVE","","2026","TRUE","3.12","fe71dc5d-15dd-5cac-9409-ca04606eaf04","2026-08-17","RISK_ADJ_PIPELINE","2026-09-15 10:31:41"
"ce8839ea-88f5-5488-b6e0-fffba546451f","5b48104e-315e-5fd9-8a1e-83893d4e0fd0","56b47281-926c-5ead-9926-09329d81d30a","HCC40","Rheumatoid Arthritis","M16.10","Rheumatoid Arthritis","0.421","1.0","0.421","2026-08-16","CLAIMS","ACTIVE","","2026","TRUE","16.38","fe71dc5d-15dd-5cac-9409-ca04606eaf04","2026-08-16","RISK_ADJ_PIPELINE","2026-09-15 10:31:41"
"770f881b-f9cb-58ee-b134-e31b25aaae86","5b48104e-315e-5fd9-8a1e-83893d4e0fd0","cedae99b-f52a-5996-aa95-86414f8fe9f3","HCC19","Diabetes without Complication","E11.9","Diabetes without Complication","0.118","1.0","0.118","2026-07-28","CLAIMS","ACTIVE","","2026","TRUE","4.95","fe71dc5d-15dd-5cac-9409-ca04606eaf04","2026-07-28","RISK_ADJ_PIPELINE","2026-09-15 10:31:41"
"2924fbfc-3664-5593-bd79-5ec3d8bdc2b7","9bd6883f-d9ce-5d14-994f-ed1e38fa9ba0","f49a83d4-56c6-51d0-adfe-64a4d7e69e49","HCC86","Acute Myocardial Infarction","I21.29","Acute Myocardial Infarction","0.365","1.0","0.365","2026-09-07","ENCOUNTER","ACTIVE","","2026","TRUE","20.47","fe71dc5d-15dd-5cac-9409-ca04606eaf04","2026-09-07","RISK_ADJ_PIPELINE","2026-09-15 10:31:41"
"5831d804-9b2d-5875-91d1-237e2b62501c","dd01fd4c-5104-5a63-810a-e250bc79d1ea","c78c71bb-e691-5899-8dd7-73084bef2116","HCC18","Diabetes with Chronic Complications","E13.10","Diabetes with Chronic Complications","0.302","1.0","0.302","2026-06-30","CLAIMS","ACTIVE","","2026","TRUE","20.44","fe71dc5d-15dd-5cac-9409-ca04606eaf04","2026-06-30","RISK_ADJ_PIPELINE","2026-09-15 10:31:41"
"8fefa30f-cfb8-5c0c-84aa-6396ec879108","dd01fd4c-5104-5a63-810a-e250bc79d1ea","4ceffaa7-558f-5158-b87a-f984a5b4b5ac","HCC19","Diabetes without Complication","E11.40","Diabetes without Complication","0.118","1.0","0.118","2026-07-19","CLAIMS","ACTIVE","","2026","TRUE","15.43","fe71dc5d-15dd-5cac-9409-ca04606eaf04","2026-07-19","RISK_ADJ_PIPELINE","2026-09-15 10:31:41"
"8a5e6b31-9c90-53e4-8099-100865d00c66","dd01fd4c-5104-5a63-810a-e250bc79d1ea","9a74e051-9fd1-5b98-b5f7-3ad8c00986ff","HCC136","Chronic Kidney Disease Stage 4","N18.6","Chronic Kidney Disease Stage 4","0.237","1.0","0.237","2026-08-24","CLAIMS","ACTIVE","","2026","TRUE","3.01","fe71dc5d-15dd-5cac-9409-ca04606eaf04","2026-08-24","RISK_ADJ_PIPELINE","2026-09-15 10:31:41"
"74547702-c716-5505-be8c-b602c7898bef","60b7d10a-f59e-55e1-8224-8ca2599a758c","535aac8b-9b0d-5073-9ef3-f36d1ff99402","HCC19","Diabetes without Complication","E11.65","Diabetes without Complication","0.118","1.0","0.118","2026-08-28","CLAIMS","ACTIVE","","2026","TRUE","19.67","fe71dc5d-15dd-5cac-9409-ca04606eaf04","2026-08-28","RISK_ADJ_PIPELINE","2026-09-15 10:31:41"
"1e081d62-8bfd-5b3b-8d7f-bac40f3b469f","65758c21-db75-5d9b-8012-87cf596ea9af","e9fc3082-febe-5752-85a2-9b04183fb3e3","HCC85","Congestive Heart Failure","I50.20","Congestive Heart Failure","0.331","1.0","0.331","2026-09-09","ENCOUNTER","ACTIVE","","2026","TRUE","11.53","fe71dc5d-15dd-5cac-9409-ca04606eaf04","2026-09-09","RISK_ADJ_PIPELINE","2026-09-15 10:31:41"
"0409554a-54f6-5e9e-ae67-e6284379a8bf","65758c21-db75-5d9b-8012-87cf596ea9af","7ea2b9dd-7f0f-58f8-bf28-a3282608b31d","HCC136","Chronic Kidney Disease Stage 4","N18.4","Chronic Kidney Disease Stage 4","0.237","1.0","0.237","2026-08-20","PROSPECTIVE","ACTIVE","","2026","TRUE","23.21","fe71dc5d-15dd-5cac-9409-ca04606eaf04","2026-08-20","RISK_ADJ_PIPELINE","2026-09-15 10:31:41"
"208d0988-288e-5e9b-b330-d9acb809e4eb","dd35986a-77b1-5a8e-b0ca-78361fed9d15","8da6ae1d-7b1a-5d34-bcba-d9e48d84f9c0","HCC111","COPD","J44.9","COPD","0.335","1.0","0.335","2026-07-14","PROSPECTIVE","ACTIVE","","2026","TRUE","13.52","fe71dc5d-15dd-5cac-9409-ca04606eaf04","2026-07-14","RISK_ADJ_PIPELINE","2026-09-15 10:31:41"
"5537baad-41be-579d-9581-4c41491a59a6","ec6b8209-0c6e-5d45-934e-dc0bde10c818","de1eba05-ec32-5ca5-84d6-c03f634157e5","HCC40","Rheumatoid Arthritis","M16.10","Rheumatoid Arthritis","0.421","1.02","0.4294","2026-09-13","ENCOUNTER","ACTIVE","","2026","TRUE","15.23","fe71dc5d-15dd-5cac-9409-ca04606eaf04","2026-09-13","RISK_ADJ_PIPELINE","2026-09-15 10:31:41"
"36bc81c5-3c17-5a90-8e38-30b800af890d","431bbe6c-461e-5681-9e09-8e622f70e5cf","c405e40b-747c-5b8f-941f-3734d3504d74","HCC96","Specified Heart Arrhythmias","I48.11","Specified Heart Arrhythmias","0.271","1.02","0.2764","2026-08-28","CLAIMS","ACTIVE","","2026","TRUE","6.16","fe71dc5d-15dd-5cac-9409-ca04606eaf04","2026-08-28","RISK_ADJ_PIPELINE","2026-09-15 10:31:41"
"d4248a3d-d80b-50ae-aa06-6785a4cfe9bf","4ac018ca-b5b6-5765-878b-56b1d5fec177","81c0ce3a-e0e1-5ba1-9555-3adf67fb4b3c","HCC168","Hip Fracture/Dislocation","M80.019A","Hip Fracture/Dislocation","0.489","1.02","0.4988","2026-07-23","CLAIMS","ACTIVE","","2026","FALSE","44.6","fe71dc5d-15dd-5cac-9409-ca04606eaf04","2026-07-23","RISK_ADJ_PIPELINE","2026-09-15 10:31:41"
"144200d8-9e3f-5769-a7de-823d8b7d887a","4ac018ca-b5b6-5765-878b-56b1d5fec177","e626a81e-d634-57d7-b79b-51c3d8fe623e","HCC17","Diabetes with Acute Complications","E10.40","Diabetes with Acute Complications","0.368","1.02","0.3754","2026-07-17","CLAIMS","ACTIVE","","2026","TRUE","6.71","fe71dc5d-15dd-5cac-9409-ca04606eaf04","2026-07-17","RISK_ADJ_PIPELINE","2026-09-15 10:31:41"
"1918ce46-2b26-5a24-9d78-63489e33db4e","e1960db5-318e-5876-acf5-7965dd8275df","0234b40b-3ddd-5bc2-8dc8-f7d4cf49b353","HCC88","Angina Pectoris / Old MI","I25.2","Angina Pectoris / Old MI","0.241","1.02","0.2458","2026-09-09","CLAIMS","ACTIVE","","2026","TRUE","20.34","fe71dc5d-15dd-5cac-9409-ca04606eaf04","2026-09-09","RISK_ADJ_PIPELINE","2026-09-15 10:31:41"
"7a3b4b34-d689-5022-a965-56e66847eef1","cfbaa49f-4824-5d4e-9496-bbebc4589aa8","91db0f4c-d5e2-58df-bc5c-8dc2f8e0325d","HCC96","Specified Heart Arrhythmias","I48.11","Specified Heart Arrhythmias","0.271","1.0","0.271","2026-07-09","PROSPECTIVE","ACTIVE","","2026","TRUE","14.01","fe71dc5d-15dd-5cac-9409-ca04606eaf04","2026-07-09","RISK_ADJ_PIPELINE","2026-09-15 10:31:41"
"3754117f-5181-59ed-96a1-25c977715ff1","cfbaa49f-4824-5d4e-9496-bbebc4589aa8","48ce16b8-363c-5f55-8160-4037ab7105bb","HCC19","Diabetes without Complication","E11.65","Diabetes without Complication","0.118","1.0","0.118","2026-08-17","CLAIMS","ACTIVE","","2026","TRUE","22.99","fe71dc5d-15dd-5cac-9409-ca04606eaf04","2026-08-17","RISK_ADJ_PIPELINE","2026-09-15 10:31:41"
"f527e7a4-695d-5cfc-8ecb-439f1a9c3e84","4ff4922d-7619-5a37-858c-b713a9cbc033","04e82bb6-408c-5842-afab-5ebb300f1257","HCC168","Hip Fracture/Dislocation","M80.811A","Hip Fracture/Dislocation","0.489","1.0","0.489","2026-08-27","CLAIMS","SUPERSEDED","","2026","TRUE","17.97","fe71dc5d-15dd-5cac-9409-ca04606eaf04","2026-08-27","RISK_ADJ_PIPELINE","2026-09-15 10:31:41"
"804cbbf9-756f-5590-bf7f-dc0e980cae54","4ff4922d-7619-5a37-858c-b713a9cbc033","04e82bb6-408c-5842-afab-5ebb300f1257","HCC88","Angina Pectoris / Old MI","I25.2","Angina Pectoris / Old MI","0.241","1.0","0.241","2026-09-09","CLAIMS","ACTIVE","","2026","TRUE","17.97","fe71dc5d-15dd-5cac-9409-ca04606eaf04","2026-09-09","RISK_ADJ_PIPELINE","2026-09-15 10:31:41"
"1eefe031-fdcd-5455-a4d3-d0bc47e5840b","4ff4922d-7619-5a37-858c-b713a9cbc033","cf2998b8-4e5b-51b7-b28b-1cc991f2042e","HCC18","Diabetes with Chronic Complications","E13.10","Diabetes with Chronic Complications","0.302","1.0","0.302","2026-06-23","CLAIMS","ACTIVE","","2026","TRUE","11.33","fe71dc5d-15dd-5cac-9409-ca04606eaf04","2026-06-23","RISK_ADJ_PIPELINE","2026-09-15 10:31:41"
"3352a1be-9e14-5c2f-a1ec-372f12060d6b","ec8329c8-1e9f-5216-8f2a-e40212251ddb","2e96fad0-fc27-5634-96c3-83f9d298bd04","HCC19","Diabetes without Complication","E11.00","Diabetes without Complication","0.118","1.0","0.118","2026-08-04","CLAIMS","SUPERSEDED","","2026","TRUE","22.4","fe71dc5d-15dd-5cac-9409-ca04606eaf04","2026-08-04","RISK_ADJ_PIPELINE","2026-09-15 10:31:41"
"07153509-5969-5485-aeba-92f31aeb594c","ec8329c8-1e9f-5216-8f2a-e40212251ddb","1b151d18-0b8e-55cb-b0a0-24c5bf0d5059","HCC88","Angina Pectoris / Old MI","I25.110","Angina Pectoris / Old MI","0.241","1.0","0.241","2026-06-29","CLAIMS","VALIDATED","","2026","TRUE","14.25","fe71dc5d-15dd-5cac-9409-ca04606eaf04","2026-06-29","RISK_ADJ_PIPELINE","2026-09-15 10:31:41"
"f2bfd89f-20eb-5b3f-a095-cd91875457c3","ec8329c8-1e9f-5216-8f2a-e40212251ddb","2e96fad0-fc27-5634-96c3-83f9d298bd04","HCC111","COPD","J44.9","COPD","0.335","1.0","0.335","2026-07-19","CLAIMS","ACTIVE","","2026","TRUE","22.4","fe71dc5d-15dd-5cac-9409-ca04606eaf04","2026-07-19","RISK_ADJ_PIPELINE","2026-09-15 10:31:41"
"0733f574-594e-5dbc-8311-27971f309edb","abc4e43d-0b8b-56b5-be14-6a7f8f1da13f","aa1947c3-33bf-5068-b7f0-2ebb69c50c72","HCC19","Diabetes without Complication","E11.65","Diabetes without Complication","0.118","1.0","0.118","2026-08-18","CHART_REVIEW","ACTIVE","CODER_REVIEW","2026","TRUE","3.42","fe71dc5d-15dd-5cac-9409-ca04606eaf04","2026-08-18","RISK_ADJ_PIPELINE","2026-09-15 10:31:41"
"db1ae4dd-005a-5263-ab70-0ebf57bc19cf","abc4e43d-0b8b-56b5-be14-6a7f8f1da13f","c7af88cb-ef10-560e-8f74-8011294a6e35","HCC58","Major Depressive/Bipolar Disorders","F31.62","Major Depressive/Bipolar Disorders","0.395","1.0","0.395","2026-08-17","PROSPECTIVE","ACTIVE","","2026","TRUE","2.19","fe71dc5d-15dd-5cac-9409-ca04606eaf04","2026-08-17","RISK_ADJ_PIPELINE","2026-09-15 10:31:41"
"c3fa4670-0d08-5216-b65a-25f13f2d590b","30de0fcc-259f-5e72-9063-0f4b24a09f21","a866bb29-cf6d-5f2d-b356-46d7bb6724c1","HCC57","Schizophrenia","F20.5","Schizophrenia","0.62","1.0","0.62","2026-09-04","CLAIMS","ACTIVE","","2026","TRUE","19.37","fe71dc5d-15dd-5cac-9409-ca04606eaf04","2026-09-04","RISK_ADJ_PIPELINE","2026-09-15 10:31:41"
"445d2f64-d8a2-5466-995b-b9893430aa05","675f61e6-2184-5986-ad67-e2b41c0c099f","08b016a8-040a-5ab8-9676-e419116693d2","HCC136","Chronic Kidney Disease Stage 4","N18.5","Chronic Kidney Disease Stage 4","0.237","1.0","0.237","2026-08-13","CLAIMS","ACTIVE","","2026","TRUE","5.04","fe71dc5d-15dd-5cac-9409-ca04606eaf04","2026-08-13","RISK_ADJ_PIPELINE","2026-09-15 10:31:41"
"ead04a3e-cd64-5bf3-aabb-a74f52bc0891","b6f85d54-4343-549a-b185-94e9a8679ca4","d3369e73-f429-5082-be93-a0d483597c74","HCC40","Rheumatoid Arthritis","M16.10","Rheumatoid Arthritis","0.421","1.0","0.421","2026-09-10","CLAIMS","SUPERSEDED","","2026","FALSE","66.93","fe71dc5d-15dd-5cac-9409-ca04606eaf04","2026-09-10","RISK_ADJ_PIPELINE","2026-09-15 10:31:41"
"d24e5f09-3de9-55f0-a64c-37c380eab649","9c3d924e-3911-5a7f-ae70-37794e0fe9d5","ec917b8c-31cf-5f80-aab2-b650ef245924","HCC85","Congestive Heart Failure","I50.32","Congestive Heart Failure","0.331","1.02","0.3376","2026-07-01","ENCOUNTER","ACTIVE","","2026","TRUE","11.41","fe71dc5d-15dd-5cac-9409-ca04606eaf04","2026-07-01","RISK_ADJ_PIPELINE","2026-09-15 10:31:41"
"0063f196-2c75-55e6-bb02-5f65677f05dc","9c3d924e-3911-5a7f-ae70-37794e0fe9d5","88c0ebdd-b38e-59e1-8500-1a11c45e3b90","HCC57","Schizophrenia","F20.0","Schizophrenia","0.62","1.02","0.6324","2026-07-04","CLAIMS","ACTIVE","","2026","TRUE","10.51","fe71dc5d-15dd-5cac-9409-ca04606eaf04","2026-07-04","RISK_ADJ_PIPELINE","2026-09-15 10:31:41"
"a133bdff-6d8a-5f15-9f9f-3b3ef864e6a1","1a53716b-daea-5669-8f3e-8da519696044","5db9456b-6e78-5bcc-adc6-a2fdf3ac373e","HCC136","Chronic Kidney Disease Stage 4","N18.5","Chronic Kidney Disease Stage 4","0.237","1.02","0.2417","2026-08-26","ENCOUNTER","ACTIVE","","2026","FALSE","64.67","fe71dc5d-15dd-5cac-9409-ca04606eaf04","2026-08-26","RISK_ADJ_PIPELINE","2026-09-15 10:31:41"
"b40a4625-d56b-5861-9c07-f968bd08fab5","670a4474-c566-51fe-a9e5-5cc7429ade1f","d7303f6a-4b7e-5601-b003-ea698d08c3d0","HCC57","Schizophrenia","F20.9","Schizophrenia","0.62","1.0","0.62","2026-06-27","CLAIMS","ACTIVE","","2026","TRUE","1.78","fe71dc5d-15dd-5cac-9409-ca04606eaf04","2026-06-27","RISK_ADJ_PIPELINE","2026-09-15 10:31:41"
"a7d9f154-e6c4-50be-9858-900d5ccaf9f3","670a4474-c566-51fe-a9e5-5cc7429ade1f","93d8bdb0-0bdd-518f-b57c-3842fe554534","HCC18","Diabetes with Chronic Complications","E13.40","Diabetes with Chronic Complications","0.302","1.0","0.302","2026-09-06","ENCOUNTER","ACTIVE","","2026","FALSE","67.34","fe71dc5d-15dd-5cac-9409-ca04606eaf04","2026-09-06","RISK_ADJ_PIPELINE","2026-09-15 10:31:41"
"b0f85f99-6122-5300-b017-afdb339258ac","670a4474-c566-51fe-a9e5-5cc7429ade1f","fef8e1e8-a818-5628-98e7-1bac7126a10d","HCC58","Major Depressive/Bipolar Disorders","F31.9","Major Depressive/Bipolar Disorders","0.395","1.0","0.395","2026-06-23","CLAIMS","ACTIVE","","2026","TRUE","20.82","fe71dc5d-15dd-5cac-9409-ca04606eaf04","2026-06-23","RISK_ADJ_PIPELINE","2026-09-15 10:31:41"
"4d4ac52f-e1a1-53a8-9545-ca2c2153f873","7dcf625a-535b-500c-b08c-99b7b387dc01","9f01a9bb-c0ea-518f-ab70-c677477a0020","HCC136","Chronic Kidney Disease Stage 4","N18.6","Chronic Kidney Disease Stage 4","0.237","1.0","0.237","2026-09-03","CLAIMS","ACTIVE","","2026","TRUE","2.67","fe71dc5d-15dd-5cac-9409-ca04606eaf04","2026-09-03","RISK_ADJ_PIPELINE","2026-09-15 10:31:41"
"0dc4b2b1-affd-5dc7-ba6a-8c17e545269b","7dcf625a-535b-500c-b08c-99b7b387dc01","f5ef70df-d138-5b23-8d64-e3a7e65aeb76","HCC57","Schizophrenia","F20.0","Schizophrenia","0.62","1.0","0.62","2026-08-02","CLAIMS","ACTIVE","","2026","TRUE","15.62","fe71dc5d-15dd-5cac-9409-ca04606eaf04","2026-08-02","RISK_ADJ_PIPELINE","2026-09-15 10:31:41"
"1ba9687f-0a14-5f77-ac43-767931e9e84c","0d5b2355-b7f3-572e-98f5-7a7b19606d28","3620a58c-82a3-535c-a139-38329d8e7e78","HCC17","Diabetes with Acute Complications","E10.65","Diabetes with Acute Complications","0.368","1.02","0.3754","2026-09-14","ENCOUNTER","ACTIVE","","2026","TRUE","8.46","fe71dc5d-15dd-5cac-9409-ca04606eaf04","2026-09-14","RISK_ADJ_PIPELINE","2026-09-15 10:31:41"
"6645a790-29fa-5741-9397-5bed0594cea7","1db14f7b-ce5a-5474-9ecb-30e6b436aa7c","7e3db4be-9a1b-5060-9c3e-10235f9e5b84","HCC58","Major Depressive/Bipolar Disorders","F31.9","Major Depressive/Bipolar Disorders","0.395","1.0","0.395","2026-07-07","CLAIMS","ACTIVE","","2026","TRUE","19.29","fe71dc5d-15dd-5cac-9409-ca04606eaf04","2026-07-07","RISK_ADJ_PIPELINE","2026-09-15 10:31:41"
"c20c0f14-0fc5-5841-97d2-6a7580871e91","1db14f7b-ce5a-5474-9ecb-30e6b436aa7c","1fa6da41-3fd3-54a6-aa8c-4b1e4ff06fc4","HCC19","Diabetes without Complication","E11.9","Diabetes without Complication","0.118","1.0","0.118","2026-06-24","CHART_REVIEW","ACTIVE","CODER_REVIEW","2026","TRUE","20.53","fe71dc5d-15dd-5cac-9409-ca04606eaf04","2026-06-24","RISK_ADJ_PIPELINE","2026-09-15 10:31:41"
"191be7e2-39eb-5215-92e9-0009e03c2377","736cf289-39a4-509f-8afc-907f932f6244","caeb8c91-35d9-57ca-a575-3a5b8250cfd7","HCC19","Diabetes without Complication","E11.00","Diabetes without Complication","0.118","1.0","0.118","2026-08-18","CLAIMS","ACTIVE","","2026","TRUE","8.5","fe71dc5d-15dd-5cac-9409-ca04606eaf04","2026-08-18","RISK_ADJ_PIPELINE","2026-09-15 10:31:41"
"6fb9da30-8201-5f31-9108-6d0a880c8ab9","18c8a4ab-f0e6-5bf8-a065-cd9991933149","fa67f4eb-94e2-52e8-95ee-240a3d089f40","HCC17","Diabetes with Acute Complications","E10.9","Diabetes with Acute Complications","0.368","1.0","0.368","2026-08-30","PROSPECTIVE","ACTIVE","","2026","TRUE","5.69","fe71dc5d-15dd-5cac-9409-ca04606eaf04","2026-08-30","RISK_ADJ_PIPELINE","2026-09-15 10:31:41"
"998fa5df-b7bf-525d-ae14-ab2ddfe240af","18c8a4ab-f0e6-5bf8-a065-cd9991933149","6a1af32a-ec18-5b83-a6a3-d2607f964ebe","HCC12","Breast Cancer","C50.211","Breast Cancer","0.664","1.0","0.664","2026-06-29","PROSPECTIVE","VALIDATED","","2026","TRUE","8.62","fe71dc5d-15dd-5cac-9409-ca04606eaf04","2026-06-29","RISK_ADJ_PIPELINE","2026-09-15 10:31:41"
"f5dc502d-dd0c-5f92-ac8c-69359a7231c2","18c8a4ab-f0e6-5bf8-a065-cd9991933149","649b4db2-4c08-5dd2-a421-eeaef08296b0","HCC168","Hip Fracture/Dislocation","M80.019A","Hip Fracture/Dislocation","0.489","1.0","0.489","2026-07-05","CHART_REVIEW","ACTIVE","CODER_REVIEW","2026","TRUE","6.01","fe71dc5d-15dd-5cac-9409-ca04606eaf04","2026-07-05","RISK_ADJ_PIPELINE","2026-09-15 10:31:41"
"704b3e69-bd8d-51ca-9aca-50d1dc85d1e3","18c8a4ab-f0e6-5bf8-a065-cd9991933149","0803140f-cf09-56f3-847c-6adde35ac76e","HCC111","COPD","J44.0","COPD","0.335","1.0","0.335","2026-08-23","CLAIMS","ACTIVE","","2026","TRUE","12.74","fe71dc5d-15dd-5cac-9409-ca04606eaf04","2026-08-23","RISK_ADJ_PIPELINE","2026-09-15 10:31:41"
"f8e50be6-bb9b-5b5e-9f76-00276a95f0e2","dee346f5-e8ce-509b-ae32-37a3c8692320","dde5af77-f580-5cec-a6fc-89057c85367f","HCC136","Chronic Kidney Disease Stage 4","N18.5","Chronic Kidney Disease Stage 4","0.237","1.0","0.237","2026-06-17","CHART_REVIEW","ACTIVE","CODER_REVIEW","2026","FALSE","55.07","fe71dc5d-15dd-5cac-9409-ca04606eaf04","2026-06-17","RISK_ADJ_PIPELINE","2026-09-15 10:31:41"
"29dd9704-f587-555f-90fa-d00e1ec9afb2","dee346f5-e8ce-509b-ae32-37a3c8692320","11d2fa8e-10f1-5070-811d-44d1df5f5c12","HCC17","Diabetes with Acute Complications","E10.40","Diabetes with Acute Complications","0.368","1.0","0.368","2026-09-14","CLAIMS","ACTIVE","","2026","TRUE","11.94","fe71dc5d-15dd-5cac-9409-ca04606eaf04","2026-09-14","RISK_ADJ_PIPELINE","2026-09-15 10:31:41"
"1d802585-30e6-5c42-afb1-f10919fd77ae","48b8a521-c2d6-54a1-93ee-170a98c8abbe","44f86de8-2eee-5d38-876e-b8267382ed69","HCC168","Hip Fracture/Dislocation","M80.011A","Hip Fracture/Dislocation","0.489","1.02","0.4988","2026-07-15","CLAIMS","VALIDATED","","2026","TRUE","5.87","fe71dc5d-15dd-5cac-9409-ca04606eaf04","2026-07-15","RISK_ADJ_PIPELINE","2026-09-15 10:31:41"
"89def554-44ad-58d5-90df-c94dec10da0c","48b8a521-c2d6-54a1-93ee-170a98c8abbe","0017c212-f544-59fa-b4f3-f14ba0800e78","HCC12","Breast Cancer","C50.211","Breast Cancer","0.664","1.02","0.6773","2026-08-04","CLAIMS","VALIDATED","","2026","TRUE","9.97","fe71dc5d-15dd-5cac-9409-ca04606eaf04","2026-08-04","RISK_ADJ_PIPELINE","2026-09-15 10:31:41"
"29742148-3b80-5c33-9f30-f00a1cbb8b4d","b59310d2-3ef3-555e-8b67-122f550c9844","5c9bb829-412a-57c5-a47c-bdd0dfc3722c","HCC58","Major Depressive/Bipolar Disorders","F31.62","Major Depressive/Bipolar Disorders","0.395","1.0","0.395","2026-08-03","CHART_REVIEW","VALIDATED","CODER_REVIEW","2026","FALSE","27.39","fe71dc5d-15dd-5cac-9409-ca04606eaf04","2026-08-03","RISK_ADJ_PIPELINE","2026-09-15 10:31:41"
"15069ca6-a72c-51a3-86f2-3b4be06f4113","b59310d2-3ef3-555e-8b67-122f550c9844","974126fe-e85c-5d33-8e04-5c3f3384f3ee","HCC88","Angina Pectoris / Old MI","I25.2","Angina Pectoris / Old MI","0.241","1.0","0.241","2026-09-01","CLAIMS","ACTIVE","","2026","TRUE","4.58","fe71dc5d-15dd-5cac-9409-ca04606eaf04","2026-09-01","RISK_ADJ_PIPELINE","2026-09-15 10:31:41"
"736ddfff-54e8-57ce-a54f-d9194a0f9ac3","b59310d2-3ef3-555e-8b67-122f550c9844","5c9bb829-412a-57c5-a47c-bdd0dfc3722c","HCC135","Acute Renal Failure","N17.9","Acute Renal Failure","0.441","1.0","0.441","2026-07-20","CHART_REVIEW","VALIDATED","CODER_REVIEW","2026","FALSE","27.39","fe71dc5d-15dd-5cac-9409-ca04606eaf04","2026-07-20","RISK_ADJ_PIPELINE","2026-09-15 10:31:41"
"311e095e-81dc-5954-8498-12cbd8a97ef1","d01abc63-1e16-5a4e-b34a-0ec9e97c6ab3","8cc4fa68-0f04-56ac-90a0-99907b5b096b","HCC12","Breast Cancer","C50.211","Breast Cancer","0.664","1.02","0.6773","2026-08-07","CHART_REVIEW","ACTIVE","CODER_REVIEW","2026","TRUE","7.94","fe71dc5d-15dd-5cac-9409-ca04606eaf04","2026-08-07","RISK_ADJ_PIPELINE","2026-09-15 10:31:41"
"4d2e163f-5c5c-5217-a035-610c309a58bf","d01abc63-1e16-5a4e-b34a-0ec9e97c6ab3","e3af476e-f337-5609-90d2-0af0db0d07f0","HCC96","Specified Heart Arrhythmias","I48.11","Specified Heart Arrhythmias","0.271","1.02","0.2764","2026-08-19","CLAIMS","VALIDATED","","2026","TRUE","3.96","fe71dc5d-15dd-5cac-9409-ca04606eaf04","2026-08-19","RISK_ADJ_PIPELINE","2026-09-15 10:31:41"
"8137b025-e675-5675-9d74-b364859c8c70","d01abc63-1e16-5a4e-b34a-0ec9e97c6ab3","4252347a-b233-532a-8276-4867c5693c41","HCC19","Diabetes without Complication","E11.65","Diabetes without Complication","0.118","1.02","0.1204","2026-06-22","ENCOUNTER","ACTIVE","","2026","TRUE","4.88","fe71dc5d-15dd-5cac-9409-ca04606eaf04","2026-06-22","RISK_ADJ_PIPELINE","2026-09-15 10:31:41"
"81bcf6cc-41f2-5087-9a5d-11796a902601","d01abc63-1e16-5a4e-b34a-0ec9e97c6ab3","72ab026d-8cb9-535b-a24a-b15c47b5ea85","HCC111","COPD","J44.9","COPD","0.335","1.02","0.3417","2026-07-08","CLAIMS","VALIDATED","","2026","TRUE","12.06","fe71dc5d-15dd-5cac-9409-ca04606eaf04","2026-07-08","RISK_ADJ_PIPELINE","2026-09-15 10:31:41"
"508b989b-c961-5dff-9840-5c129927c7f0","56feddcb-3d36-54ea-bdea-3a616fb7924e","7d784bb4-735a-53d7-98de-02344a6554f7","HCC58","Major Depressive/Bipolar Disorders","F31.62","Major Depressive/Bipolar Disorders","0.395","1.02","0.4029","2026-08-26","CLAIMS","ACTIVE","","2026","TRUE","1.95","fe71dc5d-15dd-5cac-9409-ca04606eaf04","2026-08-26","RISK_ADJ_PIPELINE","2026-09-15 10:31:41"
"80c700b7-162b-5caf-9a31-2b3e622d1adc","847042dc-6515-529f-a7fa-61c8d1d312e9","033e9cfc-9724-5e94-becc-91a42ef2a66a","HCC111","COPD","J44.1","COPD","0.335","1.02","0.3417","2026-07-05","CLAIMS","ACTIVE","","2026","TRUE","2.25","fe71dc5d-15dd-5cac-9409-ca04606eaf04","2026-07-05","RISK_ADJ_PIPELINE","2026-09-15 10:31:41"
"1b82784d-11e6-57c9-a9cd-beea329d1653","847042dc-6515-529f-a7fa-61c8d1d312e9","1beedeee-9b0b-5692-b7b2-957097b61528","HCC12","Breast Cancer","C50.411","Breast Cancer","0.664","1.02","0.6773","2026-09-07","CLAIMS","VALIDATED","","2026","TRUE","16.86","fe71dc5d-15dd-5cac-9409-ca04606eaf04","2026-09-07","RISK_ADJ_PIPELINE","2026-09-15 10:31:41"
"3da32dc0-d2a8-59d6-8d25-4fa2b101d4f9","65739c52-ca7b-580f-8211-9ab2439882d1","3cbeaed9-7078-5609-89b9-0e7d6b572dd1","HCC57","Schizophrenia","F20.9","Schizophrenia","0.62","1.02","0.6324","2026-08-29","PROSPECTIVE","VALIDATED","","2026","TRUE","5.96","fe71dc5d-15dd-5cac-9409-ca04606eaf04","2026-08-29","RISK_ADJ_PIPELINE","2026-09-15 10:31:41"
"9049c068-75e5-5e94-8290-59e4ee29fd90","65739c52-ca7b-580f-8211-9ab2439882d1","65538303-2b8f-5f9a-ac35-cff0d3638fb4","HCC168","Hip Fracture/Dislocation","M80.019A","Hip Fracture/Dislocation","0.489","1.02","0.4988","2026-08-02","ENCOUNTER","ACTIVE","","2026","TRUE","22.99","fe71dc5d-15dd-5cac-9409-ca04606eaf04","2026-08-02","RISK_ADJ_PIPELINE","2026-09-15 10:31:41"
"5ae10364-e308-5ee8-8346-9d4db171b900","65739c52-ca7b-580f-8211-9ab2439882d1","e1299dd3-642f-506c-9c30-9b7cdffe061c","HCC12","Colon Cancer","C18.7","Colon Cancer","0.664","1.02","0.6773","2026-06-17","CLAIMS","ACTIVE","","2026","TRUE","20.12","fe71dc5d-15dd-5cac-9409-ca04606eaf04","2026-06-17","RISK_ADJ_PIPELINE","2026-09-15 10:31:41"
"298dc6e3-2801-5fb6-880a-413dc9040ecc","65739c52-ca7b-580f-8211-9ab2439882d1","b15b833d-ae00-5a5a-953d-35053148518b","HCC85","Congestive Heart Failure","I50.22","Congestive Heart Failure","0.331","1.02","0.3376","2026-08-19","CLAIMS","ACTIVE","","2026","TRUE","15.93","fe71dc5d-15dd-5cac-9409-ca04606eaf04","2026-08-19","RISK_ADJ_PIPELINE","2026-09-15 10:31:41"
"5b714044-84e3-5a7d-9f45-633a63c47ace","be860f3a-e441-57c6-be2f-134e922ff517","0e4a261f-f831-5078-968b-fde3cb7039a1","HCC12","Breast Cancer","C50.011","Breast Cancer","0.664","1.0","0.664","2026-08-11","CLAIMS","ACTIVE","","2026","TRUE","4.62","fe71dc5d-15dd-5cac-9409-ca04606eaf04","2026-08-11","RISK_ADJ_PIPELINE","2026-09-15 10:31:41"
"23d625bb-12bc-5c01-aade-66ea7122206a","be860f3a-e441-57c6-be2f-134e922ff517","4a2dc3ff-77de-5d53-9249-46d8233cb2a0","HCC40","Rheumatoid Arthritis","M16.0","Rheumatoid Arthritis","0.421","1.0","0.421","2026-08-30","CLAIMS","ACTIVE","","2026","TRUE","19.97","fe71dc5d-15dd-5cac-9409-ca04606eaf04","2026-08-30","RISK_ADJ_PIPELINE","2026-09-15 10:31:41"
"7b4b6aa7-6053-5a31-80c4-be4aa1ce24e8","2d7ee211-eecd-558d-9a8b-cbd023234a96","5763c794-c266-5b39-aebb-b38938c77d8b","HCC168","Hip Fracture/Dislocation","M80.011A","Hip Fracture/Dislocation","0.489","1.02","0.4988","2026-09-11","ENCOUNTER","ACTIVE","","2026","TRUE","20.64","fe71dc5d-15dd-5cac-9409-ca04606eaf04","2026-09-11","RISK_ADJ_PIPELINE","2026-09-15 10:31:41"
"56823852-7246-50a5-abb3-dbe74683127e","2d7ee211-eecd-558d-9a8b-cbd023234a96","ed992f45-2c80-5850-b90d-1637928bbd84","HCC135","Acute Renal Failure","N17.2","Acute Renal Failure","0.441","1.02","0.4498","2026-08-30","ENCOUNTER","ACTIVE","","2026","TRUE","9.22","fe71dc5d-15dd-5cac-9409-ca04606eaf04","2026-08-30","RISK_ADJ_PIPELINE","2026-09-15 10:31:41"
"fccca3c8-1823-51d1-b203-6aeb29cbe8a4","2d7ee211-eecd-558d-9a8b-cbd023234a96","5763c794-c266-5b39-aebb-b38938c77d8b","HCC18","Diabetes with Chronic Complications","E13.10","Diabetes with Chronic Complications","0.302","1.02","0.308","2026-06-21","ENCOUNTER","ACTIVE","","2026","TRUE","20.64","fe71dc5d-15dd-5cac-9409-ca04606eaf04","2026-06-21","RISK_ADJ_PIPELINE","2026-09-15 10:31:41"
"0e251d5e-ed55-5ffa-9210-49937f4d2102","2d7ee211-eecd-558d-9a8b-cbd023234a96","ddb8da95-238a-5008-bec9-8d8e6bd6c1f5","HCC40","Rheumatoid Arthritis","M16.10","Rheumatoid Arthritis","0.421","1.02","0.4294","2026-06-21","CLAIMS","ACTIVE","","2026","TRUE","18.62","fe71dc5d-15dd-5cac-9409-ca04606eaf04","2026-06-21","RISK_ADJ_PIPELINE","2026-09-15 10:31:41"
"85b0b7da-b1d0-5b65-8462-26cb7762a464","f015475b-387a-50d3-866d-63dfe91c34a5","c715b5e8-31f0-5503-ba79-9440499b1265","HCC96","Specified Heart Arrhythmias","I48.19","Specified Heart Arrhythmias","0.271","1.02","0.2764","2026-06-25","CLAIMS","ACTIVE","","2026","TRUE","19.99","fe71dc5d-15dd-5cac-9409-ca04606eaf04","2026-06-25","RISK_ADJ_PIPELINE","2026-09-15 10:31:41"
"48eb572a-f7ba-55e9-981b-cf61caed5582","f015475b-387a-50d3-866d-63dfe91c34a5","2c3a6aaf-9b54-5c76-ba91-95e68b017136","HCC9","Lung and Other Severe Cancers","C34.30","Lung and Other Severe Cancers","2.422","1.02","2.4704","2026-08-20","CLAIMS","ACTIVE","","2026","FALSE","73.89","fe71dc5d-15dd-5cac-9409-ca04606eaf04","2026-08-20","RISK_ADJ_PIPELINE","2026-09-15 10:31:41"
"9aa6a392-f653-5250-b312-4a8442bee70e","f015475b-387a-50d3-866d-63dfe91c34a5","a10fb615-996e-5723-8079-b5ece5e622c4","HCC111","COPD","J44.9","COPD","0.335","1.02","0.3417","2026-06-21","CLAIMS","ACTIVE","","2026","FALSE","59.09","fe71dc5d-15dd-5cac-9409-ca04606eaf04","2026-06-21","RISK_ADJ_PIPELINE","2026-09-15 10:31:41"
"7f8e8dec-dec3-5e19-b0f8-d6f840a26393","460f0944-f945-58a3-bb31-b66954c0c132","a523271b-9bae-55f0-813c-7f7e1893c75b","HCC96","Specified Heart Arrhythmias","I48.20","Specified Heart Arrhythmias","0.271","1.0","0.271","2026-08-10","CLAIMS","ACTIVE","","2026","TRUE","6.48","fe71dc5d-15dd-5cac-9409-ca04606eaf04","2026-08-10","RISK_ADJ_PIPELINE","2026-09-15 10:31:41"
"7e53f72d-c907-51d3-87cb-df66afa63d7c","460f0944-f945-58a3-bb31-b66954c0c132","f7432720-34f6-5559-a159-e636b03e2d59","HCC17","Diabetes with Acute Complications","E10.65","Diabetes with Acute Complications","0.368","1.0","0.368","2026-06-21","CLAIMS","VALIDATED","","2026","TRUE","15.3","fe71dc5d-15dd-5cac-9409-ca04606eaf04","2026-06-21","RISK_ADJ_PIPELINE","2026-09-15 10:31:41"
"49d65314-e347-5ae8-9a9e-46532c3bc90f","460f0944-f945-58a3-bb31-b66954c0c132","12c4c7d8-b25e-5b32-a76c-886f8d07748c","HCC111","COPD","J44.9","COPD","0.335","1.0","0.335","2026-07-21","CLAIMS","ACTIVE","","2026","FALSE","25.57","fe71dc5d-15dd-5cac-9409-ca04606eaf04","2026-07-21","RISK_ADJ_PIPELINE","2026-09-15 10:31:41"
"d31ee4e1-cb65-5355-afc2-8993a5df707a","460f0944-f945-58a3-bb31-b66954c0c132","20d2418e-b700-5b76-927c-2dceec913c0d","HCC57","Schizophrenia","F20.9","Schizophrenia","0.62","1.0","0.62","2026-09-09","CLAIMS","VALIDATED","","2026","TRUE","2.99","fe71dc5d-15dd-5cac-9409-ca04606eaf04","2026-09-09","RISK_ADJ_PIPELINE","2026-09-15 10:31:41"
"78650422-12c3-571f-8cd6-507b28621c97","8a988058-daf6-52f9-841b-292d8c61e930","a798a5e0-c620-523d-9412-3c0d5c83db7b","HCC135","Acute Renal Failure","N17.2","Acute Renal Failure","0.441","1.0","0.441","2026-08-09","CLAIMS","ACTIVE","","2026","TRUE","12.45","fe71dc5d-15dd-5cac-9409-ca04606eaf04","2026-08-09","RISK_ADJ_PIPELINE","2026-09-15 10:31:41"
"0e45d33a-db6b-5f73-8b30-475316e5668b","8a988058-daf6-52f9-841b-292d8c61e930","cd4f6400-8976-5823-9e84-868594408224","HCC58","Major Depressive/Bipolar Disorders","F31.9","Major Depressive/Bipolar Disorders","0.395","1.0","0.395","2026-07-14","CLAIMS","VALIDATED","","2026","TRUE","22.83","fe71dc5d-15dd-5cac-9409-ca04606eaf04","2026-07-14","RISK_ADJ_PIPELINE","2026-09-15 10:31:41"
"dfa61861-1ea5-5661-841d-11f5a3d6b601","0143be7a-6850-5105-9f44-1161263076fe","cb26fe1b-2bea-5926-abbe-b84ba9790349","HCC17","Diabetes with Acute Complications","E10.9","Diabetes with Acute Complications","0.368","1.02","0.3754","2026-07-14","CLAIMS","ACTIVE","","2026","TRUE","22.72","fe71dc5d-15dd-5cac-9409-ca04606eaf04","2026-07-14","RISK_ADJ_PIPELINE","2026-09-15 10:31:41"
"53fcede4-8830-5dfd-a19e-748993111427","0143be7a-6850-5105-9f44-1161263076fe","a209e5f5-7beb-5898-9b5b-c4a6e5135d3f","HCC88","Angina Pectoris / Old MI","I25.5","Angina Pectoris / Old MI","0.241","1.02","0.2458","2026-08-09","CLAIMS","ACTIVE","","2026","TRUE","19.37","fe71dc5d-15dd-5cac-9409-ca04606eaf04","2026-08-09","RISK_ADJ_PIPELINE","2026-09-15 10:31:41"
"b8dc3b66-e4f8-51ef-814b-894573ee19ac","d49106b2-5557-5f99-afe4-02b748c28691","7a563230-1e24-5738-b1cc-4d785164d4b2","HCC58","Major Depressive/Bipolar Disorders","F31.30","Major Depressive/Bipolar Disorders","0.395","1.02","0.4029","2026-08-07","CHART_REVIEW","ACTIVE","CODER_REVIEW","2026","TRUE","12.58","fe71dc5d-15dd-5cac-9409-ca04606eaf04","2026-08-07","RISK_ADJ_PIPELINE","2026-09-15 10:31:41"
"58f0e971-85a4-549c-be02-c678874eec70","476e74e2-ba77-5d72-b981-22c74118b993","25025ce9-1ffc-59e4-893a-5705088cc2b4","HCC9","Lung and Other Severe Cancers","C34.11","Lung and Other Severe Cancers","2.422","1.02","2.4704","2026-08-23","ENCOUNTER","VALIDATED","","2026","TRUE","12.31","fe71dc5d-15dd-5cac-9409-ca04606eaf04","2026-08-23","RISK_ADJ_PIPELINE","2026-09-15 10:31:41"
"4ee7394d-cc1f-5de5-a2f4-dbdd7b90e092","476e74e2-ba77-5d72-b981-22c74118b993","c786c234-deca-59c1-b501-fce0f067f9e8","HCC112","Fibrosis of Lung","J43.9","Fibrosis of Lung","0.199","1.02","0.203","2026-07-08","CLAIMS","ACTIVE","","2026","TRUE","11.93","fe71dc5d-15dd-5cac-9409-ca04606eaf04","2026-07-08","RISK_ADJ_PIPELINE","2026-09-15 10:31:41"
"361607b4-58de-5e6b-809e-dd157242a7ba","27cdfc9c-f73e-53c2-b7d2-2546018ec73f","db762ab1-ae91-5a46-a431-f623b471e128","HCC9","Lung and Other Severe Cancers","C34.30","Lung and Other Severe Cancers","2.422","1.02","2.4704","2026-08-27","PROSPECTIVE","ACTIVE","","2026","TRUE","15.56","fe71dc5d-15dd-5cac-9409-ca04606eaf04","2026-08-27","RISK_ADJ_PIPELINE","2026-09-15 10:31:41"
"443b0453-d809-5526-b891-c632b0ed85be","27cdfc9c-f73e-53c2-b7d2-2546018ec73f","4097a8a7-e88b-5db7-b284-0adb4d9a3ab4","HCC58","Major Depressive/Bipolar Disorders","F31.62","Major Depressive/Bipolar Disorders","0.395","1.02","0.4029","2026-07-23","CLAIMS","ACTIVE","","2026","TRUE","11.44","fe71dc5d-15dd-5cac-9409-ca04606eaf04","2026-07-23","RISK_ADJ_PIPELINE","2026-09-15 10:31:41"
"42d26eba-c322-5653-9d0a-a774309e81f1","27cdfc9c-f73e-53c2-b7d2-2546018ec73f","469f998b-a48f-5947-b941-30378b527529","HCC18","Diabetes with Chronic Complications","E13.40","Diabetes with Chronic Complications","0.302","1.02","0.308","2026-08-08","ENCOUNTER","ACTIVE","","2026","TRUE","10.27","fe71dc5d-15dd-5cac-9409-ca04606eaf04","2026-08-08","RISK_ADJ_PIPELINE","2026-09-15 10:31:41"
"9c20fe51-2302-5a95-9e15-c9c68ea91fa4","27cdfc9c-f73e-53c2-b7d2-2546018ec73f","469f998b-a48f-5947-b941-30378b527529","HCC19","Diabetes without Complication","E11.21","Diabetes without Complication","0.118","1.02","0.1204","2026-07-21","CLAIMS","VALIDATED","","2026","TRUE","10.27","fe71dc5d-15dd-5cac-9409-ca04606eaf04","2026-07-21","RISK_ADJ_PIPELINE","2026-09-15 10:31:41"
"d09ed610-7ae8-5a13-bfe7-2b61bbcdd838","f34de974-f249-5c0c-857f-2dd9e127ca7e","f572012d-82cf-5a3f-b2a3-ef6a65b500f5","HCC58","Major Depressive/Bipolar Disorders","F31.62","Major Depressive/Bipolar Disorders","0.395","1.02","0.4029","2026-06-19","ENCOUNTER","ACTIVE","","2026","TRUE","10.58","fe71dc5d-15dd-5cac-9409-ca04606eaf04","2026-06-19","RISK_ADJ_PIPELINE","2026-09-15 10:31:41"
"dde3c034-f6a4-529f-a669-647cbad8f155","c8c706b1-4821-53e3-b581-dd8f69a74b25","f5cf9dfd-dd19-5d37-a045-7b4040e268ad","HCC40","Rheumatoid Arthritis","M16.30","Rheumatoid Arthritis","0.421","1.0","0.421","2026-06-18","CLAIMS","ACTIVE","","2026","TRUE","17.12","fe71dc5d-15dd-5cac-9409-ca04606eaf04","2026-06-18","RISK_ADJ_PIPELINE","2026-09-15 10:31:41"
"51059d54-0322-5dba-956c-03d64564b0a0","c8c706b1-4821-53e3-b581-dd8f69a74b25","29271661-3e3b-5a67-b12d-9698fda2b111","HCC18","Diabetes with Chronic Complications","E13.10","Diabetes with Chronic Complications","0.302","1.0","0.302","2026-09-07","CLAIMS","ACTIVE","","2026","FALSE","49.47","fe71dc5d-15dd-5cac-9409-ca04606eaf04","2026-09-07","RISK_ADJ_PIPELINE","2026-09-15 10:31:41"
"b637da7b-6c72-5c3d-93bd-46cf1d5e4398","63d46d5e-5105-5540-8917-e77d1c3c1e88","d9fda004-f972-50e9-83d0-9bf6524e5f88","HCC136","Chronic Kidney Disease Stage 4","N18.5","Chronic Kidney Disease Stage 4","0.237","1.0","0.237","2026-07-03","CLAIMS","ACTIVE","","2026","FALSE","80.35","fe71dc5d-15dd-5cac-9409-ca04606eaf04","2026-07-03","RISK_ADJ_PIPELINE","2026-09-15 10:31:41"
"32e52fc1-9543-5688-b8fd-5edc574ed63d","e50e00bb-dc06-57c5-84b5-7e1cf2fb4bb6","c7d3a6b6-36e4-5c20-9bda-6bdac7a4e0f9","HCC135","Acute Renal Failure","N17.2","Acute Renal Failure","0.441","1.0","0.441","2026-07-23","CHART_REVIEW","VALIDATED","CODER_REVIEW","2026","TRUE","12.68","fe71dc5d-15dd-5cac-9409-ca04606eaf04","2026-07-23","RISK_ADJ_PIPELINE","2026-09-15 10:31:41"
"58199c40-17f7-591e-8f13-c652c25423f8","e50e00bb-dc06-57c5-84b5-7e1cf2fb4bb6","ed7959f7-fa49-5087-b20d-af01a9c022ec","HCC86","Acute Myocardial Infarction","I21.29","Acute Myocardial Infarction","0.365","1.0","0.365","2026-07-07","CLAIMS","ACTIVE","","2026","TRUE","19.49","fe71dc5d-15dd-5cac-9409-ca04606eaf04","2026-07-07","RISK_ADJ_PIPELINE","2026-09-15 10:31:41"
"de83e011-0b2b-5e42-bf83-d90f56edb1f4","59566584-0387-5641-a29a-df168008d425","e15dd39c-abaf-5cc4-b435-4a08aaaad3d3","HCC18","Diabetes with Chronic Complications","E13.65","Diabetes with Chronic Complications","0.302","1.0","0.302","2026-09-09","PROSPECTIVE","ACTIVE","","2026","TRUE","6.42","fe71dc5d-15dd-5cac-9409-ca04606eaf04","2026-09-09","RISK_ADJ_PIPELINE","2026-09-15 10:31:41"
"e270516b-0f9d-51a0-ba73-0446e6b56d9d","59566584-0387-5641-a29a-df168008d425","4475b95d-e551-5b49-8656-ff94306cc50c","HCC57","Schizophrenia","F20.9","Schizophrenia","0.62","1.0","0.62","2026-08-31","CLAIMS","ACTIVE","","2026","FALSE","31.94","fe71dc5d-15dd-5cac-9409-ca04606eaf04","2026-08-31","RISK_ADJ_PIPELINE","2026-09-15 10:31:41"
"e610c398-09b8-59e9-8dd4-528289d82365","59566584-0387-5641-a29a-df168008d425","bfe49a4e-f6d5-5278-9279-c0912a9ad8ed","HCC19","Diabetes without Complication","E11.21","Diabetes without Complication","0.118","1.0","0.118","2026-07-03","CLAIMS","SUPERSEDED","","2026","FALSE","57.84","fe71dc5d-15dd-5cac-9409-ca04606eaf04","2026-07-03","RISK_ADJ_PIPELINE","2026-09-15 10:31:41"
"fef5c07f-49e1-548e-b92b-ef26f29477a9","764c3b3d-3ea6-5811-b4df-4cea1b388005","794a4fc6-3fb6-5cb9-9068-24b07e989acb","HCC96","Specified Heart Arrhythmias","I48.20","Specified Heart Arrhythmias","0.271","1.0","0.271","2026-07-18","CLAIMS","ACTIVE","","2026","FALSE","28.37","fe71dc5d-15dd-5cac-9409-ca04606eaf04","2026-07-18","RISK_ADJ_PIPELINE","2026-09-15 10:31:41"
"50289263-97e1-5e84-84fd-46a326c0443d","788712c8-8238-5339-ada2-356a95075978","c2703508-ff8f-560c-a8c8-6ccac0660ab5","HCC57","Schizophrenia","F20.0","Schizophrenia","0.62","1.02","0.6324","2026-07-29","CLAIMS","ACTIVE","","2026","TRUE","20.21","fe71dc5d-15dd-5cac-9409-ca04606eaf04","2026-07-29","RISK_ADJ_PIPELINE","2026-09-15 10:31:41"
"4f96c70a-3531-57b1-9dbc-60d56aa16d3c","a1bb7ebe-d874-5a25-a508-053371924cc0","c4784b15-8452-5eb2-9286-180c6c7d884f","HCC19","Diabetes without Complication","E11.00","Diabetes without Complication","0.118","1.0","0.118","2026-08-05","ENCOUNTER","ACTIVE","","2026","TRUE","12.17","fe71dc5d-15dd-5cac-9409-ca04606eaf04","2026-08-05","RISK_ADJ_PIPELINE","2026-09-15 10:31:41"
"c0206d4d-644a-5764-a035-7a57a2d68128","a1bb7ebe-d874-5a25-a508-053371924cc0","c6c15925-48a8-50fe-b625-c46fd0df67df","HCC12","Colon Cancer","C18.4","Colon Cancer","0.664","1.0","0.664","2026-07-16","CLAIMS","ACTIVE","","2026","TRUE","6.35","fe71dc5d-15dd-5cac-9409-ca04606eaf04","2026-07-16","RISK_ADJ_PIPELINE","2026-09-15 10:31:41"
"4e34a1df-7f9f-5cfc-949f-a1d7cb2bf489","70e9e8a4-fd29-5d7d-9204-e848f5970a8b","1e71c43d-206a-5e00-9666-1c0aed8959ab","HCC96","Specified Heart Arrhythmias","I48.0","Specified Heart Arrhythmias","0.271","1.0","0.271","2026-06-21","ENCOUNTER","ACTIVE","","2026","TRUE","12.29","fe71dc5d-15dd-5cac-9409-ca04606eaf04","2026-06-21","RISK_ADJ_PIPELINE","2026-09-15 10:31:41"
"6096e57d-a702-590b-8213-56e3d0cb052e","70e9e8a4-fd29-5d7d-9204-e848f5970a8b","25a7fd50-90dc-566d-beda-8606df68444c","HCC136","Chronic Kidney Disease Stage 4","N18.6","Chronic Kidney Disease Stage 4","0.237","1.0","0.237","2026-07-13","CLAIMS","ACTIVE","","2026","TRUE","9.09","fe71dc5d-15dd-5cac-9409-ca04606eaf04","2026-07-13","RISK_ADJ_PIPELINE","2026-09-15 10:31:41"
"4f38b128-e54d-59fe-adc9-6345e6b8969e","70e9e8a4-fd29-5d7d-9204-e848f5970a8b","45176548-070e-597c-aa7d-402268ab2e9a","HCC40","Rheumatoid Arthritis","M16.10","Rheumatoid Arthritis","0.421","1.0","0.421","2026-08-26","CLAIMS","ACTIVE","","2026","TRUE","3.03","fe71dc5d-15dd-5cac-9409-ca04606eaf04","2026-08-26","RISK_ADJ_PIPELINE","2026-09-15 10:31:41"
"8cb6d7f8-9d3f-5cd5-8cb1-5c2c9f840b37","70e9e8a4-fd29-5d7d-9204-e848f5970a8b","d04e2f0f-47f3-5445-bda0-d71aadbc256c","HCC135","Acute Renal Failure","N17.0","Acute Renal Failure","0.441","1.0","0.441","2026-07-19","CLAIMS","ACTIVE","","2026","FALSE","50.72","fe71dc5d-15dd-5cac-9409-ca04606eaf04","2026-07-19","RISK_ADJ_PIPELINE","2026-09-15 10:31:41"
"e2d079c1-c0a2-5ed1-8fc0-7a2f949d849a","fc5cdec1-00d5-5587-a952-625e26faeef4","3cea081b-525a-5cfa-84b5-3e4749b9f754","HCC96","Specified Heart Arrhythmias","I48.11","Specified Heart Arrhythmias","0.271","1.0","0.271","2026-07-20","ENCOUNTER","ACTIVE","","2026","TRUE","21.35","fe71dc5d-15dd-5cac-9409-ca04606eaf04","2026-07-20","RISK_ADJ_PIPELINE","2026-09-15 10:31:41"
"f7c78826-e1b9-5792-a382-4d60184671d2","fc5cdec1-00d5-5587-a952-625e26faeef4","32c40d94-d6b8-5027-9294-ffb3561d2781","HCC168","Hip Fracture/Dislocation","M80.011A","Hip Fracture/Dislocation","0.489","1.0","0.489","2026-06-26","CLAIMS","VALIDATED","","2026","TRUE","3.88","fe71dc5d-15dd-5cac-9409-ca04606eaf04","2026-06-26","RISK_ADJ_PIPELINE","2026-09-15 10:31:41"
"9f1e7cef-72d6-504f-b185-908fbdb9d97a","fc5cdec1-00d5-5587-a952-625e26faeef4","32c40d94-d6b8-5027-9294-ffb3561d2781","HCC135","Acute Renal Failure","N17.0","Acute Renal Failure","0.441","1.0","0.441","2026-07-29","CHART_REVIEW","ACTIVE","CODER_REVIEW","2026","TRUE","3.88","fe71dc5d-15dd-5cac-9409-ca04606eaf04","2026-07-29","RISK_ADJ_PIPELINE","2026-09-15 10:31:41"
"69e01b2e-466e-58dc-9949-29cc3c45487d","e5dff58c-4b84-579b-bd9d-93d65db9f1d6","323477cc-0296-52b0-b68e-46c5426ef568","HCC136","Chronic Kidney Disease Stage 4","N18.6","Chronic Kidney Disease Stage 4","0.237","1.0","0.237","2026-07-20","CLAIMS","ACTIVE","","2026","TRUE","12.21","fe71dc5d-15dd-5cac-9409-ca04606eaf04","2026-07-20","RISK_ADJ_PIPELINE","2026-09-15 10:31:41"
"d2958112-4065-500d-a04a-c2df0f819a9b","e5dff58c-4b84-579b-bd9d-93d65db9f1d6","5e0f8c71-3fc1-538c-bdae-192519855a90","HCC58","Major Depressive/Bipolar Disorders","F31.30","Major Depressive/Bipolar Disorders","0.395","1.0","0.395","2026-07-28","CLAIMS","ACTIVE","","2026","FALSE","44.21","fe71dc5d-15dd-5cac-9409-ca04606eaf04","2026-07-28","RISK_ADJ_PIPELINE","2026-09-15 10:31:41"
"ffebbe08-0d86-5866-93bd-a12a370b2931","4e8cf672-d8d7-54e4-8a26-0e9d9d820d1b","3da2dd32-3ecb-5d78-9426-0d883971e185","HCC136","Chronic Kidney Disease Stage 4","N18.6","Chronic Kidney Disease Stage 4","0.237","1.02","0.2417","2026-08-03","CLAIMS","VALIDATED","","2026","TRUE","14.87","fe71dc5d-15dd-5cac-9409-ca04606eaf04","2026-08-03","RISK_ADJ_PIPELINE","2026-09-15 10:31:41"
"a6ce475f-af87-5bf9-9a73-95515787e3b2","4e8cf672-d8d7-54e4-8a26-0e9d9d820d1b","98b4e412-3d28-5aa6-97e5-a1fbe8867ebc","HCC112","Fibrosis of Lung","J43.0","Fibrosis of Lung","0.199","1.02","0.203","2026-07-13","CHART_REVIEW","ACTIVE","CODER_REVIEW","2026","TRUE","12.2","fe71dc5d-15dd-5cac-9409-ca04606eaf04","2026-07-13","RISK_ADJ_PIPELINE","2026-09-15 10:31:41"
"92ffb1a4-f08d-5319-82f6-8a6a636ab51a","b0040dbc-7304-51f9-b3a9-9b2ce025c3e7","8b363bdc-9022-5cf6-8161-098913eea589","HCC17","Diabetes with Acute Complications","E10.10","Diabetes with Acute Complications","0.368","1.0","0.368","2026-07-30","CHART_REVIEW","ACTIVE","CODER_REVIEW","2026","FALSE","27.36","fe71dc5d-15dd-5cac-9409-ca04606eaf04","2026-07-30","RISK_ADJ_PIPELINE","2026-09-15 10:31:41"
"200915d8-6b10-5379-ba9e-189f89a02722","4ae7a84c-78f0-5f52-ab4e-6a0d86fc2ecc","6fc9fea5-44e0-5148-a75a-275ec92440a1","HCC86","Acute Myocardial Infarction","I21.3","Acute Myocardial Infarction","0.365","1.02","0.3723","2026-09-04","CHART_REVIEW","ACTIVE","CODER_REVIEW","2026","TRUE","10.86","fe71dc5d-15dd-5cac-9409-ca04606eaf04","2026-09-04","RISK_ADJ_PIPELINE","2026-09-15 10:31:41"
"dde42a4e-7458-55a3-86bc-9afbadfbf4a7","b5c6ec94-eb10-53a4-af53-ba119cf1a690","97c427d6-fc17-53d7-ba22-d134940366c6","HCC12","Breast Cancer","C50.019","Breast Cancer","0.664","1.0","0.664","2026-08-14","CLAIMS","ACTIVE","","2026","TRUE","13.05","fe71dc5d-15dd-5cac-9409-ca04606eaf04","2026-08-14","RISK_ADJ_PIPELINE","2026-09-15 10:31:41"
"508621fe-ac7a-5051-a0b6-887c264216c4","ae4da863-729a-5317-afda-5b6d753464f5","9088605b-43a3-5816-9212-a5701d9dde2d","HCC17","Diabetes with Acute Complications","E10.40","Diabetes with Acute Complications","0.368","1.02","0.3754","2026-08-08","PROSPECTIVE","ACTIVE","","2026","TRUE","13.12","fe71dc5d-15dd-5cac-9409-ca04606eaf04","2026-08-08","RISK_ADJ_PIPELINE","2026-09-15 10:31:41"
"8bacc6e6-6f6a-53c0-ab59-39ed4ae14da9","ae4da863-729a-5317-afda-5b6d753464f5","9a0ba055-1524-53e0-92b4-52103ff98e65","HCC88","Angina Pectoris / Old MI","I25.10","Angina Pectoris / Old MI","0.241","1.02","0.2458","2026-06-25","CHART_REVIEW","ACTIVE","CODER_REVIEW","2026","TRUE","7.68","fe71dc5d-15dd-5cac-9409-ca04606eaf04","2026-06-25","RISK_ADJ_PIPELINE","2026-09-15 10:31:41"
"c0e0cbdb-58d4-5318-b39f-af4f706d57fa","ae4da863-729a-5317-afda-5b6d753464f5","277b0948-2813-56c0-b592-e46f66b7cd73","HCC168","Hip Fracture/Dislocation","M80.019A","Hip Fracture/Dislocation","0.489","1.02","0.4988","2026-07-05","CLAIMS","ACTIVE","","2026","TRUE","7.55","fe71dc5d-15dd-5cac-9409-ca04606eaf04","2026-07-05","RISK_ADJ_PIPELINE","2026-09-15 10:31:41"
"4a47778e-0edf-5783-b7bd-265df375a6a7","ae4da863-729a-5317-afda-5b6d753464f5","9088605b-43a3-5816-9212-a5701d9dde2d","HCC19","Diabetes without Complication","E11.40","Diabetes without Complication","0.118","1.02","0.1204","2026-09-13","CLAIMS","ACTIVE","","2026","TRUE","13.12","fe71dc5d-15dd-5cac-9409-ca04606eaf04","2026-09-13","RISK_ADJ_PIPELINE","2026-09-15 10:31:41"
"8e9fb968-3061-550c-8352-e8c92a34ecf0","8ce43a40-3ea2-551f-affa-21af9878f45a","c605e2e0-51d1-542b-b7aa-7b5a48074b11","HCC85","Congestive Heart Failure","I50.32","Congestive Heart Failure","0.331","1.02","0.3376","2026-08-29","CLAIMS","ACTIVE","","2026","TRUE","11.19","fe71dc5d-15dd-5cac-9409-ca04606eaf04","2026-08-29","RISK_ADJ_PIPELINE","2026-09-15 10:31:41"
"24eadc94-6b0b-54b7-a764-f1f12a50b310","330526a2-4728-5d93-a839-b229895460d4","ba558e39-d9c8-5428-98bc-0ced36c9b923","HCC85","Congestive Heart Failure","I50.42","Congestive Heart Failure","0.331","1.0","0.331","2026-07-25","PROSPECTIVE","SUPERSEDED","","2026","TRUE","1.01","fe71dc5d-15dd-5cac-9409-ca04606eaf04","2026-07-25","RISK_ADJ_PIPELINE","2026-09-15 10:31:41"
"f317fd57-dd91-5525-9b7b-4d02ab9b3a39","ffb7c940-51e4-5d67-b36e-aa230cc7438a","83700c79-fb63-5688-9378-5f86f88d42d1","HCC168","Hip Fracture/Dislocation","M80.011A","Hip Fracture/Dislocation","0.489","1.0","0.489","2026-08-18","PROSPECTIVE","VALIDATED","","2026","FALSE","88.78","fe71dc5d-15dd-5cac-9409-ca04606eaf04","2026-08-18","RISK_ADJ_PIPELINE","2026-09-15 10:31:41"
"297ab7b9-d053-5657-9c5c-7df0fb3abd09","dcc62c7f-0bc9-5efc-afd4-82202b639abc","71c3c584-2e62-5828-b0fb-b127e493772e","HCC12","Breast Cancer","C50.019","Breast Cancer","0.664","1.0","0.664","2026-06-30","CLAIMS","ACTIVE","","2026","TRUE","14.85","fe71dc5d-15dd-5cac-9409-ca04606eaf04","2026-06-30","RISK_ADJ_PIPELINE","2026-09-15 10:31:41"
"250bda2a-dd47-5056-a367-8dfa1f543292","56325502-d15c-5751-91c4-572f603812bd","313ceb2d-43e6-501f-9687-589c18a0c277","HCC57","Schizophrenia","F20.5","Schizophrenia","0.62","1.02","0.6324","2026-08-24","CLAIMS","ACTIVE","","2026","FALSE","86.61","fe71dc5d-15dd-5cac-9409-ca04606eaf04","2026-08-24","RISK_ADJ_PIPELINE","2026-09-15 10:31:41"
"de3133f4-b748-5a00-bfeb-f242e537992f","56325502-d15c-5751-91c4-572f603812bd","4238b931-437d-5d72-bf72-b15a5ecbd4ea","HCC58","Major Depressive/Bipolar Disorders","F31.62","Major Depressive/Bipolar Disorders","0.395","1.02","0.4029","2026-08-14","CLAIMS","ACTIVE","","2026","TRUE","22.11","fe71dc5d-15dd-5cac-9409-ca04606eaf04","2026-08-14","RISK_ADJ_PIPELINE","2026-09-15 10:31:41"
"2e82919f-2fac-59ed-8b81-7533f94e6148","80610eed-c3a6-5381-9c58-d2275b9663fd","2a2358f4-7a83-5c9c-90ce-2f99409dbeab","HCC40","Rheumatoid Arthritis","M16.10","Rheumatoid Arthritis","0.421","1.02","0.4294","2026-07-01","CLAIMS","ACTIVE","","2026","TRUE","10.46","fe71dc5d-15dd-5cac-9409-ca04606eaf04","2026-07-01","RISK_ADJ_PIPELINE","2026-09-15 10:31:41"
"d53a95a7-c5fc-5029-a3a9-7e00df958298","2d04234b-9aef-5ebd-a2c4-eef96e1d0e1d","3ef6d19b-7556-5d87-abe7-f9525db7132d","HCC112","Fibrosis of Lung","J43.1","Fibrosis of Lung","0.199","1.0","0.199","2026-07-19","CHART_REVIEW","ACTIVE","CODER_REVIEW","2026","TRUE","15.39","fe71dc5d-15dd-5cac-9409-ca04606eaf04","2026-07-19","RISK_ADJ_PIPELINE","2026-09-15 10:31:41"
"6d434e01-9a7b-5c2c-905c-ce8ee91630a3","2d04234b-9aef-5ebd-a2c4-eef96e1d0e1d","c186fdf1-4244-5d5f-a890-2fc8e31e9bf0","HCC57","Schizophrenia","F20.5","Schizophrenia","0.62","1.0","0.62","2026-07-03","CHART_REVIEW","VALIDATED","CODER_REVIEW","2026","TRUE","14.36","fe71dc5d-15dd-5cac-9409-ca04606eaf04","2026-07-03","RISK_ADJ_PIPELINE","2026-09-15 10:31:41"
"9241b3ab-bb3d-596f-b3c9-3b094cff8122","b8b6c2ee-5b7d-56e9-a622-4560c363502f","6f35bd89-d5fc-5e22-8611-eb1dfdaf3714","HCC57","Schizophrenia","F20.1","Schizophrenia","0.62","1.0","0.62","2026-06-23","PROSPECTIVE","ACTIVE","","2026","FALSE","28.99","fe71dc5d-15dd-5cac-9409-ca04606eaf04","2026-06-23","RISK_ADJ_PIPELINE","2026-09-15 10:31:41"
"59427366-8a56-5d55-9652-6076d2ce1268","b8b6c2ee-5b7d-56e9-a622-4560c363502f","73416d74-81f5-55d7-987c-6ac0fcd779b6","HCC112","Fibrosis of Lung","J43.1","Fibrosis of Lung","0.199","1.0","0.199","2026-06-25","CLAIMS","VALIDATED","","2026","TRUE","21.73","fe71dc5d-15dd-5cac-9409-ca04606eaf04","2026-06-25","RISK_ADJ_PIPELINE","2026-09-15 10:31:41"
"9a3e0079-9844-5958-8118-b8efa38b08a6","b8b6c2ee-5b7d-56e9-a622-4560c363502f","5293d336-dc9e-5659-be1c-7277335933c3","HCC12","Colon Cancer","C18.0","Colon Cancer","0.664","1.0","0.664","2026-06-28","CLAIMS","VALIDATED","","2026","TRUE","18.74","fe71dc5d-15dd-5cac-9409-ca04606eaf04","2026-06-28","RISK_ADJ_PIPELINE","2026-09-15 10:31:41"
"b21f677a-707f-5344-9178-419731853ff4","ddc47a43-4743-5bfa-bdaa-473c45265870","100192c0-b079-594a-bdbd-5488ec29d716","HCC12","Breast Cancer","C50.019","Breast Cancer","0.664","1.02","0.6773","2026-06-21","CLAIMS","ACTIVE","","2026","TRUE","9.72","fe71dc5d-15dd-5cac-9409-ca04606eaf04","2026-06-21","RISK_ADJ_PIPELINE","2026-09-15 10:31:41"
"fcdb3541-32c8-5533-beaa-60c07081c2d3","6b72322c-c6b4-5ece-bb51-752d2f21d3ba","d59f2adb-001c-54ac-bdd4-ef3f625edcc0","HCC40","Rheumatoid Arthritis","M16.0","Rheumatoid Arthritis","0.421","1.0","0.421","2026-06-28","CLAIMS","VALIDATED","","2026","TRUE","10.26","fe71dc5d-15dd-5cac-9409-ca04606eaf04","2026-06-28","RISK_ADJ_PIPELINE","2026-09-15 10:31:41"
"a8f0ae2a-911f-5193-a825-8c726009005b","6b72322c-c6b4-5ece-bb51-752d2f21d3ba","c4276a7b-6d0c-582c-a009-f1678dce386c","HCC57","Schizophrenia","F20.5","Schizophrenia","0.62","1.0","0.62","2026-07-11","CLAIMS","ACTIVE","","2026","TRUE","11.87","fe71dc5d-15dd-5cac-9409-ca04606eaf04","2026-07-11","RISK_ADJ_PIPELINE","2026-09-15 10:31:41"
"a9de1044-a678-518a-9c55-9c60c3371bb8","4750943a-1a51-529e-835b-0ef7e1722846","c6985dd2-5607-5560-a664-cb86b6d2fcef","HCC85","Congestive Heart Failure","I50.32","Congestive Heart Failure","0.331","1.0","0.331","2026-09-12","CLAIMS","VALIDATED","","2026","FALSE","77.69","fe71dc5d-15dd-5cac-9409-ca04606eaf04","2026-09-12","RISK_ADJ_PIPELINE","2026-09-15 10:31:41"
"2290198c-7a8d-5ba3-9501-50a02d984de6","4750943a-1a51-529e-835b-0ef7e1722846","c6985dd2-5607-5560-a664-cb86b6d2fcef","HCC9","Lung and Other Severe Cancers","C34.11","Lung and Other Severe Cancers","2.422","1.0","2.422","2026-08-12","CLAIMS","ACTIVE","","2026","FALSE","77.69","fe71dc5d-15dd-5cac-9409-ca04606eaf04","2026-08-12","RISK_ADJ_PIPELINE","2026-09-15 10:31:41"
"e2abd9e1-a23c-5c7a-be8e-7354684e8919","4750943a-1a51-529e-835b-0ef7e1722846","d6d3234c-a1f2-59c0-aa6e-5431173baf91","HCC168","Hip Fracture/Dislocation","M80.811A","Hip Fracture/Dislocation","0.489","1.0","0.489","2026-07-30","CLAIMS","VALIDATED","","2026","TRUE","19.79","fe71dc5d-15dd-5cac-9409-ca04606eaf04","2026-07-30","RISK_ADJ_PIPELINE","2026-09-15 10:31:41"
"af7f1fa8-9026-51da-95ed-cb769a3382b9","e741751f-ec28-5871-832f-c1b9875a66aa","ab31ee1e-aea1-5e30-b88f-5cb5f184e461","HCC85","Congestive Heart Failure","I50.42","Congestive Heart Failure","0.331","1.02","0.3376","2026-08-05","CLAIMS","ACTIVE","","2026","TRUE","5.23","fe71dc5d-15dd-5cac-9409-ca04606eaf04","2026-08-05","RISK_ADJ_PIPELINE","2026-09-15 10:31:41"
"dc21b077-f0eb-56cc-917c-4b4abd10ada5","36df30a6-e229-5219-99a8-8c6b7b087f09","20983213-0b00-55a7-a8d9-8011d77bdc3d","HCC86","Acute Myocardial Infarction","I21.29","Acute Myocardial Infarction","0.365","1.0","0.365","2026-08-14","CLAIMS","ACTIVE","","2026","TRUE","19.25","fe71dc5d-15dd-5cac-9409-ca04606eaf04","2026-08-14","RISK_ADJ_PIPELINE","2026-09-15 10:31:41"
"72b90cde-80a3-57d7-8ced-17d8e5be55c4","c4a7d0fb-6a30-52b7-8676-bf5d90f85560","4c4f722b-6d4c-5e35-98b9-027c765f3419","HCC58","Major Depressive/Bipolar Disorders","F31.62","Major Depressive/Bipolar Disorders","0.395","1.0","0.395","2026-07-01","CLAIMS","ACTIVE","","2026","TRUE","20.39","fe71dc5d-15dd-5cac-9409-ca04606eaf04","2026-07-01","RISK_ADJ_PIPELINE","2026-09-15 10:31:41"
"d23c1eee-f889-5654-8d8d-904a21bb80fc","42808c36-c292-58c5-805d-efda513c199b","096f045b-bcf4-5b68-b4a7-97b88ff6b1cf","HCC85","Congestive Heart Failure","I50.20","Congestive Heart Failure","0.331","1.0","0.331","2026-07-24","CLAIMS","ACTIVE","","2026","FALSE","54.98","fe71dc5d-15dd-5cac-9409-ca04606eaf04","2026-07-24","RISK_ADJ_PIPELINE","2026-09-15 10:31:41"
"0067ced2-a745-5036-b536-f79c465527fb","509a06ad-1e8e-5931-9541-5c7bc40f84dd","fa478842-bdc4-5049-8a40-d9d4bcd77ce8","HCC40","Rheumatoid Arthritis","M16.30","Rheumatoid Arthritis","0.421","1.0","0.421","2026-07-04","CLAIMS","ACTIVE","","2026","TRUE","19.06","fe71dc5d-15dd-5cac-9409-ca04606eaf04","2026-07-04","RISK_ADJ_PIPELINE","2026-09-15 10:31:41"
"13b5971b-f3a2-5d80-9b01-1280b97f83e2","8f79cf86-6895-5d44-a976-2d58ac0e50fd","85b0dcb6-81fe-58eb-805b-0a47230274f6","HCC85","Congestive Heart Failure","I50.22","Congestive Heart Failure","0.331","1.02","0.3376","2026-09-10","CLAIMS","VALIDATED","","2026","TRUE","20.51","fe71dc5d-15dd-5cac-9409-ca04606eaf04","2026-09-10","RISK_ADJ_PIPELINE","2026-09-15 10:31:41"
"969513ad-bba9-5068-8518-f4b890cd385c","8f79cf86-6895-5d44-a976-2d58ac0e50fd","634412d9-44bd-5393-959b-fc9a45f78efe","HCC19","Diabetes without Complication","E11.40","Diabetes without Complication","0.118","1.02","0.1204","2026-09-13","CLAIMS","ACTIVE","","2026","TRUE","16.74","fe71dc5d-15dd-5cac-9409-ca04606eaf04","2026-09-13","RISK_ADJ_PIPELINE","2026-09-15 10:31:41"
"b84b1f15-e238-5f60-b088-a13551921db1","8f79cf86-6895-5d44-a976-2d58ac0e50fd","40515491-298c-5ffe-ab7d-e2a5de465c29","HCC88","Angina Pectoris / Old MI","I25.10","Angina Pectoris / Old MI","0.241","1.02","0.2458","2026-06-27","ENCOUNTER","ACTIVE","","2026","TRUE","23.04","fe71dc5d-15dd-5cac-9409-ca04606eaf04","2026-06-27","RISK_ADJ_PIPELINE","2026-09-15 10:31:41"
"df69a370-ab19-5ec5-a23b-0b946a8a50cf","8f79cf86-6895-5d44-a976-2d58ac0e50fd","558c09f8-57a7-503d-8041-95ce27da8fc5","HCC17","Diabetes with Acute Complications","E10.40","Diabetes with Acute Complications","0.368","1.02","0.3754","2026-07-03","ENCOUNTER","ACTIVE","","2026","TRUE","20.84","fe71dc5d-15dd-5cac-9409-ca04606eaf04","2026-07-03","RISK_ADJ_PIPELINE","2026-09-15 10:31:41"
"267e68da-ddc7-5352-be48-673fca33e68e","7b86b357-01aa-5d9a-b2d3-dc747747b092","bc87ab3d-0001-5c94-8db6-7e9aa7000af4","HCC111","COPD","J44.1","COPD","0.335","1.0","0.335","2026-07-19","CLAIMS","ACTIVE","","2026","TRUE","4.65","fe71dc5d-15dd-5cac-9409-ca04606eaf04","2026-07-19","RISK_ADJ_PIPELINE","2026-09-15 10:31:41"
"923ce039-b38c-5923-afca-97403aa9c8b7","404f3c84-7777-5b67-bbdb-b52b4e875ee2","2a57b1b0-ccba-5306-8db6-0c68462c41b8","HCC17","Diabetes with Acute Complications","E10.40","Diabetes with Acute Complications","0.368","1.0","0.368","2026-09-07","ENCOUNTER","ACTIVE","","2026","TRUE","1.39","fe71dc5d-15dd-5cac-9409-ca04606eaf04","2026-09-07","RISK_ADJ_PIPELINE","2026-09-15 10:31:41"
"a3a8dee0-ef5a-5588-9941-3a426f79f1bd","404f3c84-7777-5b67-bbdb-b52b4e875ee2","9bc4254d-14eb-5340-81ae-aa3101a378d4","HCC58","Major Depressive/Bipolar Disorders","F31.10","Major Depressive/Bipolar Disorders","0.395","1.0","0.395","2026-07-13","CLAIMS","ACTIVE","","2026","TRUE","4.17","fe71dc5d-15dd-5cac-9409-ca04606eaf04","2026-07-13","RISK_ADJ_PIPELINE","2026-09-15 10:31:41"
"254f6c18-efd4-5aad-a178-a5869aae3e21","d56decff-5aff-59b6-a47b-2a986c34ab38","c7870917-7e3a-50a1-8f26-0dbf8f6b9920","HCC18","Diabetes with Chronic Complications","E13.10","Diabetes with Chronic Complications","0.302","1.0","0.302","2026-06-24","CHART_REVIEW","ACTIVE","CODER_REVIEW","2026","TRUE","23.31","fe71dc5d-15dd-5cac-9409-ca04606eaf04","2026-06-24","RISK_ADJ_PIPELINE","2026-09-15 10:31:41"
"b2f70c11-97df-5997-b9d6-95eff0652a9f","82cb95a9-63e3-5109-bb45-e801428488d7","361e7522-ab3a-5827-809b-2173d853d2be","HCC12","Colon Cancer","C18.7","Colon Cancer","0.664","1.02","0.6773","2026-06-24","CLAIMS","ACTIVE","","2026","TRUE","11.66","fe71dc5d-15dd-5cac-9409-ca04606eaf04","2026-06-24","RISK_ADJ_PIPELINE","2026-09-15 10:31:41"
"73eea875-c9eb-52a5-a8a3-5275083c6ccc","82cb95a9-63e3-5109-bb45-e801428488d7","fb23eb04-1030-51ee-a1ec-ea130c748f8a","HCC111","COPD","J44.9","COPD","0.335","1.02","0.3417","2026-08-23","CHART_REVIEW","ACTIVE","CODER_REVIEW","2026","TRUE","1.97","fe71dc5d-15dd-5cac-9409-ca04606eaf04","2026-08-23","RISK_ADJ_PIPELINE","2026-09-15 10:31:41"
"bf9de78f-0891-5b39-aebb-2e1f01d5700d","16fbfcb7-0385-5735-83a0-98f12d0c958e","0565fa43-a045-53e1-8b6e-0f1755df6dc2","HCC9","Lung and Other Severe Cancers","C34.11","Lung and Other Severe Cancers","2.422","1.02","2.4704","2026-07-15","PROSPECTIVE","ACTIVE","","2026","FALSE","79.85","fe71dc5d-15dd-5cac-9409-ca04606eaf04","2026-07-15","RISK_ADJ_PIPELINE","2026-09-15 10:31:41"
"34fb1a60-a82f-5696-b07c-77848926c5d9","16fbfcb7-0385-5735-83a0-98f12d0c958e","a8fe031a-7111-5740-ab3f-b9df62950f06","HCC88","Angina Pectoris / Old MI","I25.10","Angina Pectoris / Old MI","0.241","1.02","0.2458","2026-07-06","CLAIMS","ACTIVE","","2026","TRUE","21.06","fe71dc5d-15dd-5cac-9409-ca04606eaf04","2026-07-06","RISK_ADJ_PIPELINE","2026-09-15 10:31:41"
"a344cb7a-ca1e-54ba-8f04-d27c03ebeaea","bb8b572d-4984-5bfe-9d72-858fe1b68096","c7a0ff0d-cd32-5570-aa43-5843e71b1ade","HCC85","Congestive Heart Failure","I50.20","Congestive Heart Failure","0.331","1.02","0.3376","2026-08-06","CLAIMS","ACTIVE","","2026","TRUE","6.79","fe71dc5d-15dd-5cac-9409-ca04606eaf04","2026-08-06","RISK_ADJ_PIPELINE","2026-09-15 10:31:41"
"ed031468-d199-5d83-8d65-64063ec710b1","73d94814-abce-558d-9d25-7ed0d7ba513c","28f99c89-955c-5f93-b859-35647698046f","HCC40","Rheumatoid Arthritis","M16.0","Rheumatoid Arthritis","0.421","1.02","0.4294","2026-07-28","CLAIMS","VALIDATED","","2026","TRUE","14.57","fe71dc5d-15dd-5cac-9409-ca04606eaf04","2026-07-28","RISK_ADJ_PIPELINE","2026-09-15 10:31:41"
"f08437a2-3361-5c5b-8d8a-f88ba365fb62","227d1681-bce0-5650-834b-9166661ca0eb","e5c58c52-3ded-5d35-8a98-57e9f49a2c86","HCC17","Diabetes with Acute Complications","E10.40","Diabetes with Acute Complications","0.368","1.0","0.368","2026-07-28","CHART_REVIEW","ACTIVE","CODER_REVIEW","2026","TRUE","11.12","fe71dc5d-15dd-5cac-9409-ca04606eaf04","2026-07-28","RISK_ADJ_PIPELINE","2026-09-15 10:31:41"
"48004b87-5150-5ab2-9fa5-30600d6edf44","227d1681-bce0-5650-834b-9166661ca0eb","a26a5abb-ae94-5e57-8253-83287f866bc6","HCC12","Colon Cancer","C18.4","Colon Cancer","0.664","1.0","0.664","2026-08-31","CLAIMS","VALIDATED","","2026","TRUE","13.32","fe71dc5d-15dd-5cac-9409-ca04606eaf04","2026-08-31","RISK_ADJ_PIPELINE","2026-09-15 10:31:41"
"48004b87-5150-5ab2-9fa5-30600d6edf44","227d1681-bce0-5650-834b-9166661ca0eb","fe2081d7-7c90-55ef-a301-5d3cf7a565f3","HCC12","Breast Cancer","C50.411","Breast Cancer","0.664","1.0","0.664","2026-08-14","CLAIMS","ACTIVE","","2026","TRUE","13.1","fe71dc5d-15dd-5cac-9409-ca04606eaf04","2026-08-14","RISK_ADJ_PIPELINE","2026-09-15 10:31:41"
"cb2cb9d1-8af5-5296-a6c3-023f96cc6441","e531b6b5-6613-5cc6-bb06-6eba460a5404","bd43d729-6954-5775-8d88-5b42e3675839","HCC12","Colon Cancer","C18.4","Colon Cancer","0.664","1.0","0.664","2026-08-19","CLAIMS","ACTIVE","","2026","TRUE","23.36","fe71dc5d-15dd-5cac-9409-ca04606eaf04","2026-08-19","RISK_ADJ_PIPELINE","2026-09-15 10:31:41"
"174afebc-e86c-5e8a-878c-72d6fc343e0a","e531b6b5-6613-5cc6-bb06-6eba460a5404","4626ef3a-15ad-5dbb-a5a7-5e7504c82f82","HCC85","Congestive Heart Failure","I50.20","Congestive Heart Failure","0.331","1.0","0.331","2026-07-27","PROSPECTIVE","ACTIVE","","2026","TRUE","16.72","fe71dc5d-15dd-5cac-9409-ca04606eaf04","2026-07-27","RISK_ADJ_PIPELINE","2026-09-15 10:31:41"
"e2b58931-255c-5fd7-8e30-8f5d77c597f7","48c0af8e-75b3-5909-9287-17da4e799199","4345d882-ed2d-56f2-b655-d25fca90295b","HCC17","Diabetes with Acute Complications","E10.9","Diabetes with Acute Complications","0.368","1.0","0.368","2026-08-24","CLAIMS","ACTIVE","","2026","TRUE","8.24","fe71dc5d-15dd-5cac-9409-ca04606eaf04","2026-08-24","RISK_ADJ_PIPELINE","2026-09-15 10:31:41"
"b6114166-1031-5f85-a47a-a2f90fc913d9","48c0af8e-75b3-5909-9287-17da4e799199","b3ed60b7-1495-56dc-bfc7-2d24d6bdb5f2","HCC96","Specified Heart Arrhythmias","I48.20","Specified Heart Arrhythmias","0.271","1.0","0.271","2026-07-14","CHART_REVIEW","ACTIVE","CODER_REVIEW","2026","TRUE","20.31","fe71dc5d-15dd-5cac-9409-ca04606eaf04","2026-07-14","RISK_ADJ_PIPELINE","2026-09-15 10:31:41"
"3d51b74c-f164-5524-89a7-68b1a24fb99f","8e2342a3-4061-5b17-a908-5fa68450433b","0692412f-1f24-5126-a899-6982a03c7f07","HCC9","Lung and Other Severe Cancers","C34.11","Lung and Other Severe Cancers","2.422","1.02","2.4704","2026-07-09","CLAIMS","ACTIVE","","2026","TRUE","5.12","fe71dc5d-15dd-5cac-9409-ca04606eaf04","2026-07-09","RISK_ADJ_PIPELINE","2026-09-15 10:31:41"
"46bf737d-328e-5761-97e4-baafd537d807","8e2342a3-4061-5b17-a908-5fa68450433b","8154d10f-ac1f-5394-8a05-d6a5d29ebfc5","HCC168","Hip Fracture/Dislocation","M80.019A","Hip Fracture/Dislocation","0.489","1.02","0.4988","2026-07-02","ENCOUNTER","ACTIVE","","2026","TRUE","7.01","fe71dc5d-15dd-5cac-9409-ca04606eaf04","2026-07-02","RISK_ADJ_PIPELINE","2026-09-15 10:31:41"
"d2b766c9-9e9e-50a9-aba5-bdc7bb98806b","3c3e7988-d55b-50af-a00d-765ee6dfbc7a","b97b67bd-7caf-5d8f-9853-a03d41e595f9","HCC18","Diabetes with Chronic Complications","E13.40","Diabetes with Chronic Complications","0.302","1.0","0.302","2026-08-11","CLAIMS","ACTIVE","","2026","TRUE","16.99","fe71dc5d-15dd-5cac-9409-ca04606eaf04","2026-08-11","RISK_ADJ_PIPELINE","2026-09-15 10:31:41"
"03f75de8-1f44-58a6-bfbb-52685ca77e17","466d5133-e93a-5c60-880e-df872f6e976b","643ad44b-1b28-5fd1-9271-492e38144d2a","HCC111","COPD","J44.9","COPD","0.335","1.02","0.3417","2026-08-04","CLAIMS","ACTIVE","","2026","TRUE","21.88","fe71dc5d-15dd-5cac-9409-ca04606eaf04","2026-08-04","RISK_ADJ_PIPELINE","2026-09-15 10:31:41"
"595f82ad-94b1-541f-a783-fb33449af2cf","cf7e62e4-99f2-5c7d-b170-6e3af0abed7b","4b365f35-b763-5191-a713-1f2cc945841e","HCC85","Congestive Heart Failure","I50.20","Congestive Heart Failure","0.331","1.02","0.3376","2026-09-12","ENCOUNTER","VALIDATED","","2026","TRUE","12.02","fe71dc5d-15dd-5cac-9409-ca04606eaf04","2026-09-12","RISK_ADJ_PIPELINE","2026-09-15 10:31:41"
"a4a68858-089a-5303-890a-e71aaaa7720b","cf7e62e4-99f2-5c7d-b170-6e3af0abed7b","2478d7fe-3abc-51db-86a4-96d36034f062","HCC12","Colon Cancer","C18.2","Colon Cancer","0.664","1.02","0.6773","2026-07-12","CLAIMS","ACTIVE","","2026","TRUE","23.2","fe71dc5d-15dd-5cac-9409-ca04606eaf04","2026-07-12","RISK_ADJ_PIPELINE","2026-09-15 10:31:41"
"3d17d6cc-26e6-55d3-940c-8ddf010f9962","cf7e62e4-99f2-5c7d-b170-6e3af0abed7b","2facde80-5c3f-5907-9795-636d1bbafb3e","HCC135","Acute Renal Failure","N17.2","Acute Renal Failure","0.441","1.02","0.4498","2026-07-20","CLAIMS","ACTIVE","","2026","TRUE","4.34","fe71dc5d-15dd-5cac-9409-ca04606eaf04","2026-07-20","RISK_ADJ_PIPELINE","2026-09-15 10:31:41"
"94fbe2f8-a3a5-5e25-89fa-8e8b6ad246a3","1d2236ef-72aa-5324-9553-0815ca45e840","ff2079f5-1c49-5fee-8716-2e0281837c97","HCC136","Chronic Kidney Disease Stage 4","N18.6","Chronic Kidney Disease Stage 4","0.237","1.02","0.2417","2026-07-03","ENCOUNTER","ACTIVE","","2026","FALSE","68.26","fe71dc5d-15dd-5cac-9409-ca04606eaf04","2026-07-03","RISK_ADJ_PIPELINE","2026-09-15 10:31:41"
"5711be2a-638c-598c-9d3e-38f973b676a1","1d2236ef-72aa-5324-9553-0815ca45e840","ff2079f5-1c49-5fee-8716-2e0281837c97","HCC88","Angina Pectoris / Old MI","I25.10","Angina Pectoris / Old MI","0.241","1.02","0.2458","2026-08-08","PROSPECTIVE","VALIDATED","","2026","FALSE","68.26","fe71dc5d-15dd-5cac-9409-ca04606eaf04","2026-08-08","RISK_ADJ_PIPELINE","2026-09-15 10:31:41"
"357fc05b-2bba-5267-966f-fb7b762d7f89","d0ffa2b3-70b3-5f5c-b79e-3527a25aae54","d75ac11d-d284-5dde-ac28-f0d6f6bb193f","HCC12","Colon Cancer","C18.7","Colon Cancer","0.664","1.02","0.6773","2026-06-23","CLAIMS","ACTIVE","","2026","FALSE","82.27","fe71dc5d-15dd-5cac-9409-ca04606eaf04","2026-06-23","RISK_ADJ_PIPELINE","2026-09-15 10:31:41"
"3b29752b-5d66-521e-9903-47587c903355","f9e2cdf3-3e75-5a8d-8c6c-721a62a418c0","897775d9-dff3-5b33-bc3a-7981f6bc0d3d","HCC58","Major Depressive/Bipolar Disorders","F31.10","Major Depressive/Bipolar Disorders","0.395","1.0","0.395","2026-07-28","CHART_REVIEW","ACTIVE","CODER_REVIEW","2026","TRUE","8.03","fe71dc5d-15dd-5cac-9409-ca04606eaf04","2026-07-28","RISK_ADJ_PIPELINE","2026-09-15 10:31:41"
"957d81fb-5f52-589b-8935-0ee66a15cb8f","ebc607c4-6838-5a3f-a409-16971899142d","0a1a95b0-5105-502c-8b66-7ebe99fd0af1","HCC96","Specified Heart Arrhythmias","I48.20","Specified Heart Arrhythmias","0.271","1.02","0.2764","2026-07-02","CLAIMS","ACTIVE","","2026","TRUE","7.5","fe71dc5d-15dd-5cac-9409-ca04606eaf04","2026-07-02","RISK_ADJ_PIPELINE","2026-09-15 10:31:41"
"1999414c-0a37-5f5d-b408-ba3ec5f0b33f","ebc607c4-6838-5a3f-a409-16971899142d","bddfd9a1-812b-57ad-8fff-efc0b8b38d8a","HCC135","Acute Renal Failure","N17.2","Acute Renal Failure","0.441","1.02","0.4498","2026-07-16","CLAIMS","ACTIVE","","2026","TRUE","16.76","fe71dc5d-15dd-5cac-9409-ca04606eaf04","2026-07-16","RISK_ADJ_PIPELINE","2026-09-15 10:31:41"
"950d49a3-906c-5326-b829-d9bbedccaa8f","2e57beb9-ee9d-5ce2-b772-614f764fde73","6e421a9c-0b26-5ac2-81b6-38d39474e66d","HCC112","Fibrosis of Lung","J43.0","Fibrosis of Lung","0.199","1.02","0.203","2026-08-25","CHART_REVIEW","ACTIVE","CODER_REVIEW","2026","TRUE","13.28","fe71dc5d-15dd-5cac-9409-ca04606eaf04","2026-08-25","RISK_ADJ_PIPELINE","2026-09-15 10:31:41"
"dd1993fd-70a1-58c8-860f-51ce0c977c65","de709f47-2882-504d-a656-27676861aceb","132647e6-6ff7-571d-99fb-665a3616bc1c","HCC111","COPD","J44.0","COPD","0.335","1.02","0.3417","2026-07-14","ENCOUNTER","ACTIVE","","2026","TRUE","2.09","fe71dc5d-15dd-5cac-9409-ca04606eaf04","2026-07-14","RISK_ADJ_PIPELINE","2026-09-15 10:31:41"
"15adfac7-aa98-58b7-979c-ab2f3862c82b","de709f47-2882-504d-a656-27676861aceb","9d3dde66-53b2-553d-9d6a-cd7561c86c0d","HCC112","Fibrosis of Lung","J43.9","Fibrosis of Lung","0.199","1.02","0.203","2026-08-07","ENCOUNTER","VALIDATED","","2026","FALSE","95.92","fe71dc5d-15dd-5cac-9409-ca04606eaf04","2026-08-07","RISK_ADJ_PIPELINE","2026-09-15 10:31:41"
"db5cc0f6-4765-5a5b-aee6-d6dd6ba840db","3753bdc0-6258-593f-9553-3c42f5b5b185","cdfe13cd-081a-53e9-bc8b-d186aec2a7ec","HCC135","Acute Renal Failure","N17.2","Acute Renal Failure","0.441","1.02","0.4498","2026-08-18","CLAIMS","ACTIVE","","2026","TRUE","2.76","fe71dc5d-15dd-5cac-9409-ca04606eaf04","2026-08-18","RISK_ADJ_PIPELINE","2026-09-15 10:31:41"
"984ccc20-4bdb-5c6f-b5ec-e7ae34f3120e","b372736d-d102-5b1a-96b4-f72b4650bfcc","4d9e576d-e83f-51b7-b0cd-957ea0ea0bab","HCC17","Diabetes with Acute Complications","E10.10","Diabetes with Acute Complications","0.368","1.02","0.3754","2026-08-24","CLAIMS","ACTIVE","","2026","TRUE","22.02","fe71dc5d-15dd-5cac-9409-ca04606eaf04","2026-08-24","RISK_ADJ_PIPELINE","2026-09-15 10:31:41"
"1416d1c0-0d48-5ddc-b299-8d6024665f56","b372736d-d102-5b1a-96b4-f72b4650bfcc","898d348a-eb0a-5abc-b738-b51a42a974a7","HCC9","Lung and Other Severe Cancers","C34.11","Lung and Other Severe Cancers","2.422","1.02","2.4704","2026-09-11","CHART_REVIEW","ACTIVE","CODER_REVIEW","2026","TRUE","5.92","fe71dc5d-15dd-5cac-9409-ca04606eaf04","2026-09-11","RISK_ADJ_PIPELINE","2026-09-15 10:31:41"
"74cf5cad-b2ff-5fba-9d21-47d222cccc32","b372736d-d102-5b1a-96b4-f72b4650bfcc","fab3c929-5636-52d7-b911-387aa98435de","HCC112","Fibrosis of Lung","J43.1","Fibrosis of Lung","0.199","1.02","0.203","2026-08-19","CLAIMS","ACTIVE","","2026","TRUE","8.21","fe71dc5d-15dd-5cac-9409-ca04606eaf04","2026-08-19","RISK_ADJ_PIPELINE","2026-09-15 10:31:41"
"5e30746d-0f04-5950-aef2-9ed838345840","b372736d-d102-5b1a-96b4-f72b4650bfcc","898d348a-eb0a-5abc-b738-b51a42a974a7","HCC18","Diabetes with Chronic Complications","E13.10","Diabetes with Chronic Complications","0.302","1.02","0.308","2026-07-18","CLAIMS","ACTIVE","","2026","TRUE","5.92","fe71dc5d-15dd-5cac-9409-ca04606eaf04","2026-07-18","RISK_ADJ_PIPELINE","2026-09-15 10:31:41"
"164b3056-97ea-5c9b-99cd-4570a8c18b86","647d87bb-413c-5f65-8ff8-698b2f8cbdd3","0a35ac42-16e1-577a-ac31-ffe19b60c335","HCC12","Colon Cancer","C18.2","Colon Cancer","0.664","1.0","0.664","2026-06-20","CLAIMS","ACTIVE","","2026","TRUE","20.02","fe71dc5d-15dd-5cac-9409-ca04606eaf04","2026-06-20","RISK_ADJ_PIPELINE","2026-09-15 10:31:41"
"da1056da-0fff-5aa6-9b7e-d8a59933bd7c","647d87bb-413c-5f65-8ff8-698b2f8cbdd3","2f740046-ae23-5d8b-b390-e8b747f12472","HCC85","Congestive Heart Failure","I50.20","Congestive Heart Failure","0.331","1.0","0.331","2026-06-30","CLAIMS","ACTIVE","","2026","TRUE","7.83","fe71dc5d-15dd-5cac-9409-ca04606eaf04","2026-06-30","RISK_ADJ_PIPELINE","2026-09-15 10:31:41"
"366422f7-7047-528e-ab30-679767964d8d","3c743ee5-07dd-531f-81af-e468947a5457","7afc20e7-72ea-5c5e-b3ac-00dda25e6038","HCC12","Colon Cancer","C18.0","Colon Cancer","0.664","1.0","0.664","2026-07-05","CLAIMS","ACTIVE","","2026","TRUE","4.37","fe71dc5d-15dd-5cac-9409-ca04606eaf04","2026-07-05","RISK_ADJ_PIPELINE","2026-09-15 10:31:41"
"eef72864-9e03-5e94-b5dc-bd03ff12bf4d","ec3eaa88-6fdd-5f54-ba3f-07d8f867e727","8a1ae80d-063e-5f0d-aa8b-df3ed3584f73","HCC58","Major Depressive/Bipolar Disorders","F31.9","Major Depressive/Bipolar Disorders","0.395","1.02","0.4029","2026-09-10","PROSPECTIVE","ACTIVE","","2026","TRUE","9.96","fe71dc5d-15dd-5cac-9409-ca04606eaf04","2026-09-10","RISK_ADJ_PIPELINE","2026-09-15 10:31:41"
"655af751-7605-58e5-ba09-431fc6e6d949","ec3eaa88-6fdd-5f54-ba3f-07d8f867e727","b856342a-c36a-5518-ae48-919a78c7b4ef","HCC17","Diabetes with Acute Complications","E10.10","Diabetes with Acute Complications","0.368","1.02","0.3754","2026-09-11","CHART_REVIEW","ACTIVE","CODER_REVIEW","2026","TRUE","12.47","fe71dc5d-15dd-5cac-9409-ca04606eaf04","2026-09-11","RISK_ADJ_PIPELINE","2026-09-15 10:31:41"
"cbb7febe-82ec-5527-92b8-78879a50938b","e94f2694-fbb4-591c-9f81-7b412ac146af","14c94e4b-01b0-598a-8384-895f9a26c56b","HCC9","Lung and Other Severe Cancers","C34.30","Lung and Other Severe Cancers","2.422","1.02","2.4704","2026-08-21","CHART_REVIEW","ACTIVE","CODER_REVIEW","2026","TRUE","23.13","fe71dc5d-15dd-5cac-9409-ca04606eaf04","2026-08-21","RISK_ADJ_PIPELINE","2026-09-15 10:31:41"
"93714bd3-fd08-5bc8-b78b-79758b1b4021","2dacf3cc-13ee-5528-ad39-aad3238d0fbf","179cf266-1734-57c3-a24b-db80a5d9bb6b","HCC112","Fibrosis of Lung","J43.9","Fibrosis of Lung","0.199","1.0","0.199","2026-06-27","CLAIMS","ACTIVE","","2026","TRUE","12.93","fe71dc5d-15dd-5cac-9409-ca04606eaf04","2026-06-27","RISK_ADJ_PIPELINE","2026-09-15 10:31:41"
"8e68f884-a126-538f-bef0-59ef9f9fc6f2","2dacf3cc-13ee-5528-ad39-aad3238d0fbf","179cf266-1734-57c3-a24b-db80a5d9bb6b","HCC86","Acute Myocardial Infarction","I21.19","Acute Myocardial Infarction","0.365","1.0","0.365","2026-08-23","CLAIMS","VALIDATED","","2026","TRUE","12.93","fe71dc5d-15dd-5cac-9409-ca04606eaf04","2026-08-23","RISK_ADJ_PIPELINE","2026-09-15 10:31:41"
"889bcea7-8de8-5d97-9863-ffb2908dce39","fbac6bac-5232-50fc-8d79-9a233c12e74f","b8d34a86-80e8-54af-b338-b7fb49c3e466","HCC12","Breast Cancer","C50.011","Breast Cancer","0.664","1.0","0.664","2026-07-25","CHART_REVIEW","VALIDATED","CODER_REVIEW","2026","TRUE","4.42","fe71dc5d-15dd-5cac-9409-ca04606eaf04","2026-07-25","RISK_ADJ_PIPELINE","2026-09-15 10:31:41"
"12be49a9-aeea-5b7b-898c-7b0cf8bb8d78","fbac6bac-5232-50fc-8d79-9a233c12e74f","8022f7da-7ed8-5041-8863-c92e4bf60166","HCC86","Acute Myocardial Infarction","I21.19","Acute Myocardial Infarction","0.365","1.0","0.365","2026-08-21","CLAIMS","ACTIVE","","2026","TRUE","4.03","fe71dc5d-15dd-5cac-9409-ca04606eaf04","2026-08-21","RISK_ADJ_PIPELINE","2026-09-15 10:31:41"
"ed03cd6d-6cd9-5009-b8b6-deffaad02023","b00e7299-172f-5779-9948-ab823c432797","c65f302d-c8ab-5164-af9b-f9fce381e345","HCC58","Major Depressive/Bipolar Disorders","F31.9","Major Depressive/Bipolar Disorders","0.395","1.02","0.4029","2026-09-12","CLAIMS","SUPERSEDED","","2026","TRUE","2.1","fe71dc5d-15dd-5cac-9409-ca04606eaf04","2026-09-12","RISK_ADJ_PIPELINE","2026-09-15 10:31:41"
"b25dfd52-565f-5f3b-8268-e8f471cdd673","b00e7299-172f-5779-9948-ab823c432797","c39b10a4-f1b5-5779-8da4-5b67565453ac","HCC96","Specified Heart Arrhythmias","I48.20","Specified Heart Arrhythmias","0.271","1.02","0.2764","2026-09-12","CLAIMS","SUPERSEDED","","2026","FALSE","48.94","fe71dc5d-15dd-5cac-9409-ca04606eaf04","2026-09-12","RISK_ADJ_PIPELINE","2026-09-15 10:31:41"
"fe99980c-2767-5763-91a1-17ad013a3c30","26a3fc38-3dd1-58f1-bf4b-faeb699ffd1d","35c96b7e-9c2f-55e9-b439-5fe296eeb906","HCC96","Specified Heart Arrhythmias","I48.11","Specified Heart Arrhythmias","0.271","1.0","0.271","2026-09-13","CLAIMS","ACTIVE","","2026","TRUE","15.92","fe71dc5d-15dd-5cac-9409-ca04606eaf04","2026-09-13","RISK_ADJ_PIPELINE","2026-09-15 10:31:41"
"c0e123d1-b74c-5802-b4f2-0e62f5bfc602","4314d5ec-93dc-52d8-bcc2-7018f6e8ee32","7f5e74c0-c8ef-5e6d-a320-89ce6bb07944","HCC17","Diabetes with Acute Complications","E10.10","Diabetes with Acute Complications","0.368","1.02","0.3754","2026-08-03","CLAIMS","ACTIVE","","2026","TRUE","22.77","fe71dc5d-15dd-5cac-9409-ca04606eaf04","2026-08-03","RISK_ADJ_PIPELINE","2026-09-15 10:31:41"
"e227b2aa-a025-5722-b29c-4253440bde49","585903ac-9caa-50c4-afae-3e7c4af0d6ba","dc667a1a-b423-5a32-8c15-63346ad25500","HCC9","Lung and Other Severe Cancers","C34.11","Lung and Other Severe Cancers","2.422","1.02","2.4704","2026-09-10","CLAIMS","ACTIVE","","2026","TRUE","21.08","fe71dc5d-15dd-5cac-9409-ca04606eaf04","2026-09-10","RISK_ADJ_PIPELINE","2026-09-15 10:31:41"
"c8f679bd-86a1-5410-b548-cf8347ee4717","585903ac-9caa-50c4-afae-3e7c4af0d6ba","c95d1aae-3cef-5f37-88d9-ec6728c6923f","HCC96","Specified Heart Arrhythmias","I48.11","Specified Heart Arrhythmias","0.271","1.02","0.2764","2026-07-12","CLAIMS","ACTIVE","","2026","FALSE","86.4","fe71dc5d-15dd-5cac-9409-ca04606eaf04","2026-07-12","RISK_ADJ_PIPELINE","2026-09-15 10:31:41"
"cd7b3a6c-1209-5c3e-a3ad-b6c1f9fcff9d","585903ac-9caa-50c4-afae-3e7c4af0d6ba","f38ebd2b-a900-54dc-b1bc-891545266ee9","HCC85","Congestive Heart Failure","I50.42","Congestive Heart Failure","0.331","1.02","0.3376","2026-07-28","CLAIMS","ACTIVE","","2026","TRUE","11.7","fe71dc5d-15dd-5cac-9409-ca04606eaf04","2026-07-28","RISK_ADJ_PIPELINE","2026-09-15 10:31:41"
"1bbb7a43-fee9-5924-be80-01e98ae52ad7","585903ac-9caa-50c4-afae-3e7c4af0d6ba","dc667a1a-b423-5a32-8c15-63346ad25500","HCC112","Fibrosis of Lung","J43.1","Fibrosis of Lung","0.199","1.02","0.203","2026-08-11","CLAIMS","SUPERSEDED","","2026","TRUE","21.08","fe71dc5d-15dd-5cac-9409-ca04606eaf04","2026-08-11","RISK_ADJ_PIPELINE","2026-09-15 10:31:41"
"921d6128-eeb4-57cf-a813-87de2a91c6f0","4c6773e7-a946-5640-8970-701a161bcef9","65aba27d-e27e-5a7a-9977-e216ec84288b","HCC112","Fibrosis of Lung","J43.0","Fibrosis of Lung","0.199","1.02","0.203","2026-06-28","CHART_REVIEW","ACTIVE","CODER_REVIEW","2026","FALSE","44.59","fe71dc5d-15dd-5cac-9409-ca04606eaf04","2026-06-28","RISK_ADJ_PIPELINE","2026-09-15 10:31:41"
"e265fb5f-9ecc-561c-ab34-b0be2bd59559","4c6773e7-a946-5640-8970-701a161bcef9","ec375164-7fa6-504b-a0ee-e876b0b7a2a4","HCC12","Colon Cancer","C18.2","Colon Cancer","0.664","1.02","0.6773","2026-07-09","CLAIMS","VALIDATED","","2026","TRUE","5.54","fe71dc5d-15dd-5cac-9409-ca04606eaf04","2026-07-09","RISK_ADJ_PIPELINE","2026-09-15 10:31:41"
"5671a31b-c904-5c12-8cd1-8f5823f1e4b8","f4213c63-12c3-5927-b425-7045c8d797b3","69ded80f-f1ee-52b2-b8f5-b2203b210d06","HCC111","COPD","J44.1","COPD","0.335","1.02","0.3417","2026-09-10","CLAIMS","ACTIVE","","2026","TRUE","16.76","fe71dc5d-15dd-5cac-9409-ca04606eaf04","2026-09-10","RISK_ADJ_PIPELINE","2026-09-15 10:31:41"
"255b6f96-869e-558c-9973-067f85090882","f4213c63-12c3-5927-b425-7045c8d797b3","ed83fbcc-ba36-5ec3-bef5-b803bfded5d7","HCC12","Colon Cancer","C18.7","Colon Cancer","0.664","1.02","0.6773","2026-08-24","ENCOUNTER","ACTIVE","","2026","TRUE","17.41","fe71dc5d-15dd-5cac-9409-ca04606eaf04","2026-08-24","RISK_ADJ_PIPELINE","2026-09-15 10:31:41"
"7c4dbcce-1aa6-5d50-9c3f-e55c52e27152","378f61a2-8255-5e1f-91f7-d1591c97f67f","4b1fda64-975e-5926-9254-15175b3878c0","HCC86","Acute Myocardial Infarction","I21.3","Acute Myocardial Infarction","0.365","1.0","0.365","2026-06-20","CLAIMS","ACTIVE","","2026","FALSE","63.98","fe71dc5d-15dd-5cac-9409-ca04606eaf04","2026-06-20","RISK_ADJ_PIPELINE","2026-09-15 10:31:41"
"8837cc21-0f94-510f-9183-57c44af8f569","8a4531a0-d863-52a8-95c8-747078925de6","9b3f52fe-5148-512b-994c-4dfec770b256","HCC135","Acute Renal Failure","N17.9","Acute Renal Failure","0.441","1.0","0.441","2026-07-07","CLAIMS","ACTIVE","","2026","TRUE","7.09","fe71dc5d-15dd-5cac-9409-ca04606eaf04","2026-07-07","RISK_ADJ_PIPELINE","2026-09-15 10:31:41"
"1b855b26-93fe-510e-b7c1-2a85b47b81e4","8a4531a0-d863-52a8-95c8-747078925de6","508cf035-5967-5a9f-84b2-e7ff748c2de1","HCC19","Diabetes without Complication","E11.21","Diabetes without Complication","0.118","1.0","0.118","2026-07-27","CLAIMS","ACTIVE","","2026","TRUE","22.58","fe71dc5d-15dd-5cac-9409-ca04606eaf04","2026-07-27","RISK_ADJ_PIPELINE","2026-09-15 10:31:41"
"35961c47-b4dc-556f-a2c6-554bd42d5c4b","8a4531a0-d863-52a8-95c8-747078925de6","3f6def5e-1262-5df3-9798-8e23bbffa3b7","HCC40","Rheumatoid Arthritis","M16.10","Rheumatoid Arthritis","0.421","1.0","0.421","2026-09-10","CLAIMS","ACTIVE","","2026","TRUE","15.13","fe71dc5d-15dd-5cac-9409-ca04606eaf04","2026-09-10","RISK_ADJ_PIPELINE","2026-09-15 10:31:41"
"44c8aa38-c0ec-51ab-9902-5eb3eeca2100","0a349175-8d29-5cc5-97e5-1df6ba039eef","af83e4a3-dd6d-53e4-8361-6e231df57f85","HCC12","Breast Cancer","C50.211","Breast Cancer","0.664","1.0","0.664","2026-07-19","CLAIMS","ACTIVE","","2026","FALSE","42.23","fe71dc5d-15dd-5cac-9409-ca04606eaf04","2026-07-19","RISK_ADJ_PIPELINE","2026-09-15 10:31:41"
"5b6cb38a-3c3a-52ea-98ee-37d745327ad0","347420d8-c07b-5a82-8b04-39430e4abb0e","0a371e06-016b-57cc-9a0c-30cfeea871e1","HCC88","Angina Pectoris / Old MI","I25.10","Angina Pectoris / Old MI","0.241","1.0","0.241","2026-09-02","CLAIMS","ACTIVE","","2026","TRUE","22.85","fe71dc5d-15dd-5cac-9409-ca04606eaf04","2026-09-02","RISK_ADJ_PIPELINE","2026-09-15 10:31:41"
"14b066a1-fa34-50dd-aae3-09255a694469","347420d8-c07b-5a82-8b04-39430e4abb0e","ca669087-2c16-5504-bf87-bb23b9f0b589","HCC9","Lung and Other Severe Cancers","C34.10","Lung and Other Severe Cancers","2.422","1.0","2.422","2026-06-22","CHART_REVIEW","ACTIVE","CODER_REVIEW","2026","TRUE","10.49","fe71dc5d-15dd-5cac-9409-ca04606eaf04","2026-06-22","RISK_ADJ_PIPELINE","2026-09-15 10:31:41"
"2be9d7de-f3c3-53d3-8f68-d393205de420","aa59ac12-9b3a-5466-95e9-0b26e0db81e4","200390b0-06cf-59a0-86bf-0bcb04feb2d9","HCC112","Fibrosis of Lung","J43.9","Fibrosis of Lung","0.199","1.02","0.203","2026-08-07","CHART_REVIEW","VALIDATED","CODER_REVIEW","2026","FALSE","43.14","fe71dc5d-15dd-5cac-9409-ca04606eaf04","2026-08-07","RISK_ADJ_PIPELINE","2026-09-15 10:31:41"
"3c8087f1-cbcd-5d9f-bc29-79905e79dc30","aa59ac12-9b3a-5466-95e9-0b26e0db81e4","57a0868c-52d3-518b-8b34-af3ade097baf","HCC18","Diabetes with Chronic Complications","E13.65","Diabetes with Chronic Complications","0.302","1.02","0.308","2026-08-06","CLAIMS","ACTIVE","","2026","TRUE","10.38","fe71dc5d-15dd-5cac-9409-ca04606eaf04","2026-08-06","RISK_ADJ_PIPELINE","2026-09-15 10:31:41"
"1e1c6981-58ba-576d-93f0-7eb037e9e25e","e79140de-8c15-5a6f-a372-4b3a92dda62b","e9c3c7ae-eb63-533b-bcc0-6486f9c43720","HCC17","Diabetes with Acute Complications","E10.9","Diabetes with Acute Complications","0.368","1.0","0.368","2026-09-03","CLAIMS","ACTIVE","","2026","TRUE","1.07","fe71dc5d-15dd-5cac-9409-ca04606eaf04","2026-09-03","RISK_ADJ_PIPELINE","2026-09-15 10:31:41"
"f263e9cf-5313-5208-bcc7-68a326b02b2d","e2eb0c83-1448-5169-83f6-b67e2037f18e","7646dcb3-39d9-5a84-963c-44568c6e6370","HCC112","Fibrosis of Lung","J43.1","Fibrosis of Lung","0.199","1.0","0.199","2026-07-02","CLAIMS","ACTIVE","","2026","FALSE","68.61","fe71dc5d-15dd-5cac-9409-ca04606eaf04","2026-07-02","RISK_ADJ_PIPELINE","2026-09-15 10:31:41"
"63bbb82e-f561-55ce-a2a7-2b8687729418","e2eb0c83-1448-5169-83f6-b67e2037f18e","8b2d25d7-e15e-5e10-a334-6a7bc1fff942","HCC12","Colon Cancer","C18.2","Colon Cancer","0.664","1.0","0.664","2026-09-14","CLAIMS","ACTIVE","","2026","TRUE","18.43","fe71dc5d-15dd-5cac-9409-ca04606eaf04","2026-09-14","RISK_ADJ_PIPELINE","2026-09-15 10:31:41"
"ea0ef7bd-568c-501c-9524-3b080151d794","dfd65c2e-583b-5de0-a175-dce5b46bf0ca","8947b681-40c7-5e8a-9e47-c1cd3c721f90","HCC85","Congestive Heart Failure","I50.20","Congestive Heart Failure","0.331","1.02","0.3376","2026-09-04","ENCOUNTER","SUPERSEDED","","2026","TRUE","12.7","fe71dc5d-15dd-5cac-9409-ca04606eaf04","2026-09-04","RISK_ADJ_PIPELINE","2026-09-15 10:31:41"
"168a8c60-ef0d-54f9-a144-3ef42acf64e4","bb853155-6532-53ba-9d45-1510954ef968","3ca58fd4-1a78-5c09-bdaf-5e6d32e74995","HCC86","Acute Myocardial Infarction","I21.3","Acute Myocardial Infarction","0.365","1.02","0.3723","2026-09-06","ENCOUNTER","ACTIVE","","2026","TRUE","19.73","fe71dc5d-15dd-5cac-9409-ca04606eaf04","2026-09-06","RISK_ADJ_PIPELINE","2026-09-15 10:31:41"
"3b194d72-af9e-53b1-bd58-d7424df97148","44c9c573-8894-5626-a935-5017f58f98ec","18ff6e67-bb4b-5cd8-8f6d-bae346b59072","HCC40","Rheumatoid Arthritis","M16.30","Rheumatoid Arthritis","0.421","1.02","0.4294","2026-07-05","CHART_REVIEW","ACTIVE","CODER_REVIEW","2026","TRUE","9.57","fe71dc5d-15dd-5cac-9409-ca04606eaf04","2026-07-05","RISK_ADJ_PIPELINE","2026-09-15 10:31:41"
"3a92ddeb-f22d-5da7-9571-1b71a12a38d9","c160bc3d-ef9b-5dbe-8095-f359c5fae145","810482f4-9e90-5950-b820-834206fb5915","HCC136","Chronic Kidney Disease Stage 4","N18.6","Chronic Kidney Disease Stage 4","0.237","1.02","0.2417","2026-08-07","CLAIMS","ACTIVE","","2026","TRUE","7.45","fe71dc5d-15dd-5cac-9409-ca04606eaf04","2026-08-07","RISK_ADJ_PIPELINE","2026-09-15 10:31:41"
"678f6de7-8e9c-55e9-ae48-40d458ae6340","c160bc3d-ef9b-5dbe-8095-f359c5fae145","347853b4-b0f2-5000-ac60-b3a2808a02b1","HCC19","Diabetes without Complication","E11.40","Diabetes without Complication","0.118","1.02","0.1204","2026-09-08","CHART_REVIEW","ACTIVE","CODER_REVIEW","2026","TRUE","8.23","fe71dc5d-15dd-5cac-9409-ca04606eaf04","2026-09-08","RISK_ADJ_PIPELINE","2026-09-15 10:31:41"
"7b178989-07ac-50d0-b77e-692fb6df1253","c160bc3d-ef9b-5dbe-8095-f359c5fae145","810482f4-9e90-5950-b820-834206fb5915","HCC18","Diabetes with Chronic Complications","E13.10","Diabetes with Chronic Complications","0.302","1.02","0.308","2026-07-16","CLAIMS","ACTIVE","","2026","TRUE","7.45","fe71dc5d-15dd-5cac-9409-ca04606eaf04","2026-07-16","RISK_ADJ_PIPELINE","2026-09-15 10:31:41"
"58a8ee9c-890f-50a4-b4fe-699fe5c9c2d9","392880e6-386d-576d-923f-ee8b18c7f302","542e68b7-8193-506a-bc1e-d89dda85f4e2","HCC86","Acute Myocardial Infarction","I21.09","Acute Myocardial Infarction","0.365","1.02","0.3723","2026-06-21","CHART_REVIEW","ACTIVE","CODER_REVIEW","2026","FALSE","60.84","fe71dc5d-15dd-5cac-9409-ca04606eaf04","2026-06-21","RISK_ADJ_PIPELINE","2026-09-15 10:31:41"
"a996b65c-daed-5263-9477-01318d4604d8","392880e6-386d-576d-923f-ee8b18c7f302","98f04783-4638-5a4f-b291-20bc2c76b81d","HCC40","Rheumatoid Arthritis","M16.0","Rheumatoid Arthritis","0.421","1.02","0.4294","2026-09-13","CLAIMS","ACTIVE","","2026","TRUE","8.76","fe71dc5d-15dd-5cac-9409-ca04606eaf04","2026-09-13","RISK_ADJ_PIPELINE","2026-09-15 10:31:41"
"73b37888-09c4-5e0e-9ef8-17511f40fa19","392880e6-386d-576d-923f-ee8b18c7f302","14aa443d-9fba-571d-9e0f-17ae18309603","HCC57","Schizophrenia","F20.5","Schizophrenia","0.62","1.02","0.6324","2026-06-19","CLAIMS","ACTIVE","","2026","FALSE","52.73","fe71dc5d-15dd-5cac-9409-ca04606eaf04","2026-06-19","RISK_ADJ_PIPELINE","2026-09-15 10:31:41"
"4656ff41-4e5f-5c47-8843-bf68ca60ef70","20a0c073-6350-5f2f-97c1-2d075a260d64","b1f4cef4-ba3b-5a1c-bc09-56028e8cfb58","HCC111","COPD","J44.1","COPD","0.335","1.0","0.335","2026-09-14","ENCOUNTER","VALIDATED","","2026","FALSE","27.65","fe71dc5d-15dd-5cac-9409-ca04606eaf04","2026-09-14","RISK_ADJ_PIPELINE","2026-09-15 10:31:41"
"0047602c-0e97-5cd8-a03d-54e17b1528b3","faac1c27-f2db-57ad-8017-f104ad928520","c9089444-8a72-51fd-a9ce-2c288c9314ce","HCC17","Diabetes with Acute Complications","E10.10","Diabetes with Acute Complications","0.368","1.02","0.3754","2026-07-12","CLAIMS","VALIDATED","","2026","FALSE","40.21","fe71dc5d-15dd-5cac-9409-ca04606eaf04","2026-07-12","RISK_ADJ_PIPELINE","2026-09-15 10:31:41"
"fba9499e-7a6f-5fd0-893e-a1e8e009cd91","faac1c27-f2db-57ad-8017-f104ad928520","ff411a54-b885-5d60-830d-4fc80adf38f3","HCC19","Diabetes without Complication","E11.9","Diabetes without Complication","0.118","1.02","0.1204","2026-07-02","CLAIMS","ACTIVE","","2026","TRUE","12.31","fe71dc5d-15dd-5cac-9409-ca04606eaf04","2026-07-02","RISK_ADJ_PIPELINE","2026-09-15 10:31:41"
"6c774cd5-6e32-5bd2-9a4d-25e16d9f22cc","32f21236-5303-578a-8a06-b3486cbceacd","b8b959d1-7de8-5f14-a5e1-869991045484","HCC9","Lung and Other Severe Cancers","C34.11","Lung and Other Severe Cancers","2.422","1.0","2.422","2026-08-03","ENCOUNTER","VALIDATED","","2026","TRUE","16.47","fe71dc5d-15dd-5cac-9409-ca04606eaf04","2026-08-03","RISK_ADJ_PIPELINE","2026-09-15 10:31:41"
"7801d491-6aea-5299-a18d-353e7e67f179","32f21236-5303-578a-8a06-b3486cbceacd","10753dbf-93bd-5458-bac0-3280ab36a2ec","HCC58","Major Depressive/Bipolar Disorders","F31.9","Major Depressive/Bipolar Disorders","0.395","1.0","0.395","2026-07-03","ENCOUNTER","SUPERSEDED","","2026","TRUE","20.0","fe71dc5d-15dd-5cac-9409-ca04606eaf04","2026-07-03","RISK_ADJ_PIPELINE","2026-09-15 10:31:41"
"28e03ecc-3b63-54cb-be77-1972629302af","32f21236-5303-578a-8a06-b3486cbceacd","b8b959d1-7de8-5f14-a5e1-869991045484","HCC85","Congestive Heart Failure","I50.42","Congestive Heart Failure","0.331","1.0","0.331","2026-07-19","CLAIMS","VALIDATED","","2026","TRUE","16.47","fe71dc5d-15dd-5cac-9409-ca04606eaf04","2026-07-19","RISK_ADJ_PIPELINE","2026-09-15 10:31:41"
"f97be711-0ece-59c7-baa9-50e6abf4dab8","24c92293-db56-57ee-a4d4-80e3c96e1bea","b523a43d-20a1-52b0-b4a0-71a972e66203","HCC18","Diabetes with Chronic Complications","E13.10","Diabetes with Chronic Complications","0.302","1.0","0.302","2026-07-27","CLAIMS","ACTIVE","","2026","TRUE","20.57","fe71dc5d-15dd-5cac-9409-ca04606eaf04","2026-07-27","RISK_ADJ_PIPELINE","2026-09-15 10:31:41"
"cd84abb9-c148-50c1-9314-7d0a97c1da81","4dfdf738-71d5-5a58-b89e-ef54c3712966","c25e2576-aafb-5d94-b36d-71cd3cc7ee38","HCC19","Diabetes without Complication","E11.65","Diabetes without Complication","0.118","1.02","0.1204","2026-08-25","CLAIMS","VALIDATED","","2026","TRUE","3.85","fe71dc5d-15dd-5cac-9409-ca04606eaf04","2026-08-25","RISK_ADJ_PIPELINE","2026-09-15 10:31:41"
"28c7e7d1-b6df-5ac5-a565-e654fc7dbd2d","4dfdf738-71d5-5a58-b89e-ef54c3712966","1d866bb6-70f0-532a-90f8-6ca34793ffb3","HCC9","Lung and Other Severe Cancers","C34.12","Lung and Other Severe Cancers","2.422","1.02","2.4704","2026-07-17","CLAIMS","ACTIVE","","2026","TRUE","3.94","fe71dc5d-15dd-5cac-9409-ca04606eaf04","2026-07-17","RISK_ADJ_PIPELINE","2026-09-15 10:31:41"
"db949954-ae8a-5762-8a34-dbf7d16ee62f","318a04cf-a0ed-5e2a-a04e-fbf53c7d1697","7fb185ca-e456-5d48-85c0-b1efa292bca7","HCC96","Specified Heart Arrhythmias","I48.19","Specified Heart Arrhythmias","0.271","1.0","0.271","2026-07-22","ENCOUNTER","ACTIVE","","2026","FALSE","39.23","fe71dc5d-15dd-5cac-9409-ca04606eaf04","2026-07-22","RISK_ADJ_PIPELINE","2026-09-15 10:31:41"
"1544747a-a6f8-51db-8abf-6f8b173a1c48","106bd90b-177d-52c2-9a25-f12fd9356e94","06e6d8d6-1f0e-5102-bd6e-e9e6e539333b","HCC40","Rheumatoid Arthritis","M16.30","Rheumatoid Arthritis","0.421","1.0","0.421","2026-08-28","CLAIMS","ACTIVE","","2026","TRUE","18.6","fe71dc5d-15dd-5cac-9409-ca04606eaf04","2026-08-28","RISK_ADJ_PIPELINE","2026-09-15 10:31:41"
"892396f0-c9b7-51e2-b9b8-58d6dc8b4e29","106bd90b-177d-52c2-9a25-f12fd9356e94","2d8ae814-9990-5530-8458-6cb4080507c3","HCC111","COPD","J44.0","COPD","0.335","1.0","0.335","2026-09-02","CLAIMS","ACTIVE","","2026","TRUE","15.17","fe71dc5d-15dd-5cac-9409-ca04606eaf04","2026-09-02","RISK_ADJ_PIPELINE","2026-09-15 10:31:41"
"6a04481f-b1c7-5bcf-a294-bad22daf4611","729aa951-b41e-545e-86e5-37f7a32294c4","b42aaf20-4429-579a-96b5-93d13835fcc6","HCC111","COPD","J44.0","COPD","0.335","1.02","0.3417","2026-07-11","CHART_REVIEW","ACTIVE","CODER_REVIEW","2026","TRUE","22.1","fe71dc5d-15dd-5cac-9409-ca04606eaf04","2026-07-11","RISK_ADJ_PIPELINE","2026-09-15 10:31:41"
"60f46d6f-4f12-543f-b9f8-c833cabfdc70","729aa951-b41e-545e-86e5-37f7a32294c4","e591b8f4-28ed-5f29-8b83-7e2706bc8426","HCC57","Schizophrenia","F20.0","Schizophrenia","0.62","1.02","0.6324","2026-07-09","ENCOUNTER","ACTIVE","","2026","TRUE","18.15","fe71dc5d-15dd-5cac-9409-ca04606eaf04","2026-07-09","RISK_ADJ_PIPELINE","2026-09-15 10:31:41"
"bb7540ef-e52e-56d4-89bc-575d922ec6fa","8f158a67-766b-5f26-8c2f-a14a2ea96b52","15634d6a-0ef4-54a4-a8f0-87e9ec7aabd3","HCC111","COPD","J44.9","COPD","0.335","1.02","0.3417","2026-09-11","CLAIMS","ACTIVE","","2026","TRUE","1.39","fe71dc5d-15dd-5cac-9409-ca04606eaf04","2026-09-11","RISK_ADJ_PIPELINE","2026-09-15 10:31:41"
"4876247b-82d2-5b7f-aab8-e8b2df9b6820","8f158a67-766b-5f26-8c2f-a14a2ea96b52","41cc8c95-02a2-57e5-b909-62d3dfa0f93a","HCC112","Fibrosis of Lung","J43.1","Fibrosis of Lung","0.199","1.02","0.203","2026-08-04","ENCOUNTER","ACTIVE","","2026","TRUE","14.67","fe71dc5d-15dd-5cac-9409-ca04606eaf04","2026-08-04","RISK_ADJ_PIPELINE","2026-09-15 10:31:41"
"0deaf306-bfe7-5092-9e02-0e37cf7c7f1d","33d8257d-0671-552d-a1cd-7b005c9be759","d0e63eb5-c458-5a0f-8879-27a17799cabf","HCC168","Hip Fracture/Dislocation","M80.811A","Hip Fracture/Dislocation","0.489","1.02","0.4988","2026-08-20","ENCOUNTER","ACTIVE","","2026","TRUE","3.76","fe71dc5d-15dd-5cac-9409-ca04606eaf04","2026-08-20","RISK_ADJ_PIPELINE","2026-09-15 10:31:41"
"90e9336c-2926-5a80-b3e6-ec5a31c2389f","33d8257d-0671-552d-a1cd-7b005c9be759","a992c4ee-965f-517d-83ae-036510f6fd15","HCC12","Colon Cancer","C18.4","Colon Cancer","0.664","1.02","0.6773","2026-07-25","PROSPECTIVE","VALIDATED","","2026","TRUE","6.45","fe71dc5d-15dd-5cac-9409-ca04606eaf04","2026-07-25","RISK_ADJ_PIPELINE","2026-09-15 10:31:41"
"b395d757-e752-57a6-a133-3aad4ed23b91","33d8257d-0671-552d-a1cd-7b005c9be759","12e09fa7-d501-57a5-bc24-27a6e59d6aa0","HCC85","Congestive Heart Failure","I50.42","Congestive Heart Failure","0.331","1.02","0.3376","2026-07-01","CLAIMS","ACTIVE","","2026","TRUE","6.78","fe71dc5d-15dd-5cac-9409-ca04606eaf04","2026-07-01","RISK_ADJ_PIPELINE","2026-09-15 10:31:41"
"d0ddc332-99eb-5c98-814e-b190a14d5f99","41d59667-856f-5a03-9172-e6e80fe80069","66c184e4-f588-57bf-b9d9-34176b84d83a","HCC17","Diabetes with Acute Complications","E10.65","Diabetes with Acute Complications","0.368","1.0","0.368","2026-08-02","CLAIMS","VALIDATED","","2026","TRUE","19.75","fe71dc5d-15dd-5cac-9409-ca04606eaf04","2026-08-02","RISK_ADJ_PIPELINE","2026-09-15 10:31:41"
"cd54c69e-0be8-596a-9301-e0dc1585ae52","41d59667-856f-5a03-9172-e6e80fe80069","55d36d1a-6c13-5c4e-8d25-e1b91c7c4e2f","HCC12","Colon Cancer","C18.4","Colon Cancer","0.664","1.0","0.664","2026-07-22","CLAIMS","ACTIVE","","2026","FALSE","43.33","fe71dc5d-15dd-5cac-9409-ca04606eaf04","2026-07-22","RISK_ADJ_PIPELINE","2026-09-15 10:31:41"
"d4ef9e61-ec41-5f34-991c-4cb9411b79d8","41d59667-856f-5a03-9172-e6e80fe80069","23625915-0023-5801-b4d8-6cb8793ffc91","HCC40","Rheumatoid Arthritis","M16.0","Rheumatoid Arthritis","0.421","1.0","0.421","2026-07-30","CLAIMS","ACTIVE","","2026","TRUE","7.29","fe71dc5d-15dd-5cac-9409-ca04606eaf04","2026-07-30","RISK_ADJ_PIPELINE","2026-09-15 10:31:41"
"8995a0a2-8c96-5df0-96e1-d84ef562622d","41d59667-856f-5a03-9172-e6e80fe80069","55d36d1a-6c13-5c4e-8d25-e1b91c7c4e2f","HCC111","COPD","J44.1","COPD","0.335","1.0","0.335","2026-07-03","CLAIMS","ACTIVE","","2026","FALSE","43.33","fe71dc5d-15dd-5cac-9409-ca04606eaf04","2026-07-03","RISK_ADJ_PIPELINE","2026-09-15 10:31:41"
"71746218-f207-52f6-aebd-c5e8150841c9","2c0824e0-0acb-55a6-ac03-9957074f2baa","b1cb5adf-716d-593a-be61-bc44d2f078b8","HCC88","Angina Pectoris / Old MI","I25.5","Angina Pectoris / Old MI","0.241","1.0","0.241","2026-07-19","CLAIMS","ACTIVE","","2026","TRUE","3.7","fe71dc5d-15dd-5cac-9409-ca04606eaf04","2026-07-19","RISK_ADJ_PIPELINE","2026-09-15 10:31:41"
"3360518e-dba0-531d-9b51-08460e884dd7","2c0824e0-0acb-55a6-ac03-9957074f2baa","a81837b3-6305-52b7-9c16-0bea93c8d256","HCC19","Diabetes without Complication","E11.40","Diabetes without Complication","0.118","1.0","0.118","2026-09-14","CLAIMS","SUPERSEDED","","2026","TRUE","17.79","fe71dc5d-15dd-5cac-9409-ca04606eaf04","2026-09-14","RISK_ADJ_PIPELINE","2026-09-15 10:31:41"
"a4f721bb-4ef6-566b-945f-b6827f8cf9de","2c0824e0-0acb-55a6-ac03-9957074f2baa","a81837b3-6305-52b7-9c16-0bea93c8d256","HCC86","Acute Myocardial Infarction","I21.09","Acute Myocardial Infarction","0.365","1.0","0.365","2026-07-30","ENCOUNTER","ACTIVE","","2026","TRUE","17.79","fe71dc5d-15dd-5cac-9409-ca04606eaf04","2026-07-30","RISK_ADJ_PIPELINE","2026-09-15 10:31:41"
"672709b8-047b-5886-a1d1-e0933f5b16b3","926c8b60-b655-555b-9774-91560e5de611","909b4961-0fab-5e8f-aca4-1508b1303de7","HCC86","Acute Myocardial Infarction","I21.19","Acute Myocardial Infarction","0.365","1.02","0.3723","2026-06-21","CHART_REVIEW","SUPERSEDED","CODER_REVIEW","2026","FALSE","33.35","fe71dc5d-15dd-5cac-9409-ca04606eaf04","2026-06-21","RISK_ADJ_PIPELINE","2026-09-15 10:31:41"
"57589567-b433-5954-8bdc-e59fe38e0803","2294c4b4-72e5-55b2-8fd4-1e272ad2f4ec","bc4b3cec-d5c5-55c9-8f0c-260f56b4c17e","HCC58","Major Depressive/Bipolar Disorders","F31.30","Major Depressive/Bipolar Disorders","0.395","1.0","0.395","2026-06-18","CLAIMS","ACTIVE","","2026","TRUE","18.1","fe71dc5d-15dd-5cac-9409-ca04606eaf04","2026-06-18","RISK_ADJ_PIPELINE","2026-09-15 10:31:41"
"233964b2-f865-51e5-a5a9-8937f7325d18","2294c4b4-72e5-55b2-8fd4-1e272ad2f4ec","bc4b3cec-d5c5-55c9-8f0c-260f56b4c17e","HCC135","Acute Renal Failure","N17.0","Acute Renal Failure","0.441","1.0","0.441","2026-09-13","CHART_REVIEW","ACTIVE","CODER_REVIEW","2026","TRUE","18.1","fe71dc5d-15dd-5cac-9409-ca04606eaf04","2026-09-13","RISK_ADJ_PIPELINE","2026-09-15 10:31:41"
"0822fbb2-38ae-541f-bdd4-1af640f3d685","2294c4b4-72e5-55b2-8fd4-1e272ad2f4ec","f51d3912-4bc5-5df0-afa7-8dec09ef5abf","HCC136","Chronic Kidney Disease Stage 4","N18.6","Chronic Kidney Disease Stage 4","0.237","1.0","0.237","2026-08-08","CHART_REVIEW","ACTIVE","CODER_REVIEW","2026","TRUE","18.53","fe71dc5d-15dd-5cac-9409-ca04606eaf04","2026-08-08","RISK_ADJ_PIPELINE","2026-09-15 10:31:41"
"4e9d2114-9835-58d1-b54a-1a72e203ff92","aead443f-2d10-553c-9224-7e3212cfe58b","ad5db739-c93c-58f5-8273-cbd5fc338bd0","HCC85","Congestive Heart Failure","I50.22","Congestive Heart Failure","0.331","1.0","0.331","2026-07-01","CLAIMS","VALIDATED","","2026","TRUE","0.82","fe71dc5d-15dd-5cac-9409-ca04606eaf04","2026-07-01","RISK_ADJ_PIPELINE","2026-09-15 10:31:41"
"dd24d7a3-8b19-5971-9142-c7477ae8cca5","d0da9176-8d29-5501-a236-a0f876a696fe","28183fc0-1e7d-52d4-b243-84fc68e4e8d9","HCC18","Diabetes with Chronic Complications","E13.10","Diabetes with Chronic Complications","0.302","1.02","0.308","2026-08-22","CLAIMS","ACTIVE","","2026","TRUE","15.69","fe71dc5d-15dd-5cac-9409-ca04606eaf04","2026-08-22","RISK_ADJ_PIPELINE","2026-09-15 10:31:41"
"f690ef9f-163d-53c7-9949-079054f521de","305b6f51-13f0-51d9-bcb4-408bb7ae4513","968c3478-8240-564f-948d-3e46aef1b839","HCC19","Diabetes without Complication","E11.9","Diabetes without Complication","0.118","1.0","0.118","2026-08-26","CLAIMS","ACTIVE","","2026","TRUE","12.91","fe71dc5d-15dd-5cac-9409-ca04606eaf04","2026-08-26","RISK_ADJ_PIPELINE","2026-09-15 10:31:41"
"c63d924e-3c3b-55d0-81d3-bf848f590538","e4ed7c74-0965-559a-a4a9-f059fc34f0bc","5e0c87a8-20c1-5223-8de2-3322d5a8a376","HCC58","Major Depressive/Bipolar Disorders","F31.10","Major Depressive/Bipolar Disorders","0.395","1.02","0.4029","2026-06-20","CLAIMS","ACTIVE","","2026","TRUE","11.67","fe71dc5d-15dd-5cac-9409-ca04606eaf04","2026-06-20","RISK_ADJ_PIPELINE","2026-09-15 10:31:41"
"767887e7-e7a1-511f-bb17-5f3cbcce246a","a41b716f-c153-5553-b5e6-341432e9e0a8","3644d855-fe37-528f-9699-267c43e09f6f","HCC111","COPD","J44.1","COPD","0.335","1.0","0.335","2026-08-23","CHART_REVIEW","ACTIVE","CODER_REVIEW","2026","TRUE","2.78","fe71dc5d-15dd-5cac-9409-ca04606eaf04","2026-08-23","RISK_ADJ_PIPELINE","2026-09-15 10:31:41"
"a1c96320-d7f7-59d4-8e8c-d8dc5828c1af","a41b716f-c153-5553-b5e6-341432e9e0a8","3644d855-fe37-528f-9699-267c43e09f6f","HCC96","Specified Heart Arrhythmias","I48.19","Specified Heart Arrhythmias","0.271","1.0","0.271","2026-09-06","ENCOUNTER","ACTIVE","","2026","TRUE","2.78","fe71dc5d-15dd-5cac-9409-ca04606eaf04","2026-09-06","RISK_ADJ_PIPELINE","2026-09-15 10:31:41"
"ef7b08bd-86f6-581e-a309-edafba50d30e","a41b716f-c153-5553-b5e6-341432e9e0a8","18b2e987-94a7-51d6-9494-fb159abf5944","HCC12","Breast Cancer","C50.211","Breast Cancer","0.664","1.0","0.664","2026-07-02","CHART_REVIEW","ACTIVE","CODER_REVIEW","2026","TRUE","6.56","fe71dc5d-15dd-5cac-9409-ca04606eaf04","2026-07-02","RISK_ADJ_PIPELINE","2026-09-15 10:31:41"
"af572858-f51c-5840-b04e-9ffd97381460","05b34de0-3122-583a-847f-17baa1786e2f","368242e1-4b06-5ac7-88c7-d6225782b025","HCC112","Fibrosis of Lung","J43.1","Fibrosis of Lung","0.199","1.0","0.199","2026-07-22","CLAIMS","ACTIVE","","2026","TRUE","12.54","fe71dc5d-15dd-5cac-9409-ca04606eaf04","2026-07-22","RISK_ADJ_PIPELINE","2026-09-15 10:31:41"
"5bf7ecbc-20af-5308-9f1d-a57af13764ad","05b34de0-3122-583a-847f-17baa1786e2f","5f02a515-917f-5d88-ae75-845b1ba6058f","HCC57","Schizophrenia","F20.9","Schizophrenia","0.62","1.0","0.62","2026-08-28","PROSPECTIVE","ACTIVE","","2026","TRUE","5.88","fe71dc5d-15dd-5cac-9409-ca04606eaf04","2026-08-28","RISK_ADJ_PIPELINE","2026-09-15 10:31:41"
"f5f54d69-f13d-5044-b635-80029c68040d","05b34de0-3122-583a-847f-17baa1786e2f","5f02a515-917f-5d88-ae75-845b1ba6058f","HCC86","Acute Myocardial Infarction","I21.3","Acute Myocardial Infarction","0.365","1.0","0.365","2026-06-23","CLAIMS","VALIDATED","","2026","TRUE","5.88","fe71dc5d-15dd-5cac-9409-ca04606eaf04","2026-06-23","RISK_ADJ_PIPELINE","2026-09-15 10:31:41"
"267ffc8a-4b24-55f4-b86b-9ea7451ae01d","05b34de0-3122-583a-847f-17baa1786e2f","0b4e4198-3c64-5549-9a65-ad83c8220a63","HCC96","Specified Heart Arrhythmias","I48.20","Specified Heart Arrhythmias","0.271","1.0","0.271","2026-09-09","CHART_REVIEW","ACTIVE","CODER_REVIEW","2026","TRUE","14.76","fe71dc5d-15dd-5cac-9409-ca04606eaf04","2026-09-09","RISK_ADJ_PIPELINE","2026-09-15 10:31:41"
"9b9a9896-70a0-5351-9cbd-c5e066a1cdb6","9906eb3a-99ff-558c-a9d7-4b6971819bb9","1436477c-b94b-5632-8a95-d1f18d4e6301","HCC168","Hip Fracture/Dislocation","M80.011A","Hip Fracture/Dislocation","0.489","1.0","0.489","2026-08-25","CLAIMS","ACTIVE","","2026","TRUE","5.13","fe71dc5d-15dd-5cac-9409-ca04606eaf04","2026-08-25","RISK_ADJ_PIPELINE","2026-09-15 10:31:41"
"dfadd1ed-eec0-5865-adf4-4c9617449741","b3cb4f7f-50c2-544a-8b8f-cbbfb00ae280","38b73262-8ec5-59b4-aea9-a0d010bf3c7f","HCC96","Specified Heart Arrhythmias","I48.19","Specified Heart Arrhythmias","0.271","1.02","0.2764","2026-07-04","CLAIMS","ACTIVE","","2026","TRUE","7.22","fe71dc5d-15dd-5cac-9409-ca04606eaf04","2026-07-04","RISK_ADJ_PIPELINE","2026-09-15 10:31:41"
"ae511ce8-5a97-515e-b442-eba3a2e1d271","b3cb4f7f-50c2-544a-8b8f-cbbfb00ae280","38b73262-8ec5-59b4-aea9-a0d010bf3c7f","HCC135","Acute Renal Failure","N17.2","Acute Renal Failure","0.441","1.02","0.4498","2026-06-30","ENCOUNTER","SUPERSEDED","","2026","TRUE","7.22","fe71dc5d-15dd-5cac-9409-ca04606eaf04","2026-06-30","RISK_ADJ_PIPELINE","2026-09-15 10:31:41"
"35f4a9c6-0f8e-5b30-afa7-18686b23f9bf","b3cb4f7f-50c2-544a-8b8f-cbbfb00ae280","3e0c6d82-6863-5a10-ad34-762e6a0cf62b","HCC17","Diabetes with Acute Complications","E10.10","Diabetes with Acute Complications","0.368","1.02","0.3754","2026-08-01","CHART_REVIEW","ACTIVE","CODER_REVIEW","2026","TRUE","6.67","fe71dc5d-15dd-5cac-9409-ca04606eaf04","2026-08-01","RISK_ADJ_PIPELINE","2026-09-15 10:31:41"
"0bb57795-014e-53e6-90c9-186878f5eeb8","b3cb4f7f-50c2-544a-8b8f-cbbfb00ae280","3e0c6d82-6863-5a10-ad34-762e6a0cf62b","HCC58","Major Depressive/Bipolar Disorders","F31.10","Major Depressive/Bipolar Disorders","0.395","1.02","0.4029","2026-09-13","CLAIMS","ACTIVE","","2026","TRUE","6.67","fe71dc5d-15dd-5cac-9409-ca04606eaf04","2026-09-13","RISK_ADJ_PIPELINE","2026-09-15 10:31:41"
"975a15dd-4f84-5f2f-bcf0-0d822409df3e","30c3ba30-e706-55ac-815d-76ececc345bd","ff1aecb3-afc9-57a8-bbe1-82dbf8b2bbd1","HCC86","Acute Myocardial Infarction","I21.29","Acute Myocardial Infarction","0.365","1.0","0.365","2026-08-01","CLAIMS","ACTIVE","","2026","TRUE","3.75","fe71dc5d-15dd-5cac-9409-ca04606eaf04","2026-08-01","RISK_ADJ_PIPELINE","2026-09-15 10:31:41"
"d5cd1d5a-fe0b-58d1-b9c7-322a955b824f","30c3ba30-e706-55ac-815d-76ececc345bd","b51d8ab7-09fd-53f5-86df-9b7b85fcb5c2","HCC85","Congestive Heart Failure","I50.20","Congestive Heart Failure","0.331","1.0","0.331","2026-08-12","CHART_REVIEW","ACTIVE","CODER_REVIEW","2026","TRUE","6.31","fe71dc5d-15dd-5cac-9409-ca04606eaf04","2026-08-12","RISK_ADJ_PIPELINE","2026-09-15 10:31:41"
"984bc510-66a4-5a49-bfc9-faf30617dcb1","30c3ba30-e706-55ac-815d-76ececc345bd","9afb397c-f938-563c-ab57-3f5ca172f915","HCC40","Rheumatoid Arthritis","M16.30","Rheumatoid Arthritis","0.421","1.0","0.421","2026-07-27","CLAIMS","ACTIVE","","2026","TRUE","10.87","fe71dc5d-15dd-5cac-9409-ca04606eaf04","2026-07-27","RISK_ADJ_PIPELINE","2026-09-15 10:31:41"
"71474694-7dea-58b2-bb70-b3e19b7da406","30c3ba30-e706-55ac-815d-76ececc345bd","b51d8ab7-09fd-53f5-86df-9b7b85fcb5c2","HCC57","Schizophrenia","F20.0","Schizophrenia","0.62","1.0","0.62","2026-07-04","CLAIMS","VALIDATED","","2026","TRUE","6.31","fe71dc5d-15dd-5cac-9409-ca04606eaf04","2026-07-04","RISK_ADJ_PIPELINE","2026-09-15 10:31:41"
"7993fd3d-d2c5-5550-935e-12a5cebf06d0","1f23da8a-3892-5daa-9991-702778c38a94","577e2ee2-c07f-58cb-9e23-3443bd34e850","HCC85","Congestive Heart Failure","I50.32","Congestive Heart Failure","0.331","1.0","0.331","2026-07-16","CLAIMS","VALIDATED","","2026","TRUE","3.83","fe71dc5d-15dd-5cac-9409-ca04606eaf04","2026-07-16","RISK_ADJ_PIPELINE","2026-09-15 10:31:41"
"1f99d679-7d66-52a7-9ca6-140c678f2ab1","1e9e425d-d571-5d01-b89c-3836ff60101a","14a6dfa4-3bce-5984-8a0d-e0c0357c1b2d","HCC86","Acute Myocardial Infarction","I21.09","Acute Myocardial Infarction","0.365","1.0","0.365","2026-07-02","CLAIMS","ACTIVE","","2026","TRUE","5.54","fe71dc5d-15dd-5cac-9409-ca04606eaf04","2026-07-02","RISK_ADJ_PIPELINE","2026-09-15 10:31:41"
"3374f7a0-692f-5eee-8bfa-2e431632a020","bccbb9b2-9f06-5821-9ce3-98cc351362e7","894b6c0c-fc2a-5d92-9939-a9ff7ed43617","HCC12","Colon Cancer","C18.7","Colon Cancer","0.664","1.02","0.6773","2026-08-14","CLAIMS","ACTIVE","","2026","TRUE","5.64","fe71dc5d-15dd-5cac-9409-ca04606eaf04","2026-08-14","RISK_ADJ_PIPELINE","2026-09-15 10:31:41"
"fb236915-7a71-57ad-a83d-7dd27a3b6b85","547dcc91-b497-5a6e-9804-e9ac3f816e72","6fd143fe-4919-582c-9b41-8bf5f4eac10e","HCC57","Schizophrenia","F20.9","Schizophrenia","0.62","1.0","0.62","2026-07-13","CLAIMS","ACTIVE","","2026","TRUE","23.2","fe71dc5d-15dd-5cac-9409-ca04606eaf04","2026-07-13","RISK_ADJ_PIPELINE","2026-09-15 10:31:41"
"6755b32e-bf8f-5707-8e1b-0c3fe7313f40","f69354ce-85df-560d-99c3-64d41f99b564","9178b84a-534b-5cdb-b09b-302625d4bd9d","HCC96","Specified Heart Arrhythmias","I48.0","Specified Heart Arrhythmias","0.271","1.0","0.271","2026-08-17","CLAIMS","ACTIVE","","2026","TRUE","12.89","fe71dc5d-15dd-5cac-9409-ca04606eaf04","2026-08-17","RISK_ADJ_PIPELINE","2026-09-15 10:31:41"
"23f65dac-de01-54a7-bc3c-98f2335239bd","92056a38-64b4-547f-ae69-d6ff399765ad","da5306ed-8a3f-539d-a253-206ae2fc1845","HCC88","Angina Pectoris / Old MI","I25.2","Angina Pectoris / Old MI","0.241","1.0","0.241","2026-08-07","CLAIMS","ACTIVE","","2026","TRUE","9.2","fe71dc5d-15dd-5cac-9409-ca04606eaf04","2026-08-07","RISK_ADJ_PIPELINE","2026-09-15 10:31:41"
"dc5f866d-c083-5745-a4d9-9441961b101f","92056a38-64b4-547f-ae69-d6ff399765ad","f1960dc1-0da8-5441-9e54-d09a9dd40d1d","HCC85","Congestive Heart Failure","I50.42","Congestive Heart Failure","0.331","1.0","0.331","2026-06-18","CLAIMS","ACTIVE","","2026","TRUE","17.81","fe71dc5d-15dd-5cac-9409-ca04606eaf04","2026-06-18","RISK_ADJ_PIPELINE","2026-09-15 10:31:41"
"32e22b66-caad-5c4d-8bd0-1cb2908bf638","92056a38-64b4-547f-ae69-d6ff399765ad","7302f4af-8a2b-52f6-93a4-5e62d192fba2","HCC168","Hip Fracture/Dislocation","M80.011A","Hip Fracture/Dislocation","0.489","1.0","0.489","2026-07-05","CLAIMS","ACTIVE","","2026","TRUE","9.8","fe71dc5d-15dd-5cac-9409-ca04606eaf04","2026-07-05","RISK_ADJ_PIPELINE","2026-09-15 10:31:41"
"11bae9d3-6599-59b3-837b-c1c3e634a850","92056a38-64b4-547f-ae69-d6ff399765ad","da5306ed-8a3f-539d-a253-206ae2fc1845","HCC18","Diabetes with Chronic Complications","E13.10","Diabetes with Chronic Complications","0.302","1.0","0.302","2026-07-14","CLAIMS","ACTIVE","","2026","TRUE","9.2","fe71dc5d-15dd-5cac-9409-ca04606eaf04","2026-07-14","RISK_ADJ_PIPELINE","2026-09-15 10:31:41"
"67db5433-fa72-5a5c-8afb-39b29e9d6ee8","b4f6a35e-9f58-51a5-9da7-f5d6923d22f7","5517d858-114c-53f3-a540-329fd371056a","HCC86","Acute Myocardial Infarction","I21.19","Acute Myocardial Infarction","0.365","1.0","0.365","2026-07-17","CLAIMS","ACTIVE","","2026","TRUE","6.79","fe71dc5d-15dd-5cac-9409-ca04606eaf04","2026-07-17","RISK_ADJ_PIPELINE","2026-09-15 10:31:41"
"3e73a4e4-703a-5ce9-87d4-2626dafd9dad","b4f6a35e-9f58-51a5-9da7-f5d6923d22f7","b99b44bb-fdf5-58f8-b6fd-6368f864c3ff","HCC88","Angina Pectoris / Old MI","I25.2","Angina Pectoris / Old MI","0.241","1.0","0.241","2026-07-19","ENCOUNTER","ACTIVE","","2026","TRUE","18.77","fe71dc5d-15dd-5cac-9409-ca04606eaf04","2026-07-19","RISK_ADJ_PIPELINE","2026-09-15 10:31:41"
"61390193-c3ab-5437-a48c-5aed74faf991","b4f6a35e-9f58-51a5-9da7-f5d6923d22f7","62542824-efa4-5c8b-bd6e-8722fe2f9598","HCC85","Congestive Heart Failure","I50.42","Congestive Heart Failure","0.331","1.0","0.331","2026-08-31","CLAIMS","ACTIVE","","2026","TRUE","3.28","fe71dc5d-15dd-5cac-9409-ca04606eaf04","2026-08-31","RISK_ADJ_PIPELINE","2026-09-15 10:31:41"
"280560dd-595a-5c31-b137-5cef66c4e3df","bac2e66a-f022-5525-9867-246b436c4f1a","bd32f2bd-e799-5ed2-81b2-0f4b4b472a7e","HCC85","Congestive Heart Failure","I50.32","Congestive Heart Failure","0.331","1.0","0.331","2026-09-10","CLAIMS","SUPERSEDED","","2026","FALSE","41.29","fe71dc5d-15dd-5cac-9409-ca04606eaf04","2026-09-10","RISK_ADJ_PIPELINE","2026-09-15 10:31:41"
"faf643e0-9e80-59e6-a1ef-effa1d97e686","bac2e66a-f022-5525-9867-246b436c4f1a","acdd934f-e624-54ef-8353-003d82b6bf08","HCC58","Major Depressive/Bipolar Disorders","F31.62","Major Depressive/Bipolar Disorders","0.395","1.0","0.395","2026-09-07","CLAIMS","ACTIVE","","2026","FALSE","51.79","fe71dc5d-15dd-5cac-9409-ca04606eaf04","2026-09-07","RISK_ADJ_PIPELINE","2026-09-15 10:31:41"
"a9a7bdf7-4e11-5960-97c6-565e01116885","bac2e66a-f022-5525-9867-246b436c4f1a","d4d3066f-0981-5a12-937a-a3b664d8c9ed","HCC136","Chronic Kidney Disease Stage 4","N18.4","Chronic Kidney Disease Stage 4","0.237","1.0","0.237","2026-08-06","ENCOUNTER","ACTIVE","","2026","FALSE","39.96","fe71dc5d-15dd-5cac-9409-ca04606eaf04","2026-08-06","RISK_ADJ_PIPELINE","2026-09-15 10:31:41"
"1397495b-3f2a-5e6e-aead-85853bb26484","bac2e66a-f022-5525-9867-246b436c4f1a","76adf09e-f71c-57e9-9c0e-2bce773bf72a","HCC135","Acute Renal Failure","N17.9","Acute Renal Failure","0.441","1.0","0.441","2026-06-20","CLAIMS","VALIDATED","","2026","TRUE","21.73","fe71dc5d-15dd-5cac-9409-ca04606eaf04","2026-06-20","RISK_ADJ_PIPELINE","2026-09-15 10:31:41"
"bd367648-afcd-5b75-8eac-055e1834bb48","28c8872d-9b85-5b59-b125-312396c2457d","f61829a6-d978-5702-8d98-4f4ca5670343","HCC96","Specified Heart Arrhythmias","I48.19","Specified Heart Arrhythmias","0.271","1.0","0.271","2026-08-21","CLAIMS","ACTIVE","","2026","TRUE","16.72","fe71dc5d-15dd-5cac-9409-ca04606eaf04","2026-08-21","RISK_ADJ_PIPELINE","2026-09-15 10:31:41"
"e5ae0db0-30be-51cf-bb85-39be3ef3c8c2","4e2b85a9-512f-5cfc-bf85-7d7ebb77859d","59345163-46c6-5054-86f0-9225e5d5f4ff","HCC96","Specified Heart Arrhythmias","I48.0","Specified Heart Arrhythmias","0.271","1.02","0.2764","2026-06-17","CHART_REVIEW","ACTIVE","CODER_REVIEW","2026","TRUE","9.24","fe71dc5d-15dd-5cac-9409-ca04606eaf04","2026-06-17","RISK_ADJ_PIPELINE","2026-09-15 10:31:41"
"7f1e6bc7-6105-5d8d-b99a-c0e4084c3304","407c7e47-c9b2-56c8-8f80-27ee58812a99","8bb8cf16-0cc4-5bc4-9e2a-c10aeb0b1d38","HCC86","Acute Myocardial Infarction","I21.09","Acute Myocardial Infarction","0.365","1.02","0.3723","2026-08-13","ENCOUNTER","ACTIVE","","2026","TRUE","11.32","fe71dc5d-15dd-5cac-9409-ca04606eaf04","2026-08-13","RISK_ADJ_PIPELINE","2026-09-15 10:31:41"
"f3d877fb-5ad2-5f5b-9d56-2893a72aff6f","407c7e47-c9b2-56c8-8f80-27ee58812a99","f50a6115-79e6-5ee2-9b27-9ed8ae181c26","HCC57","Schizophrenia","F20.5","Schizophrenia","0.62","1.02","0.6324","2026-06-30","CLAIMS","SUPERSEDED","","2026","TRUE","5.08","fe71dc5d-15dd-5cac-9409-ca04606eaf04","2026-06-30","RISK_ADJ_PIPELINE","2026-09-15 10:31:41"
"e1544d91-c7f7-5f22-b9e5-4ccc0e012375","407c7e47-c9b2-56c8-8f80-27ee58812a99","dd6c3504-1ec1-5ec1-ae9d-a0078646c19c","HCC135","Acute Renal Failure","N17.2","Acute Renal Failure","0.441","1.02","0.4498","2026-06-22","CHART_REVIEW","ACTIVE","CODER_REVIEW","2026","TRUE","21.93","fe71dc5d-15dd-5cac-9409-ca04606eaf04","2026-06-22","RISK_ADJ_PIPELINE","2026-09-15 10:31:41"
"f50a25e8-5930-5b68-a735-140400519198","f254fab7-d6cb-5615-bd5b-b405fd86e832","e87a7ece-a22b-516f-9b19-41097b1e8fc4","HCC12","Colon Cancer","C18.0","Colon Cancer","0.664","1.02","0.6773","2026-06-19","CLAIMS","ACTIVE","","2026","TRUE","6.44","fe71dc5d-15dd-5cac-9409-ca04606eaf04","2026-06-19","RISK_ADJ_PIPELINE","2026-09-15 10:31:41"
"bcfca69c-5d9c-59a1-a72e-85bc467debd8","f254fab7-d6cb-5615-bd5b-b405fd86e832","b53be0a9-c6a6-5884-b922-2f8beb3d73a4","HCC19","Diabetes without Complication","E11.40","Diabetes without Complication","0.118","1.02","0.1204","2026-08-29","CLAIMS","SUPERSEDED","","2026","TRUE","23.16","fe71dc5d-15dd-5cac-9409-ca04606eaf04","2026-08-29","RISK_ADJ_PIPELINE","2026-09-15 10:31:41"
"bd1371c0-baa0-5d73-b736-1a1e22c23219","97f78f8f-6821-5655-8526-568644005758","1178cc12-d07e-53ca-9f33-a07c03813d98","HCC18","Diabetes with Chronic Complications","E13.40","Diabetes with Chronic Complications","0.302","1.02","0.308","2026-07-16","CLAIMS","ACTIVE","","2026","TRUE","16.24","fe71dc5d-15dd-5cac-9409-ca04606eaf04","2026-07-16","RISK_ADJ_PIPELINE","2026-09-15 10:31:41"
"54fa5b40-17e1-576f-ae1b-ee4c310b7bd2","97f78f8f-6821-5655-8526-568644005758","303e37c3-fb8e-5876-a22d-a88857d2d943","HCC88","Angina Pectoris / Old MI","I25.110","Angina Pectoris / Old MI","0.241","1.02","0.2458","2026-07-28","CLAIMS","ACTIVE","","2026","TRUE","13.92","fe71dc5d-15dd-5cac-9409-ca04606eaf04","2026-07-28","RISK_ADJ_PIPELINE","2026-09-15 10:31:41"
"976dddd3-6e26-5647-b18f-2d6e91e63564","ad0503bf-8713-5913-b181-dd9cc68713a8","7f8daf28-4274-53cd-9512-06e09ead5262","HCC19","Diabetes without Complication","E11.00","Diabetes without Complication","0.118","1.0","0.118","2026-07-07","CLAIMS","SUPERSEDED","","2026","TRUE","23.33","fe71dc5d-15dd-5cac-9409-ca04606eaf04","2026-07-07","RISK_ADJ_PIPELINE","2026-09-15 10:31:41"
"a82e0cb2-81c3-5f81-a43b-b8724788c8ba","26689fae-59d9-5f1c-b7ac-eecf842c7cd8","308aa066-b043-5686-92b9-d82bd97e3667","HCC19","Diabetes without Complication","E11.00","Diabetes without Complication","0.118","1.02","0.1204","2026-09-12","CLAIMS","ACTIVE","","2026","TRUE","20.77","fe71dc5d-15dd-5cac-9409-ca04606eaf04","2026-09-12","RISK_ADJ_PIPELINE","2026-09-15 10:31:41"
"f46c13e1-f501-5fb7-ba20-18e7477aa683","8f813dc2-c61a-5e45-a8d7-285e4e733519","7eb84aa7-5a23-595d-8d31-429171a6c2f6","HCC19","Diabetes without Complication","E11.40","Diabetes without Complication","0.118","1.02","0.1204","2026-09-08","CLAIMS","VALIDATED","","2026","TRUE","1.8","fe71dc5d-15dd-5cac-9409-ca04606eaf04","2026-09-08","RISK_ADJ_PIPELINE","2026-09-15 10:31:41"
"1ade463b-df72-52b6-b0e7-e97a35163e12","3484566b-1eb4-57ed-b39d-e82fa68c844e","467dcb2f-7656-5f14-9ebc-098f2f958c1e","HCC136","Chronic Kidney Disease Stage 4","N18.4","Chronic Kidney Disease Stage 4","0.237","1.0","0.237","2026-07-19","CLAIMS","ACTIVE","","2026","TRUE","19.75","fe71dc5d-15dd-5cac-9409-ca04606eaf04","2026-07-19","RISK_ADJ_PIPELINE","2026-09-15 10:31:41"
"5763f7fa-1a5f-5aa8-a89d-73f88b4d3c1c","3484566b-1eb4-57ed-b39d-e82fa68c844e","467dcb2f-7656-5f14-9ebc-098f2f958c1e","HCC58","Major Depressive/Bipolar Disorders","F31.62","Major Depressive/Bipolar Disorders","0.395","1.0","0.395","2026-09-01","CHART_REVIEW","ACTIVE","CODER_REVIEW","2026","TRUE","19.75","fe71dc5d-15dd-5cac-9409-ca04606eaf04","2026-09-01","RISK_ADJ_PIPELINE","2026-09-15 10:31:41"
"08915480-0265-516a-8309-98c424ddba08","fc3db220-213d-5f2c-a3d7-4d1fd84395ce","2752348e-b909-5789-b0ad-ce0002250e2e","HCC19","Diabetes without Complication","E11.21","Diabetes without Complication","0.118","1.02","0.1204","2026-08-05","ENCOUNTER","VALIDATED","","2026","TRUE","0.66","fe71dc5d-15dd-5cac-9409-ca04606eaf04","2026-08-05","RISK_ADJ_PIPELINE","2026-09-15 10:31:41"
"4859fef2-747f-5a21-bbbd-e5c47cb3e1b6","fc3db220-213d-5f2c-a3d7-4d1fd84395ce","4f713691-34bd-5567-90b6-61a6b697dbbd","HCC168","Hip Fracture/Dislocation","M80.811A","Hip Fracture/Dislocation","0.489","1.02","0.4988","2026-08-06","CLAIMS","ACTIVE","","2026","TRUE","19.1","fe71dc5d-15dd-5cac-9409-ca04606eaf04","2026-08-06","RISK_ADJ_PIPELINE","2026-09-15 10:31:41"
"8a864f03-718b-5e15-a512-bf9a75768733","fc3db220-213d-5f2c-a3d7-4d1fd84395ce","0f519220-1185-58ab-b8c5-b3de1886c7f5","HCC9","Lung and Other Severe Cancers","C34.30","Lung and Other Severe Cancers","2.422","1.02","2.4704","2026-08-09","CLAIMS","ACTIVE","","2026","TRUE","23.38","fe71dc5d-15dd-5cac-9409-ca04606eaf04","2026-08-09","RISK_ADJ_PIPELINE","2026-09-15 10:31:41"
"c0a2be1e-0b9e-5866-b7f2-dde946a3245e","0f8288e8-68bb-5f4b-ac9a-9e278687ce7b","e94783fc-cd61-515a-85a7-94d66fcbbbb4","HCC9","Lung and Other Severe Cancers","C34.30","Lung and Other Severe Cancers","2.422","1.02","2.4704","2026-07-05","CLAIMS","ACTIVE","","2026","FALSE","57.24","fe71dc5d-15dd-5cac-9409-ca04606eaf04","2026-07-05","RISK_ADJ_PIPELINE","2026-09-15 10:31:41"
"82e453cf-c2dc-5a91-8504-06c3c6ab40b5","7184580d-3169-557a-b825-5f7bc27379c9","c783b75d-2fd4-5940-a599-1dcf6dea5922","HCC9","Lung and Other Severe Cancers","C34.10","Lung and Other Severe Cancers","2.422","1.0","2.422","2026-08-12","CLAIMS","ACTIVE","","2026","TRUE","15.46","fe71dc5d-15dd-5cac-9409-ca04606eaf04","2026-08-12","RISK_ADJ_PIPELINE","2026-09-15 10:31:41"
"f8cadb9c-f03d-5a22-80c4-411d8611cd0b","1d3797aa-ec26-5c73-ae5b-c67fddc4462b","a5d59a38-18f8-5d40-b166-c364d700d886","HCC85","Congestive Heart Failure","I50.42","Congestive Heart Failure","0.331","1.02","0.3376","2026-09-05","CLAIMS","ACTIVE","","2026","TRUE","9.23","fe71dc5d-15dd-5cac-9409-ca04606eaf04","2026-09-05","RISK_ADJ_PIPELINE","2026-09-15 10:31:41"
"ec92ae3f-d9e7-55f6-90b9-640908d994a0","1d3797aa-ec26-5c73-ae5b-c67fddc4462b","8a312492-7b2c-5b24-be50-6f3029e6f667","HCC12","Breast Cancer","C50.211","Breast Cancer","0.664","1.02","0.6773","2026-07-30","ENCOUNTER","SUPERSEDED","","2026","TRUE","23.23","fe71dc5d-15dd-5cac-9409-ca04606eaf04","2026-07-30","RISK_ADJ_PIPELINE","2026-09-15 10:31:41"
"c63b22c6-3e7a-56ae-b302-005d22529f39","1d3797aa-ec26-5c73-ae5b-c67fddc4462b","a5d59a38-18f8-5d40-b166-c364d700d886","HCC96","Specified Heart Arrhythmias","I48.11","Specified Heart Arrhythmias","0.271","1.02","0.2764","2026-09-13","CLAIMS","ACTIVE","","2026","TRUE","9.23","fe71dc5d-15dd-5cac-9409-ca04606eaf04","2026-09-13","RISK_ADJ_PIPELINE","2026-09-15 10:31:41"
"97641960-a518-52b2-a822-0b91497ae03a","1d3797aa-ec26-5c73-ae5b-c67fddc4462b","d44bca32-7ced-599a-9e36-3bc4c847971a","HCC57","Schizophrenia","F20.0","Schizophrenia","0.62","1.02","0.6324","2026-09-05","CLAIMS","VALIDATED","","2026","TRUE","0.51","fe71dc5d-15dd-5cac-9409-ca04606eaf04","2026-09-05","RISK_ADJ_PIPELINE","2026-09-15 10:31:41"
"042351a7-498d-56a0-bfba-b8e88b0a5900","b0c07e23-5013-54e4-a67e-5862e19c3c76","d0d23aad-d186-5527-a570-82266e5b9086","HCC168","Hip Fracture/Dislocation","M80.019A","Hip Fracture/Dislocation","0.489","1.0","0.489","2026-07-13","CLAIMS","ACTIVE","","2026","TRUE","14.8","fe71dc5d-15dd-5cac-9409-ca04606eaf04","2026-07-13","RISK_ADJ_PIPELINE","2026-09-15 10:31:41"
"fcc4f588-a7bb-545e-9b98-2a34fdc41448","4800289c-eef8-547b-916c-3137f8f11539","7b18d149-cede-5d69-b129-76b9bbbea46c","HCC12","Colon Cancer","C18.7","Colon Cancer","0.664","1.02","0.6773","2026-08-03","CLAIMS","VALIDATED","","2026","TRUE","10.43","fe71dc5d-15dd-5cac-9409-ca04606eaf04","2026-08-03","RISK_ADJ_PIPELINE","2026-09-15 10:31:41"
"ff61db0e-4567-5f9b-973c-2f9ef5eb0bde","4800289c-eef8-547b-916c-3137f8f11539","578747dc-1b49-57d8-b6b9-5a84e8f55f88","HCC88","Angina Pectoris / Old MI","I25.2","Angina Pectoris / Old MI","0.241","1.02","0.2458","2026-08-18","CLAIMS","ACTIVE","","2026","TRUE","7.49","fe71dc5d-15dd-5cac-9409-ca04606eaf04","2026-08-18","RISK_ADJ_PIPELINE","2026-09-15 10:31:41"
"5bf8ecbe-7069-55ed-961e-98a18e44eb0f","9aff89f9-4314-5e23-a396-f2f0c79a9783","64cc60ad-a2a1-5e75-a1f4-d6c5eab8332b","HCC111","COPD","J44.1","COPD","0.335","1.02","0.3417","2026-08-26","CLAIMS","ACTIVE","","2026","TRUE","5.12","fe71dc5d-15dd-5cac-9409-ca04606eaf04","2026-08-26","RISK_ADJ_PIPELINE","2026-09-15 10:31:41"
"62b2f6fe-c765-50e3-9b7e-955fa46e3bda","9aff89f9-4314-5e23-a396-f2f0c79a9783","1dbd402f-bb59-553e-aff7-4c0c308a8839","HCC112","Fibrosis of Lung","J43.0","Fibrosis of Lung","0.199","1.02","0.203","2026-09-03","PROSPECTIVE","ACTIVE","","2026","TRUE","9.69","fe71dc5d-15dd-5cac-9409-ca04606eaf04","2026-09-03","RISK_ADJ_PIPELINE","2026-09-15 10:31:41"
"2ffaa4c5-afbf-54af-8f2e-0f140d53ef07","22775c64-5756-57ec-a5ba-ca3b7b7c68cf","225afd3f-6eb8-58ee-bae3-ea50f3f812e2","HCC86","Acute Myocardial Infarction","I21.19","Acute Myocardial Infarction","0.365","1.0","0.365","2026-08-16","CLAIMS","ACTIVE","","2026","TRUE","21.52","fe71dc5d-15dd-5cac-9409-ca04606eaf04","2026-08-16","RISK_ADJ_PIPELINE","2026-09-15 10:31:41"
"42ee7567-7cc8-5e31-bf90-2c5aa75eb7db","22775c64-5756-57ec-a5ba-ca3b7b7c68cf","2cc31aee-4009-576e-a7b2-712f0c279e7b","HCC135","Acute Renal Failure","N17.9","Acute Renal Failure","0.441","1.0","0.441","2026-08-13","PROSPECTIVE","ACTIVE","","2026","TRUE","14.5","fe71dc5d-15dd-5cac-9409-ca04606eaf04","2026-08-13","RISK_ADJ_PIPELINE","2026-09-15 10:31:41"
"5474424b-bc31-5447-8cd8-1efb8d29a966","ca3a961d-9d85-5a62-a18b-f0046f4b5dbb","2e4bbc6c-1fba-5351-8697-1fe21d11525e","HCC18","Diabetes with Chronic Complications","E13.10","Diabetes with Chronic Complications","0.302","1.0","0.302","2026-09-09","CHART_REVIEW","ACTIVE","CODER_REVIEW","2026","TRUE","18.12","fe71dc5d-15dd-5cac-9409-ca04606eaf04","2026-09-09","RISK_ADJ_PIPELINE","2026-09-15 10:31:41"
"cddcf1c1-91d7-5ae6-91e4-86a612cbadf1","ca3a961d-9d85-5a62-a18b-f0046f4b5dbb","81abcb15-ff94-5b52-94aa-604761805e76","HCC17","Diabetes with Acute Complications","E10.65","Diabetes with Acute Complications","0.368","1.0","0.368","2026-07-16","CLAIMS","ACTIVE","","2026","TRUE","8.71","fe71dc5d-15dd-5cac-9409-ca04606eaf04","2026-07-16","RISK_ADJ_PIPELINE","2026-09-15 10:31:41"
"2e0c46a4-8dc5-51ff-b5a1-244e6acb3493","30363856-1a34-5333-b978-5663dfa466f0","f15eaad4-00db-5d9a-a860-890a7e0f5001","HCC111","COPD","J44.1","COPD","0.335","1.02","0.3417","2026-06-25","CLAIMS","ACTIVE","","2026","TRUE","16.91","fe71dc5d-15dd-5cac-9409-ca04606eaf04","2026-06-25","RISK_ADJ_PIPELINE","2026-09-15 10:31:41"
"489a2109-a1c0-5fa3-8f80-e33a15e035f3","30363856-1a34-5333-b978-5663dfa466f0","f15eaad4-00db-5d9a-a860-890a7e0f5001","HCC58","Major Depressive/Bipolar Disorders","F31.30","Major Depressive/Bipolar Disorders","0.395","1.02","0.4029","2026-09-14","CLAIMS","ACTIVE","","2026","TRUE","16.91","fe71dc5d-15dd-5cac-9409-ca04606eaf04","2026-09-14","RISK_ADJ_PIPELINE","2026-09-15 10:31:41"
"70c765f6-2408-5356-a0b0-c421518648fe","30363856-1a34-5333-b978-5663dfa466f0","f9102d45-1b59-5346-8923-05c2689a7723","HCC9","Lung and Other Severe Cancers","C34.30","Lung and Other Severe Cancers","2.422","1.02","2.4704","2026-06-18","ENCOUNTER","VALIDATED","","2026","TRUE","11.02","fe71dc5d-15dd-5cac-9409-ca04606eaf04","2026-06-18","RISK_ADJ_PIPELINE","2026-09-15 10:31:41"
"5b293746-7a20-51c6-9606-2276bf865e50","82ae3d24-7908-5425-8b9a-e99e6d98e6a4","681618fe-7f7a-5faf-8a10-e699b93a54a0","HCC168","Hip Fracture/Dislocation","M80.019A","Hip Fracture/Dislocation","0.489","1.02","0.4988","2026-08-03","CLAIMS","ACTIVE","","2026","FALSE","70.0","fe71dc5d-15dd-5cac-9409-ca04606eaf04","2026-08-03","RISK_ADJ_PIPELINE","2026-09-15 10:31:41"
"e61d5a38-bd8d-506b-824e-25b0b3146e68","82ae3d24-7908-5425-8b9a-e99e6d98e6a4","6961b422-ab92-5032-ae01-527a9cae8db5","HCC18","Diabetes with Chronic Complications","E13.10","Diabetes with Chronic Complications","0.302","1.02","0.308","2026-07-24","CLAIMS","ACTIVE","","2026","TRUE","15.44","fe71dc5d-15dd-5cac-9409-ca04606eaf04","2026-07-24","RISK_ADJ_PIPELINE","2026-09-15 10:31:41"
"3c1c706b-94b5-5d9e-baa4-6f31eb63eb8e","82ae3d24-7908-5425-8b9a-e99e6d98e6a4","2992f1a0-ecc7-5bdc-91fd-5d99e914b49d","HCC57","Schizophrenia","F20.0","Schizophrenia","0.62","1.02","0.6324","2026-06-26","CHART_REVIEW","ACTIVE","CODER_REVIEW","2026","TRUE","13.6","fe71dc5d-15dd-5cac-9409-ca04606eaf04","2026-06-26","RISK_ADJ_PIPELINE","2026-09-15 10:31:41"
"9931c787-a52c-5169-8a72-fb994eb77a96","95adfcab-a867-5b4d-922f-b32ee2be228d","b75c4f54-113e-5c80-b7e8-2fd185e8001f","HCC12","Colon Cancer","C18.2","Colon Cancer","0.664","1.0","0.664","2026-08-03","CLAIMS","ACTIVE","","2026","TRUE","8.89","fe71dc5d-15dd-5cac-9409-ca04606eaf04","2026-08-03","RISK_ADJ_PIPELINE","2026-09-15 10:31:41"
"c1457f5d-0eb4-5bcd-abd2-6a3af0646fa9","0aced8a8-2896-508b-b08e-600cf64fde20","4a86cbb5-8b4e-5daa-9621-38ce4ed41d52","HCC168","Hip Fracture/Dislocation","M80.011A","Hip Fracture/Dislocation","0.489","1.02","0.4988","2026-07-24","CLAIMS","ACTIVE","","2026","TRUE","3.91","fe71dc5d-15dd-5cac-9409-ca04606eaf04","2026-07-24","RISK_ADJ_PIPELINE","2026-09-15 10:31:41"
"c56c525d-5289-58c4-93d3-3077eafd30e6","0aced8a8-2896-508b-b08e-600cf64fde20","df272d33-fb0f-5eaf-9fc6-a4df2d8c5dcd","HCC9","Lung and Other Severe Cancers","C34.11","Lung and Other Severe Cancers","2.422","1.02","2.4704","2026-09-13","ENCOUNTER","ACTIVE","","2026","TRUE","11.01","fe71dc5d-15dd-5cac-9409-ca04606eaf04","2026-09-13","RISK_ADJ_PIPELINE","2026-09-15 10:31:41"
"51fae1de-869e-58cf-93e0-366d2690d4ef","0aced8a8-2896-508b-b08e-600cf64fde20","27b22ce9-bba3-5ada-b7e6-7a42e5234141","HCC135","Acute Renal Failure","N17.0","Acute Renal Failure","0.441","1.02","0.4498","2026-07-08","CLAIMS","ACTIVE","","2026","TRUE","3.01","fe71dc5d-15dd-5cac-9409-ca04606eaf04","2026-07-08","RISK_ADJ_PIPELINE","2026-09-15 10:31:41"
"41fba6a5-fef8-57f0-bff2-0b4e1de08bdc","0aced8a8-2896-508b-b08e-600cf64fde20","f5aff12a-d0e8-50bd-9065-225ff79c4485","HCC86","Acute Myocardial Infarction","I21.3","Acute Myocardial Infarction","0.365","1.02","0.3723","2026-07-17","CLAIMS","ACTIVE","","2026","TRUE","18.08","fe71dc5d-15dd-5cac-9409-ca04606eaf04","2026-07-17","RISK_ADJ_PIPELINE","2026-09-15 10:31:41"
"487342dd-6efc-58ea-bf59-e54804aa5ce4","34ffac2b-c9fd-5e22-b118-2c8bd80476a6","d2c16620-410f-527f-9c07-afe18e9f8def","HCC136","Chronic Kidney Disease Stage 4","N18.5","Chronic Kidney Disease Stage 4","0.237","1.02","0.2417","2026-06-18","CLAIMS","ACTIVE","","2026","TRUE","2.05","fe71dc5d-15dd-5cac-9409-ca04606eaf04","2026-06-18","RISK_ADJ_PIPELINE","2026-09-15 10:31:41"
"652e1eca-7979-5e8e-bf0b-ae44764fb6b1","34ffac2b-c9fd-5e22-b118-2c8bd80476a6","f199be03-6d54-5f91-aee8-0b96948a8c51","HCC86","Acute Myocardial Infarction","I21.29","Acute Myocardial Infarction","0.365","1.02","0.3723","2026-07-29","PROSPECTIVE","ACTIVE","","2026","TRUE","5.63","fe71dc5d-15dd-5cac-9409-ca04606eaf04","2026-07-29","RISK_ADJ_PIPELINE","2026-09-15 10:31:41"
"6bdca4e6-24e0-5309-9cd5-7fa0f557f44d","34ffac2b-c9fd-5e22-b118-2c8bd80476a6","7ba2e0b0-58eb-5419-a05b-c7792311d470","HCC17","Diabetes with Acute Complications","E10.10","Diabetes with Acute Complications","0.368","1.02","0.3754","2026-08-02","ENCOUNTER","SUPERSEDED","","2026","TRUE","4.34","fe71dc5d-15dd-5cac-9409-ca04606eaf04","2026-08-02","RISK_ADJ_PIPELINE","2026-09-15 10:31:41"
"56eaf928-2263-53ed-8e45-55e579cc4098","34ffac2b-c9fd-5e22-b118-2c8bd80476a6","d2c16620-410f-527f-9c07-afe18e9f8def","HCC168","Hip Fracture/Dislocation","M80.811A","Hip Fracture/Dislocation","0.489","1.02","0.4988","2026-08-13","CLAIMS","VALIDATED","","2026","TRUE","2.05","fe71dc5d-15dd-5cac-9409-ca04606eaf04","2026-08-13","RISK_ADJ_PIPELINE","2026-09-15 10:31:41"
"fc46fa21-f6ac-54f6-a8ff-4e8675dc51fd","9319ad2d-19b0-5da5-9028-ec73e3357e63","fc3b21ff-2b12-5ab3-9e8c-110a40c43ab2","HCC88","Angina Pectoris / Old MI","I25.110","Angina Pectoris / Old MI","0.241","1.02","0.2458","2026-08-11","ENCOUNTER","ACTIVE","","2026","TRUE","20.42","fe71dc5d-15dd-5cac-9409-ca04606eaf04","2026-08-11","RISK_ADJ_PIPELINE","2026-09-15 10:31:41"
"312d6293-dd5c-57a6-be3d-4ee5a05ebc80","14238fba-62c1-51c3-8395-91db84e6cf22","cd0084f8-8847-55f9-83d2-1521f00494ca","HCC112","Fibrosis of Lung","J43.1","Fibrosis of Lung","0.199","1.02","0.203","2026-06-19","CLAIMS","ACTIVE","","2026","TRUE","3.54","fe71dc5d-15dd-5cac-9409-ca04606eaf04","2026-06-19","RISK_ADJ_PIPELINE","2026-09-15 10:31:41"
"15669ec1-214c-5492-ac85-e3f2480aa919","d37f50ff-3804-5813-acb3-d198dca5cd91","fe3b9af4-7a89-5099-9016-787e8a2a5d7c","HCC96","Specified Heart Arrhythmias","I48.19","Specified Heart Arrhythmias","0.271","1.02","0.2764","2026-08-12","CLAIMS","ACTIVE","","2026","TRUE","1.06","fe71dc5d-15dd-5cac-9409-ca04606eaf04","2026-08-12","RISK_ADJ_PIPELINE","2026-09-15 10:31:41"
"90011525-8b8e-5d48-abee-d0777b6fa5b4","d37f50ff-3804-5813-acb3-d198dca5cd91","29b2b8da-7637-57ed-af40-6477bf2e2c2a","HCC40","Rheumatoid Arthritis","M16.0","Rheumatoid Arthritis","0.421","1.02","0.4294","2026-08-27","CLAIMS","ACTIVE","","2026","FALSE","75.43","fe71dc5d-15dd-5cac-9409-ca04606eaf04","2026-08-27","RISK_ADJ_PIPELINE","2026-09-15 10:31:41"
"4a6c48c7-1bdf-50a1-a425-3175073da4a6","d37f50ff-3804-5813-acb3-d198dca5cd91","5bd86723-6d5b-56e4-972f-a2e1475efcce","HCC135","Acute Renal Failure","N17.9","Acute Renal Failure","0.441","1.02","0.4498","2026-07-18","CLAIMS","ACTIVE","","2026","TRUE","0.75","fe71dc5d-15dd-5cac-9409-ca04606eaf04","2026-07-18","RISK_ADJ_PIPELINE","2026-09-15 10:31:41"
"af6402e3-7eb2-53eb-8773-0629a61741b7","03a78a14-5c74-5596-bbd3-12e354c7d121","2742a73e-6c26-51a2-a6c2-9f689d3e8a6e","HCC58","Major Depressive/Bipolar Disorders","F31.62","Major Depressive/Bipolar Disorders","0.395","1.02","0.4029","2026-06-24","CLAIMS","VALIDATED","","2026","TRUE","10.21","fe71dc5d-15dd-5cac-9409-ca04606eaf04","2026-06-24","RISK_ADJ_PIPELINE","2026-09-15 10:31:41"
"a29f3f6b-b809-5c76-bfde-dc619449303e","3e5267cc-a4d7-5a62-b99f-181ae59a0ae9","f1cbf468-7a89-5b84-9d8d-d28442b21748","HCC40","Rheumatoid Arthritis","M16.0","Rheumatoid Arthritis","0.421","1.02","0.4294","2026-08-21","CLAIMS","ACTIVE","","2026","TRUE","22.21","fe71dc5d-15dd-5cac-9409-ca04606eaf04","2026-08-21","RISK_ADJ_PIPELINE","2026-09-15 10:31:41"
"708b13aa-5c64-50f5-bdc4-3c8ea7804dad","45800675-1072-5ac1-8097-20da39a4b8ad","40227f52-46ad-53f0-87d0-cbcaed414085","HCC85","Congestive Heart Failure","I50.32","Congestive Heart Failure","0.331","1.0","0.331","2026-07-14","ENCOUNTER","SUPERSEDED","","2026","TRUE","21.79","fe71dc5d-15dd-5cac-9409-ca04606eaf04","2026-07-14","RISK_ADJ_PIPELINE","2026-09-15 10:31:41"
"7e2f8cd3-35c0-5697-a7fb-ffc88cd13ffb","45800675-1072-5ac1-8097-20da39a4b8ad","29fc72db-9831-5818-bc4a-19c487dcdfeb","HCC135","Acute Renal Failure","N17.0","Acute Renal Failure","0.441","1.0","0.441","2026-08-04","PROSPECTIVE","ACTIVE","","2026","TRUE","15.18","fe71dc5d-15dd-5cac-9409-ca04606eaf04","2026-08-04","RISK_ADJ_PIPELINE","2026-09-15 10:31:41"
"7576e3d1-c7e5-5a3f-bb87-2c6131575278","45800675-1072-5ac1-8097-20da39a4b8ad","6bfb0f46-c532-5c96-bd84-2ff27a541981","HCC111","COPD","J44.9","COPD","0.335","1.0","0.335","2026-09-05","CLAIMS","VALIDATED","","2026","TRUE","1.4","fe71dc5d-15dd-5cac-9409-ca04606eaf04","2026-09-05","RISK_ADJ_PIPELINE","2026-09-15 10:31:41"
"b88bab0e-70f4-5be4-bb85-f44b85471ff1","45800675-1072-5ac1-8097-20da39a4b8ad","05e20ae7-2c66-5f95-9a6c-7c6fedae6b56","HCC9","Lung and Other Severe Cancers","C34.11","Lung and Other Severe Cancers","2.422","1.0","2.422","2026-08-28","CLAIMS","ACTIVE","","2026","TRUE","2.43","fe71dc5d-15dd-5cac-9409-ca04606eaf04","2026-08-28","RISK_ADJ_PIPELINE","2026-09-15 10:31:41"
"77ebba39-387c-5fc5-84be-4a1cbbd16e15","fc4873d4-6554-5b0c-a498-8decff10ac66","8a3b1991-c682-5592-9a76-66c5f4d5e3bc","HCC85","Congestive Heart Failure","I50.20","Congestive Heart Failure","0.331","1.02","0.3376","2026-08-01","CLAIMS","ACTIVE","","2026","TRUE","21.61","fe71dc5d-15dd-5cac-9409-ca04606eaf04","2026-08-01","RISK_ADJ_PIPELINE","2026-09-15 10:31:41"
"69171abe-d025-5f13-98a9-c01f0913d483","fc4873d4-6554-5b0c-a498-8decff10ac66","07fe832e-bf47-57d8-a319-973e7f15e9cf","HCC112","Fibrosis of Lung","J43.9","Fibrosis of Lung","0.199","1.02","0.203","2026-08-04","CLAIMS","ACTIVE","","2026","TRUE","0.84","fe71dc5d-15dd-5cac-9409-ca04606eaf04","2026-08-04","RISK_ADJ_PIPELINE","2026-09-15 10:31:41"
"250424cb-f6a7-58f4-9469-bbe4d17c110f","ac8bbd92-43b5-5e20-ad4b-268bcc034ccb","c9b9cbef-8c30-574d-9f37-3a714bd02ff5","HCC57","Schizophrenia","F20.9","Schizophrenia","0.62","1.02","0.6324","2026-08-07","CLAIMS","ACTIVE","","2026","TRUE","21.39","fe71dc5d-15dd-5cac-9409-ca04606eaf04","2026-08-07","RISK_ADJ_PIPELINE","2026-09-15 10:31:41"
"f10bb606-2c41-57e4-a30d-54f534a60a68","ac8bbd92-43b5-5e20-ad4b-268bcc034ccb","df2630f8-b1f8-5574-8720-8aece40eb5eb","HCC17","Diabetes with Acute Complications","E10.40","Diabetes with Acute Complications","0.368","1.02","0.3754","2026-07-15","CLAIMS","ACTIVE","","2026","TRUE","20.78","fe71dc5d-15dd-5cac-9409-ca04606eaf04","2026-07-15","RISK_ADJ_PIPELINE","2026-09-15 10:31:41"
"0642ff4a-f524-5ff2-913a-dbd53cd14ada","00f1b198-027a-594b-a1db-ed53e7561d6d","d68bd951-6117-5e6b-8659-f9828e4ddd0e","HCC111","COPD","J44.0","COPD","0.335","1.02","0.3417","2026-07-13","CLAIMS","VALIDATED","","2026","TRUE","21.74","fe71dc5d-15dd-5cac-9409-ca04606eaf04","2026-07-13","RISK_ADJ_PIPELINE","2026-09-15 10:31:41"
"a4e2bdc0-f5e7-5734-b924-e511392f72e0","d325f28d-ca26-5b2f-a405-4622a723125b","c513d7ba-af89-58be-ad34-6144b5f985de","HCC9","Lung and Other Severe Cancers","C34.12","Lung and Other Severe Cancers","2.422","1.0","2.422","2026-09-06","CLAIMS","ACTIVE","","2026","TRUE","22.0","fe71dc5d-15dd-5cac-9409-ca04606eaf04","2026-09-06","RISK_ADJ_PIPELINE","2026-09-15 10:31:41"
"cab9dc9a-0ca6-5e8d-8a99-81c1ee18b426","501f111b-4375-5c6d-ab7c-fc36a870915b","f5825dd6-f1c3-5487-986d-7abc41661df8","HCC112","Fibrosis of Lung","J43.0","Fibrosis of Lung","0.199","1.0","0.199","2026-07-27","CLAIMS","ACTIVE","","2026","TRUE","9.15","fe71dc5d-15dd-5cac-9409-ca04606eaf04","2026-07-27","RISK_ADJ_PIPELINE","2026-09-15 10:31:41"
"d7e9eb85-ee27-5ce7-8690-7ec23884258a","501f111b-4375-5c6d-ab7c-fc36a870915b","ba0ac1c9-5417-5085-b7b8-2ae72e70f20b","HCC12","Colon Cancer","C18.7","Colon Cancer","0.664","1.0","0.664","2026-08-20","CLAIMS","VALIDATED","","2026","TRUE","8.51","fe71dc5d-15dd-5cac-9409-ca04606eaf04","2026-08-20","RISK_ADJ_PIPELINE","2026-09-15 10:31:41"
"ca471a62-b6a2-5698-a813-6292653047cb","501f111b-4375-5c6d-ab7c-fc36a870915b","a5c75734-aa5e-5f29-99e5-33b8a5f5d305","HCC17","Diabetes with Acute Complications","E10.9","Diabetes with Acute Complications","0.368","1.0","0.368","2026-07-04","CLAIMS","ACTIVE","","2026","TRUE","20.1","fe71dc5d-15dd-5cac-9409-ca04606eaf04","2026-07-04","RISK_ADJ_PIPELINE","2026-09-15 10:31:41"
"ab623ac5-1a7b-5e06-b294-4b099046322b","501f111b-4375-5c6d-ab7c-fc36a870915b","8344545a-b110-57b8-a40b-75c0559b50b7","HCC86","Acute Myocardial Infarction","I21.29","Acute Myocardial Infarction","0.365","1.0","0.365","2026-06-20","CLAIMS","ACTIVE","","2026","TRUE","14.94","fe71dc5d-15dd-5cac-9409-ca04606eaf04","2026-06-20","RISK_ADJ_PIPELINE","2026-09-15 10:31:41"
"23ae157d-7e81-53cf-af89-b0f6898c0831","fe6f6772-bbfd-5e16-8bd9-3ccbcb2c11d6","a178a0b9-19e6-51b0-ae03-7daf6eb91cdd","HCC96","Specified Heart Arrhythmias","I48.11","Specified Heart Arrhythmias","0.271","1.0","0.271","2026-08-15","CLAIMS","ACTIVE","","2026","TRUE","22.51","fe71dc5d-15dd-5cac-9409-ca04606eaf04","2026-08-15","RISK_ADJ_PIPELINE","2026-09-15 10:31:41"
"6372a44c-c1ce-5ed8-8cb6-abda5971be71","fe6f6772-bbfd-5e16-8bd9-3ccbcb2c11d6","96f6964e-fd69-51f0-aed8-00cafbd80acd","HCC86","Acute Myocardial Infarction","I21.19","Acute Myocardial Infarction","0.365","1.0","0.365","2026-06-18","ENCOUNTER","ACTIVE","","2026","TRUE","9.74","fe71dc5d-15dd-5cac-9409-ca04606eaf04","2026-06-18","RISK_ADJ_PIPELINE","2026-09-15 10:31:41"
"6ee8aa8e-32ad-5dd7-b14c-3e8a8f2f2121","e833cc9a-7326-549b-9935-d3a19dbf50f5","b240bdfe-4bc8-5639-9892-33c04590fb70","HCC18","Diabetes with Chronic Complications","E13.10","Diabetes with Chronic Complications","0.302","1.0","0.302","2026-07-02","ENCOUNTER","ACTIVE","","2026","TRUE","9.47","fe71dc5d-15dd-5cac-9409-ca04606eaf04","2026-07-02","RISK_ADJ_PIPELINE","2026-09-15 10:31:41"
"cb0006d0-ddc9-5025-8dc1-cd2b048f14a4","dad9b8ec-f1c3-5d89-a173-3eecd7dabc86","b1e964e0-f2ef-5e06-baf0-6a280044e0fe","HCC12","Breast Cancer","C50.011","Breast Cancer","0.664","1.02","0.6773","2026-08-10","CLAIMS","ACTIVE","","2026","TRUE","10.05","fe71dc5d-15dd-5cac-9409-ca04606eaf04","2026-08-10","RISK_ADJ_PIPELINE","2026-09-15 10:31:41"
"ec818d06-bb0a-500e-9a51-cb6ce8f4856c","dad9b8ec-f1c3-5d89-a173-3eecd7dabc86","60c8a01e-6a2e-5f0f-bae7-76ce31bf3678","HCC136","Chronic Kidney Disease Stage 4","N18.5","Chronic Kidney Disease Stage 4","0.237","1.02","0.2417","2026-07-14","CHART_REVIEW","ACTIVE","CODER_REVIEW","2026","TRUE","10.04","fe71dc5d-15dd-5cac-9409-ca04606eaf04","2026-07-14","RISK_ADJ_PIPELINE","2026-09-15 10:31:41"
"35af4be9-615c-5289-b324-52cc17a1dc00","0238363d-fbd7-5433-bea2-664047656b5d","0317cb61-1ac1-5cf0-85c7-e4ddf160ae57","HCC9","Lung and Other Severe Cancers","C34.30","Lung and Other Severe Cancers","2.422","1.02","2.4704","2026-08-02","PROSPECTIVE","VALIDATED","","2026","TRUE","14.35","fe71dc5d-15dd-5cac-9409-ca04606eaf04","2026-08-02","RISK_ADJ_PIPELINE","2026-09-15 10:31:41"
"0a529d5f-f8d2-526a-9514-0feb3728d009","412fc8bf-ffcf-55d6-b0a9-32dca72f1fb5","8919ce4e-384a-51e2-a628-2b0358954abd","HCC85","Congestive Heart Failure","I50.32","Congestive Heart Failure","0.331","1.02","0.3376","2026-07-14","CLAIMS","ACTIVE","","2026","TRUE","5.35","fe71dc5d-15dd-5cac-9409-ca04606eaf04","2026-07-14","RISK_ADJ_PIPELINE","2026-09-15 10:31:41"
"69c1a861-a722-5835-9caf-01bb84676af2","b98e211b-9543-5c26-ab4e-70391b8e0295","09294d70-d78f-5ffe-8fc5-36e240be136a","HCC18","Diabetes with Chronic Complications","E13.65","Diabetes with Chronic Complications","0.302","1.0","0.302","2026-09-03","CLAIMS","ACTIVE","","2026","TRUE","4.34","fe71dc5d-15dd-5cac-9409-ca04606eaf04","2026-09-03","RISK_ADJ_PIPELINE","2026-09-15 10:31:41"
"dae9d0cf-9a36-5e71-9f97-1ef282ec513e","f0b22ca9-8312-5cea-946b-07ae9766aa10","8fe21617-7c55-5b1f-91f3-2630a9816e2c","HCC58","Major Depressive/Bipolar Disorders","F31.10","Major Depressive/Bipolar Disorders","0.395","1.0","0.395","2026-07-21","CLAIMS","ACTIVE","","2026","TRUE","5.08","fe71dc5d-15dd-5cac-9409-ca04606eaf04","2026-07-21","RISK_ADJ_PIPELINE","2026-09-15 10:31:41"
"e377bd96-d4f5-561b-83c3-4edb39755fc7","ceb1e159-fd4d-5c70-a454-44a3609a0f04","41645656-10b7-5070-b537-105221a79453","HCC58","Major Depressive/Bipolar Disorders","F31.30","Major Depressive/Bipolar Disorders","0.395","1.02","0.4029","2026-07-13","CHART_REVIEW","ACTIVE","CODER_REVIEW","2026","TRUE","18.66","fe71dc5d-15dd-5cac-9409-ca04606eaf04","2026-07-13","RISK_ADJ_PIPELINE","2026-09-15 10:31:41"
"32e9e6fc-0c56-5bc2-babd-3693536fd6c9","1af92da6-425d-5769-baeb-327ae892e686","20b98f46-c7aa-54a3-8c6a-5fedb79afa1b","HCC111","COPD","J44.0","COPD","0.335","1.02","0.3417","2026-06-22","ENCOUNTER","ACTIVE","","2026","TRUE","23.15","fe71dc5d-15dd-5cac-9409-ca04606eaf04","2026-06-22","RISK_ADJ_PIPELINE","2026-09-15 10:31:41"
"0baf1e2c-0040-5e6c-a8fb-0cb6e8e85bf5","1af92da6-425d-5769-baeb-327ae892e686","7f415e58-b09a-5f46-bc29-99ba36c2719e","HCC86","Acute Myocardial Infarction","I21.19","Acute Myocardial Infarction","0.365","1.02","0.3723","2026-07-22","CHART_REVIEW","ACTIVE","CODER_REVIEW","2026","TRUE","3.88","fe71dc5d-15dd-5cac-9409-ca04606eaf04","2026-07-22","RISK_ADJ_PIPELINE","2026-09-15 10:31:41"
"030bb4c7-32f6-5a6f-aa22-f5ca9437af66","b8bf8162-af3a-59ae-9438-59590e7d8ef2","e49cd4d6-387c-568e-9fe5-13decbfcc684","HCC12","Colon Cancer","C18.4","Colon Cancer","0.664","1.0","0.664","2026-07-22","CHART_REVIEW","ACTIVE","CODER_REVIEW","2026","TRUE","3.69","fe71dc5d-15dd-5cac-9409-ca04606eaf04","2026-07-22","RISK_ADJ_PIPELINE","2026-09-15 10:31:41"
"55206d71-d6ef-5329-b63f-b0403accd855","b8bf8162-af3a-59ae-9438-59590e7d8ef2","64b09536-92a8-5fd6-b597-e215011aba15","HCC58","Major Depressive/Bipolar Disorders","F31.62","Major Depressive/Bipolar Disorders","0.395","1.0","0.395","2026-06-25","CLAIMS","ACTIVE","","2026","TRUE","9.66","fe71dc5d-15dd-5cac-9409-ca04606eaf04","2026-06-25","RISK_ADJ_PIPELINE","2026-09-15 10:31:41"
"ab7b162d-211f-5aa9-b7c9-3650ba1daf2f","e9ccaf0e-9f2b-5afc-abd8-6d1b90d8b444","72256b53-b6b5-5004-a609-25f7e5ea2fd0","HCC9","Lung and Other Severe Cancers","C34.30","Lung and Other Severe Cancers","2.422","1.02","2.4704","2026-07-13","ENCOUNTER","ACTIVE","","2026","TRUE","11.9","fe71dc5d-15dd-5cac-9409-ca04606eaf04","2026-07-13","RISK_ADJ_PIPELINE","2026-09-15 10:31:41"
"b659b4b0-5517-50e4-bb93-935ca4fcbfb1","e9ccaf0e-9f2b-5afc-abd8-6d1b90d8b444","f2b36037-7645-5db3-949f-67cd57c91936","HCC88","Angina Pectoris / Old MI","I25.10","Angina Pectoris / Old MI","0.241","1.02","0.2458","2026-07-08","CLAIMS","ACTIVE","","2026","TRUE","8.7","fe71dc5d-15dd-5cac-9409-ca04606eaf04","2026-07-08","RISK_ADJ_PIPELINE","2026-09-15 10:31:41"
"61e3158c-cffd-57ca-9573-eb6a6621981c","e9ccaf0e-9f2b-5afc-abd8-6d1b90d8b444","5b76f578-dac2-5ec5-90ae-c7c33cb5e3cb","HCC136","Chronic Kidney Disease Stage 4","N18.6","Chronic Kidney Disease Stage 4","0.237","1.02","0.2417","2026-06-17","CLAIMS","ACTIVE","","2026","TRUE","20.05","fe71dc5d-15dd-5cac-9409-ca04606eaf04","2026-06-17","RISK_ADJ_PIPELINE","2026-09-15 10:31:41"
"758577a2-8208-5397-aa44-5f4e0bfafc9b","e9ccaf0e-9f2b-5afc-abd8-6d1b90d8b444","ffea8961-e73b-5c5b-9d35-18579e864839","HCC58","Major Depressive/Bipolar Disorders","F31.30","Major Depressive/Bipolar Disorders","0.395","1.02","0.4029","2026-09-06","CLAIMS","ACTIVE","","2026","FALSE","44.75","fe71dc5d-15dd-5cac-9409-ca04606eaf04","2026-09-06","RISK_ADJ_PIPELINE","2026-09-15 10:31:41"
"3a642cb4-594a-5449-911b-2055b5d3c6d6","eb14f775-ee33-5ccf-99c3-9ec23af9ea28","cc9eb8f4-e2c1-5f6b-9e4f-7c7c9633256a","HCC86","Acute Myocardial Infarction","I21.3","Acute Myocardial Infarction","0.365","1.0","0.365","2026-06-21","CLAIMS","ACTIVE","","2026","TRUE","13.26","fe71dc5d-15dd-5cac-9409-ca04606eaf04","2026-06-21","RISK_ADJ_PIPELINE","2026-09-15 10:31:41"
"76a5d238-cf00-5b7e-aa2f-0b8dcb858ef3","eb14f775-ee33-5ccf-99c3-9ec23af9ea28","a88d2fc2-556b-566a-a1a1-0d8e560bf6be","HCC88","Angina Pectoris / Old MI","I25.10","Angina Pectoris / Old MI","0.241","1.0","0.241","2026-08-21","ENCOUNTER","ACTIVE","","2026","TRUE","5.41","fe71dc5d-15dd-5cac-9409-ca04606eaf04","2026-08-21","RISK_ADJ_PIPELINE","2026-09-15 10:31:41"
"786949f2-0234-5fd7-9de9-78ee6e71803d","1f11fc90-70a3-562c-9229-639a6e65e1ce","0dcefdf8-6f9b-5978-ae7f-5b2c10a99762","HCC88","Angina Pectoris / Old MI","I25.5","Angina Pectoris / Old MI","0.241","1.02","0.2458","2026-09-06","CLAIMS","ACTIVE","","2026","TRUE","16.46","fe71dc5d-15dd-5cac-9409-ca04606eaf04","2026-09-06","RISK_ADJ_PIPELINE","2026-09-15 10:31:41"
"fa7cc791-1fca-5db7-af41-95acb958daec","1f11fc90-70a3-562c-9229-639a6e65e1ce","33efa0d1-1636-5744-9ecb-0d7aa42f3d35","HCC57","Schizophrenia","F20.1","Schizophrenia","0.62","1.02","0.6324","2026-06-27","CLAIMS","ACTIVE","","2026","TRUE","21.2","fe71dc5d-15dd-5cac-9409-ca04606eaf04","2026-06-27","RISK_ADJ_PIPELINE","2026-09-15 10:31:41"
"378fe7cc-e809-5149-b830-81bc53fa8512","39ff6ff8-f91b-51df-b287-b783a7d17477","6ac0df10-b74d-5987-8388-6d90abf21d1d","HCC85","Congestive Heart Failure","I50.42","Congestive Heart Failure","0.331","1.0","0.331","2026-08-21","CLAIMS","ACTIVE","","2026","TRUE","13.95","fe71dc5d-15dd-5cac-9409-ca04606eaf04","2026-08-21","RISK_ADJ_PIPELINE","2026-09-15 10:31:41"
"1cba7f9c-3848-5698-9ace-e4239bf2cd93","39ff6ff8-f91b-51df-b287-b783a7d17477","1420d0ca-b637-5637-a77b-efa7cb5fe870","HCC18","Diabetes with Chronic Complications","E13.40","Diabetes with Chronic Complications","0.302","1.0","0.302","2026-08-23","PROSPECTIVE","VALIDATED","","2026","TRUE","15.47","fe71dc5d-15dd-5cac-9409-ca04606eaf04","2026-08-23","RISK_ADJ_PIPELINE","2026-09-15 10:31:41"
"9a6ad353-01c3-5b99-8b25-2b7ab063d924","39ff6ff8-f91b-51df-b287-b783a7d17477","19da6e3b-483e-5786-a80f-7ec6e9358586","HCC12","Colon Cancer","C18.2","Colon Cancer","0.664","1.0","0.664","2026-08-07","ENCOUNTER","ACTIVE","","2026","FALSE","81.73","fe71dc5d-15dd-5cac-9409-ca04606eaf04","2026-08-07","RISK_ADJ_PIPELINE","2026-09-15 10:31:41"
"9bf47d11-9257-5954-9824-617463c89263","48434e01-f2c9-5ed3-a15f-898c063b4815","975c5b21-9d06-5ac4-83ac-21ef51e6ab3e","HCC112","Fibrosis of Lung","J43.0","Fibrosis of Lung","0.199","1.02","0.203","2026-07-05","CLAIMS","ACTIVE","","2026","TRUE","1.8","fe71dc5d-15dd-5cac-9409-ca04606eaf04","2026-07-05","RISK_ADJ_PIPELINE","2026-09-15 10:31:41"
"79232621-7125-5361-bffc-1853761672b6","48434e01-f2c9-5ed3-a15f-898c063b4815","975c5b21-9d06-5ac4-83ac-21ef51e6ab3e","HCC58","Major Depressive/Bipolar Disorders","F31.10","Major Depressive/Bipolar Disorders","0.395","1.02","0.4029","2026-07-23","CLAIMS","ACTIVE","","2026","TRUE","1.8","fe71dc5d-15dd-5cac-9409-ca04606eaf04","2026-07-23","RISK_ADJ_PIPELINE","2026-09-15 10:31:41"
"69745908-aff0-51b6-b366-013b70cac910","d088be89-a96c-5ae9-abd6-8ea115bd786a","2c293b8e-0299-5bac-bfd6-2d52162e1f38","HCC58","Major Depressive/Bipolar Disorders","F31.62","Major Depressive/Bipolar Disorders","0.395","1.02","0.4029","2026-08-12","CLAIMS","ACTIVE","","2026","TRUE","17.63","fe71dc5d-15dd-5cac-9409-ca04606eaf04","2026-08-12","RISK_ADJ_PIPELINE","2026-09-15 10:31:41"
"c689a617-e553-5b01-af73-5fa77b6f3d9a","d088be89-a96c-5ae9-abd6-8ea115bd786a","6d727ff0-acff-50c2-bc8d-42b7931e473b","HCC168","Hip Fracture/Dislocation","M80.019A","Hip Fracture/Dislocation","0.489","1.02","0.4988","2026-09-12","CLAIMS","VALIDATED","","2026","TRUE","15.74","fe71dc5d-15dd-5cac-9409-ca04606eaf04","2026-09-12","RISK_ADJ_PIPELINE","2026-09-15 10:31:41"
"e44d9c4a-e033-5203-a607-34689489a891","62c2dbaa-a05a-587f-a251-6dcadd13feda","6fc4a42c-8dbf-56b8-b308-45a0ccab64e1","HCC88","Angina Pectoris / Old MI","I25.10","Angina Pectoris / Old MI","0.241","1.02","0.2458","2026-08-25","CLAIMS","ACTIVE","","2026","TRUE","11.83","fe71dc5d-15dd-5cac-9409-ca04606eaf04","2026-08-25","RISK_ADJ_PIPELINE","2026-09-15 10:31:41"
"e75fb34b-e460-57b3-aad4-4865f650dd12","c11ab00c-ccd9-596f-adc7-6a1a610e4b58","4b3d1755-8ad1-574b-b36f-e4ac3c5af15b","HCC136","Chronic Kidney Disease Stage 4","N18.4","Chronic Kidney Disease Stage 4","0.237","1.02","0.2417","2026-09-09","CLAIMS","ACTIVE","","2026","TRUE","2.42","fe71dc5d-15dd-5cac-9409-ca04606eaf04","2026-09-09","RISK_ADJ_PIPELINE","2026-09-15 10:31:41"
"6a6ba200-c7a0-5c43-a80d-714660eeea57","9721790b-db45-589d-993f-5e152cf7d798","4bb978ba-e936-59eb-a360-2116c1f229ea","HCC40","Rheumatoid Arthritis","M16.30","Rheumatoid Arthritis","0.421","1.02","0.4294","2026-08-22","CLAIMS","ACTIVE","","2026","TRUE","8.6","fe71dc5d-15dd-5cac-9409-ca04606eaf04","2026-08-22","RISK_ADJ_PIPELINE","2026-09-15 10:31:41"
"c01e64b5-4afb-5532-a0c2-e7bf10f7a77e","9721790b-db45-589d-993f-5e152cf7d798","754431a4-bfa6-5d05-a73e-c31f826dd1a9","HCC17","Diabetes with Acute Complications","E10.10","Diabetes with Acute Complications","0.368","1.02","0.3754","2026-09-14","CLAIMS","ACTIVE","","2026","TRUE","12.65","fe71dc5d-15dd-5cac-9409-ca04606eaf04","2026-09-14","RISK_ADJ_PIPELINE","2026-09-15 10:31:41"
"975512d2-0620-51d3-8d47-183bb3d5ad4c","9721790b-db45-589d-993f-5e152cf7d798","4fe13792-8eca-5966-bdea-fdeb8dd40003","HCC57","Schizophrenia","F20.9","Schizophrenia","0.62","1.02","0.6324","2026-08-16","ENCOUNTER","VALIDATED","","2026","TRUE","10.89","fe71dc5d-15dd-5cac-9409-ca04606eaf04","2026-08-16","RISK_ADJ_PIPELINE","2026-09-15 10:31:41"
"69daf541-3765-50d0-a77e-6232593a262f","9721790b-db45-589d-993f-5e152cf7d798","754431a4-bfa6-5d05-a73e-c31f826dd1a9","HCC136","Chronic Kidney Disease Stage 4","N18.6","Chronic Kidney Disease Stage 4","0.237","1.02","0.2417","2026-07-04","PROSPECTIVE","ACTIVE","","2026","TRUE","12.65","fe71dc5d-15dd-5cac-9409-ca04606eaf04","2026-07-04","RISK_ADJ_PIPELINE","2026-09-15 10:31:41"
"fd665b06-57cd-5a56-b5dc-41077772010f","4aaa4d07-ee0b-5625-a04e-901bbcb791c0","ff8923b5-4ac5-54f6-8e95-2b5058142756","HCC88","Angina Pectoris / Old MI","I25.110","Angina Pectoris / Old MI","0.241","1.0","0.241","2026-08-09","PROSPECTIVE","ACTIVE","","2026","TRUE","17.3","fe71dc5d-15dd-5cac-9409-ca04606eaf04","2026-08-09","RISK_ADJ_PIPELINE","2026-09-15 10:31:41"
"2036bdb1-9967-5442-8013-d8d4e2cbe1b0","4aaa4d07-ee0b-5625-a04e-901bbcb791c0","ff8923b5-4ac5-54f6-8e95-2b5058142756","HCC18","Diabetes with Chronic Complications","E13.40","Diabetes with Chronic Complications","0.302","1.0","0.302","2026-08-23","CLAIMS","ACTIVE","","2026","TRUE","17.3","fe71dc5d-15dd-5cac-9409-ca04606eaf04","2026-08-23","RISK_ADJ_PIPELINE","2026-09-15 10:31:41"
"be378918-ba51-50e7-9373-0ada941c7e42","4aaa4d07-ee0b-5625-a04e-901bbcb791c0","8d3ed4cb-8c78-507f-b255-7a563e731e01","HCC9","Lung and Other Severe Cancers","C34.11","Lung and Other Severe Cancers","2.422","1.0","2.422","2026-09-03","ENCOUNTER","ACTIVE","","2026","TRUE","13.76","fe71dc5d-15dd-5cac-9409-ca04606eaf04","2026-09-03","RISK_ADJ_PIPELINE","2026-09-15 10:31:41"
"936334b6-d616-5f9b-b420-2c6049d8766c","0ef63934-5794-5db7-880f-0fbf0b5c69d6","fc8b7112-3c90-5308-b17d-35a744c7b9b6","HCC136","Chronic Kidney Disease Stage 4","N18.4","Chronic Kidney Disease Stage 4","0.237","1.02","0.2417","2026-07-29","CLAIMS","ACTIVE","","2026","TRUE","1.58","fe71dc5d-15dd-5cac-9409-ca04606eaf04","2026-07-29","RISK_ADJ_PIPELINE","2026-09-15 10:31:41"
"bf627203-0a28-56db-b068-6f55a1b26bbc","0ef63934-5794-5db7-880f-0fbf0b5c69d6","1b0a8eff-2a94-5059-92fd-4a72eb1d8acc","HCC135","Acute Renal Failure","N17.2","Acute Renal Failure","0.441","1.02","0.4498","2026-07-23","CLAIMS","ACTIVE","","2026","FALSE","69.33","fe71dc5d-15dd-5cac-9409-ca04606eaf04","2026-07-23","RISK_ADJ_PIPELINE","2026-09-15 10:31:41"
"de24ba75-3d67-57f9-a61d-0ceb84162d3a","0ef63934-5794-5db7-880f-0fbf0b5c69d6","acc081fe-ef21-5cc0-877c-52916954de18","HCC9","Lung and Other Severe Cancers","C34.30","Lung and Other Severe Cancers","2.422","1.02","2.4704","2026-07-15","CLAIMS","ACTIVE","","2026","TRUE","8.33","fe71dc5d-15dd-5cac-9409-ca04606eaf04","2026-07-15","RISK_ADJ_PIPELINE","2026-09-15 10:31:41"
"ab225250-08d6-5066-babc-67a40b25506c","0ef63934-5794-5db7-880f-0fbf0b5c69d6","14aef570-b659-5b81-8bfe-e8721d386589","HCC18","Diabetes with Chronic Complications","E13.40","Diabetes with Chronic Complications","0.302","1.02","0.308","2026-08-24","CLAIMS","ACTIVE","","2026","TRUE","3.11","fe71dc5d-15dd-5cac-9409-ca04606eaf04","2026-08-24","RISK_ADJ_PIPELINE","2026-09-15 10:31:41"
"7bf9ce02-3c55-5e18-a72c-a4a11eb1a05a","2614a1c5-5af3-5b54-b737-281b369f3cf4","b738b681-0aeb-5446-86de-c04bdf27758c","HCC12","Colon Cancer","C18.7","Colon Cancer","0.664","1.02","0.6773","2026-08-01","CLAIMS","ACTIVE","","2026","TRUE","16.52","fe71dc5d-15dd-5cac-9409-ca04606eaf04","2026-08-01","RISK_ADJ_PIPELINE","2026-09-15 10:31:41"
"b3c686c6-1b9c-56c0-9af3-5bd0fa3fda18","2614a1c5-5af3-5b54-b737-281b369f3cf4","5853ffcd-4c46-542c-bd67-7cc302a7f257","HCC112","Fibrosis of Lung","J43.9","Fibrosis of Lung","0.199","1.02","0.203","2026-08-14","CLAIMS","ACTIVE","","2026","TRUE","0.69","fe71dc5d-15dd-5cac-9409-ca04606eaf04","2026-08-14","RISK_ADJ_PIPELINE","2026-09-15 10:31:41"
"6b7f00ed-d6e8-58a7-9834-906af9f30d1a","2614a1c5-5af3-5b54-b737-281b369f3cf4","33057189-e235-5066-9e5a-bf8f16bbc272","HCC136","Chronic Kidney Disease Stage 4","N18.5","Chronic Kidney Disease Stage 4","0.237","1.02","0.2417","2026-09-08","ENCOUNTER","ACTIVE","","2026","FALSE","32.5","fe71dc5d-15dd-5cac-9409-ca04606eaf04","2026-09-08","RISK_ADJ_PIPELINE","2026-09-15 10:31:41"
"71febec0-8e07-55af-8f6a-1fee8dd3fa07","548d4c6e-670c-5dcb-8b75-dc76ef9b4e35","fdf6b479-a8b9-5faf-b675-35283e196b06","HCC136","Chronic Kidney Disease Stage 4","N18.6","Chronic Kidney Disease Stage 4","0.237","1.0","0.237","2026-08-10","CLAIMS","ACTIVE","","2026","TRUE","18.88","fe71dc5d-15dd-5cac-9409-ca04606eaf04","2026-08-10","RISK_ADJ_PIPELINE","2026-09-15 10:31:41"
"25706cbb-f91c-5fec-8488-b61ea5a9389e","69cdeb8b-8ce0-5115-9ef5-cc236370eb7c","2536a8df-e524-5303-bfbe-2b4754a06551","HCC17","Diabetes with Acute Complications","E10.65","Diabetes with Acute Complications","0.368","1.0","0.368","2026-08-04","PROSPECTIVE","ACTIVE","","2026","TRUE","7.09","fe71dc5d-15dd-5cac-9409-ca04606eaf04","2026-08-04","RISK_ADJ_PIPELINE","2026-09-15 10:31:41"
"3e305611-fdf2-5215-a423-7455a9cad99a","2ca09031-68fb-5cc6-a269-4432638cba8c","2a538c8a-3214-5c55-b25a-7c46227171c7","HCC17","Diabetes with Acute Complications","E10.65","Diabetes with Acute Complications","0.368","1.0","0.368","2026-08-31","CLAIMS","ACTIVE","","2026","TRUE","8.72","fe71dc5d-15dd-5cac-9409-ca04606eaf04","2026-08-31","RISK_ADJ_PIPELINE","2026-09-15 10:31:41"
"9d3bb0ed-8fa5-52a9-be96-fd2d56a8cb2a","7c8756f1-0b52-5548-a46c-17fd3e5c95f1","bf1f47a5-510a-535f-834d-5cb073d748b5","HCC88","Angina Pectoris / Old MI","I25.110","Angina Pectoris / Old MI","0.241","1.02","0.2458","2026-08-04","CHART_REVIEW","ACTIVE","CODER_REVIEW","2026","FALSE","67.84","fe71dc5d-15dd-5cac-9409-ca04606eaf04","2026-08-04","RISK_ADJ_PIPELINE","2026-09-15 10:31:41"
"587b9c4e-e17b-5993-84bc-eb33911c7259","7c8756f1-0b52-5548-a46c-17fd3e5c95f1","62462e7f-e650-5e53-b602-5fb80a0340a4","HCC12","Breast Cancer","C50.411","Breast Cancer","0.664","1.02","0.6773","2026-07-22","CHART_REVIEW","ACTIVE","CODER_REVIEW","2026","TRUE","4.17","fe71dc5d-15dd-5cac-9409-ca04606eaf04","2026-07-22","RISK_ADJ_PIPELINE","2026-09-15 10:31:41"
"7b281c2d-6691-5cf6-a2a2-93a991478d8e","7c8756f1-0b52-5548-a46c-17fd3e5c95f1","411cfa2b-9942-591d-8a83-eaf90e993e92","HCC19","Diabetes without Complication","E11.00","Diabetes without Complication","0.118","1.02","0.1204","2026-07-09","CLAIMS","ACTIVE","","2026","TRUE","10.05","fe71dc5d-15dd-5cac-9409-ca04606eaf04","2026-07-09","RISK_ADJ_PIPELINE","2026-09-15 10:31:41"
"7bebab42-4a3c-5eae-be6f-cdff3199f287","e0f7f5ce-7af6-5243-8ccc-d04be2c0df92","d85e78cc-8be3-5538-b022-9d95833ed327","HCC88","Angina Pectoris / Old MI","I25.2","Angina Pectoris / Old MI","0.241","1.02","0.2458","2026-07-15","CLAIMS","VALIDATED","","2026","FALSE","50.07","fe71dc5d-15dd-5cac-9409-ca04606eaf04","2026-07-15","RISK_ADJ_PIPELINE","2026-09-15 10:31:41"
"7a18f2e5-249c-5460-9bc1-0e4c3765e434","e0f7f5ce-7af6-5243-8ccc-d04be2c0df92","c2bd9389-0aca-5808-af38-7d54ec63e771","HCC96","Specified Heart Arrhythmias","I48.19","Specified Heart Arrhythmias","0.271","1.02","0.2764","2026-07-21","CLAIMS","ACTIVE","","2026","TRUE","3.62","fe71dc5d-15dd-5cac-9409-ca04606eaf04","2026-07-21","RISK_ADJ_PIPELINE","2026-09-15 10:31:41"
"61124123-2304-5341-9ba4-3f6e6e4ce48f","bb993c8a-574e-59c4-adee-a1d0cccb75b6","e2a8d7cd-4e30-53eb-a0fe-3bcd21431188","HCC57","Schizophrenia","F20.9","Schizophrenia","0.62","1.02","0.6324","2026-06-20","CLAIMS","ACTIVE","","2026","TRUE","18.72","fe71dc5d-15dd-5cac-9409-ca04606eaf04","2026-06-20","RISK_ADJ_PIPELINE","2026-09-15 10:31:41"
"cef5caa4-5f8a-5efa-ae5c-9350b7f64998","bb993c8a-574e-59c4-adee-a1d0cccb75b6","7d1bd736-8dbf-506d-9d4b-faf736ce881e","HCC88","Angina Pectoris / Old MI","I25.110","Angina Pectoris / Old MI","0.241","1.02","0.2458","2026-08-02","CLAIMS","SUPERSEDED","","2026","TRUE","19.15","fe71dc5d-15dd-5cac-9409-ca04606eaf04","2026-08-02","RISK_ADJ_PIPELINE","2026-09-15 10:31:41"
"c6cfbebe-8a0a-5081-b39e-a5d85b581024","bb993c8a-574e-59c4-adee-a1d0cccb75b6","183f7f17-f865-58c8-ab32-f1b74a9676f4","HCC135","Acute Renal Failure","N17.2","Acute Renal Failure","0.441","1.02","0.4498","2026-08-14","ENCOUNTER","ACTIVE","","2026","TRUE","18.12","fe71dc5d-15dd-5cac-9409-ca04606eaf04","2026-08-14","RISK_ADJ_PIPELINE","2026-09-15 10:31:41"
"aeaeb7fc-a9ca-5221-bd08-4eab8d0e51fa","bb993c8a-574e-59c4-adee-a1d0cccb75b6","4ba585f4-55e7-56c7-b72f-5f18d19130d0","HCC58","Major Depressive/Bipolar Disorders","F31.10","Major Depressive/Bipolar Disorders","0.395","1.02","0.4029","2026-09-10","CLAIMS","ACTIVE","","2026","FALSE","42.96","fe71dc5d-15dd-5cac-9409-ca04606eaf04","2026-09-10","RISK_ADJ_PIPELINE","2026-09-15 10:31:41"
"b226059d-2f04-5218-8e5d-4bb1aa452c5b","e7457485-13df-54f7-9830-be7bed69d63e","3aa23aa7-b2a2-5b43-9251-70d0624913f4","HCC135","Acute Renal Failure","N17.0","Acute Renal Failure","0.441","1.02","0.4498","2026-07-10","CLAIMS","ACTIVE","","2026","TRUE","1.96","fe71dc5d-15dd-5cac-9409-ca04606eaf04","2026-07-10","RISK_ADJ_PIPELINE","2026-09-15 10:31:41"
"c7c01a46-11a0-5b58-ac6f-0d93ff901089","e7457485-13df-54f7-9830-be7bed69d63e","44fecb9d-53aa-5a36-9c06-90e322bbd477","HCC96","Specified Heart Arrhythmias","I48.19","Specified Heart Arrhythmias","0.271","1.02","0.2764","2026-06-22","CLAIMS","ACTIVE","","2026","TRUE","15.78","fe71dc5d-15dd-5cac-9409-ca04606eaf04","2026-06-22","RISK_ADJ_PIPELINE","2026-09-15 10:31:41"
"40a52922-3346-554d-a4f6-77090fae6b28","71038da4-1b33-5355-b530-57a7ba9b50a6","2cb4a2fb-f9d3-5f28-a9b8-ad09a003aa0a","HCC135","Acute Renal Failure","N17.2","Acute Renal Failure","0.441","1.02","0.4498","2026-08-04","CLAIMS","ACTIVE","","2026","TRUE","6.68","fe71dc5d-15dd-5cac-9409-ca04606eaf04","2026-08-04","RISK_ADJ_PIPELINE","2026-09-15 10:31:41"
"186cd326-d93b-5798-b019-4679298378ff","71038da4-1b33-5355-b530-57a7ba9b50a6","02fd50e9-2ee3-5af3-b26c-bd099242bda1","HCC57","Schizophrenia","F20.1","Schizophrenia","0.62","1.02","0.6324","2026-07-28","CLAIMS","ACTIVE","","2026","TRUE","14.36","fe71dc5d-15dd-5cac-9409-ca04606eaf04","2026-07-28","RISK_ADJ_PIPELINE","2026-09-15 10:31:41"
"e69f9ee1-1bfe-5e19-8d64-2a94e959b7d5","fe1e8722-2a5b-5b2d-a82d-d401af2c5468","76a7d565-49bc-5cae-8741-0d74c2786877","HCC168","Hip Fracture/Dislocation","M80.019A","Hip Fracture/Dislocation","0.489","1.0","0.489","2026-07-22","CLAIMS","ACTIVE","","2026","FALSE","65.57","fe71dc5d-15dd-5cac-9409-ca04606eaf04","2026-07-22","RISK_ADJ_PIPELINE","2026-09-15 10:31:41"
"0006ade9-1f8a-543e-80ab-6b33b000c141","b656d2e5-a75f-5e30-b7e6-d458efb527a2","961e4410-a9e4-5f37-93e4-462791c5d10d","HCC135","Acute Renal Failure","N17.0","Acute Renal Failure","0.441","1.02","0.4498","2026-07-31","CLAIMS","VALIDATED","","2026","TRUE","8.37","fe71dc5d-15dd-5cac-9409-ca04606eaf04","2026-07-31","RISK_ADJ_PIPELINE","2026-09-15 10:31:41"
"02c79bae-0012-5ca3-a55b-a7ab2feb2e6a","b656d2e5-a75f-5e30-b7e6-d458efb527a2","961e4410-a9e4-5f37-93e4-462791c5d10d","HCC112","Fibrosis of Lung","J43.9","Fibrosis of Lung","0.199","1.02","0.203","2026-09-04","CLAIMS","ACTIVE","","2026","TRUE","8.37","fe71dc5d-15dd-5cac-9409-ca04606eaf04","2026-09-04","RISK_ADJ_PIPELINE","2026-09-15 10:31:41"
"0dd04c3f-e465-5b66-bfc7-b2970d9f3029","951bf4a9-7bfd-5905-9793-7412a07f4b4d","5f9b6b52-1064-53c3-8c6a-1d9c91b0bcae","HCC19","Diabetes without Complication","E11.40","Diabetes without Complication","0.118","1.0","0.118","2026-07-11","CLAIMS","ACTIVE","","2026","TRUE","1.58","fe71dc5d-15dd-5cac-9409-ca04606eaf04","2026-07-11","RISK_ADJ_PIPELINE","2026-09-15 10:31:41"
"08b0c10f-bd9f-5d68-843d-1c17a9ce70da","951bf4a9-7bfd-5905-9793-7412a07f4b4d","ab2bcc65-de45-5bf9-a6e8-072b07b45a18","HCC135","Acute Renal Failure","N17.0","Acute Renal Failure","0.441","1.0","0.441","2026-08-02","ENCOUNTER","ACTIVE","","2026","TRUE","12.91","fe71dc5d-15dd-5cac-9409-ca04606eaf04","2026-08-02","RISK_ADJ_PIPELINE","2026-09-15 10:31:41"
"31398a29-c952-519c-91a8-46b8a42065b5","951bf4a9-7bfd-5905-9793-7412a07f4b4d","0d48c288-a0c1-544e-954b-01575ef5aa7c","HCC9","Lung and Other Severe Cancers","C34.10","Lung and Other Severe Cancers","2.422","1.0","2.422","2026-06-21","CLAIMS","ACTIVE","","2026","TRUE","18.0","fe71dc5d-15dd-5cac-9409-ca04606eaf04","2026-06-21","RISK_ADJ_PIPELINE","2026-09-15 10:31:41"
"f3cc03b1-d0f5-52e1-8e4b-de8b8acfb62b","951bf4a9-7bfd-5905-9793-7412a07f4b4d","63e94582-8add-53a0-ba0e-27794f22e61e","HCC136","Chronic Kidney Disease Stage 4","N18.5","Chronic Kidney Disease Stage 4","0.237","1.0","0.237","2026-09-07","ENCOUNTER","SUPERSEDED","","2026","TRUE","1.01","fe71dc5d-15dd-5cac-9409-ca04606eaf04","2026-09-07","RISK_ADJ_PIPELINE","2026-09-15 10:31:41"
"32dcc62e-2a1b-5d92-b6d2-776ecc424c30","e01fc4f7-9baf-5914-ae6c-d96982e895d7","fa9dc110-bfe0-5e3b-add8-e693c0773cc5","HCC86","Acute Myocardial Infarction","I21.29","Acute Myocardial Infarction","0.365","1.02","0.3723","2026-06-29","CLAIMS","ACTIVE","","2026","TRUE","15.19","fe71dc5d-15dd-5cac-9409-ca04606eaf04","2026-06-29","RISK_ADJ_PIPELINE","2026-09-15 10:31:41"
"7d391215-e104-5d8f-9e40-ad95c1a5d8db","e01fc4f7-9baf-5914-ae6c-d96982e895d7","fa9dc110-bfe0-5e3b-add8-e693c0773cc5","HCC17","Diabetes with Acute Complications","E10.10","Diabetes with Acute Complications","0.368","1.02","0.3754","2026-09-03","CLAIMS","ACTIVE","","2026","TRUE","15.19","fe71dc5d-15dd-5cac-9409-ca04606eaf04","2026-09-03","RISK_ADJ_PIPELINE","2026-09-15 10:31:41"
"435447cc-b642-5ce6-a9b7-34ccf4376efd","e01fc4f7-9baf-5914-ae6c-d96982e895d7","33a0b76a-3f57-59cf-b0c6-e5d50f4431cf","HCC88","Angina Pectoris / Old MI","I25.5","Angina Pectoris / Old MI","0.241","1.02","0.2458","2026-07-22","CLAIMS","ACTIVE","","2026","TRUE","17.47","fe71dc5d-15dd-5cac-9409-ca04606eaf04","2026-07-22","RISK_ADJ_PIPELINE","2026-09-15 10:31:41"
"a1550058-3541-5da8-b3c8-f4437e69a3ac","e01fc4f7-9baf-5914-ae6c-d96982e895d7","743e3a0e-6f11-52cf-b106-34ce2b98b989","HCC19","Diabetes without Complication","E11.65","Diabetes without Complication","0.118","1.02","0.1204","2026-07-20","CLAIMS","ACTIVE","","2026","FALSE","27.46","fe71dc5d-15dd-5cac-9409-ca04606eaf04","2026-07-20","RISK_ADJ_PIPELINE","2026-09-15 10:31:41"
"640fef04-72c3-58c1-acfe-92389b01973c","0afe2306-9084-5c31-9197-99b6cba5c557","109c0b28-9489-54fc-89c2-23bdebac6d82","HCC136","Chronic Kidney Disease Stage 4","N18.4","Chronic Kidney Disease Stage 4","0.237","1.02","0.2417","2026-07-23","CLAIMS","VALIDATED","","2026","TRUE","16.9","fe71dc5d-15dd-5cac-9409-ca04606eaf04","2026-07-23","RISK_ADJ_PIPELINE","2026-09-15 10:31:41"
"782c4a10-0105-5a97-85cd-e0e010d8310e","0afe2306-9084-5c31-9197-99b6cba5c557","00e47372-7870-5389-9939-5484b0e56501","HCC57","Schizophrenia","F20.0","Schizophrenia","0.62","1.02","0.6324","2026-08-11","CLAIMS","ACTIVE","","2026","TRUE","11.48","fe71dc5d-15dd-5cac-9409-ca04606eaf04","2026-08-11","RISK_ADJ_PIPELINE","2026-09-15 10:31:41"
"99083d17-e73b-5f63-a76a-23a09ca799af","0afe2306-9084-5c31-9197-99b6cba5c557","f00787ef-2dc7-5a25-8c83-cf6eca1d8d67","HCC112","Fibrosis of Lung","J43.9","Fibrosis of Lung","0.199","1.02","0.203","2026-08-28","CLAIMS","ACTIVE","","2026","TRUE","2.67","fe71dc5d-15dd-5cac-9409-ca04606eaf04","2026-08-28","RISK_ADJ_PIPELINE","2026-09-15 10:31:41"
"a249ed89-7dce-53b3-a10c-1d01abd11fa6","68db2051-f69c-59f3-a74f-867d5c1415ab","cd874ad5-2c4b-5d31-9cd2-6ba7516c5ddc","HCC136","Chronic Kidney Disease Stage 4","N18.4","Chronic Kidney Disease Stage 4","0.237","1.0","0.237","2026-09-01","PROSPECTIVE","ACTIVE","","2026","FALSE","93.85","fe71dc5d-15dd-5cac-9409-ca04606eaf04","2026-09-01","RISK_ADJ_PIPELINE","2026-09-15 10:31:41"
"f19c4ca7-7546-5fca-a5d6-694f84d5801d","68db2051-f69c-59f3-a74f-867d5c1415ab","1c8290ab-6c72-5345-9f23-ac39e09f1d3c","HCC85","Congestive Heart Failure","I50.22","Congestive Heart Failure","0.331","1.0","0.331","2026-08-15","CLAIMS","ACTIVE","","2026","FALSE","50.11","fe71dc5d-15dd-5cac-9409-ca04606eaf04","2026-08-15","RISK_ADJ_PIPELINE","2026-09-15 10:31:41"
"3e724d26-6495-5dc9-ab44-abb9d38260da","ff078b5f-422c-5fdf-b1a0-ce6ed06a0676","a26c32b5-06e7-5ef2-b235-908fba8c4445","HCC85","Congestive Heart Failure","I50.20","Congestive Heart Failure","0.331","1.02","0.3376","2026-06-24","CLAIMS","ACTIVE","","2026","FALSE","91.68","fe71dc5d-15dd-5cac-9409-ca04606eaf04","2026-06-24","RISK_ADJ_PIPELINE","2026-09-15 10:31:41"
"c218a12d-487b-5e7f-8142-1b6b9bf0a953","ff078b5f-422c-5fdf-b1a0-ce6ed06a0676","e6abd6ce-1b1a-554d-badb-d284fa745d59","HCC40","Rheumatoid Arthritis","M16.30","Rheumatoid Arthritis","0.421","1.02","0.4294","2026-07-02","CLAIMS","ACTIVE","","2026","TRUE","4.77","fe71dc5d-15dd-5cac-9409-ca04606eaf04","2026-07-02","RISK_ADJ_PIPELINE","2026-09-15 10:31:41"
"3bfb53d6-def3-52f2-8c7f-ead079906a56","ab25efbd-8d81-517c-a6b3-dbc3cbca70bc","52374477-e34b-57ad-9ab4-39f97398ebd8","HCC9","Lung and Other Severe Cancers","C34.30","Lung and Other Severe Cancers","2.422","1.0","2.422","2026-07-18","CLAIMS","ACTIVE","","2026","TRUE","16.9","fe71dc5d-15dd-5cac-9409-ca04606eaf04","2026-07-18","RISK_ADJ_PIPELINE","2026-09-15 10:31:41"
"759595b3-ff81-51a0-ba3f-2eea937832f7","f9fb87da-4da8-5e32-8c86-9a957cef6005","dbb86ff5-8f3b-5f5c-8fe1-0cb6ce9b7d57","HCC57","Schizophrenia","F20.9","Schizophrenia","0.62","1.02","0.6324","2026-07-31","CLAIMS","ACTIVE","","2026","TRUE","13.85","fe71dc5d-15dd-5cac-9409-ca04606eaf04","2026-07-31","RISK_ADJ_PIPELINE","2026-09-15 10:31:41"
"e1f10b0d-3a58-57a9-acfa-a85aa8d395e1","f9fb87da-4da8-5e32-8c86-9a957cef6005","c5422b6a-b86d-5bf2-8508-66591629d69f","HCC17","Diabetes with Acute Complications","E10.40","Diabetes with Acute Complications","0.368","1.02","0.3754","2026-07-14","CLAIMS","VALIDATED","","2026","FALSE","87.61","fe71dc5d-15dd-5cac-9409-ca04606eaf04","2026-07-14","RISK_ADJ_PIPELINE","2026-09-15 10:31:41"
"892709c4-cf8a-564e-9f6d-1c0bbdca1a31","fddca490-a1f1-516c-8980-04032a4c044f","a103bbe2-904d-5fca-89b5-174d3b449211","HCC96","Specified Heart Arrhythmias","I48.0","Specified Heart Arrhythmias","0.271","1.02","0.2764","2026-08-11","CLAIMS","ACTIVE","","2026","FALSE","55.33","fe71dc5d-15dd-5cac-9409-ca04606eaf04","2026-08-11","RISK_ADJ_PIPELINE","2026-09-15 10:31:41"
"04b5c6bd-2d5d-55bd-b844-dfe72ce55d78","fddca490-a1f1-516c-8980-04032a4c044f","c2cd0e92-173f-59b3-8a10-8fc867471267","HCC9","Lung and Other Severe Cancers","C34.12","Lung and Other Severe Cancers","2.422","1.02","2.4704","2026-09-12","CLAIMS","ACTIVE","","2026","TRUE","7.45","fe71dc5d-15dd-5cac-9409-ca04606eaf04","2026-09-12","RISK_ADJ_PIPELINE","2026-09-15 10:31:41"
"d38c7ebc-0ef6-5892-bfd1-16d38b38bc62","fddca490-a1f1-516c-8980-04032a4c044f","896fd23e-a159-5c00-a293-769b6dce2d0d","HCC57","Schizophrenia","F20.9","Schizophrenia","0.62","1.02","0.6324","2026-08-15","CLAIMS","VALIDATED","","2026","FALSE","36.7","fe71dc5d-15dd-5cac-9409-ca04606eaf04","2026-08-15","RISK_ADJ_PIPELINE","2026-09-15 10:31:41"
"663b7cab-d144-5931-bae6-6c237eb2b82d","a744296e-b777-52af-bac6-dbd8f16244c3","6d1fd003-134e-5af7-8841-7e2890b7d676","HCC96","Specified Heart Arrhythmias","I48.0","Specified Heart Arrhythmias","0.271","1.0","0.271","2026-07-10","CLAIMS","ACTIVE","","2026","TRUE","3.08","fe71dc5d-15dd-5cac-9409-ca04606eaf04","2026-07-10","RISK_ADJ_PIPELINE","2026-09-15 10:31:41"
"3ffaeac0-a45d-5c5d-98b7-5cc06cad7645","d9c3e271-733b-5ba0-bd9b-bedc6c623ce3","e0434c6a-6670-5737-a4c3-68c984cdde15","HCC96","Specified Heart Arrhythmias","I48.11","Specified Heart Arrhythmias","0.271","1.02","0.2764","2026-08-22","ENCOUNTER","ACTIVE","","2026","TRUE","4.22","fe71dc5d-15dd-5cac-9409-ca04606eaf04","2026-08-22","RISK_ADJ_PIPELINE","2026-09-15 10:31:41"
"3c114bde-f808-5f1f-a3e2-a9dd9946f465","5c09dc3e-0da9-51c8-a1d1-efca1cddfa3f","e7855651-8f6e-5f2d-8a37-52f317e911cd","HCC86","Acute Myocardial Infarction","I21.09","Acute Myocardial Infarction","0.365","1.02","0.3723","2026-09-12","CLAIMS","ACTIVE","","2026","TRUE","10.53","fe71dc5d-15dd-5cac-9409-ca04606eaf04","2026-09-12","RISK_ADJ_PIPELINE","2026-09-15 10:31:41"
"8afa130e-6df3-5563-9ec9-52e73233f3d5","5c09dc3e-0da9-51c8-a1d1-efca1cddfa3f","42880842-b14c-59a7-b269-cfdd809f47b9","HCC85","Congestive Heart Failure","I50.22","Congestive Heart Failure","0.331","1.02","0.3376","2026-08-11","ENCOUNTER","ACTIVE","","2026","TRUE","3.3","fe71dc5d-15dd-5cac-9409-ca04606eaf04","2026-08-11","RISK_ADJ_PIPELINE","2026-09-15 10:31:41"
"42580452-8802-5afd-8062-5e2443446e44","b3874b2c-e402-5eca-9a10-ae231834ded0","de0e74e5-9c10-52ca-bef7-112c9dfe0071","HCC12","Colon Cancer","C18.4","Colon Cancer","0.664","1.02","0.6773","2026-08-02","CLAIMS","ACTIVE","","2026","TRUE","9.75","fe71dc5d-15dd-5cac-9409-ca04606eaf04","2026-08-02","RISK_ADJ_PIPELINE","2026-09-15 10:31:41"
"ffce40dc-db38-5830-befc-866b2556a3be","b3874b2c-e402-5eca-9a10-ae231834ded0","fc710dd1-532b-5f04-bf44-f9c8c837dd0c","HCC135","Acute Renal Failure","N17.2","Acute Renal Failure","0.441","1.02","0.4498","2026-07-27","CHART_REVIEW","ACTIVE","CODER_REVIEW","2026","TRUE","17.77","fe71dc5d-15dd-5cac-9409-ca04606eaf04","2026-07-27","RISK_ADJ_PIPELINE","2026-09-15 10:31:41"
"cb3bee1e-5baa-5991-a79b-72ebfa626810","f82a36fa-3150-527f-9030-b648b2d56c39","b8140887-233f-5772-a73c-063212563edd","HCC96","Specified Heart Arrhythmias","I48.20","Specified Heart Arrhythmias","0.271","1.0","0.271","2026-08-12","CHART_REVIEW","SUPERSEDED","CODER_REVIEW","2026","TRUE","7.68","fe71dc5d-15dd-5cac-9409-ca04606eaf04","2026-08-12","RISK_ADJ_PIPELINE","2026-09-15 10:31:41"
"0e970444-63b5-5b59-9414-414cb6a5e8ed","f82a36fa-3150-527f-9030-b648b2d56c39","b8140887-233f-5772-a73c-063212563edd","HCC40","Rheumatoid Arthritis","M16.10","Rheumatoid Arthritis","0.421","1.0","0.421","2026-08-17","CLAIMS","ACTIVE","","2026","TRUE","7.68","fe71dc5d-15dd-5cac-9409-ca04606eaf04","2026-08-17","RISK_ADJ_PIPELINE","2026-09-15 10:31:41"
"d9d09b55-4d43-5651-b03d-9f6909a46a1e","1173f9f9-83f1-588e-8274-60e921d8a6da","836c786a-f8ad-51f8-8bda-d0742f417e0b","HCC40","Rheumatoid Arthritis","M16.0","Rheumatoid Arthritis","0.421","1.02","0.4294","2026-07-24","CLAIMS","VALIDATED","","2026","TRUE","7.66","fe71dc5d-15dd-5cac-9409-ca04606eaf04","2026-07-24","RISK_ADJ_PIPELINE","2026-09-15 10:31:41"
"b9d80e8a-2b20-5b4b-9d32-c7c8bc2c9605","1173f9f9-83f1-588e-8274-60e921d8a6da","ce882f1d-fb80-58a8-aafb-0d747dcf626e","HCC112","Fibrosis of Lung","J43.0","Fibrosis of Lung","0.199","1.02","0.203","2026-07-08","CLAIMS","ACTIVE","","2026","TRUE","13.53","fe71dc5d-15dd-5cac-9409-ca04606eaf04","2026-07-08","RISK_ADJ_PIPELINE","2026-09-15 10:31:41"
"89b21874-0575-5363-bd27-c07767cd4330","1464cee0-d18c-5ae8-a3fc-e3c9af2d6e1b","46a2e819-9068-5381-83a3-c7ae5b8528eb","HCC88","Angina Pectoris / Old MI","I25.10","Angina Pectoris / Old MI","0.241","1.0","0.241","2026-08-17","CHART_REVIEW","ACTIVE","CODER_REVIEW","2026","TRUE","18.98","fe71dc5d-15dd-5cac-9409-ca04606eaf04","2026-08-17","RISK_ADJ_PIPELINE","2026-09-15 10:31:41"
"7a7378be-92ec-5e31-9375-a0dfd8611eca","1464cee0-d18c-5ae8-a3fc-e3c9af2d6e1b","83b95cb6-14da-5815-b6de-d1c00ab136d4","HCC111","COPD","J44.9","COPD","0.335","1.0","0.335","2026-09-02","PROSPECTIVE","VALIDATED","","2026","TRUE","5.49","fe71dc5d-15dd-5cac-9409-ca04606eaf04","2026-09-02","RISK_ADJ_PIPELINE","2026-09-15 10:31:41"
"6cc12f25-2ef4-5130-b8cb-4b44225bda87","88b78fea-120c-5883-a412-3fd271a9d1b3","f48866a1-f802-57f5-bdd9-c9c16f901ecb","HCC85","Congestive Heart Failure","I50.22","Congestive Heart Failure","0.331","1.02","0.3376","2026-08-26","CLAIMS","VALIDATED","","2026","TRUE","11.53","fe71dc5d-15dd-5cac-9409-ca04606eaf04","2026-08-26","RISK_ADJ_PIPELINE","2026-09-15 10:31:41"
"ad6d215c-c3c3-5deb-b6c1-1e5c916dfcb2","88b78fea-120c-5883-a412-3fd271a9d1b3","171a494b-662e-5830-8fae-c4f5949397c6","HCC136","Chronic Kidney Disease Stage 4","N18.5","Chronic Kidney Disease Stage 4","0.237","1.02","0.2417","2026-06-26","ENCOUNTER","ACTIVE","","2026","TRUE","5.41","fe71dc5d-15dd-5cac-9409-ca04606eaf04","2026-06-26","RISK_ADJ_PIPELINE","2026-09-15 10:31:41"
"a57e2f49-60a4-5d31-bd14-064ede1f8cf6","88b78fea-120c-5883-a412-3fd271a9d1b3","f48866a1-f802-57f5-bdd9-c9c16f901ecb","HCC40","Rheumatoid Arthritis","M16.0","Rheumatoid Arthritis","0.421","1.02","0.4294","2026-08-16","ENCOUNTER","VALIDATED","","2026","TRUE","11.53","fe71dc5d-15dd-5cac-9409-ca04606eaf04","2026-08-16","RISK_ADJ_PIPELINE","2026-09-15 10:31:41"
"a2db3271-6bed-5744-8b06-ae04a9e847ab","b4bfaf06-4295-560b-a54a-6d2f9ef58c2c","193c796c-c808-5dbc-97a3-66a3aaae985e","HCC19","Diabetes without Complication","E11.40","Diabetes without Complication","0.118","1.02","0.1204","2026-07-23","CLAIMS","ACTIVE","","2026","FALSE","54.51","fe71dc5d-15dd-5cac-9409-ca04606eaf04","2026-07-23","RISK_ADJ_PIPELINE","2026-09-15 10:31:41"
"ae787b8e-d66b-5b23-b1ef-c1875e3c79e0","b4bfaf06-4295-560b-a54a-6d2f9ef58c2c","a59da2c6-861a-59d7-b36a-2a7294a3c8e2","HCC168","Hip Fracture/Dislocation","M80.811A","Hip Fracture/Dislocation","0.489","1.02","0.4988","2026-07-23","CLAIMS","ACTIVE","","2026","TRUE","6.78","fe71dc5d-15dd-5cac-9409-ca04606eaf04","2026-07-23","RISK_ADJ_PIPELINE","2026-09-15 10:31:41"
"18c2e9bd-f610-5c80-b45a-beba36ed635b","df49f5d8-c305-59e0-9ba1-bc71a1b2616b","acc46d89-a0bb-5410-8077-c27e17033028","HCC135","Acute Renal Failure","N17.0","Acute Renal Failure","0.441","1.02","0.4498","2026-06-22","CLAIMS","ACTIVE","","2026","FALSE","41.16","fe71dc5d-15dd-5cac-9409-ca04606eaf04","2026-06-22","RISK_ADJ_PIPELINE","2026-09-15 10:31:41"
"c7498ebb-ae18-5844-9264-49d422b6282f","aeb4cd99-850f-5e45-bbd0-beb08473ce54","202102f6-47b9-5668-97a5-39a67f6ed4c5","HCC86","Acute Myocardial Infarction","I21.09","Acute Myocardial Infarction","0.365","1.0","0.365","2026-06-19","ENCOUNTER","ACTIVE","","2026","TRUE","2.85","fe71dc5d-15dd-5cac-9409-ca04606eaf04","2026-06-19","RISK_ADJ_PIPELINE","2026-09-15 10:31:41"
"0d32039e-8f78-5f94-bb8d-c73044f851f5","aeb4cd99-850f-5e45-bbd0-beb08473ce54","a2d21431-fa4b-5be4-94d9-4f61455ede1b","HCC96","Specified Heart Arrhythmias","I48.20","Specified Heart Arrhythmias","0.271","1.0","0.271","2026-09-13","CLAIMS","SUPERSEDED","","2026","TRUE","8.91","fe71dc5d-15dd-5cac-9409-ca04606eaf04","2026-09-13","RISK_ADJ_PIPELINE","2026-09-15 10:31:41"
"f3f8d7b1-7fd7-5dc4-b221-8dc23422b6e0","aeb4cd99-850f-5e45-bbd0-beb08473ce54","da531acd-44e1-5bd5-914c-373dff244aa1","HCC17","Diabetes with Acute Complications","E10.9","Diabetes with Acute Complications","0.368","1.0","0.368","2026-08-27","CHART_REVIEW","ACTIVE","CODER_REVIEW","2026","TRUE","5.06","fe71dc5d-15dd-5cac-9409-ca04606eaf04","2026-08-27","RISK_ADJ_PIPELINE","2026-09-15 10:31:41"
"fa646c8c-ccc0-52af-a322-2ff89d07b650","83abd675-f01a-5de8-8485-298c63ea8007","0dfffe7e-f78d-5fbb-8457-1647035e1f76","HCC17","Diabetes with Acute Complications","E10.10","Diabetes with Acute Complications","0.368","1.0","0.368","2026-08-20","PROSPECTIVE","ACTIVE","","2026","FALSE","29.06","fe71dc5d-15dd-5cac-9409-ca04606eaf04","2026-08-20","RISK_ADJ_PIPELINE","2026-09-15 10:31:41"
"f844fd3d-ce69-50e1-aedb-7d4103eeb521","83abd675-f01a-5de8-8485-298c63ea8007","e9c0608a-c119-5fb1-aefd-db56016ce393","HCC58","Major Depressive/Bipolar Disorders","F31.10","Major Depressive/Bipolar Disorders","0.395","1.0","0.395","2026-08-23","CLAIMS","ACTIVE","","2026","TRUE","22.51","fe71dc5d-15dd-5cac-9409-ca04606eaf04","2026-08-23","RISK_ADJ_PIPELINE","2026-09-15 10:31:41"
"73cea987-f2c4-5f6e-b539-993b5064b6ae","83abd675-f01a-5de8-8485-298c63ea8007","0bf94557-c8b0-5426-95a7-c24a1972dabc","HCC85","Congestive Heart Failure","I50.20","Congestive Heart Failure","0.331","1.0","0.331","2026-07-01","CLAIMS","ACTIVE","","2026","FALSE","53.35","fe71dc5d-15dd-5cac-9409-ca04606eaf04","2026-07-01","RISK_ADJ_PIPELINE","2026-09-15 10:31:41"
"53808752-4e2b-583b-b947-29abffa769e4","83abd675-f01a-5de8-8485-298c63ea8007","55f2c5e5-6d12-550e-bb46-9ae627930205","HCC88","Angina Pectoris / Old MI","I25.5","Angina Pectoris / Old MI","0.241","1.0","0.241","2026-06-18","CHART_REVIEW","ACTIVE","CODER_REVIEW","2026","TRUE","16.97","fe71dc5d-15dd-5cac-9409-ca04606eaf04","2026-06-18","RISK_ADJ_PIPELINE","2026-09-15 10:31:41"
"32aafa3f-2855-5db2-9b57-be0546c58f0c","67838870-8108-58e5-9c4a-ed4f2928de99","25c24aee-5d24-5ede-b011-02b4a0d82d96","HCC111","COPD","J44.9","COPD","0.335","1.02","0.3417","2026-07-22","CLAIMS","ACTIVE","","2026","TRUE","10.8","fe71dc5d-15dd-5cac-9409-ca04606eaf04","2026-07-22","RISK_ADJ_PIPELINE","2026-09-15 10:31:41"
"053b0c86-2d67-51c4-b27c-e34d4ff3d1b3","cc2b1f90-11bf-5e6f-bad7-bef7139836b6","e129383d-012a-58a5-a7dd-c967376b1e82","HCC85","Congestive Heart Failure","I50.32","Congestive Heart Failure","0.331","1.0","0.331","2026-09-07","ENCOUNTER","ACTIVE","","2026","TRUE","7.39","fe71dc5d-15dd-5cac-9409-ca04606eaf04","2026-09-07","RISK_ADJ_PIPELINE","2026-09-15 10:31:41"
"6491c3fd-b448-509e-b719-11fba554120f","39bd9fb2-8003-56ce-8444-7dd3c61aa874","73b3bf2f-e5aa-5e63-86bb-ddd2b2d8bed5","HCC111","COPD","J44.0","COPD","0.335","1.02","0.3417","2026-08-13","CLAIMS","ACTIVE","","2026","TRUE","4.19","fe71dc5d-15dd-5cac-9409-ca04606eaf04","2026-08-13","RISK_ADJ_PIPELINE","2026-09-15 10:31:41"
"f05f1af2-5631-580a-8fef-775b8477cbee","39bd9fb2-8003-56ce-8444-7dd3c61aa874","8a5a52d5-a089-569c-957f-faf90198d898","HCC86","Acute Myocardial Infarction","I21.09","Acute Myocardial Infarction","0.365","1.02","0.3723","2026-07-09","CLAIMS","ACTIVE","","2026","TRUE","5.07","fe71dc5d-15dd-5cac-9409-ca04606eaf04","2026-07-09","RISK_ADJ_PIPELINE","2026-09-15 10:31:41"
"c34642ae-5cbb-5aa3-bcee-ba69e4b9fd14","39bd9fb2-8003-56ce-8444-7dd3c61aa874","73b3bf2f-e5aa-5e63-86bb-ddd2b2d8bed5","HCC85","Congestive Heart Failure","I50.22","Congestive Heart Failure","0.331","1.02","0.3376","2026-07-22","CLAIMS","ACTIVE","","2026","TRUE","4.19","fe71dc5d-15dd-5cac-9409-ca04606eaf04","2026-07-22","RISK_ADJ_PIPELINE","2026-09-15 10:31:41"
"4d87ac14-dd48-50a6-83fc-37fe080d27bb","39bd9fb2-8003-56ce-8444-7dd3c61aa874","2ef05e74-ee0f-5f62-aa8b-89a3e3e84c94","HCC19","Diabetes without Complication","E11.65","Diabetes without Complication","0.118","1.02","0.1204","2026-09-11","CLAIMS","ACTIVE","","2026","TRUE","0.73","fe71dc5d-15dd-5cac-9409-ca04606eaf04","2026-09-11","RISK_ADJ_PIPELINE","2026-09-15 10:31:41"
"47786bbd-c90e-5327-b128-127f99a634f6","a695c649-2023-5b5e-bc3c-78995ead9169","53670c45-7c86-5b0e-92dd-e43bce4e4a1f","HCC57","Schizophrenia","F20.9","Schizophrenia","0.62","1.0","0.62","2026-06-18","CLAIMS","ACTIVE","","2026","TRUE","9.15","fe71dc5d-15dd-5cac-9409-ca04606eaf04","2026-06-18","RISK_ADJ_PIPELINE","2026-09-15 10:31:41"
"058d648e-4fab-5c4d-83dc-aab7267168cc","74a394df-2e84-55e2-bfac-9e3629693aa7","4ccbab49-7b01-5fa1-8d27-11c4eeddb2fb","HCC85","Congestive Heart Failure","I50.32","Congestive Heart Failure","0.331","1.0","0.331","2026-06-25","CLAIMS","ACTIVE","","2026","TRUE","3.64","fe71dc5d-15dd-5cac-9409-ca04606eaf04","2026-06-25","RISK_ADJ_PIPELINE","2026-09-15 10:31:41"
"2e9220fa-c486-515e-894a-488b95121de9","717e0d8a-2ef6-5a59-befd-023895d837dd","b89b7c18-aed3-50e9-b35e-fee9d8dc6437","HCC96","Specified Heart Arrhythmias","I48.0","Specified Heart Arrhythmias","0.271","1.0","0.271","2026-08-23","ENCOUNTER","ACTIVE","","2026","FALSE","86.51","fe71dc5d-15dd-5cac-9409-ca04606eaf04","2026-08-23","RISK_ADJ_PIPELINE","2026-09-15 10:31:41"
"5c748f6f-40ec-58eb-b6af-c32a2ef9bd60","717e0d8a-2ef6-5a59-befd-023895d837dd","0adbafac-2445-58a9-a5d5-163a781dbe6f","HCC57","Schizophrenia","F20.5","Schizophrenia","0.62","1.0","0.62","2026-08-27","ENCOUNTER","ACTIVE","","2026","TRUE","22.63","fe71dc5d-15dd-5cac-9409-ca04606eaf04","2026-08-27","RISK_ADJ_PIPELINE","2026-09-15 10:31:41"
"befe47e6-5e8f-5c38-aa6d-aec74e41fe42","717e0d8a-2ef6-5a59-befd-023895d837dd","be11995c-0d5b-57fb-bf59-578999bb963c","HCC112","Fibrosis of Lung","J43.1","Fibrosis of Lung","0.199","1.0","0.199","2026-06-27","CLAIMS","ACTIVE","","2026","TRUE","2.73","fe71dc5d-15dd-5cac-9409-ca04606eaf04","2026-06-27","RISK_ADJ_PIPELINE","2026-09-15 10:31:41"
"dcb363f9-cc17-50dd-825b-f5c7ea7ab697","e8f3861e-3c90-579a-a6ff-684f57f8ca5a","10e4f2df-732d-5829-901f-aa56bcd26ec6","HCC9","Lung and Other Severe Cancers","C34.12","Lung and Other Severe Cancers","2.422","1.02","2.4704","2026-07-27","CLAIMS","VALIDATED","","2026","TRUE","20.0","fe71dc5d-15dd-5cac-9409-ca04606eaf04","2026-07-27","RISK_ADJ_PIPELINE","2026-09-15 10:31:41"
"fd33a549-68ac-5653-8b49-5681ef983dd8","e8f3861e-3c90-579a-a6ff-684f57f8ca5a","aec1373d-6842-5fcd-8181-742d6b9d3156","HCC88","Angina Pectoris / Old MI","I25.110","Angina Pectoris / Old MI","0.241","1.02","0.2458","2026-09-13","CLAIMS","VALIDATED","","2026","TRUE","18.8","fe71dc5d-15dd-5cac-9409-ca04606eaf04","2026-09-13","RISK_ADJ_PIPELINE","2026-09-15 10:31:41"
"61085768-1a55-5aa8-80f9-f7eba1a867b2","dd2084ed-4940-59e3-bf87-2630612d220a","0d5e06c8-2d34-5176-a23b-3e55a86927bf","HCC88","Angina Pectoris / Old MI","I25.110","Angina Pectoris / Old MI","0.241","1.02","0.2458","2026-09-11","CLAIMS","VALIDATED","","2026","FALSE","48.36","fe71dc5d-15dd-5cac-9409-ca04606eaf04","2026-09-11","RISK_ADJ_PIPELINE","2026-09-15 10:31:41"
"fb0c4a11-864b-5738-b65b-0f29ce823882","25adbeb5-4728-55c7-aef0-b3557417f798","ce496429-f773-5baf-b4fd-068ed7f9fea5","HCC85","Congestive Heart Failure","I50.20","Congestive Heart Failure","0.331","1.0","0.331","2026-09-03","CLAIMS","ACTIVE","","2026","TRUE","1.2","fe71dc5d-15dd-5cac-9409-ca04606eaf04","2026-09-03","RISK_ADJ_PIPELINE","2026-09-15 10:31:41"
"27fd696a-0c43-5035-888a-3599076b4e1c","25adbeb5-4728-55c7-aef0-b3557417f798","d0aa84ef-162d-5bbd-ae51-daff0a99fe39","HCC18","Diabetes with Chronic Complications","E13.10","Diabetes with Chronic Complications","0.302","1.0","0.302","2026-08-02","PROSPECTIVE","ACTIVE","","2026","TRUE","10.04","fe71dc5d-15dd-5cac-9409-ca04606eaf04","2026-08-02","RISK_ADJ_PIPELINE","2026-09-15 10:31:41"
"0cdf3ea1-1626-5ea1-ba52-21a4d8a3df24","1fe689be-fe47-5c9f-82b8-b8376ee00ce2","675dfd36-70fa-5e5c-92c5-593ce7723937","HCC96","Specified Heart Arrhythmias","I48.0","Specified Heart Arrhythmias","0.271","1.02","0.2764","2026-08-09","CLAIMS","VALIDATED","","2026","FALSE","61.61","fe71dc5d-15dd-5cac-9409-ca04606eaf04","2026-08-09","RISK_ADJ_PIPELINE","2026-09-15 10:31:41"
"0438dbee-f397-5da2-8fff-931d2f390809","1fe689be-fe47-5c9f-82b8-b8376ee00ce2","94ae592e-0587-562e-a93d-c69ba3923258","HCC17","Diabetes with Acute Complications","E10.65","Diabetes with Acute Complications","0.368","1.02","0.3754","2026-09-11","CHART_REVIEW","ACTIVE","CODER_REVIEW","2026","TRUE","1.97","fe71dc5d-15dd-5cac-9409-ca04606eaf04","2026-09-11","RISK_ADJ_PIPELINE","2026-09-15 10:31:41"
"d411732e-c024-5407-9749-077701c7759e","1fe689be-fe47-5c9f-82b8-b8376ee00ce2","7c46a890-23a5-553e-b131-5170895f6853","HCC12","Breast Cancer","C50.019","Breast Cancer","0.664","1.02","0.6773","2026-09-12","CHART_REVIEW","VALIDATED","CODER_REVIEW","2026","TRUE","14.16","fe71dc5d-15dd-5cac-9409-ca04606eaf04","2026-09-12","RISK_ADJ_PIPELINE","2026-09-15 10:31:41"
"517938fa-5294-5ae5-bdef-de19066f7cf3","8f9244df-05dd-500b-bb0f-c59cb5c42cf2","92992074-1dd5-56ce-a99c-4075e3f0948d","HCC18","Diabetes with Chronic Complications","E13.65","Diabetes with Chronic Complications","0.302","1.0","0.302","2026-07-03","CLAIMS","ACTIVE","","2026","TRUE","7.15","fe71dc5d-15dd-5cac-9409-ca04606eaf04","2026-07-03","RISK_ADJ_PIPELINE","2026-09-15 10:31:41"
"4f2924cf-81eb-5069-9163-3d61542aba17","71b193bc-c76a-5651-8940-1f72a9a8beeb","7d944e6b-72cd-5f58-be9c-922933473e82","HCC135","Acute Renal Failure","N17.0","Acute Renal Failure","0.441","1.0","0.441","2026-07-03","ENCOUNTER","ACTIVE","","2026","TRUE","1.01","fe71dc5d-15dd-5cac-9409-ca04606eaf04","2026-07-03","RISK_ADJ_PIPELINE","2026-09-15 10:31:41"
"8cfa0dd7-112d-5810-b8e6-960fcf0972c7","c31ea669-4230-53ea-ab3f-1d2e02c2644a","66017654-882a-5127-87e1-66d19b1a5c20","HCC111","COPD","J44.9","COPD","0.335","1.02","0.3417","2026-08-02","CLAIMS","VALIDATED","","2026","TRUE","9.13","fe71dc5d-15dd-5cac-9409-ca04606eaf04","2026-08-02","RISK_ADJ_PIPELINE","2026-09-15 10:31:41"
"96b9f428-0b4c-59ef-9431-04c3ef878c65","c31ea669-4230-53ea-ab3f-1d2e02c2644a","3152f16f-55b2-50ac-a63d-aa51e5f1dafe","HCC58","Major Depressive/Bipolar Disorders","F31.62","Major Depressive/Bipolar Disorders","0.395","1.02","0.4029","2026-08-12","CLAIMS","ACTIVE","","2026","TRUE","21.98","fe71dc5d-15dd-5cac-9409-ca04606eaf04","2026-08-12","RISK_ADJ_PIPELINE","2026-09-15 10:31:41"
"fc1f4ed9-576a-5996-89cd-51fbd6b5fbce","c31ea669-4230-53ea-ab3f-1d2e02c2644a","f3514e0b-e9a9-5bbb-a5e9-8c7761987e8e","HCC9","Lung and Other Severe Cancers","C34.11","Lung and Other Severe Cancers","2.422","1.02","2.4704","2026-07-06","ENCOUNTER","SUPERSEDED","","2026","TRUE","11.02","fe71dc5d-15dd-5cac-9409-ca04606eaf04","2026-07-06","RISK_ADJ_PIPELINE","2026-09-15 10:31:41"
"e397b673-bf72-5b16-85bd-bf9a8cc4724b","c31ea669-4230-53ea-ab3f-1d2e02c2644a","b4640beb-51a2-58ab-83af-281e308f61fa","HCC40","Rheumatoid Arthritis","M16.10","Rheumatoid Arthritis","0.421","1.02","0.4294","2026-07-11","CLAIMS","ACTIVE","","2026","TRUE","23.44","fe71dc5d-15dd-5cac-9409-ca04606eaf04","2026-07-11","RISK_ADJ_PIPELINE","2026-09-15 10:31:41"
"4ad37c6e-d8f1-52e9-bbab-b7d4c7b3e065","2076d93f-86b4-559e-bef1-34feb6ea315e","ecc9b418-123c-582a-80b4-217e907ce419","HCC168","Hip Fracture/Dislocation","M80.019A","Hip Fracture/Dislocation","0.489","1.02","0.4988","2026-07-02","ENCOUNTER","VALIDATED","","2026","FALSE","36.93","fe71dc5d-15dd-5cac-9409-ca04606eaf04","2026-07-02","RISK_ADJ_PIPELINE","2026-09-15 10:31:41"
"7b43ee38-9296-5931-9879-33c6c3c35fcd","2076d93f-86b4-559e-bef1-34feb6ea315e","ccc1a70b-578c-5215-a76d-15f45865d1fa","HCC111","COPD","J44.9","COPD","0.335","1.02","0.3417","2026-07-27","CLAIMS","ACTIVE","","2026","TRUE","3.87","fe71dc5d-15dd-5cac-9409-ca04606eaf04","2026-07-27","RISK_ADJ_PIPELINE","2026-09-15 10:31:41"
"7a52d97c-b722-5d9d-a9e2-6dfe425cb1c2","a4bf8eda-17f1-5287-a715-76f8509a8142","dda86937-f2d7-5f84-bdc1-e5c6994b72b5","HCC18","Diabetes with Chronic Complications","E13.65","Diabetes with Chronic Complications","0.302","1.0","0.302","2026-08-19","CLAIMS","SUPERSEDED","","2026","TRUE","6.92","fe71dc5d-15dd-5cac-9409-ca04606eaf04","2026-08-19","RISK_ADJ_PIPELINE","2026-09-15 10:31:41"
"a069a0c7-4cbe-50af-8388-f4f357de9694","05f9d1b4-277e-5599-a24e-fdc56f1bc116","cf2a58b3-75a2-5b7f-bc39-2aeda62bd11c","HCC88","Angina Pectoris / Old MI","I25.10","Angina Pectoris / Old MI","0.241","1.0","0.241","2026-09-07","ENCOUNTER","ACTIVE","","2026","TRUE","18.68","fe71dc5d-15dd-5cac-9409-ca04606eaf04","2026-09-07","RISK_ADJ_PIPELINE","2026-09-15 10:31:41"
"957367b2-2316-5117-841c-73601f403f16","05f9d1b4-277e-5599-a24e-fdc56f1bc116","02f0ac62-2be1-5cd2-abe7-8c06bcbcec20","HCC111","COPD","J44.9","COPD","0.335","1.0","0.335","2026-08-02","CHART_REVIEW","ACTIVE","CODER_REVIEW","2026","TRUE","19.79","fe71dc5d-15dd-5cac-9409-ca04606eaf04","2026-08-02","RISK_ADJ_PIPELINE","2026-09-15 10:31:41"
"cd144cb9-3e5b-5333-b178-a3be19ed6c93","f95cfccb-cec8-5e85-9dfc-622fb7ff78b4","42c4eb3a-2aba-59f7-9b48-20fe9d2e6c0f","HCC12","Breast Cancer","C50.019","Breast Cancer","0.664","1.02","0.6773","2026-06-23","CHART_REVIEW","ACTIVE","CODER_REVIEW","2026","TRUE","16.98","fe71dc5d-15dd-5cac-9409-ca04606eaf04","2026-06-23","RISK_ADJ_PIPELINE","2026-09-15 10:31:41"
"e4cdb2a2-a5d2-5f21-b85a-cabe9276be48","f95cfccb-cec8-5e85-9dfc-622fb7ff78b4","249b806e-aca8-55ab-8ad6-56387629d9eb","HCC88","Angina Pectoris / Old MI","I25.5","Angina Pectoris / Old MI","0.241","1.02","0.2458","2026-06-18","CLAIMS","ACTIVE","","2026","FALSE","72.58","fe71dc5d-15dd-5cac-9409-ca04606eaf04","2026-06-18","RISK_ADJ_PIPELINE","2026-09-15 10:31:41"
"8b6133ba-b011-500f-bb22-86fb15a654ad","b45bba81-4a2a-5e4d-8a86-6c7faf30f1fb","e06be8e5-45df-5aad-8d1e-b957c4724585","HCC135","Acute Renal Failure","N17.0","Acute Renal Failure","0.441","1.02","0.4498","2026-08-30","CLAIMS","VALIDATED","","2026","FALSE","37.92","fe71dc5d-15dd-5cac-9409-ca04606eaf04","2026-08-30","RISK_ADJ_PIPELINE","2026-09-15 10:31:41"
"7f03421c-32bc-5bee-9641-ec39398aff8f","b45bba81-4a2a-5e4d-8a86-6c7faf30f1fb","53cde8c2-bb4d-5e66-9dc3-88885df3ac06","HCC12","Breast Cancer","C50.211","Breast Cancer","0.664","1.02","0.6773","2026-08-25","CLAIMS","ACTIVE","","2026","TRUE","0.66","fe71dc5d-15dd-5cac-9409-ca04606eaf04","2026-08-25","RISK_ADJ_PIPELINE","2026-09-15 10:31:41"
"7c269d37-9408-5fa7-9022-e9a91fb36645","18e5786a-2738-5dc8-991b-f6036fc674a9","3a11e3db-f8bd-5ea7-ab6f-3647e9c4efc6","HCC86","Acute Myocardial Infarction","I21.09","Acute Myocardial Infarction","0.365","1.0","0.365","2026-07-26","ENCOUNTER","ACTIVE","","2026","TRUE","5.38","fe71dc5d-15dd-5cac-9409-ca04606eaf04","2026-07-26","RISK_ADJ_PIPELINE","2026-09-15 10:31:41"
"473e40dd-300c-5cc6-81ae-101f0a5ca805","18e5786a-2738-5dc8-991b-f6036fc674a9","dd0b7978-03c2-586b-8584-6d5e32a327cc","HCC135","Acute Renal Failure","N17.9","Acute Renal Failure","0.441","1.0","0.441","2026-07-20","CLAIMS","ACTIVE","","2026","TRUE","2.97","fe71dc5d-15dd-5cac-9409-ca04606eaf04","2026-07-20","RISK_ADJ_PIPELINE","2026-09-15 10:31:41"
"46e62074-f4e3-5cc5-9103-8192d39e3427","e26ac894-4afb-5777-991f-2cef3ac8dc0f","f4ea51b0-595e-5b7e-9d7b-98f5db8aaa59","HCC111","COPD","J44.1","COPD","0.335","1.02","0.3417","2026-09-03","CLAIMS","ACTIVE","","2026","FALSE","45.09","fe71dc5d-15dd-5cac-9409-ca04606eaf04","2026-09-03","RISK_ADJ_PIPELINE","2026-09-15 10:31:41"
"bf1d8527-01a9-5d28-af8d-c64fdcf92013","e26ac894-4afb-5777-991f-2cef3ac8dc0f","5877d2cc-48b3-58b5-a56e-c2972bf7d52f","HCC18","Diabetes with Chronic Complications","E13.65","Diabetes with Chronic Complications","0.302","1.02","0.308","2026-07-03","CLAIMS","ACTIVE","","2026","FALSE","28.91","fe71dc5d-15dd-5cac-9409-ca04606eaf04","2026-07-03","RISK_ADJ_PIPELINE","2026-09-15 10:31:41"
"9ab13e7f-9f3e-5648-9fc7-b253fd2863af","e85ff3f2-3a3d-5fbb-a680-87014276061c","642ab77e-3826-5a86-9b9b-49cbb7ed751b","HCC111","COPD","J44.0","COPD","0.335","1.0","0.335","2026-09-09","CLAIMS","ACTIVE","","2026","TRUE","1.43","fe71dc5d-15dd-5cac-9409-ca04606eaf04","2026-09-09","RISK_ADJ_PIPELINE","2026-09-15 10:31:41"
"a71a7e34-c7c2-50f3-b230-97c82fd8b7db","e5b129e8-6c57-5496-b38e-e45e7193c35a","3579bcf5-04f3-50a9-966f-70d5454ec34c","HCC85","Congestive Heart Failure","I50.42","Congestive Heart Failure","0.331","1.02","0.3376","2026-07-19","CLAIMS","VALIDATED","","2026","TRUE","1.09","fe71dc5d-15dd-5cac-9409-ca04606eaf04","2026-07-19","RISK_ADJ_PIPELINE","2026-09-15 10:31:41"
"ec7da667-6ff9-5100-9a0c-35233dfda56e","e5b129e8-6c57-5496-b38e-e45e7193c35a","581c7048-8af8-5375-a3cd-ca360727ae72","HCC40","Rheumatoid Arthritis","M16.0","Rheumatoid Arthritis","0.421","1.02","0.4294","2026-07-28","PROSPECTIVE","ACTIVE","","2026","TRUE","13.37","fe71dc5d-15dd-5cac-9409-ca04606eaf04","2026-07-28","RISK_ADJ_PIPELINE","2026-09-15 10:31:41"
"dfb83d4e-186e-5b32-abab-3fbeda589707","6f2e0ef1-ebfa-5f14-be0d-1003f86aeb72","62a915a2-b689-57bb-b6f4-0a64683443c9","HCC135","Acute Renal Failure","N17.9","Acute Renal Failure","0.441","1.02","0.4498","2026-06-26","CLAIMS","ACTIVE","","2026","TRUE","15.16","fe71dc5d-15dd-5cac-9409-ca04606eaf04","2026-06-26","RISK_ADJ_PIPELINE","2026-09-15 10:31:41"
"88c4b10f-8b33-5f9e-b20d-65d1b6a45eda","268fc2c5-0e0f-575b-9229-9da698cc5868","e198653c-fc90-5afd-a5a5-2bfca8bbcf43","HCC19","Diabetes without Complication","E11.00","Diabetes without Complication","0.118","1.02","0.1204","2026-08-17","ENCOUNTER","ACTIVE","","2026","TRUE","11.72","fe71dc5d-15dd-5cac-9409-ca04606eaf04","2026-08-17","RISK_ADJ_PIPELINE","2026-09-15 10:31:41"
"0dcd8116-a7b7-52f2-a8b6-6941c6b4677a","268fc2c5-0e0f-575b-9229-9da698cc5868","69cb21bd-cf10-5da6-bac5-f8379f11350b","HCC88","Angina Pectoris / Old MI","I25.5","Angina Pectoris / Old MI","0.241","1.02","0.2458","2026-08-06","ENCOUNTER","ACTIVE","","2026","TRUE","6.57","fe71dc5d-15dd-5cac-9409-ca04606eaf04","2026-08-06","RISK_ADJ_PIPELINE","2026-09-15 10:31:41"
"78dd7d99-a0fa-501d-8988-09cda8b9be22","268fc2c5-0e0f-575b-9229-9da698cc5868","a0ad38c9-09b2-5074-a58b-45f3fadd2aac","HCC9","Lung and Other Severe Cancers","C34.10","Lung and Other Severe Cancers","2.422","1.02","2.4704","2026-09-03","ENCOUNTER","SUPERSEDED","","2026","TRUE","4.95","fe71dc5d-15dd-5cac-9409-ca04606eaf04","2026-09-03","RISK_ADJ_PIPELINE","2026-09-15 10:31:41"
"80240a59-654d-5475-9ec8-4e6828ebaeb8","a3d2b072-221e-5d1e-b1c5-cfa899cca187","4ec59a77-df56-54aa-8bab-94911b98e3c2","HCC111","COPD","J44.0","COPD","0.335","1.0","0.335","2026-06-20","CLAIMS","ACTIVE","","2026","FALSE","49.48","fe71dc5d-15dd-5cac-9409-ca04606eaf04","2026-06-20","RISK_ADJ_PIPELINE","2026-09-15 10:31:41"
"a8b57b72-a4df-5b0c-bfe3-7e5d5cce9e1f","a3d2b072-221e-5d1e-b1c5-cfa899cca187","a8e27269-7102-5726-8bd7-f8308c9d6391","HCC9","Lung and Other Severe Cancers","C34.11","Lung and Other Severe Cancers","2.422","1.0","2.422","2026-08-07","CLAIMS","ACTIVE","","2026","TRUE","14.98","fe71dc5d-15dd-5cac-9409-ca04606eaf04","2026-08-07","RISK_ADJ_PIPELINE","2026-09-15 10:31:41"
"8e6a068d-23c7-527a-a546-c23059eeaa92","360a6e52-f291-54a2-ab10-b1aeb416fcdb","64595d6c-b311-52f2-833e-a7b69f833cd0","HCC12","Breast Cancer","C50.011","Breast Cancer","0.664","1.0","0.664","2026-08-08","CLAIMS","VALIDATED","","2026","TRUE","1.7","fe71dc5d-15dd-5cac-9409-ca04606eaf04","2026-08-08","RISK_ADJ_PIPELINE","2026-09-15 10:31:41"
"367581b3-e54c-59e6-8637-144ef2fb9260","2db18528-9e4b-5f7b-b2d1-402e45e73fb9","02a1eb61-96bb-53d8-86db-1ffd661dd776","HCC40","Rheumatoid Arthritis","M16.30","Rheumatoid Arthritis","0.421","1.0","0.421","2026-07-29","CLAIMS","ACTIVE","","2026","FALSE","76.12","fe71dc5d-15dd-5cac-9409-ca04606eaf04","2026-07-29","RISK_ADJ_PIPELINE","2026-09-15 10:31:41"
"fcf3af7c-81e6-5385-ad4a-b8b903d6ce5a","f55d516d-40b4-5085-9cd0-681d44e3bcc3","fb265de1-827f-57f7-a9a3-f70e91a541e5","HCC111","COPD","J44.9","COPD","0.335","1.02","0.3417","2026-08-12","CLAIMS","ACTIVE","","2026","TRUE","5.81","fe71dc5d-15dd-5cac-9409-ca04606eaf04","2026-08-12","RISK_ADJ_PIPELINE","2026-09-15 10:31:41"
"3562e3ef-5a69-5dfe-bac3-920d8ccb6108","fa5207e2-5579-5e4c-9aec-b87b872dfc49","797ea8a2-066b-5804-a6d9-3890ca0894c7","HCC96","Specified Heart Arrhythmias","I48.11","Specified Heart Arrhythmias","0.271","1.0","0.271","2026-08-30","CLAIMS","ACTIVE","","2026","FALSE","67.51","fe71dc5d-15dd-5cac-9409-ca04606eaf04","2026-08-30","RISK_ADJ_PIPELINE","2026-09-15 10:31:41"
"28429b81-d8ed-5168-af2d-ece4110156e4","a4486a52-10ec-563c-912e-1236e846a766","5032e6b4-f122-51be-b52a-e1bfb27274b7","HCC136","Chronic Kidney Disease Stage 4","N18.5","Chronic Kidney Disease Stage 4","0.237","1.0","0.237","2026-09-01","CLAIMS","ACTIVE","","2026","TRUE","15.37","fe71dc5d-15dd-5cac-9409-ca04606eaf04","2026-09-01","RISK_ADJ_PIPELINE","2026-09-15 10:31:41"
"077df716-6b58-52d0-b66b-af4afa80b1f2","a4486a52-10ec-563c-912e-1236e846a766","fe33a7d6-e886-5fda-8c29-17dd9421bbb4","HCC111","COPD","J44.0","COPD","0.335","1.0","0.335","2026-08-30","ENCOUNTER","VALIDATED","","2026","TRUE","16.12","fe71dc5d-15dd-5cac-9409-ca04606eaf04","2026-08-30","RISK_ADJ_PIPELINE","2026-09-15 10:31:41"
"556db2ad-ba0b-5914-8b4f-74d6d93b3fc2","a4486a52-10ec-563c-912e-1236e846a766","bd68d335-d6fd-5b15-9b62-0767f69ddf2c","HCC96","Specified Heart Arrhythmias","I48.19","Specified Heart Arrhythmias","0.271","1.0","0.271","2026-08-22","CLAIMS","ACTIVE","","2026","TRUE","22.81","fe71dc5d-15dd-5cac-9409-ca04606eaf04","2026-08-22","RISK_ADJ_PIPELINE","2026-09-15 10:31:41"
"09540cf8-713b-5f0f-8440-5cb8f16483ef","e0d67255-a0e9-5174-a3b3-ba90d213cb2a","0ae7744d-db46-5061-a095-824c90fd3f6d","HCC58","Major Depressive/Bipolar Disorders","F31.9","Major Depressive/Bipolar Disorders","0.395","1.0","0.395","2026-08-07","PROSPECTIVE","ACTIVE","","2026","FALSE","92.87","fe71dc5d-15dd-5cac-9409-ca04606eaf04","2026-08-07","RISK_ADJ_PIPELINE","2026-09-15 10:31:41"
"f6f1d83f-9f44-5e34-9ae9-db7c247794e6","506a2f4d-f788-5766-84ef-cf17f4c4f262","c33039ea-c424-5189-8765-5766f04fb68d","HCC88","Angina Pectoris / Old MI","I25.110","Angina Pectoris / Old MI","0.241","1.0","0.241","2026-07-08","CLAIMS","ACTIVE","","2026","TRUE","5.84","fe71dc5d-15dd-5cac-9409-ca04606eaf04","2026-07-08","RISK_ADJ_PIPELINE","2026-09-15 10:31:41"
"92b26e32-0aa3-59eb-950e-95751a1dcf82","506a2f4d-f788-5766-84ef-cf17f4c4f262","6bef5e2e-526f-5884-899e-f6c22fda850f","HCC57","Schizophrenia","F20.5","Schizophrenia","0.62","1.0","0.62","2026-07-20","CLAIMS","ACTIVE","","2026","TRUE","16.46","fe71dc5d-15dd-5cac-9409-ca04606eaf04","2026-07-20","RISK_ADJ_PIPELINE","2026-09-15 10:31:41"
"c62dd834-ed63-5a92-b725-2a7f69403e82","f545150f-973c-5359-a734-584e326deb3a","c29d5ffd-f28b-5239-abf1-7879ff9acf9f","HCC88","Angina Pectoris / Old MI","I25.2","Angina Pectoris / Old MI","0.241","1.02","0.2458","2026-09-06","CLAIMS","ACTIVE","","2026","TRUE","16.61","fe71dc5d-15dd-5cac-9409-ca04606eaf04","2026-09-06","RISK_ADJ_PIPELINE","2026-09-15 10:31:41"
"14dca421-2407-5921-973f-129d6fe141e5","f545150f-973c-5359-a734-584e326deb3a","c29d5ffd-f28b-5239-abf1-7879ff9acf9f","HCC9","Lung and Other Severe Cancers","C34.10","Lung and Other Severe Cancers","2.422","1.02","2.4704","2026-07-15","PROSPECTIVE","ACTIVE","","2026","TRUE","16.61","fe71dc5d-15dd-5cac-9409-ca04606eaf04","2026-07-15","RISK_ADJ_PIPELINE","2026-09-15 10:31:41"
"179c8413-af6f-59c4-8442-e6d83db85ce0","0486123b-0914-5345-b802-24a4e61af59b","3bb2df26-9887-58cf-8d5c-1beb1b0cfe25","HCC58","Major Depressive/Bipolar Disorders","F31.9","Major Depressive/Bipolar Disorders","0.395","1.02","0.4029","2026-08-23","CLAIMS","ACTIVE","","2026","TRUE","13.03","fe71dc5d-15dd-5cac-9409-ca04606eaf04","2026-08-23","RISK_ADJ_PIPELINE","2026-09-15 10:31:41"
"99603aa4-fe37-5c49-9d7b-86f7237736b3","0486123b-0914-5345-b802-24a4e61af59b","d0c361e6-9a07-5dc2-9ae5-071df7914fb7","HCC86","Acute Myocardial Infarction","I21.3","Acute Myocardial Infarction","0.365","1.02","0.3723","2026-07-26","CLAIMS","ACTIVE","","2026","TRUE","10.12","fe71dc5d-15dd-5cac-9409-ca04606eaf04","2026-07-26","RISK_ADJ_PIPELINE","2026-09-15 10:31:41"
"231a4ddc-d22d-5623-8dd7-fcda8e8837fc","ba236c56-72c8-5881-87fe-99aa431030f2","d571eb24-1d76-5cff-a9c2-f5190cd7ba40","HCC12","Breast Cancer","C50.411","Breast Cancer","0.664","1.0","0.664","2026-09-14","CHART_REVIEW","ACTIVE","CODER_REVIEW","2026","TRUE","12.53","fe71dc5d-15dd-5cac-9409-ca04606eaf04","2026-09-14","RISK_ADJ_PIPELINE","2026-09-15 10:31:41"
"a242fe06-c403-5e95-9a7b-c5be9e420ccf","96b8d293-7bac-51a2-b000-857b5307f18d","c150bda5-28e6-5e0b-a521-b30c2ed7146a","HCC17","Diabetes with Acute Complications","E10.65","Diabetes with Acute Complications","0.368","1.0","0.368","2026-07-20","CLAIMS","ACTIVE","","2026","FALSE","72.96","fe71dc5d-15dd-5cac-9409-ca04606eaf04","2026-07-20","RISK_ADJ_PIPELINE","2026-09-15 10:31:41"
"19add26c-e3ea-58af-a6cc-75269f388b70","8589f1ee-27e0-5f18-a9e7-16f978c7ca3a","8554b46d-1058-5cdd-acb5-ff7520870a29","HCC12","Breast Cancer","C50.011","Breast Cancer","0.664","1.0","0.664","2026-09-06","CLAIMS","ACTIVE","","2026","TRUE","13.0","fe71dc5d-15dd-5cac-9409-ca04606eaf04","2026-09-06","RISK_ADJ_PIPELINE","2026-09-15 10:31:41"
"37d6006a-fca6-52cb-9ae4-b7fce2f0881b","2cd80d38-cef2-5249-b8dd-f1d00e9cca98","6a316531-7838-5525-bcb6-7a4c4eb8c1e4","HCC86","Acute Myocardial Infarction","I21.09","Acute Myocardial Infarction","0.365","1.0","0.365","2026-09-10","CHART_REVIEW","ACTIVE","CODER_REVIEW","2026","TRUE","18.93","fe71dc5d-15dd-5cac-9409-ca04606eaf04","2026-09-10","RISK_ADJ_PIPELINE","2026-09-15 10:31:41"
"10569536-11a0-50f2-b528-9f3da55d410d","8c227c70-6961-55c7-81bd-8a91fe1327ff","f8883fed-9053-5001-9f1f-e8e114c4d97f","HCC135","Acute Renal Failure","N17.9","Acute Renal Failure","0.441","1.02","0.4498","2026-06-27","CHART_REVIEW","ACTIVE","CODER_REVIEW","2026","FALSE","64.39","fe71dc5d-15dd-5cac-9409-ca04606eaf04","2026-06-27","RISK_ADJ_PIPELINE","2026-09-15 10:31:41"
"af2631dd-179b-50b3-aae5-e23bb65e034b","b61ef70b-3617-5124-80c0-00834acac908","16dbb833-0162-53ee-80e4-99d21038bc89","HCC111","COPD","J44.0","COPD","0.335","1.02","0.3417","2026-09-13","CLAIMS","ACTIVE","","2026","TRUE","16.96","fe71dc5d-15dd-5cac-9409-ca04606eaf04","2026-09-13","RISK_ADJ_PIPELINE","2026-09-15 10:31:41"
"6194193f-988b-5444-bfdd-e09741e95286","b61ef70b-3617-5124-80c0-00834acac908","7ffa5edb-6287-5f74-8779-dc337d766e22","HCC57","Schizophrenia","F20.1","Schizophrenia","0.62","1.02","0.6324","2026-06-25","ENCOUNTER","ACTIVE","","2026","TRUE","4.65","fe71dc5d-15dd-5cac-9409-ca04606eaf04","2026-06-25","RISK_ADJ_PIPELINE","2026-09-15 10:31:41"
"69656895-2b47-5f14-b342-4eb905940480","b61ef70b-3617-5124-80c0-00834acac908","b17c0ff3-0865-5117-93fa-b126cde26879","HCC18","Diabetes with Chronic Complications","E13.40","Diabetes with Chronic Complications","0.302","1.02","0.308","2026-08-26","CLAIMS","VALIDATED","","2026","FALSE","92.02","fe71dc5d-15dd-5cac-9409-ca04606eaf04","2026-08-26","RISK_ADJ_PIPELINE","2026-09-15 10:31:41"
"974deb03-993b-5ec4-abac-3c4a65f2d970","b61ef70b-3617-5124-80c0-00834acac908","16dbb833-0162-53ee-80e4-99d21038bc89","HCC136","Chronic Kidney Disease Stage 4","N18.5","Chronic Kidney Disease Stage 4","0.237","1.02","0.2417","2026-08-15","CLAIMS","ACTIVE","","2026","TRUE","16.96","fe71dc5d-15dd-5cac-9409-ca04606eaf04","2026-08-15","RISK_ADJ_PIPELINE","2026-09-15 10:31:41"
"715aabc8-c7db-599b-9e52-c8b1e60ce7c5","f87c434b-5dbd-553c-aced-29b5e8b8e11a","5eebffec-0b6b-5e41-ad55-08a0b14e2063","HCC40","Rheumatoid Arthritis","M16.30","Rheumatoid Arthritis","0.421","1.0","0.421","2026-09-11","CLAIMS","ACTIVE","","2026","TRUE","10.46","fe71dc5d-15dd-5cac-9409-ca04606eaf04","2026-09-11","RISK_ADJ_PIPELINE","2026-09-15 10:31:41"
"9016c79b-ff06-5607-af0b-bd082be492d8","388eefa0-3f44-5197-9c7b-47fe50c59b79","3f9f382c-deca-58ff-86a2-f49eb4163ff5","HCC9","Lung and Other Severe Cancers","C34.11","Lung and Other Severe Cancers","2.422","1.02","2.4704","2026-08-21","CLAIMS","ACTIVE","","2026","TRUE","0.63","fe71dc5d-15dd-5cac-9409-ca04606eaf04","2026-08-21","RISK_ADJ_PIPELINE","2026-09-15 10:31:41"
"307e6eff-ea48-5630-b333-b8d027a5e242","3708f72d-6e86-515f-a951-4b756d24228a","7c933b14-f88f-53aa-9e7d-522f21f99bd0","HCC18","Diabetes with Chronic Complications","E13.65","Diabetes with Chronic Complications","0.302","1.0","0.302","2026-07-31","CLAIMS","VALIDATED","","2026","TRUE","17.77","fe71dc5d-15dd-5cac-9409-ca04606eaf04","2026-07-31","RISK_ADJ_PIPELINE","2026-09-15 10:31:41"
"afb976a6-e1b8-508d-ac8f-2e023f3ab72a","3708f72d-6e86-515f-a951-4b756d24228a","533645d5-dc8d-5daf-b2b2-b0394b86373b","HCC19","Diabetes without Complication","E11.21","Diabetes without Complication","0.118","1.0","0.118","2026-08-21","CLAIMS","ACTIVE","","2026","FALSE","29.33","fe71dc5d-15dd-5cac-9409-ca04606eaf04","2026-08-21","RISK_ADJ_PIPELINE","2026-09-15 10:31:41"
"d69ab586-247e-52ad-b600-c0dc95dc2eba","b84dfa90-4c40-55d9-923f-4895bfa3df3b","e3c31243-a66e-52e7-9736-fbe61f99dbbf","HCC168","Hip Fracture/Dislocation","M80.019A","Hip Fracture/Dislocation","0.489","1.0","0.489","2026-09-03","CLAIMS","ACTIVE","","2026","TRUE","14.17","fe71dc5d-15dd-5cac-9409-ca04606eaf04","2026-09-03","RISK_ADJ_PIPELINE","2026-09-15 10:31:41"
"ce827910-f0b1-5fb3-b22b-5e4d34fbb44a","cec8fd8f-f63d-57e6-a13d-b335421f9dc2","fd148db7-424c-5b3e-aeb4-6785b71793c8","HCC9","Lung and Other Severe Cancers","C34.12","Lung and Other Severe Cancers","2.422","1.0","2.422","2026-07-11","CHART_REVIEW","VALIDATED","CODER_REVIEW","2026","TRUE","10.29","fe71dc5d-15dd-5cac-9409-ca04606eaf04","2026-07-11","RISK_ADJ_PIPELINE","2026-09-15 10:31:41"
"ff200a80-8527-5759-85ea-175f43091f43","cec8fd8f-f63d-57e6-a13d-b335421f9dc2","c638d37b-e68e-5ea3-971e-d4dd0c36db29","HCC58","Major Depressive/Bipolar Disorders","F31.9","Major Depressive/Bipolar Disorders","0.395","1.0","0.395","2026-08-16","CLAIMS","ACTIVE","","2026","TRUE","15.33","fe71dc5d-15dd-5cac-9409-ca04606eaf04","2026-08-16","RISK_ADJ_PIPELINE","2026-09-15 10:31:41"
"0bdd49e4-e551-57c9-aa8f-db2e75ee722e","cec8fd8f-f63d-57e6-a13d-b335421f9dc2","c3ebc04a-0a9c-5d2e-b734-c481fe5a6b1b","HCC19","Diabetes without Complication","E11.40","Diabetes without Complication","0.118","1.0","0.118","2026-07-11","CLAIMS","ACTIVE","","2026","TRUE","17.31","fe71dc5d-15dd-5cac-9409-ca04606eaf04","2026-07-11","RISK_ADJ_PIPELINE","2026-09-15 10:31:41"
"b542d4c9-2380-57f0-b2a8-db52d677f74f","4cdf1f57-9625-52b4-acc5-8d6740246ac8","ff77ad0e-c420-50ac-b9d5-4d60c7e6c1b5","HCC112","Fibrosis of Lung","J43.0","Fibrosis of Lung","0.199","1.02","0.203","2026-08-28","CLAIMS","ACTIVE","","2026","TRUE","6.27","fe71dc5d-15dd-5cac-9409-ca04606eaf04","2026-08-28","RISK_ADJ_PIPELINE","2026-09-15 10:31:41"
"0c878d11-d32a-5b6e-9446-241fd5d55b1c","4cdf1f57-9625-52b4-acc5-8d6740246ac8","064f6351-4607-598b-b039-e5a87df4c278","HCC168","Hip Fracture/Dislocation","M80.811A","Hip Fracture/Dislocation","0.489","1.02","0.4988","2026-07-27","CHART_REVIEW","ACTIVE","CODER_REVIEW","2026","TRUE","19.42","fe71dc5d-15dd-5cac-9409-ca04606eaf04","2026-07-27","RISK_ADJ_PIPELINE","2026-09-15 10:31:41"
"60277e99-a7d9-5f60-ae1d-03bc669c38f5","4cdf1f57-9625-52b4-acc5-8d6740246ac8","26179a40-f222-5df2-b42f-73da7282f74a","HCC12","Colon Cancer","C18.2","Colon Cancer","0.664","1.02","0.6773","2026-08-14","ENCOUNTER","ACTIVE","","2026","TRUE","11.17","fe71dc5d-15dd-5cac-9409-ca04606eaf04","2026-08-14","RISK_ADJ_PIPELINE","2026-09-15 10:31:41"
"ea08f2f4-1e84-5917-ad52-ed1e579f6eac","4cdf1f57-9625-52b4-acc5-8d6740246ac8","26179a40-f222-5df2-b42f-73da7282f74a","HCC85","Congestive Heart Failure","I50.22","Congestive Heart Failure","0.331","1.02","0.3376","2026-07-18","CLAIMS","ACTIVE","","2026","TRUE","11.17","fe71dc5d-15dd-5cac-9409-ca04606eaf04","2026-07-18","RISK_ADJ_PIPELINE","2026-09-15 10:31:41"
"25d498ad-b016-5d00-884d-178b1c698937","d8258438-d5cf-5be9-b903-7e147506ad0c","b5e74b0e-d38a-5b74-b03d-7cf9ffa2faf9","HCC12","Breast Cancer","C50.211","Breast Cancer","0.664","1.02","0.6773","2026-08-31","CLAIMS","ACTIVE","","2026","TRUE","8.53","fe71dc5d-15dd-5cac-9409-ca04606eaf04","2026-08-31","RISK_ADJ_PIPELINE","2026-09-15 10:31:41"
"3fd46707-665c-54d9-8494-9bdef1a57883","d8258438-d5cf-5be9-b903-7e147506ad0c","b5e74b0e-d38a-5b74-b03d-7cf9ffa2faf9","HCC96","Specified Heart Arrhythmias","I48.20","Specified Heart Arrhythmias","0.271","1.02","0.2764","2026-07-02","CLAIMS","ACTIVE","","2026","TRUE","8.53","fe71dc5d-15dd-5cac-9409-ca04606eaf04","2026-07-02","RISK_ADJ_PIPELINE","2026-09-15 10:31:41"
"98528fca-ede9-56fe-958b-432d10089c1f","33245b9f-2ab2-59bd-9244-e6ee2aabe74a","c398d46a-15f2-53c1-b7da-56815d4a3662","HCC88","Angina Pectoris / Old MI","I25.5","Angina Pectoris / Old MI","0.241","1.02","0.2458","2026-09-09","CLAIMS","VALIDATED","","2026","TRUE","4.19","fe71dc5d-15dd-5cac-9409-ca04606eaf04","2026-09-09","RISK_ADJ_PIPELINE","2026-09-15 10:31:41"
"6c8a7254-611c-5798-81da-ca6b1c4652ea","33245b9f-2ab2-59bd-9244-e6ee2aabe74a","6dd670b1-a446-579b-89fb-eab07cbcfbb6","HCC86","Acute Myocardial Infarction","I21.19","Acute Myocardial Infarction","0.365","1.02","0.3723","2026-06-22","CLAIMS","ACTIVE","","2026","TRUE","17.97","fe71dc5d-15dd-5cac-9409-ca04606eaf04","2026-06-22","RISK_ADJ_PIPELINE","2026-09-15 10:31:41"
"1f442c5c-8fd2-5ce4-8f74-04956b0fae9a","dc047dee-8ad2-5d2d-bf80-0c9d8fa72f65","2a74aa7f-d56c-571d-abcd-e9eb59d052bd","HCC58","Major Depressive/Bipolar Disorders","F31.10","Major Depressive/Bipolar Disorders","0.395","1.0","0.395","2026-06-27","CLAIMS","ACTIVE","","2026","TRUE","14.95","fe71dc5d-15dd-5cac-9409-ca04606eaf04","2026-06-27","RISK_ADJ_PIPELINE","2026-09-15 10:31:41"
"01c6df0f-8060-5200-9b0c-8f236588ad7c","dc047dee-8ad2-5d2d-bf80-0c9d8fa72f65","59edccc4-6f3c-5c48-8cc7-ff080593ce11","HCC136","Chronic Kidney Disease Stage 4","N18.4","Chronic Kidney Disease Stage 4","0.237","1.0","0.237","2026-08-13","CLAIMS","ACTIVE","","2026","TRUE","10.06","fe71dc5d-15dd-5cac-9409-ca04606eaf04","2026-08-13","RISK_ADJ_PIPELINE","2026-09-15 10:31:41"
"72a4a972-a77b-59a8-af29-dd0c270dc90d","dc047dee-8ad2-5d2d-bf80-0c9d8fa72f65","764d7030-31b2-55d8-8782-5a5822283310","HCC86","Acute Myocardial Infarction","I21.09","Acute Myocardial Infarction","0.365","1.0","0.365","2026-07-30","CLAIMS","ACTIVE","","2026","TRUE","17.19","fe71dc5d-15dd-5cac-9409-ca04606eaf04","2026-07-30","RISK_ADJ_PIPELINE","2026-09-15 10:31:41"
"6f61ebb1-9f14-5244-9a44-eb8c1a98432c","c3ff0c1e-22ae-58ad-98db-d43283731056","4afb8cef-2c01-524a-bca9-1300b2576528","HCC12","Breast Cancer","C50.211","Breast Cancer","0.664","1.02","0.6773","2026-07-21","CLAIMS","VALIDATED","","2026","TRUE","16.54","fe71dc5d-15dd-5cac-9409-ca04606eaf04","2026-07-21","RISK_ADJ_PIPELINE","2026-09-15 10:31:41"
"343c2e46-899a-55e4-bdd0-0c5d21aacbc2","c3ff0c1e-22ae-58ad-98db-d43283731056","cffcd273-258a-5bd6-9a4e-4d3888ea5dee","HCC57","Schizophrenia","F20.1","Schizophrenia","0.62","1.02","0.6324","2026-09-12","CLAIMS","ACTIVE","","2026","FALSE","84.64","fe71dc5d-15dd-5cac-9409-ca04606eaf04","2026-09-12","RISK_ADJ_PIPELINE","2026-09-15 10:31:41"
"466f8faf-5f9a-5f94-a8c6-6cd9dc48586b","c3ff0c1e-22ae-58ad-98db-d43283731056","06b4b50e-dc0d-5ceb-ad07-91b063d07680","HCC112","Fibrosis of Lung","J43.0","Fibrosis of Lung","0.199","1.02","0.203","2026-08-09","CLAIMS","ACTIVE","","2026","TRUE","12.35","fe71dc5d-15dd-5cac-9409-ca04606eaf04","2026-08-09","RISK_ADJ_PIPELINE","2026-09-15 10:31:41"
"dbdb9b20-4810-56e7-9517-f8fde9f80636","5d422593-9ba2-5592-a0e7-9aefb53d5536","efef71d1-6dbd-5272-a0b1-d53851aeabd3","HCC12","Breast Cancer","C50.211","Breast Cancer","0.664","1.02","0.6773","2026-07-07","CLAIMS","VALIDATED","","2026","TRUE","7.21","fe71dc5d-15dd-5cac-9409-ca04606eaf04","2026-07-07","RISK_ADJ_PIPELINE","2026-09-15 10:31:41"
"84356d6d-289a-51a0-8d4b-e55e15a1c8a6","dc5413b8-c882-544d-9624-6c0ba0beb13f","3136bc2a-b2e6-5d1d-b767-7427c70c5521","HCC19","Diabetes without Complication","E11.65","Diabetes without Complication","0.118","1.0","0.118","2026-06-30","CLAIMS","ACTIVE","","2026","TRUE","14.93","fe71dc5d-15dd-5cac-9409-ca04606eaf04","2026-06-30","RISK_ADJ_PIPELINE","2026-09-15 10:31:41"
"da45dffc-d610-5af7-9b0c-66e37cabfa3c","1ee3dcee-6525-57c2-946d-de84cf500281","5de1821a-bc34-5a63-a20a-7ac1a1727b34","HCC12","Colon Cancer","C18.2","Colon Cancer","0.664","1.0","0.664","2026-06-28","CLAIMS","ACTIVE","","2026","TRUE","10.89","fe71dc5d-15dd-5cac-9409-ca04606eaf04","2026-06-28","RISK_ADJ_PIPELINE","2026-09-15 10:31:41"
"1cbd0859-1ac3-5ced-ab8f-96b33375ab66","f5c3aa52-3bef-5f98-9654-a0697e46475c","0f04a792-6c08-558d-94e2-610ac206ca69","HCC18","Diabetes with Chronic Complications","E13.10","Diabetes with Chronic Complications","0.302","1.0","0.302","2026-07-08","CLAIMS","ACTIVE","","2026","TRUE","3.6","fe71dc5d-15dd-5cac-9409-ca04606eaf04","2026-07-08","RISK_ADJ_PIPELINE","2026-09-15 10:31:41"
"87902714-4a4e-5482-9819-d182ca09b88d","33e11ec5-60fd-533c-8cb4-3c3f65371635","16eaa285-bde2-5116-99cf-3acc77bb664c","HCC19","Diabetes without Complication","E11.65","Diabetes without Complication","0.118","1.02","0.1204","2026-07-18","CLAIMS","ACTIVE","","2026","TRUE","6.09","fe71dc5d-15dd-5cac-9409-ca04606eaf04","2026-07-18","RISK_ADJ_PIPELINE","2026-09-15 10:31:41"
"2f361cce-6986-5738-af9e-d913b454df38","0385afb8-84a6-5d56-87e3-304f98205c35","9fe90317-0d11-52a6-b9e7-0a6abe46a6b8","HCC88","Angina Pectoris / Old MI","I25.2","Angina Pectoris / Old MI","0.241","1.02","0.2458","2026-07-13","PROSPECTIVE","ACTIVE","","2026","TRUE","8.64","fe71dc5d-15dd-5cac-9409-ca04606eaf04","2026-07-13","RISK_ADJ_PIPELINE","2026-09-15 10:31:41"
"ab22d760-a09c-55ff-a82b-151c3934208c","0385afb8-84a6-5d56-87e3-304f98205c35","ae4bbb22-f9a9-51fd-bf30-6b6079a78985","HCC19","Diabetes without Complication","E11.40","Diabetes without Complication","0.118","1.02","0.1204","2026-08-06","CLAIMS","ACTIVE","","2026","TRUE","12.7","fe71dc5d-15dd-5cac-9409-ca04606eaf04","2026-08-06","RISK_ADJ_PIPELINE","2026-09-15 10:31:41"
"7baeabd5-f60a-502a-b07b-541330654ce7","0385afb8-84a6-5d56-87e3-304f98205c35","3f567e1f-c819-5af0-b996-33068570ae97","HCC12","Breast Cancer","C50.211","Breast Cancer","0.664","1.02","0.6773","2026-07-06","CLAIMS","ACTIVE","","2026","FALSE","50.27","fe71dc5d-15dd-5cac-9409-ca04606eaf04","2026-07-06","RISK_ADJ_PIPELINE","2026-09-15 10:31:41"
"b5cd1109-88ce-5e39-9f50-80ae0806301d","4415135f-4565-5364-a207-bd70393586cc","daa6f768-6351-51a2-b49e-f902a82cf883","HCC96","Specified Heart Arrhythmias","I48.11","Specified Heart Arrhythmias","0.271","1.02","0.2764","2026-08-04","ENCOUNTER","ACTIVE","","2026","TRUE","18.53","fe71dc5d-15dd-5cac-9409-ca04606eaf04","2026-08-04","RISK_ADJ_PIPELINE","2026-09-15 10:31:41"
"38fcb6d9-d63e-5df9-8ea5-d8a62af3acba","4415135f-4565-5364-a207-bd70393586cc","799e5b44-966f-5009-a637-68192d6ac0f6","HCC17","Diabetes with Acute Complications","E10.10","Diabetes with Acute Complications","0.368","1.02","0.3754","2026-06-20","CLAIMS","ACTIVE","","2026","TRUE","10.94","fe71dc5d-15dd-5cac-9409-ca04606eaf04","2026-06-20","RISK_ADJ_PIPELINE","2026-09-15 10:31:41"
"a12ea30c-21cc-5515-a97b-6e98aa78d889","4415135f-4565-5364-a207-bd70393586cc","256bc0d5-c23d-504f-8ec9-b1bec7851eba","HCC57","Schizophrenia","F20.0","Schizophrenia","0.62","1.02","0.6324","2026-07-25","CLAIMS","ACTIVE","","2026","TRUE","2.36","fe71dc5d-15dd-5cac-9409-ca04606eaf04","2026-07-25","RISK_ADJ_PIPELINE","2026-09-15 10:31:41"
"dc7c4726-1ecd-5f1d-8ed4-62cfc0bf97df","2ab5c450-a310-595d-aaa3-a9c80081616e","098efe39-8a99-53bf-9c79-2e8ba9273416","HCC85","Congestive Heart Failure","I50.22","Congestive Heart Failure","0.331","1.0","0.331","2026-08-29","CLAIMS","ACTIVE","","2026","TRUE","16.88","fe71dc5d-15dd-5cac-9409-ca04606eaf04","2026-08-29","RISK_ADJ_PIPELINE","2026-09-15 10:31:41"
"56c48574-d62e-5991-a04d-5e7ddcdf03dd","627433ec-3fdd-580c-847f-db436d165b53","a75e1523-f475-50ff-9a78-2224422c0245","HCC168","Hip Fracture/Dislocation","M80.011A","Hip Fracture/Dislocation","0.489","1.02","0.4988","2026-08-20","CLAIMS","ACTIVE","","2026","FALSE","79.9","fe71dc5d-15dd-5cac-9409-ca04606eaf04","2026-08-20","RISK_ADJ_PIPELINE","2026-09-15 10:31:41"
"6e2ed85f-ed0c-5cc5-9430-6f8698ce00fc","b439360b-507a-5a2b-a22c-6bf60b0a8176","8f59245b-c2c8-514d-a3ce-6c91e4326149","HCC12","Breast Cancer","C50.211","Breast Cancer","0.664","1.0","0.664","2026-09-13","CLAIMS","ACTIVE","","2026","FALSE","95.17","fe71dc5d-15dd-5cac-9409-ca04606eaf04","2026-09-13","RISK_ADJ_PIPELINE","2026-09-15 10:31:41"
"64072503-7597-5c42-bcce-91ecf32c1174","b439360b-507a-5a2b-a22c-6bf60b0a8176","7cf3402d-2193-56bd-9b2c-6070a63ade3b","HCC96","Specified Heart Arrhythmias","I48.0","Specified Heart Arrhythmias","0.271","1.0","0.271","2026-07-20","CLAIMS","ACTIVE","","2026","TRUE","9.16","fe71dc5d-15dd-5cac-9409-ca04606eaf04","2026-07-20","RISK_ADJ_PIPELINE","2026-09-15 10:31:41"
"12b4f610-59e2-5208-8a82-f934983f3149","a5341608-0c26-5548-bf9a-19f7fbb13d16","1b4c8863-d1ab-55e1-b524-b15d82d660c2","HCC88","Angina Pectoris / Old MI","I25.110","Angina Pectoris / Old MI","0.241","1.0","0.241","2026-08-23","CLAIMS","VALIDATED","","2026","TRUE","8.68","fe71dc5d-15dd-5cac-9409-ca04606eaf04","2026-08-23","RISK_ADJ_PIPELINE","2026-09-15 10:31:41"
"289bdab2-0c5d-5f41-9487-fdecfad27684","a5341608-0c26-5548-bf9a-19f7fbb13d16","1fd44ec6-a46e-52bd-af3c-51a37870d372","HCC12","Breast Cancer","C50.019","Breast Cancer","0.664","1.0","0.664","2026-06-21","CLAIMS","ACTIVE","","2026","TRUE","21.65","fe71dc5d-15dd-5cac-9409-ca04606eaf04","2026-06-21","RISK_ADJ_PIPELINE","2026-09-15 10:31:41"
"1c82ed58-5016-54ac-a185-bb6e5baa80c8","a5341608-0c26-5548-bf9a-19f7fbb13d16","aac0a485-6c24-56c5-a34c-045035a7b0e7","HCC17","Diabetes with Acute Complications","E10.40","Diabetes with Acute Complications","0.368","1.0","0.368","2026-09-01","PROSPECTIVE","ACTIVE","","2026","TRUE","12.09","fe71dc5d-15dd-5cac-9409-ca04606eaf04","2026-09-01","RISK_ADJ_PIPELINE","2026-09-15 10:31:41"
"72a32daa-1063-5cb0-af32-2a351016b106","d4f2000e-bd7c-5118-b5a8-8fedc64ed1f9","9c394d65-e20a-5003-a1fd-0ad85f8ec5de","HCC18","Diabetes with Chronic Complications","E13.40","Diabetes with Chronic Complications","0.302","1.0","0.302","2026-07-24","CHART_REVIEW","ACTIVE","CODER_REVIEW","2026","TRUE","11.32","fe71dc5d-15dd-5cac-9409-ca04606eaf04","2026-07-24","RISK_ADJ_PIPELINE","2026-09-15 10:31:41"
"e5dd7295-70d3-50ca-b757-95583b82189b","d4f2000e-bd7c-5118-b5a8-8fedc64ed1f9","bc175279-fddf-5f31-a559-f7b3e6ee0e70","HCC135","Acute Renal Failure","N17.9","Acute Renal Failure","0.441","1.0","0.441","2026-08-08","CLAIMS","ACTIVE","","2026","TRUE","5.51","fe71dc5d-15dd-5cac-9409-ca04606eaf04","2026-08-08","RISK_ADJ_PIPELINE","2026-09-15 10:31:41"
"f299f2db-a257-5071-be6e-20269ddc560c","d4f2000e-bd7c-5118-b5a8-8fedc64ed1f9","bc175279-fddf-5f31-a559-f7b3e6ee0e70","HCC85","Congestive Heart Failure","I50.20","Congestive Heart Failure","0.331","1.0","0.331","2026-09-02","ENCOUNTER","ACTIVE","","2026","TRUE","5.51","fe71dc5d-15dd-5cac-9409-ca04606eaf04","2026-09-02","RISK_ADJ_PIPELINE","2026-09-15 10:31:41"
"12cd61b6-69c5-57cb-b9f8-2b4b76c94156","52b1ce6f-69f8-5233-9d1e-43a5d5e63a09","9b183793-1a7f-5e93-9dbd-d5cb8c0e1b1f","HCC88","Angina Pectoris / Old MI","I25.5","Angina Pectoris / Old MI","0.241","1.0","0.241","2026-07-28","ENCOUNTER","VALIDATED","","2026","TRUE","5.78","fe71dc5d-15dd-5cac-9409-ca04606eaf04","2026-07-28","RISK_ADJ_PIPELINE","2026-09-15 10:31:41"
"502519bf-96df-52fc-8e6a-54e7831f53b5","52b1ce6f-69f8-5233-9d1e-43a5d5e63a09","a21a057b-1c7c-54db-adf9-0fe454ef92cf","HCC86","Acute Myocardial Infarction","I21.3","Acute Myocardial Infarction","0.365","1.0","0.365","2026-07-21","CHART_REVIEW","ACTIVE","CODER_REVIEW","2026","TRUE","16.69","fe71dc5d-15dd-5cac-9409-ca04606eaf04","2026-07-21","RISK_ADJ_PIPELINE","2026-09-15 10:31:41"
"f1556874-786c-5ca9-acc6-843de1d65f23","52b1ce6f-69f8-5233-9d1e-43a5d5e63a09","a373789c-4ee7-5a05-a110-2233d847a0c3","HCC9","Lung and Other Severe Cancers","C34.12","Lung and Other Severe Cancers","2.422","1.0","2.422","2026-08-12","CLAIMS","VALIDATED","","2026","TRUE","20.92","fe71dc5d-15dd-5cac-9409-ca04606eaf04","2026-08-12","RISK_ADJ_PIPELINE","2026-09-15 10:31:41"
"db1a57f0-86a4-557e-9208-a5fabcb0e492","8d1c8de8-3062-5ae2-b751-c5abd48e0779","976d7d0b-ca09-5f3b-9e92-dcbb277e4d9c","HCC136","Chronic Kidney Disease Stage 4","N18.4","Chronic Kidney Disease Stage 4","0.237","1.02","0.2417","2026-08-20","CLAIMS","ACTIVE","","2026","TRUE","8.12","fe71dc5d-15dd-5cac-9409-ca04606eaf04","2026-08-20","RISK_ADJ_PIPELINE","2026-09-15 10:31:41"
"3e1a5355-32cc-556e-a73c-65f89db0d67c","8d1c8de8-3062-5ae2-b751-c5abd48e0779","2a699752-1c78-55dd-9102-965b00f272b9","HCC88","Angina Pectoris / Old MI","I25.5","Angina Pectoris / Old MI","0.241","1.02","0.2458","2026-06-19","PROSPECTIVE","ACTIVE","","2026","TRUE","11.14","fe71dc5d-15dd-5cac-9409-ca04606eaf04","2026-06-19","RISK_ADJ_PIPELINE","2026-09-15 10:31:41"
"b1a6a2c1-2aa1-562b-80c0-39a8e109826a","6ed52c37-0e02-5972-913c-7c56d8c945da","fd69399b-1711-55dc-ad2d-1902ffda2acb","HCC111","COPD","J44.0","COPD","0.335","1.0","0.335","2026-07-17","CLAIMS","VALIDATED","","2026","TRUE","1.53","fe71dc5d-15dd-5cac-9409-ca04606eaf04","2026-07-17","RISK_ADJ_PIPELINE","2026-09-15 10:31:41"
"11ecbec9-4d2c-5b99-8f97-0f8fd902c2d3","6ed52c37-0e02-5972-913c-7c56d8c945da","38794dff-1139-5503-a865-ac290c45b5e5","HCC85","Congestive Heart Failure","I50.22","Congestive Heart Failure","0.331","1.0","0.331","2026-09-14","CLAIMS","ACTIVE","","2026","TRUE","5.14","fe71dc5d-15dd-5cac-9409-ca04606eaf04","2026-09-14","RISK_ADJ_PIPELINE","2026-09-15 10:31:41"
"d720d1d0-1e77-5bb1-b67c-28c34d7a7528","23ea64a6-8d2b-5cb2-941a-c86eccd5a86c","e7715f5d-bbe1-5f88-b059-5cab18c7a830","HCC136","Chronic Kidney Disease Stage 4","N18.6","Chronic Kidney Disease Stage 4","0.237","1.02","0.2417","2026-08-12","PROSPECTIVE","ACTIVE","","2026","TRUE","18.74","fe71dc5d-15dd-5cac-9409-ca04606eaf04","2026-08-12","RISK_ADJ_PIPELINE","2026-09-15 10:31:41"
"bf3c2279-5dd4-5558-abc4-f921fe6fa136","159ffbf8-dab1-51e8-9feb-68ec4ed26ffb","96efb8b8-43f4-570f-b7c1-32d9115abf73","HCC96","Specified Heart Arrhythmias","I48.20","Specified Heart Arrhythmias","0.271","1.0","0.271","2026-07-12","CLAIMS","ACTIVE","","2026","TRUE","1.8","fe71dc5d-15dd-5cac-9409-ca04606eaf04","2026-07-12","RISK_ADJ_PIPELINE","2026-09-15 10:31:41"
"2a7f69ec-22b2-5882-9cc5-66c7a6d26810","ca24be5d-825d-530a-aa73-73e590592f8f","cfabeda7-bee5-5a0c-b583-bc2e7609ab4a","HCC168","Hip Fracture/Dislocation","M80.011A","Hip Fracture/Dislocation","0.489","1.0","0.489","2026-08-06","CLAIMS","ACTIVE","","2026","TRUE","18.58","fe71dc5d-15dd-5cac-9409-ca04606eaf04","2026-08-06","RISK_ADJ_PIPELINE","2026-09-15 10:31:41"
"246bc355-4273-5556-b8d8-2f9f07bc0cae","ca24be5d-825d-530a-aa73-73e590592f8f","0328e152-657f-5676-8b24-19de892873d8","HCC40","Rheumatoid Arthritis","M16.30","Rheumatoid Arthritis","0.421","1.0","0.421","2026-06-30","CLAIMS","VALIDATED","","2026","TRUE","6.48","fe71dc5d-15dd-5cac-9409-ca04606eaf04","2026-06-30","RISK_ADJ_PIPELINE","2026-09-15 10:31:41"
"8ca6e7ad-27b7-5a65-9218-40e6e6ab958f","e9693078-2f22-5df1-9b6c-d8be0c0d4a90","8f8215e6-67f8-5a9f-85b7-c9d3ad398421","HCC135","Acute Renal Failure","N17.0","Acute Renal Failure","0.441","1.0","0.441","2026-07-30","CHART_REVIEW","VALIDATED","CODER_REVIEW","2026","TRUE","13.82","fe71dc5d-15dd-5cac-9409-ca04606eaf04","2026-07-30","RISK_ADJ_PIPELINE","2026-09-15 10:31:41"
"ed647e2e-9ccb-5d4f-97b2-20b79a8feea0","b8861bb8-12cf-5a75-b1bd-2483e44283b1","9dcac984-b214-57d2-9b35-9811224d57fe","HCC58","Major Depressive/Bipolar Disorders","F31.62","Major Depressive/Bipolar Disorders","0.395","1.0","0.395","2026-08-29","ENCOUNTER","ACTIVE","","2026","TRUE","2.28","fe71dc5d-15dd-5cac-9409-ca04606eaf04","2026-08-29","RISK_ADJ_PIPELINE","2026-09-15 10:31:41"
"91dad9a6-41fe-56e2-96f5-1f8d466ef26c","b8861bb8-12cf-5a75-b1bd-2483e44283b1","9dcac984-b214-57d2-9b35-9811224d57fe","HCC12","Breast Cancer","C50.011","Breast Cancer","0.664","1.0","0.664","2026-06-26","CLAIMS","ACTIVE","","2026","TRUE","2.28","fe71dc5d-15dd-5cac-9409-ca04606eaf04","2026-06-26","RISK_ADJ_PIPELINE","2026-09-15 10:31:41"
"f30cc117-4a4a-5c85-9002-dada8a329250","d0749b1c-5092-5879-b325-faa769d2e1bc","843437d8-4b69-505b-919a-a6e5aad32425","HCC112","Fibrosis of Lung","J43.0","Fibrosis of Lung","0.199","1.02","0.203","2026-07-25","PROSPECTIVE","ACTIVE","","2026","TRUE","13.3","fe71dc5d-15dd-5cac-9409-ca04606eaf04","2026-07-25","RISK_ADJ_PIPELINE","2026-09-15 10:31:41"
"a8382902-0700-5620-8498-d9c6cf5cec07","ec18e485-7920-5511-9464-d124f1faa690","34dc250b-0a3a-509e-95dc-10b2b2351c0d","HCC17","Diabetes with Acute Complications","E10.40","Diabetes with Acute Complications","0.368","1.02","0.3754","2026-09-09","CHART_REVIEW","ACTIVE","CODER_REVIEW","2026","TRUE","8.63","fe71dc5d-15dd-5cac-9409-ca04606eaf04","2026-09-09","RISK_ADJ_PIPELINE","2026-09-15 10:31:41"
"0fd11210-c903-532e-a57b-63989f75af70","91a7c4da-cd08-548d-b09f-99841c9c5225","3f72ac94-6a4a-51cd-8fa6-65dce26bdfaa","HCC19","Diabetes without Complication","E11.40","Diabetes without Complication","0.118","1.02","0.1204","2026-08-16","ENCOUNTER","ACTIVE","","2026","TRUE","5.56","fe71dc5d-15dd-5cac-9409-ca04606eaf04","2026-08-16","RISK_ADJ_PIPELINE","2026-09-15 10:31:41"
"c7de4f67-5d95-58ef-acdd-45434bb9f06d","91a7c4da-cd08-548d-b09f-99841c9c5225","5d2d4036-7023-5b32-9272-cc512fd9431e","HCC88","Angina Pectoris / Old MI","I25.2","Angina Pectoris / Old MI","0.241","1.02","0.2458","2026-08-14","CLAIMS","ACTIVE","","2026","TRUE","1.52","fe71dc5d-15dd-5cac-9409-ca04606eaf04","2026-08-14","RISK_ADJ_PIPELINE","2026-09-15 10:31:41"
"b2838035-a1e8-5165-9eb9-e2e4effc4b9d","91a7c4da-cd08-548d-b09f-99841c9c5225","ef4ffe46-854d-59b0-b27b-7489854e9726","HCC135","Acute Renal Failure","N17.9","Acute Renal Failure","0.441","1.02","0.4498","2026-08-14","CLAIMS","ACTIVE","","2026","TRUE","7.89","fe71dc5d-15dd-5cac-9409-ca04606eaf04","2026-08-14","RISK_ADJ_PIPELINE","2026-09-15 10:31:41"
"c5b6726d-d6eb-5bbf-9da2-2edd5a01166c","88f0d967-cc2e-55e3-8b4b-a0d236f566bb","053f50a4-1988-51c7-a4a1-e17ddc1583ad","HCC168","Hip Fracture/Dislocation","M80.811A","Hip Fracture/Dislocation","0.489","1.0","0.489","2026-07-30","CLAIMS","ACTIVE","","2026","TRUE","11.76","fe71dc5d-15dd-5cac-9409-ca04606eaf04","2026-07-30","RISK_ADJ_PIPELINE","2026-09-15 10:31:41"
"5f8a63fd-646f-5d10-aef6-a321ff22f3af","ca08720a-a981-504d-a629-1d25739757e3","1f4b61a9-33ec-5644-960d-c8e713cfba40","HCC40","Rheumatoid Arthritis","M16.10","Rheumatoid Arthritis","0.421","1.02","0.4294","2026-07-08","CLAIMS","ACTIVE","","2026","FALSE","61.86","fe71dc5d-15dd-5cac-9409-ca04606eaf04","2026-07-08","RISK_ADJ_PIPELINE","2026-09-15 10:31:41"
"e5d2d949-000c-53d2-a86d-58b67d8efff8","dd03ae21-d868-59c8-926e-cfc537f26cda","096c4425-2eac-5a49-9ee0-94da67c6348c","HCC168","Hip Fracture/Dislocation","M80.811A","Hip Fracture/Dislocation","0.489","1.0","0.489","2026-07-21","CLAIMS","ACTIVE","","2026","TRUE","9.95","fe71dc5d-15dd-5cac-9409-ca04606eaf04","2026-07-21","RISK_ADJ_PIPELINE","2026-09-15 10:31:41"
"ec138c59-d67a-56ac-8799-ac617c6345fe","dd03ae21-d868-59c8-926e-cfc537f26cda","9cc2fc5a-5e71-50e3-bf14-ac058ce3ed80","HCC86","Acute Myocardial Infarction","I21.09","Acute Myocardial Infarction","0.365","1.0","0.365","2026-07-08","CLAIMS","ACTIVE","","2026","TRUE","10.76","fe71dc5d-15dd-5cac-9409-ca04606eaf04","2026-07-08","RISK_ADJ_PIPELINE","2026-09-15 10:31:41"
"353457a3-fa92-5a86-8c36-7b39c07ba144","dd03ae21-d868-59c8-926e-cfc537f26cda","2761a44f-6433-5f43-b862-341255d331f8","HCC135","Acute Renal Failure","N17.2","Acute Renal Failure","0.441","1.0","0.441","2026-08-29","PROSPECTIVE","SUPERSEDED","","2026","TRUE","16.3","fe71dc5d-15dd-5cac-9409-ca04606eaf04","2026-08-29","RISK_ADJ_PIPELINE","2026-09-15 10:31:41"
"956e1ef3-a5cc-59b6-b90f-501e3db7df0d","ba2f7ae2-bcb1-5ad6-8ad3-4e8d6149f34b","41a8a940-b3ed-51ac-9efb-60103fbdd0db","HCC111","COPD","J44.0","COPD","0.335","1.02","0.3417","2026-08-27","CHART_REVIEW","ACTIVE","CODER_REVIEW","2026","FALSE","27.2","fe71dc5d-15dd-5cac-9409-ca04606eaf04","2026-08-27","RISK_ADJ_PIPELINE","2026-09-15 10:31:41"
"f4cec34f-c8a7-56cc-b7c2-04c180c31a19","ba2f7ae2-bcb1-5ad6-8ad3-4e8d6149f34b","fde58351-1afd-59ab-a96a-2e1335c54965","HCC88","Angina Pectoris / Old MI","I25.10","Angina Pectoris / Old MI","0.241","1.02","0.2458","2026-07-25","CLAIMS","VALIDATED","","2026","TRUE","3.5","fe71dc5d-15dd-5cac-9409-ca04606eaf04","2026-07-25","RISK_ADJ_PIPELINE","2026-09-15 10:31:41"
"5f020c08-fc91-5561-a574-cde7f9dcf8b7","ba2f7ae2-bcb1-5ad6-8ad3-4e8d6149f34b","fde58351-1afd-59ab-a96a-2e1335c54965","HCC136","Chronic Kidney Disease Stage 4","N18.6","Chronic Kidney Disease Stage 4","0.237","1.02","0.2417","2026-07-12","ENCOUNTER","ACTIVE","","2026","TRUE","3.5","fe71dc5d-15dd-5cac-9409-ca04606eaf04","2026-07-12","RISK_ADJ_PIPELINE","2026-09-15 10:31:41"
"761fc976-aa0b-5bc6-807d-6ffd3ef1ae74","16f403a3-d07e-504c-820b-76542eb9a666","f2642c52-96a4-5436-ae91-2408fc3956be","HCC12","Breast Cancer","C50.011","Breast Cancer","0.664","1.0","0.664","2026-07-29","CLAIMS","ACTIVE","","2026","TRUE","18.57","fe71dc5d-15dd-5cac-9409-ca04606eaf04","2026-07-29","RISK_ADJ_PIPELINE","2026-09-15 10:31:41"
"4a453fee-dac4-59a5-a8cd-50814fbe63b9","16f403a3-d07e-504c-820b-76542eb9a666","260d41f3-a8bf-5e29-a640-e54de968f4a5","HCC96","Specified Heart Arrhythmias","I48.19","Specified Heart Arrhythmias","0.271","1.0","0.271","2026-07-19","CLAIMS","ACTIVE","","2026","TRUE","17.06","fe71dc5d-15dd-5cac-9409-ca04606eaf04","2026-07-19","RISK_ADJ_PIPELINE","2026-09-15 10:31:41"
"72041138-2106-5bdf-a054-e949b1229e8b","a26658b2-522f-5cba-a3bb-7925cc98152a","5d68be0e-fe11-50c2-8a6d-8fed683df3d9","HCC111","COPD","J44.1","COPD","0.335","1.0","0.335","2026-09-05","CHART_REVIEW","VALIDATED","CODER_REVIEW","2026","TRUE","22.58","fe71dc5d-15dd-5cac-9409-ca04606eaf04","2026-09-05","RISK_ADJ_PIPELINE","2026-09-15 10:31:41"
"1eab0884-7c8e-5133-9029-51e813a11b51","1970b509-d68e-5752-917f-71aae3a2fdcf","26731c96-64c4-5d8e-885d-aece9ff0968c","HCC18","Diabetes with Chronic Complications","E13.65","Diabetes with Chronic Complications","0.302","1.0","0.302","2026-07-11","ENCOUNTER","ACTIVE","","2026","TRUE","0.83","fe71dc5d-15dd-5cac-9409-ca04606eaf04","2026-07-11","RISK_ADJ_PIPELINE","2026-09-15 10:31:41"
"adb1ffd9-948d-52ba-a94f-86f8221e6e6f","5628e8c6-c966-58f0-b570-7369ed4e5195","1854cf57-44a1-5e1c-ac14-cbf016f695ff","HCC168","Hip Fracture/Dislocation","M80.011A","Hip Fracture/Dislocation","0.489","1.0","0.489","2026-07-18","CLAIMS","SUPERSEDED","","2026","TRUE","16.65","fe71dc5d-15dd-5cac-9409-ca04606eaf04","2026-07-18","RISK_ADJ_PIPELINE","2026-09-15 10:31:41"
"7d651141-61da-54e9-801f-bda8daf86973","5628e8c6-c966-58f0-b570-7369ed4e5195","1854cf57-44a1-5e1c-ac14-cbf016f695ff","HCC96","Specified Heart Arrhythmias","I48.0","Specified Heart Arrhythmias","0.271","1.0","0.271","2026-09-03","PROSPECTIVE","ACTIVE","","2026","TRUE","16.65","fe71dc5d-15dd-5cac-9409-ca04606eaf04","2026-09-03","RISK_ADJ_PIPELINE","2026-09-15 10:31:41"
"3c05cc83-53cc-5d51-b14c-744954828ccd","bd8546e4-4019-5fd9-b065-ab3ab2f9ac24","e0669226-dec3-5027-aaab-35af05c14b20","HCC12","Breast Cancer","C50.019","Breast Cancer","0.664","1.02","0.6773","2026-08-07","CLAIMS","ACTIVE","","2026","TRUE","11.88","fe71dc5d-15dd-5cac-9409-ca04606eaf04","2026-08-07","RISK_ADJ_PIPELINE","2026-09-15 10:31:41"
"97658e37-1b92-5843-af8b-4e718b1fe1e0","bd8546e4-4019-5fd9-b065-ab3ab2f9ac24","2919acb3-5ac8-5c2c-a944-7b83659434de","HCC111","COPD","J44.9","COPD","0.335","1.02","0.3417","2026-09-06","CLAIMS","ACTIVE","","2026","TRUE","15.66","fe71dc5d-15dd-5cac-9409-ca04606eaf04","2026-09-06","RISK_ADJ_PIPELINE","2026-09-15 10:31:41"
"32996311-7cb6-5802-844b-9e743ab7f382","6bb1c2a7-d678-59ff-a80c-d996620090c3","d5b12229-ccfd-5b37-a631-8500bbdb42d6","HCC85","Congestive Heart Failure","I50.42","Congestive Heart Failure","0.331","1.02","0.3376","2026-09-03","CLAIMS","ACTIVE","","2026","TRUE","10.03","fe71dc5d-15dd-5cac-9409-ca04606eaf04","2026-09-03","RISK_ADJ_PIPELINE","2026-09-15 10:31:41"
"a63bcce5-5d93-502b-b9ec-5d0b2bf85f47","6bb1c2a7-d678-59ff-a80c-d996620090c3","de48e55a-6012-50ab-8dc1-fdb1e8d846a2","HCC112","Fibrosis of Lung","J43.0","Fibrosis of Lung","0.199","1.02","0.203","2026-07-08","CLAIMS","ACTIVE","","2026","TRUE","16.13","fe71dc5d-15dd-5cac-9409-ca04606eaf04","2026-07-08","RISK_ADJ_PIPELINE","2026-09-15 10:31:41"
"381cbbdf-a8ae-5b0f-924e-d6196ff55713","83e6cbe0-b5a7-52e9-9105-5bf1ab85e50e","8b45e6de-2557-535d-b17a-461d4a0f6a11","HCC111","COPD","J44.0","COPD","0.335","1.02","0.3417","2026-08-23","CLAIMS","ACTIVE","","2026","TRUE","1.08","fe71dc5d-15dd-5cac-9409-ca04606eaf04","2026-08-23","RISK_ADJ_PIPELINE","2026-09-15 10:31:41"
"908a7f98-cba1-505f-a5c9-db741b296885","83e6cbe0-b5a7-52e9-9105-5bf1ab85e50e","8b45e6de-2557-535d-b17a-461d4a0f6a11","HCC17","Diabetes with Acute Complications","E10.65","Diabetes with Acute Complications","0.368","1.02","0.3754","2026-07-11","CLAIMS","ACTIVE","","2026","TRUE","1.08","fe71dc5d-15dd-5cac-9409-ca04606eaf04","2026-07-11","RISK_ADJ_PIPELINE","2026-09-15 10:31:41"
"b64b52bd-135d-5841-99d9-9d3be7def5e3","83e6cbe0-b5a7-52e9-9105-5bf1ab85e50e","8412610b-2a78-5db6-8fb3-4fc8fbd68a04","HCC12","Colon Cancer","C18.0","Colon Cancer","0.664","1.02","0.6773","2026-06-27","CHART_REVIEW","ACTIVE","CODER_REVIEW","2026","TRUE","22.83","fe71dc5d-15dd-5cac-9409-ca04606eaf04","2026-06-27","RISK_ADJ_PIPELINE","2026-09-15 10:31:41"
"19eef510-a2aa-53a1-bf23-7fb1ba8d2d96","83e6cbe0-b5a7-52e9-9105-5bf1ab85e50e","818e77c9-6202-5a52-bbc6-0241574282fd","HCC58","Major Depressive/Bipolar Disorders","F31.9","Major Depressive/Bipolar Disorders","0.395","1.02","0.4029","2026-08-05","ENCOUNTER","ACTIVE","","2026","TRUE","8.06","fe71dc5d-15dd-5cac-9409-ca04606eaf04","2026-08-05","RISK_ADJ_PIPELINE","2026-09-15 10:31:41"
"2bc729db-5244-5e79-9587-3c10c5209063","1a5b3ec4-c969-5edc-bc66-6b49481d4eaa","b679edfc-6c4d-532c-a807-e72b2d4e7e7a","HCC12","Breast Cancer","C50.411","Breast Cancer","0.664","1.02","0.6773","2026-08-25","CLAIMS","ACTIVE","","2026","TRUE","15.33","fe71dc5d-15dd-5cac-9409-ca04606eaf04","2026-08-25","RISK_ADJ_PIPELINE","2026-09-15 10:31:41"
"8a40100f-9a56-5d86-a322-9534b19b8c12","1a5b3ec4-c969-5edc-bc66-6b49481d4eaa","abffff94-af3b-5851-b261-5afdf64231b3","HCC85","Congestive Heart Failure","I50.22","Congestive Heart Failure","0.331","1.02","0.3376","2026-08-27","CLAIMS","ACTIVE","","2026","TRUE","6.1","fe71dc5d-15dd-5cac-9409-ca04606eaf04","2026-08-27","RISK_ADJ_PIPELINE","2026-09-15 10:31:41"
"aa850623-3d07-5d94-8ea5-c21f7a51b9e5","63157a4e-be02-5741-aedf-a153e3b4fd59","110a812d-ea8f-5367-a8f3-b4627b9e7d1e","HCC19","Diabetes without Complication","E11.9","Diabetes without Complication","0.118","1.02","0.1204","2026-06-29","ENCOUNTER","ACTIVE","","2026","TRUE","0.51","fe71dc5d-15dd-5cac-9409-ca04606eaf04","2026-06-29","RISK_ADJ_PIPELINE","2026-09-15 10:31:41"
"7f8c97f4-e687-5144-b540-bb02e0c2edac","587b8f70-9f86-55f8-a62c-b8d52f1ec5fa","a641a68d-ade2-5470-abb6-029f3db4dfdb","HCC57","Schizophrenia","F20.1","Schizophrenia","0.62","1.02","0.6324","2026-09-07","ENCOUNTER","ACTIVE","","2026","TRUE","12.49","fe71dc5d-15dd-5cac-9409-ca04606eaf04","2026-09-07","RISK_ADJ_PIPELINE","2026-09-15 10:31:41"
"95b42591-fc50-5963-9ef9-964d261457dd","587b8f70-9f86-55f8-a62c-b8d52f1ec5fa","a641a68d-ade2-5470-abb6-029f3db4dfdb","HCC58","Major Depressive/Bipolar Disorders","F31.9","Major Depressive/Bipolar Disorders","0.395","1.02","0.4029","2026-07-18","CLAIMS","ACTIVE","","2026","TRUE","12.49","fe71dc5d-15dd-5cac-9409-ca04606eaf04","2026-07-18","RISK_ADJ_PIPELINE","2026-09-15 10:31:41"
"35911fab-a4c8-5e78-b335-25096d5399ce","587b8f70-9f86-55f8-a62c-b8d52f1ec5fa","a641a68d-ade2-5470-abb6-029f3db4dfdb","HCC40","Rheumatoid Arthritis","M16.0","Rheumatoid Arthritis","0.421","1.02","0.4294","2026-08-24","PROSPECTIVE","ACTIVE","","2026","TRUE","12.49","fe71dc5d-15dd-5cac-9409-ca04606eaf04","2026-08-24","RISK_ADJ_PIPELINE","2026-09-15 10:31:41"
"c1503786-0747-589a-9ea9-b7ae652d4e22","b8a6467e-3e57-50aa-9d1b-037d16e3741f","138aa057-9aa4-5ae6-ae1c-cdcfc89f1a04","HCC88","Angina Pectoris / Old MI","I25.5","Angina Pectoris / Old MI","0.241","1.0","0.241","2026-08-01","CLAIMS","ACTIVE","","2026","FALSE","68.23","fe71dc5d-15dd-5cac-9409-ca04606eaf04","2026-08-01","RISK_ADJ_PIPELINE","2026-09-15 10:31:41"
"8fd04d08-bf9b-5514-af96-0228e7968498","d183a549-201e-512e-9022-d4b65f84c326","894a08ab-a45d-5fa5-8cd4-22aa72820304","HCC111","COPD","J44.0","COPD","0.335","1.0","0.335","2026-08-18","PROSPECTIVE","SUPERSEDED","","2026","TRUE","17.38","fe71dc5d-15dd-5cac-9409-ca04606eaf04","2026-08-18","RISK_ADJ_PIPELINE","2026-09-15 10:31:41"
"0bbe41b6-4bde-51ed-add2-f65c41414cea","d183a549-201e-512e-9022-d4b65f84c326","198dccb7-f659-5a0c-ba4d-dc3f31744f6b","HCC17","Diabetes with Acute Complications","E10.9","Diabetes with Acute Complications","0.368","1.0","0.368","2026-07-10","CLAIMS","VALIDATED","","2026","TRUE","21.65","fe71dc5d-15dd-5cac-9409-ca04606eaf04","2026-07-10","RISK_ADJ_PIPELINE","2026-09-15 10:31:41"
"79c0cd11-08f9-5ab8-bd4e-76d9e91f4ba7","d183a549-201e-512e-9022-d4b65f84c326","4521ec35-db64-5653-bd6e-e83988c838d4","HCC112","Fibrosis of Lung","J43.0","Fibrosis of Lung","0.199","1.0","0.199","2026-07-19","CLAIMS","ACTIVE","","2026","TRUE","7.16","fe71dc5d-15dd-5cac-9409-ca04606eaf04","2026-07-19","RISK_ADJ_PIPELINE","2026-09-15 10:31:41"
"75fd2075-1fdb-5f7e-9cd7-e240d591bfc3","2a8dc5e2-934d-522c-adbc-6ad8d2cd8ddb","88846cf7-39ce-53b0-89f4-c4b7557f274d","HCC12","Colon Cancer","C18.4","Colon Cancer","0.664","1.0","0.664","2026-08-30","CLAIMS","ACTIVE","","2026","FALSE","69.25","fe71dc5d-15dd-5cac-9409-ca04606eaf04","2026-08-30","RISK_ADJ_PIPELINE","2026-09-15 10:31:41"
"3c4862fa-04a7-5110-ac2e-42bb3c6b0fb6","05c2fa98-2f9b-505f-a7d6-dd89c2f44cc4","0702411a-fc48-5ac8-a267-0ac2d8759507","HCC40","Rheumatoid Arthritis","M16.10","Rheumatoid Arthritis","0.421","1.02","0.4294","2026-08-01","CLAIMS","VALIDATED","","2026","TRUE","13.95","fe71dc5d-15dd-5cac-9409-ca04606eaf04","2026-08-01","RISK_ADJ_PIPELINE","2026-09-15 10:31:41"
"caa61232-c796-59b0-ac80-cdae59dabfb8","bfc531bb-3818-5772-8367-a13fc6b67178","b4fdde3c-253b-513b-9422-3a9503e483a3","HCC111","COPD","J44.9","COPD","0.335","1.0","0.335","2026-07-21","CLAIMS","ACTIVE","","2026","TRUE","0.56","fe71dc5d-15dd-5cac-9409-ca04606eaf04","2026-07-21","RISK_ADJ_PIPELINE","2026-09-15 10:31:41"
"568bb476-6fe3-5567-9acd-727a7612008e","bfc531bb-3818-5772-8367-a13fc6b67178","b4fdde3c-253b-513b-9422-3a9503e483a3","HCC9","Lung and Other Severe Cancers","C34.12","Lung and Other Severe Cancers","2.422","1.0","2.422","2026-06-19","ENCOUNTER","ACTIVE","","2026","TRUE","0.56","fe71dc5d-15dd-5cac-9409-ca04606eaf04","2026-06-19","RISK_ADJ_PIPELINE","2026-09-15 10:31:41"
"2cafc4d5-c82a-51fc-a8e2-b9682bc3352f","bfc531bb-3818-5772-8367-a13fc6b67178","18130db2-025c-5700-8b04-062fcb2ddf8c","HCC96","Specified Heart Arrhythmias","I48.19","Specified Heart Arrhythmias","0.271","1.0","0.271","2026-07-19","CLAIMS","SUPERSEDED","","2026","TRUE","12.67","fe71dc5d-15dd-5cac-9409-ca04606eaf04","2026-07-19","RISK_ADJ_PIPELINE","2026-09-15 10:31:41"
"126f5eb0-969d-5f11-b73d-635d13d679e4","bfc531bb-3818-5772-8367-a13fc6b67178","6054db91-2d86-5104-957f-1cac7da96784","HCC12","Colon Cancer","C18.2","Colon Cancer","0.664","1.0","0.664","2026-08-17","CLAIMS","ACTIVE","","2026","TRUE","14.64","fe71dc5d-15dd-5cac-9409-ca04606eaf04","2026-08-17","RISK_ADJ_PIPELINE","2026-09-15 10:31:41"
"1e2b6630-65b3-5233-9cab-b28e3ce7a190","97b455d3-574c-57c8-b681-c27be3f6e618","9fa9914c-86c2-5259-bf69-4e71e239f306","HCC136","Chronic Kidney Disease Stage 4","N18.5","Chronic Kidney Disease Stage 4","0.237","1.0","0.237","2026-07-07","CLAIMS","ACTIVE","","2026","TRUE","4.4","fe71dc5d-15dd-5cac-9409-ca04606eaf04","2026-07-07","RISK_ADJ_PIPELINE","2026-09-15 10:31:41"
"054adeb9-5cf3-5b70-a50e-b4bcb42c829e","e9a72a8b-d004-5655-89bf-46fac95d1a65","a187b782-6b38-5407-b10d-85454f0640c6","HCC12","Breast Cancer","C50.411","Breast Cancer","0.664","1.02","0.6773","2026-09-12","ENCOUNTER","ACTIVE","","2026","FALSE","77.98","fe71dc5d-15dd-5cac-9409-ca04606eaf04","2026-09-12","RISK_ADJ_PIPELINE","2026-09-15 10:31:41"
"6839516e-9813-5049-bcb3-aea11617984c","e9a72a8b-d004-5655-89bf-46fac95d1a65","2b57109d-379a-5a88-b539-dc010bc3edfe","HCC40","Rheumatoid Arthritis","M16.10","Rheumatoid Arthritis","0.421","1.02","0.4294","2026-08-21","CLAIMS","VALIDATED","","2026","FALSE","79.06","fe71dc5d-15dd-5cac-9409-ca04606eaf04","2026-08-21","RISK_ADJ_PIPELINE","2026-09-15 10:31:41"
"6c4fed2e-8cee-5a5c-9313-8635ff828161","e9a72a8b-d004-5655-89bf-46fac95d1a65","b1e4d2e6-9c12-564d-8d47-9956368a05a5","HCC111","COPD","J44.1","COPD","0.335","1.02","0.3417","2026-08-05","CLAIMS","ACTIVE","","2026","TRUE","5.7","fe71dc5d-15dd-5cac-9409-ca04606eaf04","2026-08-05","RISK_ADJ_PIPELINE","2026-09-15 10:31:41"
"150e17c7-dff5-5fdb-a1d3-7faa4d3f447f","197806cb-d782-5b2c-8e48-e6d8a000d1a9","768aded5-7ab5-549b-a1f7-6047988f9667","HCC168","Hip Fracture/Dislocation","M80.811A","Hip Fracture/Dislocation","0.489","1.0","0.489","2026-08-01","CLAIMS","ACTIVE","","2026","TRUE","22.99","fe71dc5d-15dd-5cac-9409-ca04606eaf04","2026-08-01","RISK_ADJ_PIPELINE","2026-09-15 10:31:41"
"915f2dbb-2f4d-549d-a401-7f6834470d62","8d4b8549-9035-5a0c-ba78-88f0cc0b8c68","f6a74d90-1470-5a4d-a31f-4930de5d27d8","HCC18","Diabetes with Chronic Complications","E13.40","Diabetes with Chronic Complications","0.302","1.0","0.302","2026-07-23","CLAIMS","ACTIVE","","2026","TRUE","23.03","fe71dc5d-15dd-5cac-9409-ca04606eaf04","2026-07-23","RISK_ADJ_PIPELINE","2026-09-15 10:31:41"
"527d4b95-cb64-58ee-b482-a3970ca130e6","a5e97418-c988-53b1-8953-fafb35212adf","e8daa2d3-8030-5e69-a030-07a22c318d94","HCC111","COPD","J44.9","COPD","0.335","1.02","0.3417","2026-08-18","CHART_REVIEW","ACTIVE","CODER_REVIEW","2026","TRUE","8.43","fe71dc5d-15dd-5cac-9409-ca04606eaf04","2026-08-18","RISK_ADJ_PIPELINE","2026-09-15 10:31:41"
"8149006c-a0bf-5391-8445-69ed1b614669","f2952913-8aff-5982-b1c4-4884da014a5c","6ab0f336-71f4-53ef-8931-1141fd3c7081","HCC40","Rheumatoid Arthritis","M16.30","Rheumatoid Arthritis","0.421","1.0","0.421","2026-07-08","CLAIMS","ACTIVE","","2026","TRUE","2.1","fe71dc5d-15dd-5cac-9409-ca04606eaf04","2026-07-08","RISK_ADJ_PIPELINE","2026-09-15 10:31:41"
"fea03c6e-1297-59c6-8d4c-c134ceb9f197","b5d1b5dd-a474-538f-9888-f98a35e96dae","124285ae-8b74-527c-94fc-a0eb392f6e25","HCC18","Diabetes with Chronic Complications","E13.65","Diabetes with Chronic Complications","0.302","1.02","0.308","2026-06-24","CLAIMS","VALIDATED","","2026","FALSE","82.61","fe71dc5d-15dd-5cac-9409-ca04606eaf04","2026-06-24","RISK_ADJ_PIPELINE","2026-09-15 10:31:41"
"d48fe715-7d1b-5b35-9db3-7aef8cafcf05","5e5b8d55-53e6-58cb-ac03-a1e5e60f8f37","87d45513-3b54-53a6-9136-c0070baf288e","HCC19","Diabetes without Complication","E11.65","Diabetes without Complication","0.118","1.0","0.118","2026-08-29","CLAIMS","ACTIVE","","2026","TRUE","4.21","fe71dc5d-15dd-5cac-9409-ca04606eaf04","2026-08-29","RISK_ADJ_PIPELINE","2026-09-15 10:31:41"
"2035b269-7954-55dc-840a-de3eac1da1cc","5e5b8d55-53e6-58cb-ac03-a1e5e60f8f37","157c0d13-8bf6-5329-bed6-227d8549b2d7","HCC57","Schizophrenia","F20.0","Schizophrenia","0.62","1.0","0.62","2026-08-04","ENCOUNTER","VALIDATED","","2026","TRUE","18.04","fe71dc5d-15dd-5cac-9409-ca04606eaf04","2026-08-04","RISK_ADJ_PIPELINE","2026-09-15 10:31:41"
"601c8cd0-ab8a-5c43-a84b-adad95a611fa","88576896-70eb-59e4-a88f-7d63c744bc0c","ee645c0e-d76b-5967-ae64-86b173431e11","HCC17","Diabetes with Acute Complications","E10.65","Diabetes with Acute Complications","0.368","1.02","0.3754","2026-07-16","CLAIMS","ACTIVE","","2026","TRUE","7.92","fe71dc5d-15dd-5cac-9409-ca04606eaf04","2026-07-16","RISK_ADJ_PIPELINE","2026-09-15 10:31:41"
"a8cba945-462b-59a3-b6fc-af3513cc8009","eabcd97d-9b56-5b4e-80c4-2e36aced1c12","e41cf3be-6114-5da2-a5a3-c912d15ecfe6","HCC12","Colon Cancer","C18.0","Colon Cancer","0.664","1.02","0.6773","2026-08-28","CHART_REVIEW","ACTIVE","CODER_REVIEW","2026","TRUE","9.29","fe71dc5d-15dd-5cac-9409-ca04606eaf04","2026-08-28","RISK_ADJ_PIPELINE","2026-09-15 10:31:41"
"918b8ac7-ebf6-57a7-89e6-ecfdceb36cea","eabcd97d-9b56-5b4e-80c4-2e36aced1c12","3587837a-27da-5059-a7d9-f279b4a4b5a2","HCC40","Rheumatoid Arthritis","M16.0","Rheumatoid Arthritis","0.421","1.02","0.4294","2026-06-20","CLAIMS","ACTIVE","","2026","TRUE","7.08","fe71dc5d-15dd-5cac-9409-ca04606eaf04","2026-06-20","RISK_ADJ_PIPELINE","2026-09-15 10:31:41"
"5398fc41-4e70-5b2a-a340-248c02364088","1d814094-4796-504b-9804-04bd138d4622","935c6f7f-25e3-546d-b4e6-a3ee5cbbe321","HCC19","Diabetes without Complication","E11.40","Diabetes without Complication","0.118","1.02","0.1204","2026-07-19","CLAIMS","ACTIVE","","2026","TRUE","11.46","fe71dc5d-15dd-5cac-9409-ca04606eaf04","2026-07-19","RISK_ADJ_PIPELINE","2026-09-15 10:31:41"
"6a44161a-5a80-5aa2-8955-943650d26b07","c3e4c88b-e105-54a1-86b3-ec0b6ab5f49a","ecc64e22-96f7-521a-a97c-bc7fe0e01a3a","HCC9","Lung and Other Severe Cancers","C34.12","Lung and Other Severe Cancers","2.422","1.02","2.4704","2026-09-01","CLAIMS","ACTIVE","","2026","TRUE","7.26","fe71dc5d-15dd-5cac-9409-ca04606eaf04","2026-09-01","RISK_ADJ_PIPELINE","2026-09-15 10:31:41"
"bff3384f-5ad6-533d-859c-6316e60dc4e2","493fa14d-f86a-561c-883f-1c94220bd59e","dd26f2c3-335d-5c33-b713-1a1b93b9ce17","HCC12","Breast Cancer","C50.411","Breast Cancer","0.664","1.02","0.6773","2026-06-28","ENCOUNTER","ACTIVE","","2026","TRUE","11.76","fe71dc5d-15dd-5cac-9409-ca04606eaf04","2026-06-28","RISK_ADJ_PIPELINE","2026-09-15 10:31:41"
"14ad7cec-19b4-5a31-a4ce-4ed9c2e66cbd","e330450b-29e2-5dcc-a304-21bdfd6b9c86","06ecf43e-7362-599a-a000-e5bb3be336e5","HCC40","Rheumatoid Arthritis","M16.0","Rheumatoid Arthritis","0.421","1.0","0.421","2026-07-15","CLAIMS","ACTIVE","","2026","TRUE","6.64","fe71dc5d-15dd-5cac-9409-ca04606eaf04","2026-07-15","RISK_ADJ_PIPELINE","2026-09-15 10:31:41"
"3612d902-7757-55c2-8e77-18b91eb7320b","e330450b-29e2-5dcc-a304-21bdfd6b9c86","4d66737b-73e4-533f-b389-94c0f74f70bd","HCC19","Diabetes without Complication","E11.40","Diabetes without Complication","0.118","1.0","0.118","2026-07-03","CLAIMS","ACTIVE","","2026","TRUE","16.17","fe71dc5d-15dd-5cac-9409-ca04606eaf04","2026-07-03","RISK_ADJ_PIPELINE","2026-09-15 10:31:41"
"9a7d0fbc-84aa-50b6-9bae-72a6f81a65ab","e330450b-29e2-5dcc-a304-21bdfd6b9c86","75c4cbca-1324-5cf1-837b-45621070a236","HCC136","Chronic Kidney Disease Stage 4","N18.5","Chronic Kidney Disease Stage 4","0.237","1.0","0.237","2026-07-26","PROSPECTIVE","SUPERSEDED","","2026","TRUE","17.88","fe71dc5d-15dd-5cac-9409-ca04606eaf04","2026-07-26","RISK_ADJ_PIPELINE","2026-09-15 10:31:41"
"b82e251f-fd14-53c4-9a49-8e55563ce042","8f296bfa-9ec7-5305-8640-1f51b1164add","40960617-10cd-5705-bf3c-507b66f9b27e","HCC168","Hip Fracture/Dislocation","M80.011A","Hip Fracture/Dislocation","0.489","1.0","0.489","2026-08-07","CLAIMS","VALIDATED","","2026","TRUE","2.99","fe71dc5d-15dd-5cac-9409-ca04606eaf04","2026-08-07","RISK_ADJ_PIPELINE","2026-09-15 10:31:41"
"80f78789-1425-5129-ac93-b138498c7fa0","8f296bfa-9ec7-5305-8640-1f51b1164add","d53cc5a3-7608-5543-8188-50be15b7c4ef","HCC136","Chronic Kidney Disease Stage 4","N18.4","Chronic Kidney Disease Stage 4","0.237","1.0","0.237","2026-07-21","CLAIMS","ACTIVE","","2026","FALSE","38.99","fe71dc5d-15dd-5cac-9409-ca04606eaf04","2026-07-21","RISK_ADJ_PIPELINE","2026-09-15 10:31:41"
"acdf9da8-68ce-551f-ad81-09c4fba13b1e","8f296bfa-9ec7-5305-8640-1f51b1164add","40960617-10cd-5705-bf3c-507b66f9b27e","HCC40","Rheumatoid Arthritis","M16.0","Rheumatoid Arthritis","0.421","1.0","0.421","2026-09-07","CLAIMS","ACTIVE","","2026","TRUE","2.99","fe71dc5d-15dd-5cac-9409-ca04606eaf04","2026-09-07","RISK_ADJ_PIPELINE","2026-09-15 10:31:41"
"80aab59f-d543-54a3-8288-ec183bd1af44","8df14d17-1286-5628-ac60-dfad7bdab8b4","bca61fca-b41e-539f-a294-331180674402","HCC19","Diabetes without Complication","E11.21","Diabetes without Complication","0.118","1.0","0.118","2026-08-02","PROSPECTIVE","ACTIVE","","2026","FALSE","93.49","fe71dc5d-15dd-5cac-9409-ca04606eaf04","2026-08-02","RISK_ADJ_PIPELINE","2026-09-15 10:31:41"
"3f3ca92e-9518-518a-92e8-4f7c121233ae","8df14d17-1286-5628-ac60-dfad7bdab8b4","d38fca0a-5765-501d-92c3-f54a2c7e588e","HCC12","Colon Cancer","C18.0","Colon Cancer","0.664","1.0","0.664","2026-07-19","CLAIMS","ACTIVE","","2026","TRUE","7.06","fe71dc5d-15dd-5cac-9409-ca04606eaf04","2026-07-19","RISK_ADJ_PIPELINE","2026-09-15 10:31:41"
